{
"type": "FeatureCollection",
"name": "Industrial_Changes",
"crs": { "type": "name", "properties": { "name": "urn:ogc:def:crs:OGC:1.3:CRS84" } },
"features": [
{"type":"Feature","properties":{"نمط_العمران":null,"اسم_المحور":"2","مساحة_التغير_كم2":0.012372538778205383,"نسبة_المساحه":null,"مساحة_التغير_بالمتر":null,"اسم_القطاع":"10","وصف_الاستخدام":"معمل تفريخ البرماوي (سرابيوم )","GlobalID":"{623E4584-6ECB-42D0-9637-18DFB6AA4665}","SHAPE_Length":491.13813972064622,"SHAPE_Area":12372.538778205382},"geometry":{"type":"MultiPolygon","coordinates":[[[[32.169082164018207,30.491613167351051],[32.168904815046176,30.49179917919674],[32.16908817432256,30.491928988272505],[32.168700720237773,30.492335364527396],[32.169794419926291,30.493128337196715],[32.170369863454816,30.492524794790373],[32.169082164018207,30.491613167351051]]]]}},
{"type":"Feature","properties":{"نمط_العمران":null,"اسم_المحور":"2","مساحة_التغير_كم2":0.0095356037109802436,"نسبة_المساحه":null,"مساحة_التغير_بالمتر":null,"اسم_القطاع":"10","وصف_الاستخدام":"شركة جرين جولد  ","GlobalID":"{B15CAF33-7715-4718-93CE-086B48D9BA45}","SHAPE_Length":427.61322976512236,"SHAPE_Area":9535.6037109802437},"geometry":{"type":"MultiPolygon","coordinates":[[[[32.201615116817941,30.478827961016492],[32.200140534869256,30.479306231389817],[32.200388906977778,30.479836608591587],[32.201848808876406,30.479363102139811],[32.201615116817941,30.478827961016492]]]]}},
{"type":"Feature","properties":{"نمط_العمران":null,"اسم_المحور":"2","مساحة_التغير_كم2":0.0044457845569941803,"نسبة_المساحه":null,"مساحة_التغير_بالمتر":null,"اسم_القطاع":"10","وصف_الاستخدام":"شركة موقع النجوم","GlobalID":"{20FDDA1B-9ACD-4F6D-9F7B-8529BF7AE37E}","SHAPE_Length":295.33162187248672,"SHAPE_Area":4445.7845569941801},"geometry":{"type":"MultiPolygon","coordinates":[[[[32.255499480693985,30.484598445801669],[32.255415920905115,30.484971585998281],[32.2564958062827,30.485151176342232],[32.256579368379555,30.484778036336138],[32.255499480693985,30.484598445801669]]]]}},
{"type":"Feature","properties":{"نمط_العمران":null,"اسم_المحور":"2","مساحة_التغير_كم2":0.022577287723524787,"نسبة_المساحه":null,"مساحة_التغير_بالمتر":null,"اسم_القطاع":"10","وصف_الاستخدام":"مخزن و جراج شركة عبدالحميد سليمان للمقاولات","GlobalID":"{E3D4F3D5-E205-4D1E-93D7-0027FAC8A8ED}","SHAPE_Length":661.16714129185175,"SHAPE_Area":22577.287723524787},"geometry":{"type":"MultiPolygon","coordinates":[[[[32.19947940545147,30.631192438159221],[32.199462227621545,30.629720857320827],[32.197732746537064,30.629735803989174],[32.197731787194186,30.630775721262903],[32.198730434730237,30.63075832982231],[32.198730025918692,30.63120492170551],[32.19947940545147,30.631192438159221]]]]}},
{"type":"Feature","properties":{"نمط_العمران":null,"اسم_المحور":"2","مساحة_التغير_كم2":0.024048244148365799,"نسبة_المساحه":null,"مساحة_التغير_بالمتر":null,"اسم_القطاع":"10","وصف_الاستخدام":"مصنع","GlobalID":"{F1CA15FC-D5F4-428B-972D-504B207BCF3B}","SHAPE_Length":1172.0900256535051,"SHAPE_Area":24048.2441483658},"geometry":{"type":"MultiPolygon","coordinates":[[[[32.200883979163812,30.604190501121366],[32.200883977148173,30.60419011130023],[32.200883089262696,30.604106390804461],[32.200833928380838,30.599468391542541],[32.200365454888697,30.599799971150233],[32.200415868688282,30.604555989687221],[32.20075945755206,30.604380400501448],[32.200768234974539,30.604375715802465],[32.200776784269983,30.604370725419546],[32.200785091218776,30.604365437655954],[32.200793142004549,30.604359861304879],[32.200800923236969,30.604354005641344],[32.200808421974209,30.604347880405111],[32.200815625743665,30.604341495782105],[32.200822044111675,30.604335341818242],[32.200828188370814,30.604328981958968],[32.200834049700873,30.604322425334708],[32.200839619687763,30.604315681356617],[32.200844890335809,30.604308759705031],[32.200849854079451,30.604301670316627],[32.20085450379306,30.604294423369783],[32.200854744866149,30.604294029627834],[32.200855063956212,30.604293505008361],[32.200855381401198,30.604292979642029],[32.200855697199124,30.604292453535205],[32.200856011347646,30.604291926688397],[32.200856323844242,30.604291399107002],[32.200856634686851,30.604290870795801],[32.200856943873013,30.604290341757046],[32.200857526560299,30.604289335255086],[32.200858103252997,30.604288326173485],[32.200858673936068,30.604287314538986],[32.200859238593907,30.604286300377851],[32.200859797211713,30.604285283715811],[32.200860349775084,30.604284264581246],[32.200860896269049,30.604283243001959],[32.200867036301091,30.604270659230313],[32.200872256584702,30.604257768563755],[32.200876536773393,30.604244621247783],[32.200879860185339,30.604231268523257],[32.200882213867288,30.60421776243318],[32.200883588646143,30.604204155621989],[32.200883979163812,30.604190501121366]]]]}},
{"type":"Feature","properties":{"نمط_العمران":null,"اسم_المحور":"2","مساحة_التغير_كم2":0.27475563007868159,"نسبة_المساحه":null,"مساحة_التغير_بالمتر":null,"اسم_القطاع":"10","وصف_الاستخدام":"مصنع","GlobalID":"{5D52372C-B531-4617-8A87-C87C8D7CAF83}","SHAPE_Length":2701.61904212946,"SHAPE_Area":274755.63007868157},"geometry":{"type":"MultiPolygon","coordinates":[[[[32.197561138736489,30.59836470560208],[32.195193019735903,30.59952818338413],[32.194730374453158,30.598825254933494],[32.194267975126373,30.599050735396908],[32.194090295189618,30.598780773392509],[32.192753251619052,30.599432759419493],[32.193212889837547,30.600131112049379],[32.193691920167346,30.599897524573194],[32.193872607995445,30.600172053491484],[32.192751085591567,30.600718933991562],[32.195252141559379,30.604502885295979],[32.194126475339658,30.605054074259559],[32.194857426601949,30.606159927907893],[32.197714056291488,30.604803413542548],[32.197809341073032,30.599493046490903],[32.198276853519609,30.599089274370552],[32.197561138736489,30.59836470560208]]]]}},
{"type":"Feature","properties":{"نمط_العمران":null,"اسم_المحور":"2","مساحة_التغير_كم2":0.020552986574881586,"نسبة_المساحه":null,"مساحة_التغير_بالمتر":null,"اسم_القطاع":"10","وصف_الاستخدام":"شركه jHY - Manufacturer","GlobalID":"{6BFEC2B6-901F-4E07-88CE-8091B985B887}","SHAPE_Length":727.09778682110925,"SHAPE_Area":20552.986574881586},"geometry":{"type":"MultiPolygon","coordinates":[[[[32.195481466668198,30.596259279449868],[32.194912048985252,30.59568280236202],[32.193231777058706,30.596528659065335],[32.193668745855149,30.597171806503056],[32.194131428513238,30.596938891822752],[32.194568046562871,30.596719097403287],[32.19502502787514,30.59739169827996],[32.195497997407664,30.597153606109202],[32.195041015975455,30.596481004137225],[32.195481466668198,30.596259279449868]]]]}},
{"type":"Feature","properties":{"نمط_العمران":null,"اسم_المحور":"2","مساحة_التغير_كم2":0.09438100797931559,"نسبة_المساحه":null,"مساحة_التغير_بالمتر":null,"اسم_القطاع":"10","وصف_الاستخدام":"مصنع","GlobalID":"{14B76F3D-85E4-4312-92B9-786D3EFAFF60}","SHAPE_Length":1553.7902404657564,"SHAPE_Area":94381.007979315589},"geometry":{"type":"MultiPolygon","coordinates":[[[[32.198447814612912,30.596456345677428],[32.198883442782098,30.596097568074271],[32.199419830732211,30.596580124449126],[32.199832666968398,30.596240119075297],[32.198692367234848,30.595214248858454],[32.198061607191583,30.595299871999742],[32.197890879665508,30.595051788054523],[32.197279829996532,30.595363368256418],[32.196946250044974,30.594878642341808],[32.196299033870645,30.595046731751072],[32.19462358828244,30.595390763848382],[32.194912048985252,30.59568280236202],[32.195481466668198,30.596259279449868],[32.196799683858437,30.597593827868909],[32.197561138736489,30.59836470560208],[32.198689491033228,30.597688626635573],[32.198410899212114,30.59741106026911],[32.198984201282677,30.596938900203064],[32.198447814612912,30.596456345677428]]]]}},
{"type":"Feature","properties":{"نمط_العمران":null,"اسم_المحور":"2","مساحة_التغير_كم2":0.0028342769405570721,"نسبة_المساحه":null,"مساحة_التغير_بالمتر":null,"اسم_القطاع":"10","وصف_الاستخدام":"شركه الصفا والمروه فراوله","GlobalID":"{CFFC898B-7722-4550-A8B9-9222F6A58A13}","SHAPE_Length":218.49626803612736,"SHAPE_Area":2834.2769405570721},"geometry":{"type":"MultiPolygon","coordinates":[[[[31.926320967485591,30.405164352692285],[31.926306125967734,30.405253204662664],[31.92616578941028,30.405235767357276],[31.926093570508264,30.405668102928253],[31.926617878894298,30.405733248475855],[31.926704939815341,30.405212064177952],[31.926320967485591,30.405164352692285]]]]}},
{"type":"Feature","properties":{"نمط_العمران":null,"اسم_المحور":"2","مساحة_التغير_كم2":0.097126414778663336,"نسبة_المساحه":null,"مساحة_التغير_بالمتر":null,"اسم_القطاع":"10","وصف_الاستخدام":"مصنع","GlobalID":"{38D90F6B-E527-445C-B3CA-B1B99726F84A}","SHAPE_Length":1735.9121245642273,"SHAPE_Area":97126.41477866334},"geometry":{"type":"MultiPolygon","coordinates":[[[[31.885303521748632,30.349667967414302],[31.888310070921502,30.345340504037242],[31.887579614335181,30.344923341114416],[31.88837038116834,30.343727858543595],[31.88771352100057,30.343404257645528],[31.883968981096046,30.349010786591545],[31.883964277660173,30.349017828816446],[31.885303521748632,30.349667967414302]]]]}},
{"type":"Feature","properties":{"نمط_العمران":null,"اسم_المحور":"2","مساحة_التغير_كم2":0.050210160130262783,"نسبة_المساحه":null,"مساحة_التغير_بالمتر":null,"اسم_القطاع":"10","وصف_الاستخدام":"الشركة الوطنية للصناعات المحمية","GlobalID":"{99CD9156-E18A-46B4-8955-5877D7AC7998}","SHAPE_Length":956.52189845726014,"SHAPE_Area":50210.160130262782},"geometry":{"type":"MultiPolygon","coordinates":[[[[31.737564365262465,30.419329012195597],[31.734903355920679,30.419281687575101],[31.73419805532626,30.419269143840886],[31.734180851216831,30.42068795430178],[31.737531145003771,30.42071816493948],[31.737564365262465,30.419329012195597]]]]}},
{"type":"Feature","properties":{"نمط_العمران":null,"اسم_المحور":"2","مساحة_التغير_كم2":0.0095780509550141262,"نسبة_المساحه":null,"مساحة_التغير_بالمتر":null,"اسم_القطاع":"10","وصف_الاستخدام":"مخزن","GlobalID":"{0C8C9A92-45C8-45EC-B523-DF16F9AAAAB3}","SHAPE_Length":411.11889096075987,"SHAPE_Area":9578.0509550141269},"geometry":{"type":"MultiPolygon","coordinates":[[[[31.644213446409253,30.338614940396365],[31.643126479958124,30.337859495973081],[31.642658086865751,30.338374981206581],[31.643766664677059,30.339114088548566],[31.644213446409253,30.338614940396365]]]]}},
{"type":"Feature","properties":{"نمط_العمران":null,"اسم_المحور":"2","مساحة_التغير_كم2":0.02416858525186855,"نسبة_المساحه":null,"مساحة_التغير_بالمتر":null,"اسم_القطاع":"10","وصف_الاستخدام":"مجمع الفرسان الصناعي وحده 61 بجوار ارما","GlobalID":"{9D7F4A29-DAB0-4B6A-8A08-8A1D45B6B698}","SHAPE_Length":715.97529673571398,"SHAPE_Area":24168.58525186855},"geometry":{"type":"MultiPolygon","coordinates":[[[[31.776052427478657,30.286767761618222],[31.77615795579036,30.287436054402082],[31.77572994847721,30.288099914256208],[31.777478488948145,30.289269483230175],[31.777365422140107,30.287539700680192],[31.776052427478657,30.286767761618222]]]]}},
{"type":"Feature","properties":{"نمط_العمران":null,"اسم_المحور":"2","مساحة_التغير_كم2":0.038084558231322868,"نسبة_المساحه":null,"مساحة_التغير_بالمتر":null,"اسم_القطاع":"10","وصف_الاستخدام":"مصنع المحبة","GlobalID":"{35093CF3-00C2-4FE3-90F5-496402560224}","SHAPE_Length":829.32490403134614,"SHAPE_Area":38084.558231322866},"geometry":{"type":"MultiPolygon","coordinates":[[[[31.779178981482243,30.285773534169461],[31.778506231322051,30.286540363786834],[31.778945002932041,30.286827398377117],[31.778506231206126,30.28732752618625],[31.778506230818518,30.287948892614583],[31.779418877533278,30.288509636638761],[31.780799770210042,30.2868338209367],[31.779178981482243,30.285773534169461]]]]}},
{"type":"Feature","properties":{"نمط_العمران":null,"اسم_المحور":"2","مساحة_التغير_كم2":0.026563321125583284,"نسبة_المساحه":null,"مساحة_التغير_بالمتر":null,"اسم_القطاع":"10","وصف_الاستخدام":"مصر بلاستيك لتصنيع العبوات","GlobalID":"{394B2686-A959-4E28-81A1-B7C6EB9FD706}","SHAPE_Length":752.5420566729947,"SHAPE_Area":26563.321125583283},"geometry":{"type":"MultiPolygon","coordinates":[[[[31.781953584433019,30.286280114073524],[31.78134947535969,30.286948641656576],[31.783666195697837,30.288509634759329],[31.784270303312123,30.287841116356411],[31.781953584433019,30.286280114073524]]]]}},
{"type":"Feature","properties":{"نمط_العمران":null,"اسم_المحور":"2","مساحة_التغير_كم2":0.010064477980026515,"نسبة_المساحه":null,"مساحة_التغير_بالمتر":null,"اسم_القطاع":"10","وصف_الاستخدام":"غزالة للصناعات الحديديةGSF","GlobalID":"{22C488BE-0A88-48D2-B61A-2115893617D2}","SHAPE_Length":501.32456818157561,"SHAPE_Area":10064.477980026515},"geometry":{"type":"MultiPolygon","coordinates":[[[[31.786770936216165,30.29062817998885],[31.786238886420474,30.290781148476384],[31.787502704159333,30.29221668950013],[31.788000535396822,30.292024855577541],[31.786770936216165,30.29062817998885]]]]}},
{"type":"Feature","properties":{"نمط_العمران":null,"اسم_المحور":"2","مساحة_التغير_كم2":0.11850066530923019,"نسبة_المساحه":null,"مساحة_التغير_بالمتر":null,"اسم_القطاع":"10","وصف_الاستخدام":"مصنع","GlobalID":"{C8CCC7BC-4D68-43D3-81CF-96E1FBB5A6E5}","SHAPE_Length":2022.4532395004508,"SHAPE_Area":118500.66530923019},"geometry":{"type":"MultiPolygon","coordinates":[[[[31.738363184410801,30.231031285519197],[31.737353016527614,30.230359176896055],[31.736462042930174,30.231385582145915],[31.735938130535136,30.231046086600955],[31.735344049197757,30.230661119707595],[31.734749345527181,30.231391893607061],[31.734594132655499,30.231297602851058],[31.73435528046112,30.231152499278281],[31.732399477308263,30.22987000526668],[31.731740652206611,30.2306200302497],[31.733927652500334,30.232054113923304],[31.733064838346781,30.23296182770185],[31.734779121170675,30.234178188277312],[31.736696766942398,30.23216076305637],[31.737032862437704,30.232399240724032],[31.738363184410801,30.231031285519197]]]]}},
{"type":"Feature","properties":{"نمط_العمران":null,"اسم_المحور":"2","مساحة_التغير_كم2":0.1198760832936674,"نسبة_المساحه":null,"مساحة_التغير_بالمتر":null,"اسم_القطاع":"10","وصف_الاستخدام":"مصنع","GlobalID":"{6758A98E-4AA2-4973-B50E-74577B9B05B6}","SHAPE_Length":1951.9842095815941,"SHAPE_Area":119876.0832936674},"geometry":{"type":"MultiPolygon","coordinates":[[[[31.731740652206611,30.2306200302497],[31.730334656992934,30.229698062481759],[31.72936342705723,30.2308037367285],[31.729136246852178,30.230654766776581],[31.72822259075938,30.231694886509356],[31.733827314654523,30.235370001432166],[31.734699177902549,30.234406009917226],[31.730952163642876,30.231949017864888],[31.730711736141568,30.231791362869302],[31.731740652206611,30.2306200302497]]]]}},
{"type":"Feature","properties":{"نمط_العمران":null,"اسم_المحور":"2","مساحة_التغير_كم2":0.0090388379731990744,"نسبة_المساحه":null,"مساحة_التغير_بالمتر":null,"اسم_القطاع":"10","وصف_الاستخدام":"ايس كريم جمعه","GlobalID":"{FA808404-5C36-4B0B-A1EC-7A3116360250}","SHAPE_Length":380.42124808156382,"SHAPE_Area":9038.8379731990735},"geometry":{"type":"MultiPolygon","coordinates":[[[[31.734074980715079,30.229019992254777],[31.733295317281083,30.228514758587455],[31.732715925801831,30.229250285924692],[31.733520753976673,30.229723568786579],[31.734074980715079,30.229019992254777]]]]}},
{"type":"Feature","properties":{"نمط_العمران":null,"اسم_المحور":"2","مساحة_التغير_كم2":0.0057605773253035265,"نسبة_المساحه":null,"مساحة_التغير_بالمتر":null,"اسم_القطاع":"10","وصف_الاستخدام":"مخزن","GlobalID":"{7E41A924-DEAD-4AE2-B478-E73DDE085380}","SHAPE_Length":320.7736337631672,"SHAPE_Area":5760.5773253035268},"geometry":{"type":"MultiPolygon","coordinates":[[[[31.732715926334155,30.225716941901641],[31.732066540594214,30.226490345205718],[31.73252401135349,30.226777110443408],[31.73317339551058,30.226003709367394],[31.732715926334155,30.225716941901641]]]]}},
{"type":"Feature","properties":{"نمط_العمران":null,"اسم_المحور":"2","مساحة_التغير_كم2":0.012462108801495678,"نسبة_المساحه":null,"مساحة_التغير_بالمتر":null,"اسم_القطاع":"10","وصف_الاستخدام":"مصنع سلسبيل بلاست","GlobalID":"{91486E89-2ED1-459A-A7B0-EF5C83ABBD62}","SHAPE_Length":495.06046872396303,"SHAPE_Area":12462.108801495679},"geometry":{"type":"MultiPolygon","coordinates":[[[[31.732465306187343,30.228232391876144],[31.730705098651473,30.228745592412043],[31.731711539425277,30.229497161774013],[31.732740368783183,30.228430443400285],[31.732465306187343,30.228232391876144]]]]}},
{"type":"Feature","properties":{"نمط_العمران":null,"اسم_المحور":"2","مساحة_التغير_كم2":0.025447784552617814,"نسبة_المساحه":null,"مساحة_التغير_بالمتر":null,"اسم_القطاع":"10","وصف_الاستخدام":"سايبس للدهانات","GlobalID":"{ADAB91B5-B2DF-4EE6-9C98-A635090F9E37}","SHAPE_Length":658.48922353772014,"SHAPE_Area":25447.784552617813},"geometry":{"type":"MultiPolygon","coordinates":[[[[31.738214697819483,30.23183973534611],[31.738905325751336,30.232295702910708],[31.739067951763889,30.232403070552056],[31.739484704380981,30.232678218859501],[31.739923894277684,30.232207667404996],[31.740073503934482,30.232047373228109],[31.740423544641615,30.2316723332683],[31.740015396594451,30.231387962339671],[31.740213182143052,30.231176051052103],[31.739377546805429,30.230593832164924],[31.738214697819483,30.23183973534611]]]]}},
{"type":"Feature","properties":{"نمط_العمران":null,"اسم_المحور":"2","مساحة_التغير_كم2":0.007796479302983334,"نسبة_المساحه":null,"مساحة_التغير_بالمتر":null,"اسم_القطاع":"10","وصف_الاستخدام":"الشكره البورسعيديه للانشاءات البحريه","GlobalID":"{715FE631-F749-40A2-AD5F-58BFB2A2B135}","SHAPE_Length":415.57921688758552,"SHAPE_Area":7796.4793029833336},"geometry":{"type":"MultiPolygon","coordinates":[[[[31.742393588525928,30.232809718005509],[31.742017202809528,30.232544521949318],[31.74096717582821,30.233656967703549],[31.741394633397039,30.233939178865164],[31.742393588525928,30.232809718005509]]]]}},
{"type":"Feature","properties":{"نمط_العمران":null,"اسم_المحور":"2","مساحة_التغير_كم2":0.0029336875819493758,"نسبة_المساحه":null,"مساحة_التغير_بالمتر":null,"اسم_القطاع":"10","وصف_الاستخدام":"الشكره البورسعيديه للانشاءات البحريه","GlobalID":"{4A468E7C-8044-4810-950C-3DAD7A4898A6}","SHAPE_Length":263.74269299618106,"SHAPE_Area":2933.6875819493757},"geometry":{"type":"MultiPolygon","coordinates":[[[[31.742112415123614,30.231368760510399],[31.741480426466662,30.23197546079896],[31.741632149050119,30.232093441051777],[31.741890948105276,30.231844995281929],[31.741970382511205,30.231906763912114],[31.742058158696789,30.231975017257746],[31.742431345995897,30.231616763324517],[31.74219661432306,30.231434234560581],[31.742112415123614,30.231368760510399]]]]}},
{"type":"Feature","properties":{"نمط_العمران":null,"اسم_المحور":"2","مساحة_التغير_كم2":0.54619694776861183,"نسبة_المساحه":null,"مساحة_التغير_بالمتر":null,"اسم_القطاع":"10","وصف_الاستخدام":"مصنع","GlobalID":"{97868C42-82DD-46D4-AE66-7823996CF45B}","SHAPE_Length":5618.2404633140322,"SHAPE_Area":546196.94776861183},"geometry":{"type":"MultiPolygon","coordinates":[[[[31.758720190316978,30.250709315421332],[31.737725399166646,30.236206639135339],[31.736674292973337,30.23723676343349],[31.737047520064646,30.237481485089837],[31.736521467804927,30.23775785719663],[31.738900963504786,30.239337490766712],[31.743561686860492,30.242630184232283],[31.74549021324485,30.243992612436845],[31.748236793450527,30.245932928795472],[31.750686308278468,30.247663352837584],[31.756618157033618,30.251853692316711],[31.757161611539825,30.252237587859941],[31.758720190316978,30.250709315421332]]]]}},
{"type":"Feature","properties":{"نمط_العمران":null,"اسم_المحور":"2","مساحة_التغير_كم2":0.014545822983853417,"نسبة_المساحه":null,"مساحة_التغير_بالمتر":null,"اسم_القطاع":"10","وصف_الاستخدام":"مصنع","GlobalID":"{567B576D-8D3C-4F66-BBB0-035962B37039}","SHAPE_Length":560.33017308427941,"SHAPE_Area":14545.822983853417},"geometry":{"type":"MultiPolygon","coordinates":[[[[31.73718749266444,30.234937716898362],[31.735895448189016,30.234112031686379],[31.735436414455375,30.23464820889232],[31.737279199515942,30.235898393029206],[31.73718749266444,30.234937716898362]]]]}},
{"type":"Feature","properties":{"نمط_العمران":null,"اسم_المحور":"2","مساحة_التغير_كم2":0.020127698922360222,"نسبة_المساحه":null,"مساحة_التغير_بالمتر":null,"اسم_القطاع":"10","وصف_الاستخدام":"Mega Pack - Packing Materials","GlobalID":"{174B1B80-D7DF-4594-81E1-80A646F6CD58}","SHAPE_Length":704.45746041069583,"SHAPE_Area":20127.698922360221},"geometry":{"type":"MultiPolygon","coordinates":[[[[31.764236716806217,30.251262408640549],[31.763612244632302,30.251917357197975],[31.764707771759998,30.252639356695962],[31.764914481057101,30.252405317244595],[31.765969517328529,30.253100628186075],[31.766358198775549,30.252660560018242],[31.764236716806217,30.251262408640549]]]]}},
{"type":"Feature","properties":{"نمط_العمران":null,"اسم_المحور":"2","مساحة_التغير_كم2":0.0030404924395406622,"نسبة_المساحه":null,"مساحة_التغير_بالمتر":null,"اسم_القطاع":"10","وصف_الاستخدام":"السمندل للمقاولات","GlobalID":"{D5B5343E-08D0-4D0D-8DC0-BBAF0C63CF65}","SHAPE_Length":242.94351195060483,"SHAPE_Area":3040.4924395406624},"geometry":{"type":"MultiPolygon","coordinates":[[[[31.76140463227846,30.252262742614306],[31.761197407780738,30.252525282166889],[31.761938757677182,30.252961909083663],[31.762145983239286,30.252699371974042],[31.76140463227846,30.252262742614306]]]]}},
{"type":"Feature","properties":{"نمط_العمران":null,"اسم_المحور":"2","مساحة_التغير_كم2":0.0065045749458292864,"نسبة_المساحه":null,"مساحة_التغير_بالمتر":null,"اسم_القطاع":"10","وصف_الاستخدام":"مصنع لوفيان التركي","GlobalID":"{32AFE8BB-1DC0-4485-A28B-1A8B3D9CA84A}","SHAPE_Length":329.72877553608083,"SHAPE_Area":6504.5749458292867},"geometry":{"type":"MultiPolygon","coordinates":[[[[31.759219526144747,30.251341291880195],[31.758589207584127,30.252052696305718],[31.759129876030578,30.252410147376924],[31.7597601941177,30.251698747569282],[31.759219526144747,30.251341291880195]]]]}},
{"type":"Feature","properties":{"نمط_العمران":null,"اسم_المحور":"2","مساحة_التغير_كم2":0.0039404811709405647,"نسبة_المساحه":null,"مساحة_التغير_بالمتر":null,"اسم_القطاع":"10","وصف_الاستخدام":"الشركة الشرقية للغازات - اتيكو جاس","GlobalID":"{8CBADE72-20A2-4FE9-8B4A-B294AD6C43EC}","SHAPE_Length":251.12287623374866,"SHAPE_Area":3940.4811709405649},"geometry":{"type":"MultiPolygon","coordinates":[[[[31.758020071733267,30.25377390844638],[31.757992016755512,30.254078174838558],[31.757987606628596,30.254126009265566],[31.757972958551282,30.254284873745526],[31.75796720641269,30.254347258903373],[31.758607621253773,30.254391318331081],[31.758660487053444,30.253817967555207],[31.758020071733267,30.25377390844638]]]]}},
{"type":"Feature","properties":{"نمط_العمران":null,"اسم_المحور":"2","مساحة_التغير_كم2":0.00077620526576071419,"نسبة_المساحه":null,"مساحة_التغير_بالمتر":null,"اسم_القطاع":"10","وصف_الاستخدام":"مصنع","GlobalID":"{635EF1B9-2349-4B78-A3B8-4CA8D17A0FEB}","SHAPE_Length":111.92445205251053,"SHAPE_Area":776.20526576071416},"geometry":{"type":"MultiPolygon","coordinates":[[[[31.75770912662945,30.258160858755442],[31.75763542031725,30.258380790419917],[31.75794080062996,30.258457144999255],[31.758014506308545,30.258237214952352],[31.75770912662945,30.258160858755442]]]]}},
{"type":"Feature","properties":{"نمط_العمران":null,"اسم_المحور":"2","مساحة_التغير_كم2":0.0016341494064214942,"نسبة_المساحه":null,"مساحة_التغير_بالمتر":null,"اسم_القطاع":"10","وصف_الاستخدام":"مصنع","GlobalID":"{07E1D11A-83B5-40E8-92B7-B29CDC4C5F7E}","SHAPE_Length":205.33435690532798,"SHAPE_Area":1634.1494064214942},"geometry":{"type":"MultiPolygon","coordinates":[[[[31.762773233717635,30.247343700353362],[31.762207877743268,30.247908959957048],[31.762363092425794,30.248024805912806],[31.762928446134552,30.247459546525121],[31.762773233717635,30.247343700353362]]]]}},
{"type":"Feature","properties":{"نمط_العمران":null,"اسم_المحور":"2","مساحة_التغير_كم2":0.000814429202358117,"نسبة_المساحه":null,"مساحة_التغير_بالمتر":null,"اسم_القطاع":"10","وصف_الاستخدام":"مصنع","GlobalID":"{76F27B73-A1F8-45DF-8A08-05DEE3F3AA34}","SHAPE_Length":117.98153305379429,"SHAPE_Area":814.42920235811698},"geometry":{"type":"MultiPolygon","coordinates":[[[[31.763172653474022,30.246874962056992],[31.762909337984308,30.247117595096309],[31.76307685042319,30.247253259473649],[31.763340165899155,30.24701062519884],[31.763172653474022,30.246874962056992]]]]}},
{"type":"Feature","properties":{"نمط_العمران":null,"اسم_المحور":"2","مساحة_التغير_كم2":0.043417863058033718,"نسبة_المساحه":null,"مساحة_التغير_بالمتر":null,"اسم_القطاع":"10","وصف_الاستخدام":"سوبالك","GlobalID":"{70606B7E-E9AC-4093-A6B5-531CB7C43FE7}","SHAPE_Length":998.85857282818824,"SHAPE_Area":43417.863058033719},"geometry":{"type":"MultiPolygon","coordinates":[[[[31.747294305012169,30.221723129698766],[31.744822993403318,30.224481342299889],[31.745745638617446,30.225098542999806],[31.748216950112411,30.222340348233416],[31.747294305012169,30.221723129698766]]]]}},
{"type":"Feature","properties":{"نمط_العمران":null,"اسم_المحور":"2","مساحة_التغير_كم2":0.1927600511925836,"نسبة_المساحه":null,"مساحة_التغير_بالمتر":null,"اسم_القطاع":"10","وصف_الاستخدام":"مصنع","GlobalID":"{3F96FF31-30B8-4CB7-85B0-8417BE235EB5}","SHAPE_Length":2198.2531115068537,"SHAPE_Area":192760.0511925836},"geometry":{"type":"MultiPolygon","coordinates":[[[[31.744444053147316,30.217471475343551],[31.740659163458155,30.221695911694315],[31.742541942725715,30.222955422053502],[31.745013253817994,30.220197166632804],[31.747294305012169,30.221723129698766],[31.748607882157589,30.22025702510798],[31.744444053147316,30.217471475343551]]]]}},
{"type":"Feature","properties":{"نمط_العمران":null,"اسم_المحور":"2","مساحة_التغير_كم2":0.0055651074234645357,"نسبة_المساحه":null,"مساحة_التغير_بالمتر":null,"اسم_القطاع":"10","وصف_الاستخدام":"اكوا تكنولوجي","GlobalID":"{FFDAE37F-E5AF-4681-BDDE-FDB330F5353A}","SHAPE_Length":311.40426600256052,"SHAPE_Area":5565.1074234645357},"geometry":{"type":"MultiPolygon","coordinates":[[[[31.750075615151648,30.225651962257999],[31.74940713931764,30.226344030458211],[31.749851479727795,30.226664455139378],[31.750519955779481,30.225972388297183],[31.750075615151648,30.225651962257999]]]]}},
{"type":"Feature","properties":{"نمط_العمران":null,"اسم_المحور":"2","مساحة_التغير_كم2":0.027564355655966415,"نسبة_المساحه":null,"مساحة_التغير_بالمتر":null,"اسم_القطاع":"10","وصف_الاستخدام":"اكوا تكنولوجي","GlobalID":"{4FF699A8-07E8-4DC7-94ED-85BAC7A7F722}","SHAPE_Length":715.22372397395509,"SHAPE_Area":27564.355655966414},"geometry":{"type":"MultiPolygon","coordinates":[[[[31.747429157390172,30.224917653009822],[31.746715557260544,30.225721897581689],[31.748656268844844,30.227121393431446],[31.74940713931764,30.226344030458211],[31.747429157390172,30.224917653009822]]]]}},
{"type":"Feature","properties":{"نمط_العمران":null,"اسم_المحور":"2","مساحة_التغير_كم2":0.072901959955018886,"نسبة_المساحه":null,"مساحة_التغير_بالمتر":null,"اسم_القطاع":"10","وصف_الاستخدام":"مصنع","GlobalID":"{D142C703-EB6A-4DD4-AF06-C847BD48310E}","SHAPE_Length":1097.8345243755846,"SHAPE_Area":72901.959955018887},"geometry":{"type":"MultiPolygon","coordinates":[[[[31.774587974977631,30.258034142809571],[31.773202433203402,30.259610376264394],[31.775813974285509,30.261450423599729],[31.777270543925596,30.259793413699679],[31.774587974977631,30.258034142809571]]]]}},
{"type":"Feature","properties":{"نمط_العمران":null,"اسم_المحور":"2","مساحة_التغير_كم2":0.010768594839064474,"نسبة_المساحه":null,"مساحة_التغير_بالمتر":null,"اسم_القطاع":"10","وصف_الاستخدام":"Vigor plastic","GlobalID":"{D5B13DC2-12B5-45DD-A81C-F4607B292236}","SHAPE_Length":488.99351618563912,"SHAPE_Area":10768.594839064473},"geometry":{"type":"MultiPolygon","coordinates":[[[[31.749422981281047,30.22163751080112],[31.74820640894788,30.222951527466023],[31.748674850554583,30.223275339773231],[31.74989142189423,30.221961327790957],[31.749422981281047,30.22163751080112]]]]}},
{"type":"Feature","properties":{"نمط_العمران":null,"اسم_المحور":"2","مساحة_التغير_كم2":0.21415239033982544,"نسبة_المساحه":null,"مساحة_التغير_بالمتر":null,"اسم_القطاع":"10","وصف_الاستخدام":"مصنع","GlobalID":"{4FAB1212-5847-4C38-8B8A-FFD7EA3E7C58}","SHAPE_Length":2439.2247849953424,"SHAPE_Area":214152.39033982545},"geometry":{"type":"MultiPolygon","coordinates":[[[[31.75315201960958,30.226299724198782],[31.753373164982108,30.226449793050733],[31.757441859383992,30.229210753285663],[31.758971911942936,30.227558981175111],[31.751743478424938,30.222552457975453],[31.750649780066091,30.223731408863546],[31.750645264126003,30.223736277158782],[31.750605756252661,30.22377886464664],[31.750600419695427,30.223784618417049],[31.751275146505463,30.224242494670811],[31.751134898650964,30.224396795507165],[31.751396392666418,30.224574247837623],[31.7505131095959,30.225546021216868],[31.751261107872363,30.226053613184028],[31.751844128045537,30.225412188944041],[31.75315201960958,30.226299724198782]]]]}},
{"type":"Feature","properties":{"نمط_العمران":null,"اسم_المحور":"2","مساحة_التغير_كم2":0.026007255400625557,"نسبة_المساحه":null,"مساحة_التغير_بالمتر":null,"اسم_القطاع":"10","وصف_الاستخدام":"GPS","GlobalID":"{EA7A338F-1DF4-4C80-8C04-ABB8F37E0879}","SHAPE_Length":645.07469203821893,"SHAPE_Area":26007.255400625556},"geometry":{"type":"MultiPolygon","coordinates":[[[[31.76265246949032,30.230141082177187],[31.761642785240131,30.231304245513581],[31.762984364129629,30.232173585929047],[31.76399404821619,30.231010432118207],[31.76265246949032,30.230141082177187]]]]}},
{"type":"Feature","properties":{"نمط_العمران":null,"اسم_المحور":"2","مساحة_التغير_كم2":0.024111929912464945,"نسبة_المساحه":null,"مساحة_التغير_بالمتر":null,"اسم_القطاع":"10","وصف_الاستخدام":"مخازن هير العاشر","GlobalID":"{1BF1AA0F-CEE5-4C9B-B4D9-DCB55D0E7CCD}","SHAPE_Length":621.73186347938008,"SHAPE_Area":24111.929912464944},"geometry":{"type":"MultiPolygon","coordinates":[[[[31.769049031046961,30.23473787536993],[31.768073615349358,30.23577685123357],[31.769386030921222,30.23669654787405],[31.770361446554837,30.235657579430345],[31.769049031046961,30.23473787536993]]]]}},
{"type":"Feature","properties":{"نمط_العمران":null,"اسم_المحور":"2","مساحة_التغير_كم2":0.017836855494190392,"نسبة_المساحه":null,"مساحة_التغير_بالمتر":null,"اسم_القطاع":"10","وصف_الاستخدام":"مصنع","GlobalID":"{D34F5568-C259-43D7-BEA5-4DCB67A74AB8}","SHAPE_Length":696.19155330369199,"SHAPE_Area":17836.855494190393},"geometry":{"type":"MultiPolygon","coordinates":[[[[31.774737765670466,30.239405182631238],[31.774277225537876,30.239814211936302],[31.776640986117652,30.241417601638954],[31.777041782103993,30.240979937710417],[31.774737765670466,30.239405182631238]]]]}},
{"type":"Feature","properties":{"نمط_العمران":null,"اسم_المحور":"2","مساحة_التغير_كم2":0.023949485012720546,"نسبة_المساحه":null,"مساحة_التغير_بالمتر":null,"اسم_القطاع":"10","وصف_الاستخدام":"مصبغه خلفاء وجدي مؤمن للصناعات النسيجيه والتصدير","GlobalID":"{59250AF9-A563-4314-9F85-EA3717E4380C}","SHAPE_Length":662.3222271632726,"SHAPE_Area":23949.485012720546},"geometry":{"type":"MultiPolygon","coordinates":[[[[31.782371191078891,30.244103340625177],[31.781719567706421,30.244862423165195],[31.782151073757795,30.245155110461457],[31.783596272490456,30.246080961862688],[31.784256894439071,30.245311407123911],[31.782371191078891,30.244103340625177]]]]}},
{"type":"Feature","properties":{"نمط_العمران":null,"اسم_المحور":"2","مساحة_التغير_كم2":0.011492034419679607,"نسبة_المساحه":null,"مساحة_التغير_بالمتر":null,"اسم_القطاع":"10","وصف_الاستخدام":"مصنع","GlobalID":"{C123D003-287F-4732-93EB-89D4841686AD}","SHAPE_Length":543.6532261730564,"SHAPE_Area":11492.034419679607},"geometry":{"type":"MultiPolygon","coordinates":[[[[31.775642863996875,30.250746870684306],[31.774188408805717,30.252272606373985],[31.774643201964214,30.25257860729392],[31.776048677127761,30.251019920690897],[31.775642863996875,30.250746870684306]]]]}},
{"type":"Feature","properties":{"نمط_العمران":null,"اسم_المحور":"2","مساحة_التغير_كم2":0.14307343613751811,"نسبة_المساحه":null,"مساحة_التغير_بالمتر":null,"اسم_القطاع":"10","وصف_الاستخدام":"مصنع","GlobalID":"{2BCAF4D3-B749-42AE-B13C-B78F5D1F0D67}","SHAPE_Length":1752.7837612890348,"SHAPE_Area":143073.43613751812},"geometry":{"type":"MultiPolygon","coordinates":[[[[31.751185893846589,30.209499297900365],[31.749672494233554,30.211240525760463],[31.753409995949475,30.213796374551809],[31.754427484335618,30.212625744061281],[31.755025168409734,30.213013688997215],[31.755499636329716,30.212467807407183],[31.754726405556649,30.211965913384365],[31.755440601061185,30.211144213049575],[31.75337516435857,30.20980354328363],[31.752754590361434,30.210517540038428],[31.751185893846589,30.209499297900365]]]]}},
{"type":"Feature","properties":{"نمط_العمران":null,"اسم_المحور":"2","مساحة_التغير_كم2":0.012504832868411577,"نسبة_المساحه":null,"مساحة_التغير_بالمتر":null,"اسم_القطاع":"10","وصف_الاستخدام":"مصنع","GlobalID":"{43C22083-76B6-4473-85AD-D4F9938EA595}","SHAPE_Length":544.92885605366644,"SHAPE_Area":12504.832868411577},"geometry":{"type":"MultiPolygon","coordinates":[[[[31.752760456532496,30.218533236524109],[31.752276155567483,30.2190945422802],[31.751631506628776,30.218679230007197],[31.751250033368144,30.21910543349313],[31.752355439580644,30.219844193064105],[31.753227136202906,30.218833894708155],[31.752760456532496,30.218533236524109]]]]}},
{"type":"Feature","properties":{"نمط_العمران":null,"اسم_المحور":"2","مساحة_التغير_كم2":0.16076967586839203,"نسبة_المساحه":null,"مساحة_التغير_بالمتر":null,"اسم_القطاع":"10","وصف_الاستخدام":"مصنع","GlobalID":"{2509D5D0-CE76-4FAA-94CA-FFE4908BCAE5}","SHAPE_Length":2234.5907927528392,"SHAPE_Area":160769.67586839202},"geometry":{"type":"MultiPolygon","coordinates":[[[[31.760720110438566,30.218019949967907],[31.758228111601174,30.216281895132152],[31.756540388002772,30.218030355023927],[31.754616809616497,30.216644009859589],[31.75537809894784,30.21585525308446],[31.754688456307001,30.215346355320474],[31.753235456915199,30.217063633122944],[31.753745125273902,30.217391990975802],[31.758342891796826,30.220607212537683],[31.760720110438566,30.218019949967907]]]]}},
{"type":"Feature","properties":{"نمط_العمران":null,"اسم_المحور":"2","مساحة_التغير_كم2":0.32731695242344738,"نسبة_المساحه":null,"مساحة_التغير_بالمتر":null,"اسم_القطاع":"10","وصف_الاستخدام":"مصنع","GlobalID":"{012377F9-4C44-451F-8399-F661DF63FC64}","SHAPE_Length":2415.1340840689763,"SHAPE_Area":327316.95242344739},"geometry":{"type":"MultiPolygon","coordinates":[[[[31.845726577162122,30.243395710180085],[31.839600024777308,30.248475616102908],[31.842817220841322,30.250880187233513],[31.848712833551566,30.246108345158017],[31.848482134489252,30.245875836188283],[31.845726577162122,30.243395710180085]]]]}},
{"type":"Feature","properties":{"نمط_العمران":null,"اسم_المحور":"2","مساحة_التغير_كم2":0.41348767369086442,"نسبة_المساحه":null,"مساحة_التغير_بالمتر":null,"اسم_القطاع":"10","وصف_الاستخدام":"مصنع","GlobalID":"{C7B7613E-BFDA-42B9-AEF1-58FE79FB7ED4}","SHAPE_Length":5512.7684019380531,"SHAPE_Area":413487.67369086441},"geometry":{"type":"MultiPolygon","coordinates":[[[[31.761583828885211,30.21429235573336],[31.763169073873339,30.215398016268988],[31.768220396006956,30.209899530744597],[31.767252300267277,30.209246498832165],[31.766014526825192,30.210616883907555],[31.765789985270359,30.210465420205175],[31.764341653552389,30.212068899181695],[31.761582188031955,30.21020752265942],[31.762512311077774,30.209177747533698],[31.763533457089391,30.209866564632424],[31.764051667194543,30.209292833026179],[31.763011130820381,30.208590932789484],[31.762842181694204,30.208777985380976],[31.762135389368851,30.208301210228814],[31.760688176746893,30.209903485451129],[31.759755620413468,30.209274425655195],[31.758270715754591,30.210847450000195],[31.758634235088845,30.211085260729703],[31.757840114147314,30.211847293365874],[31.758542390705045,30.212314127680703],[31.75803561426817,30.212883448398781],[31.758937559175713,30.213509790810711],[31.758020779613126,30.214620754242937],[31.757064573971114,30.214031511693694],[31.757446520871348,30.213568663783178],[31.756691094242907,30.213103141267265],[31.755946216765434,30.214005796919363],[31.756572527945682,30.214391749070728],[31.756120832227658,30.214939116407496],[31.75659915103132,30.215233868087843],[31.756261363028024,30.215643197544239],[31.756720269185045,30.215925985650628],[31.757058057346804,30.215516657718869],[31.757683749286798,30.215902223491618],[31.758488047092232,30.215041106485046],[31.759939164799491,30.21605320898302],[31.760489011049128,30.215464522210198],[31.761583828885211,30.21429235573336]],[[31.759918794775739,30.211647831661264],[31.760964657862068,30.212383671018102],[31.760136331275639,30.213262869945641],[31.759090466411124,30.212527037530002],[31.759918794775739,30.211647831661264]]]]}},
{"type":"Feature","properties":{"نمط_العمران":null,"اسم_المحور":"2","مساحة_التغير_كم2":0.0096343921355197936,"نسبة_المساحه":null,"مساحة_التغير_بالمتر":null,"اسم_القطاع":"10","وصف_الاستخدام":"شركة برستيج","GlobalID":"{23A37334-0176-4613-8031-10678CF2E7E6}","SHAPE_Length":444.95335377484099,"SHAPE_Area":9634.3921355197945},"geometry":{"type":"MultiPolygon","coordinates":[[[[31.764951776747964,30.207687419725072],[31.763645002634988,30.206743930623368],[31.763252179044681,30.207144035114311],[31.764550543694899,30.208096085035514],[31.764951776747964,30.207687419725072]]]]}},
{"type":"Feature","properties":{"نمط_العمران":null,"اسم_المحور":"2","مساحة_التغير_كم2":0.087603447555692479,"نسبة_المساحه":null,"مساحة_التغير_بالمتر":null,"اسم_القطاع":"10","وصف_الاستخدام":"مصنع","GlobalID":"{AC938D62-C73D-4ADA-AF1B-894180F0A8EC}","SHAPE_Length":1375.576696626832,"SHAPE_Area":87603.447555692474},"geometry":{"type":"MultiPolygon","coordinates":[[[[31.7547024024988,30.200444291548621],[31.752115625912317,30.204600561451123],[31.753209004823351,30.205261248696342],[31.756453586919285,30.201604376890181],[31.7547024024988,30.200444291548621]]]]}},
{"type":"Feature","properties":{"نمط_العمران":null,"اسم_المحور":"2","مساحة_التغير_كم2":0.0026892455311361874,"نسبة_المساحه":null,"مساحة_التغير_بالمتر":null,"اسم_القطاع":"10","وصف_الاستخدام":"مخازن صادق السويدي","GlobalID":"{D61E6148-93D0-4726-8B93-2D2EF11A8FB9}","SHAPE_Length":211.6823132678233,"SHAPE_Area":2689.2455311361873},"geometry":{"type":"MultiPolygon","coordinates":[[[[31.753711758367725,30.206315727355289],[31.753196928033958,30.20595816845341],[31.752925615009811,30.206272547089103],[31.753454705961321,30.206613580296143],[31.753711758367725,30.206315727355289]]]]}},
{"type":"Feature","properties":{"نمط_العمران":null,"اسم_المحور":"2","مساحة_التغير_كم2":0.13343372464537312,"نسبة_المساحه":null,"مساحة_التغير_بالمتر":null,"اسم_القطاع":"10","وصف_الاستخدام":"مصنع","GlobalID":"{FBF83BEC-C1B4-4330-A752-95471B165BFD}","SHAPE_Length":1901.03345484953,"SHAPE_Area":133433.72464537312},"geometry":{"type":"MultiPolygon","coordinates":[[[[31.759429136465211,30.223617092515383],[31.758495908734375,30.224755494288065],[31.759255232587517,30.225220231323728],[31.758977615343007,30.225558879856099],[31.762692786927417,30.228062281275793],[31.763871849529373,30.226755961586413],[31.765128926913281,30.225322014281126],[31.763765940707248,30.22442994346563],[31.762523396069657,30.225847327349666],[31.761315677568856,30.225056883606875],[31.761478360965267,30.224871307829751],[31.759728097648509,30.22380007061571],[31.759429136465211,30.223617092515383]]]]}},
{"type":"Feature","properties":{"نمط_العمران":null,"اسم_المحور":"2","مساحة_التغير_كم2":0.16980764572398077,"نسبة_المساحه":null,"مساحة_التغير_بالمتر":null,"اسم_القطاع":"10","وصف_الاستخدام":"مصنع","GlobalID":"{812FC74D-707D-4FFB-881E-1539A4D12DD3}","SHAPE_Length":2024.1933041291165,"SHAPE_Area":169807.64572398076},"geometry":{"type":"MultiPolygon","coordinates":[[[[31.776882872544924,30.227887598857112],[31.774086207597243,30.22615347219158],[31.772317213384543,30.22801405084158],[31.772105706628768,30.227863922365739],[31.772907649337803,30.227020466154212],[31.772473463290197,30.226712273921802],[31.771671520530926,30.227555733806316],[31.771313230477066,30.227301416078948],[31.770275787981813,30.228392560696879],[31.77200775658816,30.229621908071312],[31.773924124173298,30.230999455041097],[31.776882872544924,30.227887598857112]]]]}},
{"type":"Feature","properties":{"نمط_العمران":null,"اسم_المحور":"2","مساحة_التغير_كم2":0.011475877324385333,"نسبة_المساحه":null,"مساحة_التغير_بالمتر":null,"اسم_القطاع":"10","وصف_الاستخدام":"مصنع القاهره للمستلزمات المروريه","GlobalID":"{CBA46701-CBCE-4AF9-AF4B-63183088E7B1}","SHAPE_Length":435.29765339638908,"SHAPE_Area":11475.877324385334},"geometry":{"type":"MultiPolygon","coordinates":[[[[31.767956482715856,30.224306809626849],[31.767079529776854,30.225174761533523],[31.767782930581138,30.225705356623401],[31.76865988123356,30.224837409951128],[31.767956482715856,30.224306809626849]]]]}},
{"type":"Feature","properties":{"نمط_العمران":null,"اسم_المحور":"2","مساحة_التغير_كم2":0.0045517793594851792,"نسبة_المساحه":null,"مساحة_التغير_بالمتر":null,"اسم_القطاع":"10","وصف_الاستخدام":"مصنع","GlobalID":"{D563FE11-6ACB-4AB1-90F3-B14EF208EB64}","SHAPE_Length":269.89844743592556,"SHAPE_Area":4551.7793594851792},"geometry":{"type":"MultiPolygon","coordinates":[[[[31.764416792237942,30.223748836788417],[31.763962369516658,30.224224146778603],[31.764495977848817,30.224605028119747],[31.764950397768217,30.224129719872391],[31.764416792237942,30.223748836788417]]]]}},
{"type":"Feature","properties":{"نمط_العمران":null,"اسم_المحور":"2","مساحة_التغير_كم2":0.0016363820749049627,"نسبة_المساحه":null,"مساحة_التغير_بالمتر":null,"اسم_القطاع":"10","وصف_الاستخدام":"مخزن ABB","GlobalID":"{46DCD5DF-E221-4716-A4C1-FBADE3611355}","SHAPE_Length":161.93736687345313,"SHAPE_Area":1636.3820749049628},"geometry":{"type":"MultiPolygon","coordinates":[[[[31.766317382862699,30.226197554333616],[31.76605206527071,30.226462070772069],[31.766383258720985,30.226710080294662],[31.766648576096539,30.226445566798041],[31.766317382862699,30.226197554333616]]]]}},
{"type":"Feature","properties":{"نمط_العمران":null,"اسم_المحور":"2","مساحة_التغير_كم2":0.0031076063275816976,"نسبة_المساحه":null,"مساحة_التغير_بالمتر":null,"اسم_القطاع":"10","وصف_الاستخدام":"O Marketing","GlobalID":"{7047F733-A1DF-4172-9CD8-14C38547339F}","SHAPE_Length":247.71920172414684,"SHAPE_Area":3107.6063275816978},"geometry":{"type":"MultiPolygon","coordinates":[[[[31.783559776547694,30.267797588013455],[31.782944497182573,30.268396114837138],[31.783216803193362,30.268604919493004],[31.783832081217362,30.268006394997808],[31.783559776547694,30.267797588013455]]]]}},
{"type":"Feature","properties":{"نمط_العمران":null,"اسم_المحور":"2","مساحة_التغير_كم2":0.027050492890549036,"نسبة_المساحه":null,"مساحة_التغير_بالمتر":null,"اسم_القطاع":"10","وصف_الاستخدام":"مصنع","GlobalID":"{1BDA58F7-FC2E-49E8-8722-579E8D56EA61}","SHAPE_Length":684.02033240764695,"SHAPE_Area":27050.492890549038},"geometry":{"type":"MultiPolygon","coordinates":[[[[31.785964755410809,30.265877684578868],[31.784560050792514,30.267419080024663],[31.785576341224953,30.268109952071509],[31.786981045508021,30.266568568318448],[31.785964755410809,30.265877684578868]]]]}},
{"type":"Feature","properties":{"نمط_العمران":null,"اسم_المحور":"2","مساحة_التغير_كم2":0.01075023435082537,"نسبة_المساحه":null,"مساحة_التغير_بالمتر":null,"اسم_القطاع":"10","وصف_الاستخدام":"شركة هوايي لتصنيع الادوات الصحية","GlobalID":"{28CA0491-E548-496C-8D44-C5759FFBE9A5}","SHAPE_Length":426.76840656847139,"SHAPE_Area":10750.234350825369},"geometry":{"type":"MultiPolygon","coordinates":[[[[31.787250954517194,30.264552421786139],[31.78675726533487,30.265150391876006],[31.787874986482503,30.265838781459138],[31.788368674628789,30.265240814361931],[31.787250954517194,30.264552421786139]]]]}},
{"type":"Feature","properties":{"نمط_العمران":null,"اسم_المحور":"2","مساحة_التغير_كم2":0.053695757557504185,"نسبة_المساحه":null,"مساحة_التغير_بالمتر":null,"اسم_القطاع":"10","وصف_الاستخدام":"ارض فضاء","GlobalID":"{76D3623F-6911-40A3-A979-E0343E1C5309}","SHAPE_Length":1040.4416835959526,"SHAPE_Area":53695.757557504185},"geometry":{"type":"MultiPolygon","coordinates":[[[[31.805370315825837,30.234866385307267],[31.804613765650675,30.235656654060957],[31.805201085377647,30.23607634193667],[31.804303677059018,30.23701373482459],[31.805892598082561,30.238149129897884],[31.80679000420599,30.237211749632081],[31.806639138614429,30.237103944675354],[31.807091141204971,30.23663180323997],[31.806774939820205,30.236405853090211],[31.807079488342229,30.236087734736955],[31.805370315825837,30.234866385307267]]]]}},
{"type":"Feature","properties":{"نمط_العمران":null,"اسم_المحور":"2","مساحة_التغير_كم2":0.14021598793506032,"نسبة_المساحه":null,"مساحة_التغير_بالمتر":null,"اسم_القطاع":"10","وصف_الاستخدام":"مصنع","GlobalID":"{15C17BF0-8B81-4DC9-83D2-77E4BA295285}","SHAPE_Length":2027.661359921439,"SHAPE_Area":140215.98793506032},"geometry":{"type":"MultiPolygon","coordinates":[[[[31.785533031552461,30.241729287975957],[31.78338953058347,30.240197655828993],[31.781925463361212,30.239151498928717],[31.780703877004985,30.240436380029976],[31.787354696706732,30.245188611176108],[31.787827294408448,30.24469499992432],[31.786915610859097,30.244043582919424],[31.787669666389462,30.243255987683106],[31.785533031552461,30.241729287975957]]]]}},
{"type":"Feature","properties":{"نمط_العمران":null,"اسم_المحور":"2","مساحة_التغير_كم2":0.010513679194414356,"نسبة_المساحه":null,"مساحة_التغير_بالمتر":null,"اسم_القطاع":"10","وصف_الاستخدام":"كلاركات كريم سعيد","GlobalID":"{48EDF674-57E2-4E09-AED4-4ED198BBAD42}","SHAPE_Length":410.14856679713029,"SHAPE_Area":10513.679194414355},"geometry":{"type":"MultiPolygon","coordinates":[[[[31.799743920998356,30.239026574936421],[31.79908455912253,30.239750494742374],[31.799925558151859,30.240322211484013],[31.800584918901023,30.23959829737689],[31.799743920998356,30.239026574936421]]]]}},
{"type":"Feature","properties":{"نمط_العمران":null,"اسم_المحور":"2","مساحة_التغير_كم2":0.001971265515381136,"نسبة_المساحه":null,"مساحة_التغير_بالمتر":null,"اسم_القطاع":"10","وصف_الاستخدام":"الشرق للاكواب الورقيه","GlobalID":"{A560439C-F879-4FEC-BF55-F11B835D0DFB}","SHAPE_Length":178.21947142458481,"SHAPE_Area":1971.2655153811361},"geometry":{"type":"MultiPolygon","coordinates":[[[[31.801398368063445,30.238991446598757],[31.801134622773343,30.239280067311107],[31.801529131103802,30.23954913876285],[31.801792874944276,30.23926051995317],[31.801398368063445,30.238991446598757]]]]}},
{"type":"Feature","properties":{"نمط_العمران":null,"اسم_المحور":"2","مساحة_التغير_كم2":0.0014506880306190508,"نسبة_المساحه":null,"مساحة_التغير_بالمتر":null,"اسم_القطاع":"10","وصف_الاستخدام":"شركة ريو بلاست لتصنيع إضافات الأسمنت","GlobalID":"{92675C37-240E-4B38-B009-6D6F0B473DF6}","SHAPE_Length":153.13945220305544,"SHAPE_Area":1450.6880306190508},"geometry":{"type":"MultiPolygon","coordinates":[[[[31.801899482660957,30.238474968811488],[31.801688487032202,30.238725613976722],[31.802043426060713,30.238948626144062],[31.802254421284008,30.238697982208421],[31.801899482660957,30.238474968811488]]]]}},
{"type":"Feature","properties":{"نمط_العمران":null,"اسم_المحور":"2","مساحة_التغير_كم2":0.0032532886056659315,"نسبة_المساحه":null,"مساحة_التغير_بالمتر":null,"اسم_القطاع":"10","وصف_الاستخدام":"مصنع رويال هوم لتصنيع المراتب والمفروشات والأثاث","GlobalID":"{3DDD3AA5-508F-4E70-B218-DED07CD558BE}","SHAPE_Length":228.25726283275367,"SHAPE_Area":3253.2886056659313},"geometry":{"type":"MultiPolygon","coordinates":[[[[31.802787422392818,30.236728037612867],[31.802435762316623,30.237122998767351],[31.802920961672029,30.237445448506676],[31.80327262101606,30.23705048875394],[31.802787422392818,30.236728037612867]]]]}},
{"type":"Feature","properties":{"نمط_العمران":null,"اسم_المحور":"2","مساحة_التغير_كم2":0.0067349400965909289,"نسبة_المساحه":null,"مساحة_التغير_بالمتر":null,"اسم_القطاع":"10","وصف_الاستخدام":"مصنع","GlobalID":"{11D9EB8C-0994-40AC-A706-59AE7EC4E4A2}","SHAPE_Length":449.92066668491492,"SHAPE_Area":6734.940096590929},"geometry":{"type":"MultiPolygon","coordinates":[[[[31.798180685078556,30.240669982199915],[31.797761736384839,30.241135327804216],[31.797426985241195,30.240910396047497],[31.796913359414557,30.241480903302932],[31.797344885892954,30.241770857877082],[31.797858510811864,30.241200352536364],[31.798078230287949,30.24134798918147],[31.798497179482037,30.240882644377642],[31.798180685078556,30.240669982199915]]]]}},
{"type":"Feature","properties":{"نمط_العمران":null,"اسم_المحور":"2","مساحة_التغير_كم2":0.0048275310836204755,"نسبة_المساحه":null,"مساحة_التغير_بالمتر":null,"اسم_القطاع":"10","وصف_الاستخدام":"المنار للمواد الغذائية","GlobalID":"{BBC4FB03-A3D5-4BA2-9A1E-E637E430046B}","SHAPE_Length":286.49934267999902,"SHAPE_Area":4827.5310836204753},"geometry":{"type":"MultiPolygon","coordinates":[[[[31.794936627518727,30.241148473653748],[31.79458807297447,30.241532981403857],[31.795317766853724,30.242026657838505],[31.795666322461738,30.241642152675308],[31.794936627518727,30.241148473653748]]]]}},
{"type":"Feature","properties":{"نمط_العمران":null,"اسم_المحور":"2","مساحة_التغير_كم2":0.006922505959937454,"نسبة_المساحه":null,"مساحة_التغير_بالمتر":null,"اسم_القطاع":"10","وصف_الاستخدام":"Sweetana مصنع سويتانا للشوكولاته  \r\n","GlobalID":"{53081E97-F660-46B1-9E19-0F2350ED1FD0}","SHAPE_Length":359.0610957230312,"SHAPE_Area":6922.5059599374536},"geometry":{"type":"MultiPolygon","coordinates":[[[[31.796149852946183,30.241733292705046],[31.795697457395221,30.242251139125276],[31.795374512289833,30.242620805501609],[31.7958404608673,30.242924602917128],[31.796615801920083,30.242037093688317],[31.796149852946183,30.241733292705046]]]]}},
{"type":"Feature","properties":{"نمط_العمران":null,"اسم_المحور":"2","مساحة_التغير_كم2":0.0022025290263572132,"نسبة_المساحه":null,"مساحة_التغير_بالمتر":null,"اسم_القطاع":"10","وصف_الاستخدام":"Winner welding factory (Rafik Bebawi)","GlobalID":"{90B85C8C-84E6-4BE7-BF65-99C10CF8802B}","SHAPE_Length":187.93448280233847,"SHAPE_Area":2202.5290263572133},"geometry":{"type":"MultiPolygon","coordinates":[[[[31.795288287043324,30.243442160320196],[31.795023819564097,30.2437744818845],[31.795445810184052,30.244025113618932],[31.795710280081831,30.243692792125497],[31.795288287043324,30.243442160320196]]]]}},
{"type":"Feature","properties":{"نمط_العمران":null,"اسم_المحور":"2","مساحة_التغير_كم2":0.0047707614524708118,"نسبة_المساحه":null,"مساحة_التغير_بالمتر":null,"اسم_القطاع":"10","وصف_الاستخدام":"مصنع","GlobalID":"{324B8FDF-547F-4752-90CE-56AC34BE56CB}","SHAPE_Length":310.17583697350977,"SHAPE_Area":4770.7614524708115},"geometry":{"type":"MultiPolygon","coordinates":[[[[31.790400222664633,30.246480074302688],[31.790400222496441,30.247110427560315],[31.790400222647211,30.247399027021963],[31.790400222906761,30.247497754260404],[31.790839797177011,30.247497754958591],[31.790839796571177,30.246480074013412],[31.790400222664633,30.246480074302688]]]]}},
{"type":"Feature","properties":{"نمط_العمران":null,"اسم_المحور":"2","مساحة_التغير_كم2":0.0062555415738563373,"نسبة_المساحه":null,"مساحة_التغير_بالمتر":null,"اسم_القطاع":"10","وصف_الاستخدام":"مصنع","GlobalID":"{BDE119D6-DD8B-47A0-B66D-45F1444FE21C}","SHAPE_Length":324.01381036843446,"SHAPE_Area":6255.541573856337},"geometry":{"type":"MultiPolygon","coordinates":[[[[31.790962876885057,30.245401625693567],[31.790945294310227,30.246290209147773],[31.791605214427079,30.246299952982891],[31.791622797283239,30.245411371141454],[31.790962876885057,30.245401625693567]]]]}},
{"type":"Feature","properties":{"نمط_العمران":null,"اسم_المحور":"2","مساحة_التغير_كم2":0.0096114108124443973,"نسبة_المساحه":null,"مساحة_التغير_بالمتر":null,"اسم_القطاع":"10","وصف_الاستخدام":"الشرقية للضفائر الكهربائية ش.م.م","GlobalID":"{91F9709D-9F00-4FE8-BB2E-1193D6C7B4A5}","SHAPE_Length":405.83613235830978,"SHAPE_Area":9611.4108124443974},"geometry":{"type":"MultiPolygon","coordinates":[[[[31.795783396775327,30.24523752347956],[31.795732183213715,30.246387829028194],[31.796514503280815,30.246413820749364],[31.796565717093042,30.245263516542522],[31.795783396775327,30.24523752347956]]]]}},
{"type":"Feature","properties":{"نمط_العمران":null,"اسم_المحور":"2","مساحة_التغير_كم2":0.014701144958421264,"نسبة_المساحه":null,"مساحة_التغير_بالمتر":null,"اسم_القطاع":"10","وصف_الاستخدام":"مصنع","GlobalID":"{CE394B44-A5A6-4E1D-A248-3903C01912EB}","SHAPE_Length":485.02528756737649,"SHAPE_Area":14701.144958421264},"geometry":{"type":"MultiPolygon","coordinates":[[[[31.799542654032781,30.246459721151446],[31.7995426537552,30.24754118932475],[31.800817316969493,30.247541189647226],[31.800817318871033,30.246459721238807],[31.799542654032781,30.246459721151446]]]]}},
{"type":"Feature","properties":{"نمط_العمران":null,"اسم_المحور":"2","مساحة_التغير_كم2":0.016844393680951281,"نسبة_المساحه":null,"مساحة_التغير_بالمتر":null,"اسم_القطاع":"10","وصف_الاستخدام":"مصنع","GlobalID":"{C4A052B1-4D0B-464E-956E-C91A5B114D49}","SHAPE_Length":626.10655579759111,"SHAPE_Area":16844.393680951282},"geometry":{"type":"MultiPolygon","coordinates":[[[[31.803800322047028,30.245438824235862],[31.803719448838923,30.247639504582523],[31.804436448683575,30.247659167031557],[31.80451731945465,30.245458486843486],[31.803800322047028,30.245438824235862]]]]}},
{"type":"Feature","properties":{"نمط_العمران":null,"اسم_المحور":"2","مساحة_التغير_كم2":0.02138956294503341,"نسبة_المساحه":null,"مساحة_التغير_بالمتر":null,"اسم_القطاع":"10","وصف_الاستخدام":"مصنع","GlobalID":"{5FB45D3F-0C24-4A33-986E-DAFC6DF84007}","SHAPE_Length":685.14278186497359,"SHAPE_Area":21389.562945033409},"geometry":{"type":"MultiPolygon","coordinates":[[[[31.804846159706631,30.24539790301851],[31.804812017238373,30.247747652495274],[31.805665451894566,30.247756904869672],[31.805699592741238,30.245407157503664],[31.804846159706631,30.24539790301851]]]]}},
{"type":"Feature","properties":{"نمط_العمران":null,"اسم_المحور":"2","مساحة_التغير_كم2":0.0040885841256138537,"نسبة_المساحه":null,"مساحة_التغير_بالمتر":null,"اسم_القطاع":"10","وصف_الاستخدام":"مصنع","GlobalID":"{34E3BD69-6C08-4C75-BAF7-5A6AF2A1AC79}","SHAPE_Length":291.90872095568375,"SHAPE_Area":4088.5841256138533},"geometry":{"type":"MultiPolygon","coordinates":[[[[31.807350870734087,30.245578020108844],[31.807314450885606,30.24655331953543],[31.80770713213477,30.246564260956728],[31.807743551211473,30.245588963151125],[31.807350870734087,30.245578020108844]]]]}},
{"type":"Feature","properties":{"نمط_العمران":null,"اسم_المحور":"2","مساحة_التغير_كم2":0.001340843687672252,"نسبة_المساحه":null,"مساحة_التغير_بالمتر":null,"اسم_القطاع":"10","وصف_الاستخدام":"ايليت للاعمدة(elite)","GlobalID":"{FF93989E-A09E-4058-9779-88224A06B432}","SHAPE_Length":150.02183219222036,"SHAPE_Area":1340.8436876722519},"geometry":{"type":"MultiPolygon","coordinates":[[[[31.811011806462986,30.245704095132407],[31.810996968424508,30.245968987655576],[31.811470499319533,30.245988780689686],[31.811485338172599,30.245723888098535],[31.811011806462986,30.245704095132407]]]]}},
{"type":"Feature","properties":{"نمط_العمران":null,"اسم_المحور":"2","مساحة_التغير_كم2":0.0063192091887463485,"نسبة_المساحه":null,"مساحة_التغير_بالمتر":null,"اسم_القطاع":"10","وصف_الاستخدام":"مصنع الزاهي","GlobalID":"{355B4B07-E710-4023-9168-A529D4791E7B}","SHAPE_Length":343.55244540596243,"SHAPE_Area":6319.2091887463484},"geometry":{"type":"MultiPolygon","coordinates":[[[[31.812462950185687,30.246515635753607],[31.811995192187741,30.24680376219364],[31.81275527784312,30.247724613668773],[31.813089235295369,30.247274387562328],[31.812462950185687,30.246515635753607]]]]}},
{"type":"Feature","properties":{"نمط_العمران":null,"اسم_المحور":"2","مساحة_التغير_كم2":0.023075869143051222,"نسبة_المساحه":null,"مساحة_التغير_بالمتر":null,"اسم_القطاع":"10","وصف_الاستخدام":"مصنع الزاهي","GlobalID":"{B1C12875-2C6E-4203-B89D-73EFC8AE3D72}","SHAPE_Length":682.61663475538057,"SHAPE_Area":23075.869143051223},"geometry":{"type":"MultiPolygon","coordinates":[[[[31.813286452294648,30.24407352110407],[31.812747850504479,30.244698339931752],[31.813593314628843,30.245242239146737],[31.813325997951026,30.245552343870241],[31.814249759568156,30.246146606244292],[31.815055677349712,30.24521169429628],[31.813286452294648,30.24407352110407]]]]}},
{"type":"Feature","properties":{"نمط_العمران":null,"اسم_المحور":"2","مساحة_التغير_كم2":0.029415666217461309,"نسبة_المساحه":null,"مساحة_التغير_بالمتر":null,"اسم_القطاع":"10","وصف_الاستخدام":"مصنع ايدمكس","GlobalID":"{EB644885-9AFC-4507-BC23-35FB849540FD}","SHAPE_Length":719.82174860917758,"SHAPE_Area":29415.666217461308},"geometry":{"type":"MultiPolygon","coordinates":[[[[31.802610444796397,30.242741585021196],[31.801873408786296,30.243580676565777],[31.801625191779451,30.243863260747965],[31.801578593557391,30.243916311020509],[31.802320035574837,30.244402353491203],[31.80247967624252,30.244220610259099],[31.80336523702649,30.244801128055681],[31.804237447915359,30.243808156140478],[31.802610444796397,30.242741585021196]]]]}},
{"type":"Feature","properties":{"نمط_العمران":null,"اسم_المحور":"2","مساحة_التغير_كم2":0.0067572422219314282,"نسبة_المساحه":null,"مساحة_التغير_بالمتر":null,"اسم_القطاع":"10","وصف_الاستخدام":"مصنع","GlobalID":"{0D2568BD-D729-411D-A3C4-0D4CD0817C9D}","SHAPE_Length":332.37160654339129,"SHAPE_Area":6757.2422219314285},"geometry":{"type":"MultiPolygon","coordinates":[[[[31.806856951247969,30.242787771130931],[31.806378437652878,30.243274977291648],[31.80713455851777,30.243829214682833],[31.80761307430533,30.2433420121159],[31.806856951247969,30.242787771130931]]]]}},
{"type":"Feature","properties":{"نمط_العمران":null,"اسم_المحور":"2","مساحة_التغير_كم2":0.004618704326711855,"نسبة_المساحه":null,"مساحة_التغير_بالمتر":null,"اسم_القطاع":"10","وصف_الاستخدام":"Manazil PVC","GlobalID":"{6576C422-99F0-4610-B9E9-A3685EAA6EB8}","SHAPE_Length":289.70194610589033,"SHAPE_Area":4618.7043267118552},"geometry":{"type":"MultiPolygon","coordinates":[[[[31.804377594935772,30.242196826083649],[31.804079250190824,30.24253704335214],[31.804888017190333,30.243066354504535],[31.805186360824468,30.242726139899865],[31.804377594935772,30.242196826083649]]]]}},
{"type":"Feature","properties":{"نمط_العمران":null,"اسم_المحور":"2","مساحة_التغير_كم2":0.0057472720766617051,"نسبة_المساحه":null,"مساحة_التغير_بالمتر":null,"اسم_القطاع":"10","وصف_الاستخدام":"سما للانشاءات المعدنية ٢","GlobalID":"{737B8F37-4D63-4B3E-85FB-565719F0067C}","SHAPE_Length":303.40484963886911,"SHAPE_Area":5747.2720766617049},"geometry":{"type":"MultiPolygon","coordinates":[[[[31.805710973417899,30.24104817649124],[31.805201023720493,30.241598866847593],[31.805797711818457,30.242011254932528],[31.806307660450361,30.241460564961425],[31.805710973417899,30.24104817649124]]]]}},
{"type":"Feature","properties":{"نمط_العمران":null,"اسم_المحور":"2","مساحة_التغير_كم2":0.0054887218856031032,"نسبة_المساحه":null,"مساحة_التغير_بالمتر":null,"اسم_القطاع":"10","وصف_الاستخدام":"سند الربيكي","GlobalID":"{6CE912D6-2F14-4016-A1DD-FA731244D9B5}","SHAPE_Length":302.69412330934051,"SHAPE_Area":5488.7218856031031},"geometry":{"type":"MultiPolygon","coordinates":[[[[31.806931417905147,30.241413291965376],[31.806537603273618,30.241835989354005],[31.807276475511326,30.242349754390208],[31.807670289121376,30.241927060195884],[31.806931417905147,30.241413291965376]]]]}},
{"type":"Feature","properties":{"نمط_العمران":null,"اسم_المحور":"2","مساحة_التغير_كم2":0.0029356911587370203,"نسبة_المساحه":null,"مساحة_التغير_بالمتر":null,"اسم_القطاع":"10","وصف_الاستخدام":"مصنع","GlobalID":"{358A3406-371D-4007-A192-B9F35C2AFE42}","SHAPE_Length":353.86154434139769,"SHAPE_Area":2935.6911587370205},"geometry":{"type":"MultiPolygon","coordinates":[[[[31.798760424808677,30.244066334077022],[31.798736348263215,30.244945067490498],[31.799562432045356,30.244961959555614],[31.799565924286618,30.244834472603358],[31.798965867972715,30.24482220489325],[31.798986449528961,30.244070955593191],[31.798760424808677,30.244066334077022]]]]}},
{"type":"Feature","properties":{"نمط_العمران":null,"اسم_المحور":"2","مساحة_التغير_كم2":0.0059103306757672756,"نسبة_المساحه":null,"مساحة_التغير_بالمتر":null,"اسم_القطاع":"10","وصف_الاستخدام":"HSD Steel","GlobalID":"{88E1FCE4-291B-4582-8568-765DCBE7F96F}","SHAPE_Length":363.65839629077385,"SHAPE_Area":5910.3306757672754},"geometry":{"type":"MultiPolygon","coordinates":[[[[31.801858278493647,30.240445104306801],[31.801129717430733,30.241127372533242],[31.80153401370972,30.241449589697591],[31.8021357952484,30.240886048175664],[31.802334092107394,30.241044088796247],[31.802460870238527,30.24092536598052],[31.801858278493647,30.240445104306801]]]]}},
{"type":"Feature","properties":{"نمط_العمران":null,"اسم_المحور":"2","مساحة_التغير_كم2":0.054317204669778928,"نسبة_المساحه":null,"مساحة_التغير_بالمتر":null,"اسم_القطاع":"10","وصف_الاستخدام":"مصنع","GlobalID":"{F065010D-9086-49F9-9F95-A37F8BD151D3}","SHAPE_Length":1001.2457056403196,"SHAPE_Area":54317.204669778926},"geometry":{"type":"MultiPolygon","coordinates":[[[[31.808546947743665,30.236602323945519],[31.806753227970471,30.238531175152307],[31.808047559391039,30.239429569173964],[31.808808567276419,30.238611241018845],[31.809347500089782,30.238985313610176],[31.810380210194914,30.237874813795102],[31.808546947743665,30.236602323945519]]]]}},
{"type":"Feature","properties":{"نمط_العمران":null,"اسم_المحور":"2","مساحة_التغير_كم2":0.0068257266335219526,"نسبة_المساحه":null,"مساحة_التغير_بالمتر":null,"اسم_القطاع":"10","وصف_الاستخدام":"شركه ام ان اس الدوليه للصناعات الكنيائيه","GlobalID":"{CC6B4029-2D4B-439D-BC11-67BBB6E34D6E}","SHAPE_Length":333.46701200211044,"SHAPE_Area":6825.7266335219529},"geometry":{"type":"MultiPolygon","coordinates":[[[[31.810741899008612,30.23886594144146],[31.810128892636147,30.239532204612171],[31.810717546536139,30.239936437950533],[31.811330551565447,30.239270178341631],[31.810741899008612,30.23886594144146]]]]}},
{"type":"Feature","properties":{"نمط_العمران":null,"اسم_المحور":"2","مساحة_التغير_كم2":0.002377872800039003,"نسبة_المساحه":null,"مساحة_التغير_بالمتر":null,"اسم_القطاع":"10","وصف_الاستخدام":"مصنع المصرية الاوروبية للدهانات الجديد","GlobalID":"{70DD82F0-2E58-48E5-8987-ECAE804089B1}","SHAPE_Length":217.2425157472511,"SHAPE_Area":2377.8728000390029},"geometry":{"type":"MultiPolygon","coordinates":[[[[31.811433999971548,30.239839708618604],[31.810919867354777,30.2403863813309],[31.811165532717848,30.240558821280871],[31.811679666975493,30.240012151233756],[31.811433999971548,30.239839708618604]]]]}},
{"type":"Feature","properties":{"نمط_العمران":null,"اسم_المحور":"2","مساحة_التغير_كم2":0.0032449749798377963,"نسبة_المساحه":null,"مساحة_التغير_بالمتر":null,"اسم_القطاع":"10","وصف_الاستخدام":"مصنع المصرية الاوروبية للدهانات الجديد","GlobalID":"{7803DF37-799B-4252-B8F2-9ECD128E3A2E}","SHAPE_Length":234.3897843586264,"SHAPE_Area":3244.9749798377961},"geometry":{"type":"MultiPolygon","coordinates":[[[[31.812155088187172,30.23950663890006],[31.811679666975493,30.240012151233756],[31.812042210524254,30.240266634835322],[31.812517633243989,30.239761123913603],[31.812155088187172,30.23950663890006]]]]}},
{"type":"Feature","properties":{"نمط_العمران":null,"اسم_المحور":"2","مساحة_التغير_كم2":0.010479197640814689,"نسبة_المساحه":null,"مساحة_التغير_بالمتر":null,"اسم_القطاع":"10","وصف_الاستخدام":"شركة البدر لتكنولوجيا مواد البناء","GlobalID":"{3D4ABA10-9753-4BFB-8C3F-28BB55C8121A}","SHAPE_Length":473.29306753625264,"SHAPE_Area":10479.197640814689},"geometry":{"type":"MultiPolygon","coordinates":[[[[31.812887413079224,30.23989950097442],[31.812293403836176,30.240569774151762],[31.811918468873664,30.240992843482147],[31.811879024251855,30.241037351489858],[31.812285163366756,30.241305984972801],[31.812699540102781,30.240838411741823],[31.812934264208415,30.240993666330816],[31.813528275980786,30.2403233929858],[31.812887413079224,30.23989950097442]]]]}},
{"type":"Feature","properties":{"نمط_العمران":null,"اسم_المحور":"2","مساحة_التغير_كم2":0.0030623573587394257,"نسبة_المساحه":null,"مساحة_التغير_بالمتر":null,"اسم_القطاع":"10","وصف_الاستخدام":"المحبة بلاست","GlobalID":"{5A0AB77C-3F4C-490B-81E7-27E4A7A1156B}","SHAPE_Length":237.20344755972059,"SHAPE_Area":3062.3573587394258},"geometry":{"type":"MultiPolygon","coordinates":[[[[31.811364789945664,30.241052631913348],[31.81086054324766,30.24163346229772],[31.811176933357391,30.241838461473616],[31.811681180333963,30.241257632583309],[31.811364789945664,30.241052631913348]]]]}},
{"type":"Feature","properties":{"نمط_العمران":null,"اسم_المحور":"2","مساحة_التغير_كم2":0.0052942351456627436,"نسبة_المساحه":null,"مساحة_التغير_بالمتر":null,"اسم_القطاع":"10","وصف_الاستخدام":"مصنع","GlobalID":"{CD430F65-1D7A-4242-A7FA-63FF3DF1713E}","SHAPE_Length":328.15644436298135,"SHAPE_Area":5294.2351456627439},"geometry":{"type":"MultiPolygon","coordinates":[[[[31.810209615590708,30.242300890660605],[31.809859971589937,30.242658885320033],[31.810128893610518,30.242854906177509],[31.8098619392463,30.243128235355549],[31.81016876423973,30.243351881561473],[31.810785361846637,30.242720560983969],[31.810209615590708,30.242300890660605]]]]}},
{"type":"Feature","properties":{"نمط_العمران":null,"اسم_المحور":"2","مساحة_التغير_كم2":0.0019976254588560875,"نسبة_المساحه":null,"مساحة_التغير_بالمتر":null,"اسم_القطاع":"10","وصف_الاستخدام":"أركان للخرسانة الجاهزة","GlobalID":"{258BB4E4-48C1-4EE6-9472-1A2C37E1CD47}","SHAPE_Length":179.9358918005845,"SHAPE_Area":1997.6254588560873},"geometry":{"type":"MultiPolygon","coordinates":[[[[31.812528243345362,30.243850245961845],[31.812205198856248,30.24420445455117],[31.812531476543889,30.244426532026608],[31.812854519606837,30.244072322622984],[31.812528243345362,30.243850245961845]]]]}},
{"type":"Feature","properties":{"نمط_العمران":null,"اسم_المحور":"2","مساحة_التغير_كم2":0.0024858434703474057,"نسبة_المساحه":null,"مساحة_التغير_بالمتر":null,"اسم_القطاع":"10","وصف_الاستخدام":"أركان للخرسانة الجاهزه","GlobalID":"{ED8C267B-6122-4DE4-B259-55392C84ACF4}","SHAPE_Length":206.07474625397504,"SHAPE_Area":2485.8434703474059},"geometry":{"type":"MultiPolygon","coordinates":[[[[31.813035720377993,30.242274082079494],[31.812640234151353,30.242743866686357],[31.812964746983944,30.242947754107689],[31.813360233559131,30.242477971231907],[31.813035720377993,30.242274082079494]]]]}},
{"type":"Feature","properties":{"نمط_العمران":null,"اسم_المحور":"2","مساحة_التغير_كم2":0.0069126391337894942,"نسبة_المساحه":null,"مساحة_التغير_بالمتر":null,"اسم_القطاع":"10","وصف_الاستخدام":"سامح الحديدي للخرسانه الجاهزه","GlobalID":"{02C6442E-CF35-4DD0-B261-12B64F70A2DF}","SHAPE_Length":378.42769765572922,"SHAPE_Area":6912.6391337894938},"geometry":{"type":"MultiPolygon","coordinates":[[[[31.814429811480824,30.241232006254663],[31.813727821334474,30.242052001612279],[31.814080673577966,30.242277447864069],[31.814390578107947,30.241915448283965],[31.814673657847941,30.24209631611393],[31.815065741670423,30.241638322999904],[31.814429811480824,30.241232006254663]]]]}},
{"type":"Feature","properties":{"نمط_العمران":null,"اسم_المحور":"2","مساحة_التغير_كم2":0.018919015740412853,"نسبة_المساحه":null,"مساحة_التغير_بالمتر":null,"اسم_القطاع":"10","وصف_الاستخدام":"مصنع","GlobalID":"{8543FF48-72C8-4DC1-8B17-BF02E9AB4038}","SHAPE_Length":754.35209389430827,"SHAPE_Area":18919.015740412855},"geometry":{"type":"MultiPolygon","coordinates":[[[[31.824841638373218,30.250528937784026],[31.823490541212696,30.251857030209301],[31.8229883837007,30.251475834716906],[31.822749464877578,30.251710682307532],[31.823388968233623,30.252196136355494],[31.823627885720462,30.251961290303367],[31.824131203862059,30.252343364572578],[31.825482301439376,30.251015279134265],[31.824841638373218,30.250528937784026]]]]}},
{"type":"Feature","properties":{"نمط_العمران":null,"اسم_المحور":"2","مساحة_التغير_كم2":0.010075800452078173,"نسبة_المساحه":null,"مساحة_التغير_بالمتر":null,"اسم_القطاع":"10","وصف_الاستخدام":"AL BARON Group for textile","GlobalID":"{26D722A6-167D-43EE-9B76-E2753164250A}","SHAPE_Length":434.16910972144257,"SHAPE_Area":10075.800452078172},"geometry":{"type":"MultiPolygon","coordinates":[[[[31.821291045276471,30.253283677091723],[31.820860027964166,30.253761291410733],[31.822090586165128,30.254589893737943],[31.822521602378245,30.254112282592967],[31.821291045276471,30.253283677091723]]]]}},
{"type":"Feature","properties":{"نمط_العمران":null,"اسم_المحور":"2","مساحة_التغير_كم2":0.0046914980742561799,"نسبة_المساحه":null,"مساحة_التغير_بالمتر":null,"اسم_القطاع":"10","وصف_الاستخدام":"Elsewedy Electric - Bead Wire Factory\r\n","GlobalID":"{CB4FF039-54C9-4D70-B2E3-A541D366805A}","SHAPE_Length":277.18175341512659,"SHAPE_Area":4691.4980742561802},"geometry":{"type":"MultiPolygon","coordinates":[[[[31.820559657317617,30.254070972162481],[31.820172079460033,30.254481089233359],[31.820815842800272,30.254935028771214],[31.821203418795189,30.254524915203103],[31.820559657317617,30.254070972162481]]]]}},
{"type":"Feature","properties":{"نمط_العمران":null,"اسم_المحور":"2","مساحة_التغير_كم2":0.003519477603840845,"نسبة_المساحه":null,"مساحة_التغير_بالمتر":null,"اسم_القطاع":"10","وصف_الاستخدام":"Elsewedy Electric - Bead Wire Factory\r\n","GlobalID":"{56AD3CBB-3D5E-4858-B230-6E961096B09A}","SHAPE_Length":300.05920596288854,"SHAPE_Area":3519.4776038408449},"geometry":{"type":"MultiPolygon","coordinates":[[[[31.820275158097459,30.255302846750158],[31.820102556391952,30.255503795746726],[31.820205368489098,30.255569685264106],[31.819968600721463,30.255845338402203],[31.820569346255834,30.256230336998183],[31.820806112263,30.255954686369243],[31.820337814572852,30.255654566799866],[31.820510416074011,30.255453618394235],[31.820275158097459,30.255302846750158]]]]}},
{"type":"Feature","properties":{"نمط_العمران":null,"اسم_المحور":"2","مساحة_التغير_كم2":0.0091593018255707054,"نسبة_المساحه":null,"مساحة_التغير_بالمتر":null,"اسم_القطاع":"10","وصف_الاستخدام":"Elsewedy Electric - Bead Wire Factory","GlobalID":"{8E47CF33-87B8-4043-B9E2-5CC90499E2EB}","SHAPE_Length":393.54797770359426,"SHAPE_Area":9159.3018255707048},"geometry":{"type":"MultiPolygon","coordinates":[[[[31.821867729457534,30.25702543888254],[31.821092574153266,30.257887492987315],[31.821714065633039,30.258304440724984],[31.82248921998367,30.25744239106708],[31.821867729457534,30.25702543888254]]]]}},
{"type":"Feature","properties":{"نمط_العمران":null,"اسم_المحور":"2","مساحة_التغير_كم2":0.005396065776945241,"نسبة_المساحه":null,"مساحة_التغير_بالمتر":null,"اسم_القطاع":"10","وصف_الاستخدام":"Elsewedy Electric - Bead Wire Factory\r\n","GlobalID":"{BE55BA86-DC5E-4DCA-933E-B04F1DD8B395}","SHAPE_Length":293.91575819087359,"SHAPE_Area":5396.0657769452409},"geometry":{"type":"MultiPolygon","coordinates":[[[[31.818544257244589,30.256305662303781],[31.818098543148071,30.256824573801346],[31.818727511014373,30.257227654688272],[31.819173224749175,30.256708746464209],[31.818544257244589,30.256305662303781]]]]}},
{"type":"Feature","properties":{"نمط_العمران":null,"اسم_المحور":"2","مساحة_التغير_كم2":0.004586498116115589,"نسبة_المساحه":null,"مساحة_التغير_بالمتر":null,"اسم_القطاع":"10","وصف_الاستخدام":"شركة السلام","GlobalID":"{932928AA-094C-4BE9-9817-024306E5D884}","SHAPE_Length":275.01016921074711,"SHAPE_Area":4586.4981161155893},"geometry":{"type":"MultiPolygon","coordinates":[[[[31.816742629063047,30.258184624807527],[31.816393202385544,30.258598886019037],[31.817071465107411,30.25902572212237],[31.817420888454485,30.258611462681788],[31.816742629063047,30.258184624807527]]]]}},
{"type":"Feature","properties":{"نمط_العمران":null,"اسم_المحور":"2","مساحة_التغير_كم2":0.0059259410138700584,"نسبة_المساحه":null,"مساحة_التغير_بالمتر":null,"اسم_القطاع":"10","وصف_الاستخدام":"Acoman factory","GlobalID":"{08D13478-F8CF-4C26-B3D7-232841E1ED19}","SHAPE_Length":323.96946327609731,"SHAPE_Area":5925.9410138700587},"geometry":{"type":"MultiPolygon","coordinates":[[[[31.819493820911131,30.257987923892337],[31.818776801831035,30.258716058521703],[31.819219650588703,30.259041412610184],[31.819936667831499,30.258313280971169],[31.819493820911131,30.257987923892337]]]]}},
{"type":"Feature","properties":{"نمط_العمران":null,"اسم_المحور":"2","مساحة_التغير_كم2":0.0017288557815672389,"نسبة_المساحه":null,"مساحة_التغير_بالمتر":null,"اسم_القطاع":"10","وصف_الاستخدام":"ODFI (Oil & Dough for food industries)","GlobalID":"{E6DF20A4-FCA9-4CB8-90B2-907304E7051A}","SHAPE_Length":177.12584301116308,"SHAPE_Area":1728.8557815672389},"geometry":{"type":"MultiPolygon","coordinates":[[[[31.820453072602735,30.259109415211796],[31.820263609429507,30.259295793083464],[31.820125045607618,30.259432103253992],[31.820104251385651,30.259452558522],[31.820043793470735,30.259512031413575],[31.82027118361103,30.259684488765409],[31.820680463608976,30.259281872769193],[31.820453072602735,30.259109415211796]]]]}},
{"type":"Feature","properties":{"نمط_العمران":null,"اسم_المحور":"2","مساحة_التغير_كم2":0.26957234880362319,"نسبة_المساحه":null,"مساحة_التغير_بالمتر":null,"اسم_القطاع":"10","وصف_الاستخدام":"مصنع","GlobalID":"{9A62E456-D5FE-4753-8572-EFEA560ED42B}","SHAPE_Length":2883.8336299144366,"SHAPE_Area":269572.34880362317},"geometry":{"type":"MultiPolygon","coordinates":[[[[31.825325311381409,30.258632214140995],[31.821886263240302,30.262505288936634],[31.820216893470633,30.261399436250603],[31.818027650939925,30.263864922056332],[31.81780116436207,30.264119981890229],[31.817476600386279,30.264485494971932],[31.817420621947743,30.264548535086405],[31.819227695992176,30.26574556873604],[31.820349336835466,30.264482429579907],[31.822015604186497,30.265586193992863],[31.827129284316882,30.259827265529381],[31.826171828046292,30.259192994975209],[31.826418925428683,30.258914708943081],[31.826065580428743,30.258680633565703],[31.825818483700438,30.258958920743687],[31.825703018939496,30.25888242977588],[31.825325311381409,30.258632214140995]]]]}},
{"type":"Feature","properties":{"نمط_العمران":null,"اسم_المحور":"2","مساحة_التغير_كم2":0.0016720526895533376,"نسبة_المساحه":null,"مساحة_التغير_بالمتر":null,"اسم_القطاع":"10","وصف_الاستخدام":"SEDCO #2 EL Sewedy","GlobalID":"{FB87D0AF-19CF-42D7-943B-2A7EF50DFF11}","SHAPE_Length":169.2711790943336,"SHAPE_Area":1672.0526895533376},"geometry":{"type":"MultiPolygon","coordinates":[[[[31.813968319179288,30.261287118726734],[31.813766533833967,30.261510046806155],[31.814203101772289,30.261804853016702],[31.81440488572057,30.26158192605909],[31.813968319179288,30.261287118726734]]]]}},
{"type":"Feature","properties":{"نمط_العمران":null,"اسم_المحور":"2","مساحة_التغير_كم2":0.038603093035972626,"نسبة_المساحه":null,"مساحة_التغير_بالمتر":null,"اسم_القطاع":"10","وصف_الاستخدام":"مصنع","GlobalID":"{883D62BE-C276-4CD9-91F5-20EE0E994F48}","SHAPE_Length":963.0301740176692,"SHAPE_Area":38603.093035972626},"geometry":{"type":"MultiPolygon","coordinates":[[[[31.809901291292686,30.263863057483164],[31.80807967813497,30.265888307452911],[31.809697707871639,30.266973949232103],[31.810547215271924,30.266029489956566],[31.809604315151539,30.265396829846608],[31.810576417737984,30.264316056150982],[31.809901291292686,30.263863057483164]]]]}},
{"type":"Feature","properties":{"نمط_العمران":null,"اسم_المحور":"2","مساحة_التغير_كم2":0.023025111679083495,"نسبة_المساحه":null,"مساحة_التغير_بالمتر":null,"اسم_القطاع":"10","وصف_الاستخدام":"مصنع","GlobalID":"{7B014AC2-7D06-4774-9368-35390B96B6B3}","SHAPE_Length":658.14422032321249,"SHAPE_Area":23025.111679083497},"geometry":{"type":"MultiPolygon","coordinates":[[[[31.805008907358182,30.260575704171348],[31.803905087435886,30.261759432651193],[31.804128126118062,30.261914592850093],[31.803999259748611,30.262052786772035],[31.804461567879343,30.262374403836013],[31.804670721535075,30.262150111361674],[31.805125578769708,30.262466542814288],[31.805188099526401,30.262399496447859],[31.80603109970551,30.261495474154199],[31.805519927627142,30.261139862008193],[31.805637938227054,30.261013309496423],[31.805008907358182,30.260575704171348]]]]}},
{"type":"Feature","properties":{"نمط_العمران":null,"اسم_المحور":"2","مساحة_التغير_كم2":0.0021213785950427535,"نسبة_المساحه":null,"مساحة_التغير_بالمتر":null,"اسم_القطاع":"10","وصف_الاستخدام":"مصنع","GlobalID":"{AB8E7A93-6DD7-48A3-971D-2360BBDAFF1F}","SHAPE_Length":185.41504678427455,"SHAPE_Area":2121.3785950427537},"geometry":{"type":"MultiPolygon","coordinates":[[[[31.788785352308807,30.272445840683822],[31.788445353966026,30.272805648195444],[31.788777276350068,30.273039590592624],[31.789117277457763,30.272679783151499],[31.788785352308807,30.272445840683822]]]]}},
{"type":"Feature","properties":{"نمط_العمران":null,"اسم_المحور":"2","مساحة_التغير_كم2":0.00079235572105112919,"نسبة_المساحه":null,"مساحة_التغير_بالمتر":null,"اسم_القطاع":"10","وصف_الاستخدام":"شركة مصر ايطاليا لانتاج التروس والخراطة وقطع الغيار","GlobalID":"{CE354F5B-7AB7-4954-8E27-6F7A5E693208}","SHAPE_Length":116.8908284804082,"SHAPE_Area":792.35572105112919},"geometry":{"type":"MultiPolygon","coordinates":[[[[31.787751142758072,30.272127921440298],[31.78748551791606,30.272370251267919],[31.787647252329226,30.272502480357605],[31.787912877120384,30.272260152912111],[31.787751142758072,30.272127921440298]]]]}},
{"type":"Feature","properties":{"نمط_العمران":null,"اسم_المحور":"2","مساحة_التغير_كم2":0.014995612798343329,"نسبة_المساحه":null,"مساحة_التغير_بالمتر":null,"اسم_القطاع":"10","وصف_الاستخدام":"مصنع","GlobalID":"{8ED70FC4-C236-414B-ABB9-2D53BCFD1C24}","SHAPE_Length":513.21053436347381,"SHAPE_Area":14995.612798343329},"geometry":{"type":"MultiPolygon","coordinates":[[[[31.794557249273403,30.275732918817788],[31.793506389924207,30.276927638036234],[31.794252921334419,30.277417365745006],[31.795303781323984,30.276222650479305],[31.794557249273403,30.275732918817788]]]]}},
{"type":"Feature","properties":{"نمط_العمران":null,"اسم_المحور":"2","مساحة_التغير_كم2":0.0063272085742595583,"نسبة_المساحه":null,"مساحة_التغير_بالمتر":null,"اسم_القطاع":"10","وصف_الاستخدام":"السراج للتبريد ٢","GlobalID":"{375FC039-CD44-4491-A3F7-5A0EE4483B95}","SHAPE_Length":324.91834603391493,"SHAPE_Area":6327.2085742595582},"geometry":{"type":"MultiPolygon","coordinates":[[[[31.79554986861184,30.276423685092112],[31.795117550334218,30.276871706381137],[31.795899320338627,30.277434311366715],[31.795945112911348,30.277386855225881],[31.796331634487121,30.276986296497366],[31.79554986861184,30.276423685092112]]]]}},
{"type":"Feature","properties":{"نمط_العمران":null,"اسم_المحور":"2","مساحة_التغير_كم2":0.005055337265812275,"نسبة_المساحه":null,"مساحة_التغير_بالمتر":null,"اسم_القطاع":"10","وصف_الاستخدام":"PSP A5 Plant","GlobalID":"{34459CAE-E4F8-44C4-9ACC-9CC9634A4DB1}","SHAPE_Length":286.90094126918467,"SHAPE_Area":5055.3372658122753},"geometry":{"type":"MultiPolygon","coordinates":[[[[31.797279131737518,30.27761265126578],[31.796753052060005,30.278173535499555],[31.797244818166917,30.278539869509782],[31.79778355062335,30.277965496067544],[31.797279131737518,30.27761265126578]]]]}},
{"type":"Feature","properties":{"نمط_العمران":null,"اسم_المحور":"2","مساحة_التغير_كم2":0.008267049245879815,"نسبة_المساحه":null,"مساحة_التغير_بالمتر":null,"اسم_القطاع":"10","وصف_الاستخدام":"Power Service projects (PSP)","GlobalID":"{057A056A-B59B-4BEC-9021-F87A93E6F15F}","SHAPE_Length":368.6319359408422,"SHAPE_Area":8267.0492458798144},"geometry":{"type":"MultiPolygon","coordinates":[[[[31.797244818166917,30.278539869509782],[31.796511673375456,30.279273843991703],[31.797151384256807,30.279705562835083],[31.79786610357198,30.278974459126378],[31.797244818166917,30.278539869509782]]]]}},
{"type":"Feature","properties":{"نمط_العمران":null,"اسم_المحور":"2","مساحة_التغير_كم2":0.01920040097822211,"نسبة_المساحه":null,"مساحة_التغير_بالمتر":null,"اسم_القطاع":"10","وصف_الاستخدام":"مصنع سبيس كيميكال - Space Chemical","GlobalID":"{5E903659-7C04-4C39-B939-074C1745753C}","SHAPE_Length":572.97156001491294,"SHAPE_Area":19200.400978222111},"geometry":{"type":"MultiPolygon","coordinates":[[[[31.798296736933146,30.279255354349367],[31.797608751510776,30.280014223237735],[31.799082260565076,30.281008632828378],[31.799769219730301,30.280250901789344],[31.798296736933146,30.279255354349367]]]]}},
{"type":"Feature","properties":{"نمط_العمران":null,"اسم_المحور":"2","مساحة_التغير_كم2":0.0047656127254253342,"نسبة_المساحه":null,"مساحة_التغير_بالمتر":null,"اسم_القطاع":"10","وصف_الاستخدام":"شركة البيت لصناعة المفروشات-House Covers Industries","GlobalID":"{C6C6D587-2D68-413F-96C4-046C7EE142C6}","SHAPE_Length":281.55847746984,"SHAPE_Area":4765.6127254253342},"geometry":{"type":"MultiPolygon","coordinates":[[[[31.800990395677836,30.281133515450239],[31.800418407967285,30.281707871413658],[31.800865811735736,30.28204013705405],[31.801437797801555,30.281465784549354],[31.800990395677836,30.281133515450239]]]]}},
{"type":"Feature","properties":{"نمط_العمران":null,"اسم_المحور":"2","مساحة_التغير_كم2":0.012110970447446847,"نسبة_المساحه":null,"مساحة_التغير_بالمتر":null,"اسم_القطاع":"10","وصف_الاستخدام":"مصنع","GlobalID":"{FB024495-6F66-4638-B616-B6AAD137AEE1}","SHAPE_Length":440.28196739598008,"SHAPE_Area":12110.970447446847},"geometry":{"type":"MultiPolygon","coordinates":[[[[31.791033832679503,30.273488542482017],[31.790308870771614,30.274281211907969],[31.791191363403946,30.274883188745324],[31.791916323912957,30.274090524364432],[31.791033832679503,30.273488542482017]]]]}},
{"type":"Feature","properties":{"نمط_العمران":null,"اسم_المحور":"2","مساحة_التغير_كم2":0.38404784500586048,"نسبة_المساحه":null,"مساحة_التغير_بالمتر":null,"اسم_القطاع":"10","وصف_الاستخدام":"مصنع","GlobalID":"{95EF0953-AC37-454B-BD69-8391591256D6}","SHAPE_Length":4612.3448843859333,"SHAPE_Area":384047.84500586049},"geometry":{"type":"MultiPolygon","coordinates":[[[[31.807916883338319,30.277312591062781],[31.807122201693062,30.277583506051634],[31.806673220656325,30.277065689263875],[31.807412983649701,30.276587317305751],[31.80679472941565,30.275979317879976],[31.806143370908721,30.276598084273804],[31.805514394386378,30.276104278788811],[31.806165752403942,30.275485508270428],[31.80432170661966,30.274250975219161],[31.803747450414189,30.274890664066831],[31.803111325146045,30.274464748782542],[31.801397584815138,30.276451127276161],[31.799780061733951,30.27541032457308],[31.798288187508042,30.277139527002209],[31.799781505441281,30.278143730914987],[31.80065857271294,30.27717103124828],[31.801096326256449,30.277465408258283],[31.801661637320173,30.2768295317825],[31.803442568389627,30.278047117366647],[31.803170964356777,30.278343395362501],[31.802868512753591,30.278673322601659],[31.801424970276877,30.277686411224987],[31.80054790156683,30.278659106972373],[31.805153756030304,30.281756313098704],[31.807274123564852,30.280055635446743],[31.807401202874509,30.279977394826314],[31.807521816695637,30.279891791619331],[31.807635399801651,30.279799226996996],[31.807741419919708,30.279700134748889],[31.807839380223658,30.27959497925627],[31.807928821663442,30.279484253314418],[31.808009325115258,30.279368475822366],[31.808080513345949,30.279248189347957],[31.808142052780141,30.279123957589839],[31.808193655063047,30.278996362732421],[31.808235078411212,30.278866002720175],[31.808266128744833,30.278733488451678],[31.80828666059702,30.278599440917738],[31.80829657779358,30.278464488295658],[31.80829583390457,30.27832926299617],[31.808284432459597,30.278194398711587],[31.808262426931247,30.27806052743394],[31.808229920483459,30.277928276502195],[31.808187065487406,30.277798265661403],[31.808134062806523,30.277671104153136],[31.808071160854404,30.277547387866921],[31.807998654430762,30.277427696543757],[31.807916883338319,30.277312591062781]],[[31.802985127933521,30.278793983152386],[31.803599812078108,30.278115014397375],[31.80387976465434,30.278304029134183],[31.803265082249002,30.278982995605535],[31.802985127933521,30.278793983152386]],[[31.805523119965134,30.278314044261602],[31.805708313576574,30.278121186173941],[31.806001362609258,30.278331050465322],[31.805816166039772,30.278523908035719],[31.805523119965134,30.278314044261602]],[[31.805696492064026,30.28004426805143],[31.805441538560824,30.280323507893304],[31.805403445448793,30.280365229389318],[31.805207989344392,30.28023214730224],[31.805501037230673,30.279911184607087],[31.805696492064026,30.28004426805143]],[[31.803514043216083,30.276176841110587],[31.803695250620621,30.275962389208846],[31.803959705953257,30.276129049561789],[31.80377849876967,30.276343503635992],[31.803514043216083,30.276176841110587]]]]}},
{"type":"Feature","properties":{"نمط_العمران":null,"اسم_المحور":"2","مساحة_التغير_كم2":0.5671401514440737,"نسبة_المساحه":null,"مساحة_التغير_بالمتر":null,"اسم_القطاع":"10","وصف_الاستخدام":"مصنع","GlobalID":"{484AFE2F-7848-4FD4-83EF-5DE3A5CD9EB1}","SHAPE_Length":7164.573094057695,"SHAPE_Area":567140.15144407365},"geometry":{"type":"MultiPolygon","coordinates":[[[[31.798668607244529,30.272940783644398],[31.796599753816338,30.271615136004474],[31.795946752244433,30.272375256788038],[31.794799418521652,30.271640085669191],[31.796085542445372,30.270145753636733],[31.799218202288575,30.272301037286663],[31.799548281038252,30.271916812247301],[31.799724518593024,30.272029738920505],[31.800249453656367,30.271494779040456],[31.799727080018489,30.271112450053099],[31.799264446693947,30.271583921345574],[31.799046392660912,30.271424327523103],[31.799509027274603,30.270952856105264],[31.798264142545349,30.270144491945263],[31.797690477408146,30.270735833905878],[31.797427174872677,30.270545309792428],[31.798000843549129,30.269953966303557],[31.796565667564852,30.268998292357935],[31.796174778128293,30.269399437975466],[31.795765996782617,30.269102315806897],[31.795584191329016,30.269288892067376],[31.795266394332959,30.269057903848214],[31.795839092207459,30.26847018007912],[31.795010417508909,30.267889052906515],[31.794420145437442,30.268531273213767],[31.794042190909263,30.26827215131684],[31.794632465891588,30.267629929123832],[31.791063392624711,30.26519767778198],[31.788131036029835,30.267566932521643],[31.788048567924939,30.267684928966702],[31.787974464075667,30.267807035110767],[31.78790899530231,30.267932804758562],[31.787852400873479,30.268061778317847],[31.787804887632273,30.268193484494841],[31.787766629238931,30.268327442004555],[31.787737765536921,30.268463161331535],[31.787718402040113,30.268600146524509],[31.787708609547501,30.26873789700036],[31.787708423883981,30.268875909380089],[31.787717845768196,30.26901367932572],[31.78938134283532,30.268649536888521],[31.789375453123256,30.268755210181595],[31.78937767317322,30.268860989513872],[31.789387993181208,30.268966406479255],[31.789406367474054,30.269070994275705],[31.789432714712845,30.26917428977022],[31.789466918252522,30.269275835551969],[31.789508826656842,30.269375181955649],[31.789558254370125,30.269471889054554],[31.789614982537188,30.269565528607156],[31.789678759973235,30.269655685957609],[31.789749304274896,30.269741961864554],[31.788783404002299,30.270456997144155],[31.792939633810835,30.273374121754586],[31.793670597138934,30.272479139069993],[31.794295574143991,30.272859858864138],[31.794850826495804,30.272165269761089],[31.795391683313976,30.272487753602743],[31.794836431807045,30.273182340499961],[31.794295574143991,30.272859858864138],[31.793564614543179,30.273754837857009],[31.795802983294305,30.274992885963886],[31.796508608555918,30.274297318942281],[31.797928331308082,30.275371508873118],[31.797222704906176,30.276067067230905],[31.797980444012165,30.276655353024264],[31.799292910561952,30.275093021468251],[31.79769772793183,30.274070909696977],[31.798668607244529,30.272940783644398]],[[31.792978821497563,30.270263450493808],[31.793658900214751,30.269503615578905],[31.794908440396711,30.270337825226086],[31.79422835900592,30.27109765395452],[31.792978821497563,30.270263450493808]],[[31.79141445628207,30.270531793578311],[31.791826756183173,30.270033273846035],[31.792148724090023,30.270231894569481],[31.791736422856374,30.270730413499091],[31.79141445628207,30.270531793578311]]]]}},
{"type":"Feature","properties":{"نمط_العمران":null,"اسم_المحور":"2","مساحة_التغير_كم2":1.3018818444848272,"نسبة_المساحه":null,"مساحة_التغير_بالمتر":null,"اسم_القطاع":"10","وصف_الاستخدام":"مصنع","GlobalID":"{4579F5C8-984F-4C74-B531-878682357FC1}","SHAPE_Length":10347.468722795611,"SHAPE_Area":1301881.8444848272},"geometry":{"type":"MultiPolygon","coordinates":[[[[31.804377238644676,30.26431940564061],[31.804140576943876,30.264161588495117],[31.803891728099813,30.264018593529752],[31.803631921806524,30.263891127327092],[31.803362441886303,30.263779819729798],[31.803084619946752,30.263685220738317],[31.802799828802343,30.26360779778901],[31.802509475693125,30.263547933443174],[31.802214995332015,30.263505923501071],[31.801917842818657,30.26348197554001],[31.795084752865279,30.263491800921287],[31.795088484845174,30.263856110545074],[31.794222240667658,30.263862732011905],[31.79391298141368,30.263839415580385],[31.793926187195087,30.264026963213592],[31.793951572602168,30.264213564235025],[31.793989056688087,30.264398623117408],[31.794038519891931,30.264581549253915],[31.79409980441962,30.264761758840503],[31.794172714747241,30.264938676739465],[31.794257018243073,30.265111738317767],[31.795368389560082,30.26479615725917],[31.795519780966455,30.265193876665798],[31.794594136142724,30.265637027857505],[31.794916100538249,30.26605414977411],[31.795644360453128,30.265431777495248],[31.79592257613184,30.265674628177869],[31.795322394816555,30.266365335073552],[31.796320352518233,30.267040799019082],[31.796196067566513,30.267177773624518],[31.796522689897984,30.267398844732401],[31.796646974685881,30.267261870718926],[31.797739090272593,30.267958100115827],[31.798365686276913,30.267259805927392],[31.798801038272803,30.267551210269978],[31.798174442354934,30.268249502926643],[31.798749478448503,30.268655136361325],[31.798616898482042,30.268795331546336],[31.798944202217147,30.269026213090083],[31.799076782052417,30.268886017574214],[31.801165353867969,30.270359293696224],[31.8015113972512,30.269993376051289],[31.802018720131148,30.270362473849779],[31.803263950632555,30.26887336208749],[31.804093461985023,30.267863085025041],[31.805770582881298,30.268890266269665],[31.806255619319803,30.268299534224166],[31.807373533229526,30.268984217452967],[31.80768235301565,30.268608103080986],[31.808960247909877,30.269390766103779],[31.808728449399148,30.269622494560789],[31.808171554521167,30.270157401701407],[31.808004127358856,30.27002738525897],[31.807525353360074,30.270487253056011],[31.807145593403607,30.270192343940433],[31.80603217123732,30.271435295248658],[31.805520918518773,30.271093696909112],[31.805253210818172,30.270914823280354],[31.805654232760102,30.270467148164208],[31.804027239333173,30.269380040302607],[31.803694563121102,30.269753867733861],[31.803636040849959,30.269819627840828],[31.803590447827389,30.269870859500241],[31.804682298613763,30.270622369348011],[31.804274889518332,30.27113473309636],[31.804701659348115,30.271427328404179],[31.804090244421502,30.272092501076347],[31.804422277890787,30.272320140598826],[31.804223821440019,30.27254168100621],[31.805839366172908,30.273560173334111],[31.806544567031992,30.272812724312143],[31.806930531036318,30.273084326897294],[31.806225330016957,30.273831774376259],[31.806080266932348,30.273985527184596],[31.806323146115059,30.274156439003256],[31.806468208041128,30.274002686819021],[31.809830636549112,30.276368765955493],[31.809685569905756,30.276522519997805],[31.810060351369867,30.276786242906507],[31.811232581213748,30.275543813225642],[31.81226698412565,30.276271698726134],[31.812390789441665,30.276358816370529],[31.811659118445665,30.277134298499746],[31.811901997512866,30.2773052038015],[31.811689881331585,30.277530018855355],[31.812587348897168,30.27816153386555],[31.815905657507994,30.275093021708773],[31.816024390135428,30.27494363409869],[31.816130915216583,30.274787466800511],[31.816224721059161,30.274625270047679],[31.816305357081518,30.27445782303068],[31.816372435976358,30.274285930166286],[31.816425635569903,30.274110417218775],[31.816464700368698,30.273932127341592],[31.816489442785141,30.273751917024107],[31.816499744038236,30.273570651976442],[31.816495554721484,30.273389202970531],[31.816476895039585,30.273208441657751],[31.816443854709576,30.273029236379536],[31.816396592527965,30.272852448000108],[31.816335335607235,30.27267892576824],[31.816260378282724,30.272509503236424],[31.804377238644676,30.26431940564061]],[[31.810611643859154,30.271906286080117],[31.811387134760967,30.271106184949886],[31.811625182801841,30.271278280269208],[31.810849693461254,30.272078379205077],[31.810611643859154,30.271906286080117]],[[31.807439987255758,30.272071835058057],[31.808252810806721,30.271139881372484],[31.80880316842822,30.271497908977565],[31.807990341763951,30.272429859728089],[31.807439987255758,30.272071835058057]],[[31.801068157462755,30.269074811456559],[31.800503745789729,30.269658169754887],[31.800249237947536,30.269474496551297],[31.800813653147642,30.268891136668419],[31.801068157462755,30.269074811456559]],[[31.795762901009667,30.264344374905111],[31.795763141636737,30.264319946348827],[31.795763863518875,30.264295524936522],[31.795765066444602,30.264271117814552],[31.795766750061581,30.264246732119805],[31.795768913876731,30.264222374984683],[31.79577155725719,30.264198053536106],[31.795774679429343,30.264173774886991],[31.796824905444861,30.264206882194795],[31.79690156490911,30.264458482833984],[31.797307855278074,30.264756431192787],[31.79667158810129,30.265623785473355],[31.796577489532272,30.265579233791524],[31.796486916233938,30.265529480554306],[31.796400249261115,30.265474735082304],[31.796317853230551,30.265415227699798],[31.79624007478964,30.265351208767456],[31.796167241156198,30.265282947622371],[31.796099658742758,30.265210731451386],[31.796037611867003,30.265134864080839],[31.795981361556187,30.265055664693858],[31.79593114444851,30.264973466495011],[31.795887171798217,30.264888615302581],[31.795849628586868,30.264801468093538],[31.795818672745181,30.26471239150856],[31.795794434489423,30.264621760297992],[31.79577701577302,30.264529955756505],[31.795766489858657,30.264437364112787],[31.795762901009667,30.264344374905111]]]]}},
{"type":"Feature","properties":{"نمط_العمران":null,"اسم_المحور":"2","مساحة_التغير_كم2":0.0067387090682078576,"نسبة_المساحه":null,"مساحة_التغير_بالمتر":null,"اسم_القطاع":"10","وصف_الاستخدام":"مصنع","GlobalID":"{7B3EE12B-9A99-4745-9BB5-3CA2CF1ECA56}","SHAPE_Length":333.49669891608909,"SHAPE_Area":6738.7090682078579},"geometry":{"type":"MultiPolygon","coordinates":[[[[31.808444701066183,30.284946525571034],[31.807829851468,30.285651039711098],[31.808402099793888,30.28602343914795],[31.809016948767738,30.285318929538445],[31.808444701066183,30.284946525571034]]]]}},
{"type":"Feature","properties":{"نمط_العمران":null,"اسم_المحور":"2","مساحة_التغير_كم2":0.045267177918137627,"نسبة_المساحه":null,"مساحة_التغير_بالمتر":null,"اسم_القطاع":"10","وصف_الاستخدام":"مصنع","GlobalID":"{81BA20CE-25E9-4EA0-82B2-D0FBFCAEE6CC}","SHAPE_Length":860.92892462361783,"SHAPE_Area":45267.177918137626},"geometry":{"type":"MultiPolygon","coordinates":[[[[31.815982872828741,30.279554047622945],[31.815850706115874,30.278553679010674],[31.814304258616481,30.277462747641898],[31.813021259270108,30.278609390261817],[31.815396686373909,30.280204895007724],[31.815982872828741,30.279554047622945]]]]}},
{"type":"Feature","properties":{"نمط_العمران":null,"اسم_المحور":"2","مساحة_التغير_كم2":0.12921978246545318,"نسبة_المساحه":null,"مساحة_التغير_بالمتر":null,"اسم_القطاع":"10","وصف_الاستخدام":"مصنع","GlobalID":"{4D1E87D2-63CE-48BC-8ED1-EA81AB35A1EF}","SHAPE_Length":1814.2756117290544,"SHAPE_Area":129219.78246545317},"geometry":{"type":"MultiPolygon","coordinates":[[[[31.818185208736296,30.29682511146973],[31.819653973163618,30.295838755941475],[31.82200064209162,30.29434769695326],[31.820364712458517,30.293208902036806],[31.814755313595832,30.297240472251062],[31.815814990068169,30.298416822155072],[31.818185208736296,30.29682511146973]]]]}},
{"type":"Feature","properties":{"نمط_العمران":null,"اسم_المحور":"2","مساحة_التغير_كم2":0.20531580687184786,"نسبة_المساحه":null,"مساحة_التغير_بالمتر":null,"اسم_القطاع":"10","وصف_الاستخدام":"مصنع","GlobalID":"{9DFFF948-C144-4CFD-ADE8-25767086C33F}","SHAPE_Length":2703.8878055652153,"SHAPE_Area":205315.80687184786},"geometry":{"type":"MultiPolygon","coordinates":[[[[31.830084403263335,30.295205165594531],[31.82987288657332,30.294509692441395],[31.829439401055637,30.293084364020238],[31.830660580922462,30.292807467191928],[31.830393051143098,30.291737539728143],[31.829597992344532,30.291949426123303],[31.829569479533742,30.291869653501138],[31.829484552021842,30.29163206089714],[31.830279610545919,30.291420174236578],[31.827821378839356,30.289652565458411],[31.827350233312245,30.290203478648085],[31.826737336948696,30.289812663088046],[31.824236487993968,30.292335942384678],[31.825151471348292,30.293011005087191],[31.825789481513073,30.293460194897371],[31.826329415425299,30.293839419985375],[31.826954613484936,30.294283277501552],[31.828361657951053,30.295094034551219],[31.828451219820519,30.295156513276368],[31.828545240154195,30.295213847762017],[31.828643327217637,30.295265799119022],[31.828745072329731,30.295312150887721],[31.828850051566057,30.295352709939184],[31.828957827525269,30.295387307280684],[31.829067951151256,30.295415798758363],[31.830084403263335,30.295205165594531]],[[31.827752669848369,30.290889994185786],[31.828155109697462,30.291178160686659],[31.827962421549991,30.291378793050963],[31.828473377053335,30.291744661576072],[31.827704166205145,30.292545592340588],[31.826790773741791,30.291891564049678],[31.827752669848369,30.290889994185786]]]]}},
{"type":"Feature","properties":{"نمط_العمران":null,"اسم_المحور":"2","مساحة_التغير_كم2":0.026944438307484886,"نسبة_المساحه":null,"مساحة_التغير_بالمتر":null,"اسم_القطاع":"10","وصف_الاستخدام":"مصنع","GlobalID":"{5763B9DC-E2C3-4AA5-9766-4FE3EAD49D67}","SHAPE_Length":714.54075798804706,"SHAPE_Area":26944.438307484885},"geometry":{"type":"MultiPolygon","coordinates":[[[[31.831646759475237,30.300254689868897],[31.831769895952409,30.300135943919209],[31.831883458772673,30.300010218662784],[31.83198692405918,30.299878094125201],[31.832079814525272,30.299740179846463],[31.832161701675489,30.299597112079649],[31.832232207782209,30.299449550849172],[31.832291007627273,30.299298176905037],[31.832337830001574,30.299143688585165],[31.832372458955295,30.298986798590651],[31.832394734793713,30.29882823069952],[31.832404554811976,30.298668716428839],[31.832401873768454,30.29850899165374],[31.832386704091871,30.298349793221849],[31.832359115823653,30.298191855545088],[31.832319236292609,30.298035907217781],[31.832267249527433,30.297882667655081],[31.832203395406179,30.297732843769566],[31.831316883254129,30.297964066144107],[31.831349481146663,30.298063146747388],[31.831374650493995,30.298163844788789],[31.831392286564128,30.298265741349717],[31.83140231596472,30.298368412520418],[31.831404696947686,30.298471431171279],[31.831399419583555,30.298574368724275],[31.831386505803543,30.29867679693724],[31.831366009308287,30.29877828968662],[31.83133801534461,30.298878424737119],[31.831302640352135,30.298976785503697],[31.831260031478408,30.29907296277927],[31.831210365967234,30.299166556440653],[31.831153850421988,30.299257177110537],[31.831090719945831,30.299344447781724],[31.831021237163849,30.299428005380634],[31.830945691131415,30.299507502281593],[31.830864396131062,30.299582607753077],[31.830852855716326,30.299619182092602],[31.830844313524739,30.29965637107146],[31.830838812013297,30.299693989865943],[31.830836378526932,30.299731851513808],[31.830837025163333,30.299769767848407],[31.830840748712451,30.299807550430991],[31.830847530672273,30.29984501148742],[31.830857337340504,30.299881964840427],[31.830870119982702,30.299918226835054],[31.830885815073788,30.299953617253095],[31.830904344613703,30.299987960208647],[31.830925616515469,30.300021085020781],[31.830949525062479,30.300052827059844],[31.830975951433675,30.300083028572999],[31.831004764294573,30.300111539460705],[31.831035820449245,30.30013821802585],[31.831068965552952,30.300162931676184],[31.831104034878084,30.300185557589426],[31.831140854133714,30.30020598331441],[31.831179240331597,30.30022410733606],[31.831219002695242,30.300239839580517],[31.831259943608696,30.300253101858168],[31.83130185959795,30.300263828256409],[31.831344542343142,30.300271965465114],[31.831387779713328,30.300277473043899],[31.831431356820865,30.300280323619873],[31.831475057089484,30.300280503024073],[31.831518663331199,30.300278010366775],[31.83156195882464,30.300272858034642],[31.831604728393582,30.300265071636591],[31.831646759475237,30.300254689868897]]]]}},
{"type":"Feature","properties":{"نمط_العمران":null,"اسم_المحور":"2","مساحة_التغير_كم2":0.015913951811807603,"نسبة_المساحه":null,"مساحة_التغير_بالمتر":null,"اسم_القطاع":"10","وصف_الاستخدام":"مصنع","GlobalID":"{DB9313CF-87D7-4BE8-B60B-EBB964E06BFB}","SHAPE_Length":567.08623683005794,"SHAPE_Area":15913.951811807603},"geometry":{"type":"MultiPolygon","coordinates":[[[[31.834348996805335,30.297949404536823],[31.834230899969562,30.2974210303964],[31.833173015328647,30.297597300173564],[31.833579331793864,30.299415172853188],[31.833586337627946,30.299422762021955],[31.833593936180513,30.299429908877844],[31.833602090471011,30.299436578640062],[31.833610760813905,30.299442738847286],[31.833619905012569,30.299448359519548],[31.833629478563939,30.299453413300871],[31.833639434875248,30.299457875596165],[31.833649725490904,30.299461724688296],[31.833660300328596,30.299464941844622],[31.833671107922292,30.2994675114073],[31.833682095673574,30.299469420870839],[31.83369321010694,30.299470660941427],[31.833704397130596,30.29947122558649],[31.833715602299044,30.299471112055439],[31.833726771078855,30.299470320901317],[31.833737849113731,30.299468855975633],[31.833748782488634,30.299466724406045],[31.833759517992771,30.299463936568497],[31.833770003378604,30.299460506029355],[31.833780187615574,30.299456449485252],[31.833790021138892,30.299451786678169],[31.833799456090532,30.299446540301869],[31.833808446552489,30.299440735888858],[31.833816948769709,30.2994344016887],[31.833824921363803,30.29942756852893],[31.833832325533702,30.299420269663134],[31.833839125244626,30.299412540616597],[31.833845287403818,30.299404419002816],[31.833850782021585,30.299395944349676],[31.833855582356655,30.29938715790065],[31.833859665046958,30.299378102417467],[31.833863010222856,30.299368821973754],[31.83386560160449,30.299359361732641],[31.834348996805335,30.297949404536823]]]]}},
{"type":"Feature","properties":{"نمط_العمران":null,"اسم_المحور":"2","مساحة_التغير_كم2":0.19108797544255782,"نسبة_المساحه":null,"مساحة_التغير_بالمتر":null,"اسم_القطاع":"10","وصف_الاستخدام":"مصنع","GlobalID":"{B582E29A-5D85-483E-94CF-53AEBD14839B}","SHAPE_Length":2744.9363803877714,"SHAPE_Area":191087.97544255783},"geometry":{"type":"MultiPolygon","coordinates":[[[[31.838024948990373,30.294197314011022],[31.838903638448794,30.291603014044448],[31.839380892952484,30.290193902450724],[31.83785143316539,30.28980766949239],[31.83711321341957,30.291225545470855],[31.836736036086389,30.293100879268863],[31.834280846831902,30.300349481399842],[31.835810309878021,30.300735671500973],[31.838024948990373,30.294197314011022]]]]}},
{"type":"Feature","properties":{"نمط_العمران":null,"اسم_المحور":"2","مساحة_التغير_كم2":0.011409436149071134,"نسبة_المساحه":null,"مساحة_التغير_بالمتر":null,"اسم_القطاع":"10","وصف_الاستخدام":"مصنع","GlobalID":"{9C2C416F-48F3-4EC0-8CE4-2A4B89D1E6F8}","SHAPE_Length":438.49458223570718,"SHAPE_Area":11409.436149071134},"geometry":{"type":"MultiPolygon","coordinates":[[[[31.834113423909262,30.300630826109419],[31.834287306124697,30.301665042811528],[31.835122868258168,30.301887294674859],[31.835444842856532,30.300984974615947],[31.834113423909262,30.300630826109419]]]]}},
{"type":"Feature","properties":{"نمط_العمران":null,"اسم_المحور":"2","مساحة_التغير_كم2":0.013078452909088758,"نسبة_المساحه":null,"مساحة_التغير_بالمتر":null,"اسم_القطاع":"10","وصف_الاستخدام":"مصنع","GlobalID":"{EC66F52D-B7D1-4175-BCF8-131F4E11A478}","SHAPE_Length":461.84308835767274,"SHAPE_Area":13078.452909088759},"geometry":{"type":"MultiPolygon","coordinates":[[[[31.835848303414355,30.301611989079131],[31.835625093035279,30.30232778642355],[31.83557634950742,30.302484100455153],[31.83551880976438,30.302668619629429],[31.835491542751861,30.302756059713996],[31.836491586468366,30.302988516611848],[31.836848347919933,30.301844448522985],[31.835848303414355,30.301611989079131]]]]}},
{"type":"Feature","properties":{"نمط_العمران":null,"اسم_المحور":"2","مساحة_التغير_كم2":0.0047842338602689626,"نسبة_المساحه":null,"مساحة_التغير_بالمتر":null,"اسم_القطاع":"10","وصف_الاستخدام":"مصنع","GlobalID":"{B9A4996F-6579-4D92-9E08-B85AF91B98AF}","SHAPE_Length":293.06408044714516,"SHAPE_Area":4784.2338602689624},"geometry":{"type":"MultiPolygon","coordinates":[[[[31.834293125024171,30.294875194504222],[31.834187741215395,30.29433064276223],[31.834121170373933,30.293972231480463],[31.833614528258348,30.294086787323707],[31.83378395754151,30.294905515947519],[31.834293125024171,30.294875194504222]]]]}},
{"type":"Feature","properties":{"نمط_العمران":null,"اسم_المحور":"2","مساحة_التغير_كم2":0.030311963799628486,"نسبة_المساحه":null,"مساحة_التغير_بالمتر":null,"اسم_القطاع":"10","وصف_الاستخدام":"السويدى للمحولات","GlobalID":"{6DCF3228-DBE1-475A-AD82-2013FDEDDA5D}","SHAPE_Length":734.26230892845615,"SHAPE_Area":30311.963799628487},"geometry":{"type":"MultiPolygon","coordinates":[[[[31.833325437531094,30.280594509933625],[31.831731915837054,30.282281146817017],[31.832744014496228,30.282994225536136],[31.834337537173258,30.281307603480528],[31.833325437531094,30.280594509933625]]]]}},
{"type":"Feature","properties":{"نمط_العمران":null,"اسم_المحور":"2","مساحة_التغير_كم2":0.0066864772978211025,"نسبة_المساحه":null,"مساحة_التغير_بالمتر":null,"اسم_القطاع":"10","وصف_الاستخدام":"مصنع النور كريت للمنتجات الاسمنتيه","GlobalID":"{1D26E12E-60FB-4AC0-89CB-47B1B1B58E03}","SHAPE_Length":329.35592914857284,"SHAPE_Area":6686.4772978211022},"geometry":{"type":"MultiPolygon","coordinates":[[[[31.83832678848513,30.281964904433615],[31.83788610052887,30.282497682698523],[31.838665640170177,30.282978516686324],[31.839106326180463,30.282445741194408],[31.83832678848513,30.281964904433615]]]]}},
{"type":"Feature","properties":{"نمط_العمران":null,"اسم_المحور":"2","مساحة_التغير_كم2":0.0079388582815459949,"نسبة_المساحه":null,"مساحة_التغير_بالمتر":null,"اسم_القطاع":"10","وصف_الاستخدام":"مصنع النور كريت للمنتجات الاسمنتيه","GlobalID":"{99CF19AA-8766-4AD3-9267-C8024F9783C0}","SHAPE_Length":368.91122875147835,"SHAPE_Area":7938.858281545994},"geometry":{"type":"MultiPolygon","coordinates":[[[[31.834995195529348,30.280108084081384],[31.83456641064069,30.280600599461351],[31.835532395660717,30.281227765845841],[31.835961180696358,30.280735251822126],[31.834995195529348,30.280108084081384]]]]}},
{"type":"Feature","properties":{"نمط_العمران":null,"اسم_المحور":"2","مساحة_التغير_كم2":0.10410607005413935,"نسبة_المساحه":null,"مساحة_التغير_بالمتر":null,"اسم_القطاع":"10","وصف_الاستخدام":"مصنع","GlobalID":"{8567F09D-6DA0-4738-B2D0-158255A941C7}","SHAPE_Length":1530.7143402807314,"SHAPE_Area":104106.07005413936},"geometry":{"type":"MultiPolygon","coordinates":[[[[32.107578516425782,30.484505465174049],[32.104383883701246,30.487511253470775],[32.104840535845632,30.487837830441322],[32.105457170235063,30.4882814307642],[32.105990759506554,30.487665300154497],[32.107426320621194,30.488588513907327],[32.107721394910918,30.488229658085992],[32.107989738724747,30.487855394868188],[32.108230283201195,30.487467215436745],[32.108442070275203,30.487066666403912],[32.108624256491979,30.486655343647016],[32.108776116362023,30.486234885950903],[32.108897045246913,30.485806968470339],[32.10895161408375,30.485561868600886],[32.109155793634251,30.484644789892688],[32.108393381609964,30.485257932326558],[32.107578516425782,30.484505465174049]]]]}},
{"type":"Feature","properties":{"نمط_العمران":null,"اسم_المحور":"2","مساحة_التغير_كم2":0.020880989245241465,"نسبة_المساحه":null,"مساحة_التغير_بالمتر":null,"اسم_القطاع":"10","وصف_الاستخدام":"مصنع","GlobalID":"{8B8B4F87-DDEE-45CB-995F-30A305ADD691}","SHAPE_Length":716.86790148868442,"SHAPE_Area":20880.989245241464},"geometry":{"type":"MultiPolygon","coordinates":[[[[32.112049152586025,30.491303179163335],[32.111144659642008,30.489983208307372],[32.111120620711752,30.489942815378321],[32.111071182128711,30.489859740015334],[32.110996803743681,30.489734758630842],[32.110829652092796,30.489532040456631],[32.110724408668425,30.489350657876667],[32.110654463410768,30.489259933211525],[32.109697135280477,30.490270701809287],[32.111029424651448,30.490899398097287],[32.111311296494009,30.491032409900232],[32.11116119320279,30.49126860562453],[32.111456506119659,30.491527421000118],[32.112049152586025,30.491303179163335]]]]}},
{"type":"Feature","properties":{"نمط_العمران":null,"اسم_المحور":"2","مساحة_التغير_كم2":0.046039389109024255,"نسبة_المساحه":null,"مساحة_التغير_بالمتر":null,"اسم_القطاع":"10","وصف_الاستخدام":"مصنع","GlobalID":"{AAA4C87C-C94F-4349-862F-9474633F3F42}","SHAPE_Length":1114.143029219958,"SHAPE_Area":46039.389109024254},"geometry":{"type":"MultiPolygon","coordinates":[[[[32.133741957733477,30.493960386803352],[32.13359890622786,30.494888484446854],[32.137978508059732,30.496260939091378],[32.138266825783575,30.495379871156135],[32.133741957733477,30.493960386803352]]]]}},
{"type":"Feature","properties":{"نمط_العمران":null,"اسم_المحور":"2","مساحة_التغير_كم2":0.014472040114992916,"نسبة_المساحه":null,"مساحة_التغير_بالمتر":null,"اسم_القطاع":"10","وصف_الاستخدام":"مخزن","GlobalID":"{FAC5DC83-1B88-415F-9D68-601C59BA9DE8}","SHAPE_Length":549.32124542030806,"SHAPE_Area":14472.040114992917},"geometry":{"type":"MultiPolygon","coordinates":[[[[32.09066916044825,30.479617519676555],[32.090355594781983,30.479421282908341],[32.090749226293291,30.478954126670416],[32.089995747583963,30.478419477464133],[32.08915463525247,30.479317644735872],[32.089602406585641,30.479593468334379],[32.090057224423823,30.479873632916437],[32.090229529975232,30.47997977085436],[32.09045658039409,30.48011963184727],[32.090559330332603,30.479995743523418],[32.090424404254478,30.479912630958406],[32.09066916044825,30.479617519676555]]]]}},
{"type":"Feature","properties":{"نمط_العمران":null,"اسم_المحور":"2","مساحة_التغير_كم2":0.013148382336355487,"نسبة_المساحه":null,"مساحة_التغير_بالمتر":null,"اسم_القطاع":"10","وصف_الاستخدام":"Kayan frozen foods","GlobalID":"{856A37AF-476C-4456-B1E5-14A54D0E52E1}","SHAPE_Length":593.33780166324414,"SHAPE_Area":13148.382336355487},"geometry":{"type":"MultiPolygon","coordinates":[[[[32.089225101901476,30.481524003180589],[32.089091895162966,30.481680851218808],[32.089306771777899,30.481820608415742],[32.089176722158733,30.481969108483273],[32.088961844364718,30.481829351967299],[32.088736931148453,30.482026892323344],[32.090265264201761,30.482990870302572],[32.090830625968138,30.482325177685599],[32.090491714318873,30.482111413409612],[32.090374750782779,30.482249135478359],[32.089225101901476,30.481524003180589]]]]}},
{"type":"Feature","properties":{"نمط_العمران":null,"اسم_المحور":"2","مساحة_التغير_كم2":0.0025430164422682966,"نسبة_المساحه":null,"مساحة_التغير_بالمتر":null,"اسم_القطاع":"10","وصف_الاستخدام":"مصنع","GlobalID":"{4B9E3469-7E5C-4608-9FD9-FB36F12A1B0B}","SHAPE_Length":202.40285945384721,"SHAPE_Area":2543.0164422682965},"geometry":{"type":"MultiPolygon","coordinates":[[[[32.10244470156421,30.495194412425498],[32.102175417602233,30.495542462553153],[32.102650984363535,30.49581564892484],[32.102920266386612,30.495467598705535],[32.10244470156421,30.495194412425498]]]]}},
{"type":"Feature","properties":{"نمط_العمران":null,"اسم_المحور":"2","مساحة_التغير_كم2":0.00046261302880573705,"نسبة_المساحه":null,"مساحة_التغير_بالمتر":null,"اسم_القطاع":"10","وصف_الاستخدام":"مصنع الجزيره للزيتون والمخللات","GlobalID":"{A795448E-84AC-41CC-A0FF-2CDCE046357A}","SHAPE_Length":90.521600605087428,"SHAPE_Area":462.61302880573703},"geometry":{"type":"MultiPolygon","coordinates":[[[[32.100874222770436,30.495844105009617],[32.100783783590032,30.49596099636625],[32.101041381266313,30.496108969799845],[32.101131820268471,30.495992080068259],[32.100874222770436,30.495844105009617]]]]}},
{"type":"Feature","properties":{"نمط_العمران":null,"اسم_المحور":"2","مساحة_التغير_كم2":0.0086240757463510644,"نسبة_المساحه":null,"مساحة_التغير_بالمتر":null,"اسم_القطاع":"10","وصف_الاستخدام":"معصرة سينالكو","GlobalID":"{B7309D56-7482-42AC-937D-A08F04CE22A6}","SHAPE_Length":373.7884412348975,"SHAPE_Area":8624.0757463510636},"geometry":{"type":"MultiPolygon","coordinates":[[[[32.101610685622795,30.496920369890528],[32.100952474853578,30.496433204833362],[32.100246237391197,30.497143145812981],[32.100903595456053,30.497629675079224],[32.101610685622795,30.496920369890528]]]]}},
{"type":"Feature","properties":{"نمط_العمران":null,"اسم_المحور":"2","مساحة_التغير_كم2":0.03838607989900801,"نسبة_المساحه":null,"مساحة_التغير_بالمتر":null,"اسم_القطاع":"10","وصف_الاستخدام":"مصنع","GlobalID":"{73761356-9F1C-485C-9106-98A7876195C3}","SHAPE_Length":929.88816740203083,"SHAPE_Area":38386.079899008007},"geometry":{"type":"MultiPolygon","coordinates":[[[[32.093343642371799,30.502183578606488],[32.092763565769083,30.504085171598234],[32.095228077861584,30.504675966043269],[32.09542264016109,30.504073469163753],[32.094907819398578,30.503950056040775],[32.095045712096116,30.503523044211541],[32.094255731121031,30.503333667353242],[32.094534900804696,30.502469153437573],[32.093343642371799,30.502183578606488]]]]}},
{"type":"Feature","properties":{"نمط_العمران":null,"اسم_المحور":"2","مساحة_التغير_كم2":0.022216815615274256,"نسبة_المساحه":null,"مساحة_التغير_بالمتر":null,"اسم_القطاع":"10","وصف_الاستخدام":"مصنع مودرن تريد","GlobalID":"{CEBCB442-C201-45A5-9753-8F52475CAC0C}","SHAPE_Length":672.18923026377547,"SHAPE_Area":22216.815615274256},"geometry":{"type":"MultiPolygon","coordinates":[[[[32.126908452994357,30.506677568281962],[32.12683531737818,30.506918349644469],[32.126731142264802,30.506894861312521],[32.126675038184743,30.507079569774284],[32.12607236127851,30.506943685686196],[32.125615319042787,30.508448377823051],[32.126774088831908,30.508709638175041],[32.12736037829751,30.506779464169046],[32.126908452994357,30.506677568281962]]]]}},
{"type":"Feature","properties":{"نمط_العمران":null,"اسم_المحور":"2","مساحة_التغير_كم2":0.031237111069688565,"نسبة_المساحه":null,"مساحة_التغير_بالمتر":null,"اسم_القطاع":"10","وصف_الاستخدام":"شركة","GlobalID":"{CFA1EE1C-52F4-416C-BB87-BDE59A6988CB}","SHAPE_Length":810.71179539039122,"SHAPE_Area":31237.111069688566},"geometry":{"type":"MultiPolygon","coordinates":[[[[31.481611849908429,30.092888329232441],[31.481493387204175,30.094020672407723],[31.481922795605218,30.094098827503448],[31.482354234906797,30.094168012029034],[31.482787457276466,30.094228186239452],[31.483222213855548,30.094279315562172],[31.483658254902487,30.094321370621778],[31.484095329937361,30.094354327258873],[31.484533187884264,30.094378166535805],[31.483852284581005,30.093948982342567],[31.484026258252214,30.093742366998072],[31.48368731060016,30.093105646933587],[31.481611849908429,30.092888329232441]]]]}},
{"type":"Feature","properties":{"نمط_العمران":null,"اسم_المحور":"2","مساحة_التغير_كم2":0.12334049405124423,"نسبة_المساحه":null,"مساحة_التغير_بالمتر":null,"اسم_القطاع":"10","وصف_الاستخدام":"مصنع","GlobalID":"{2D1B83ED-4AA6-418D-A1E7-C2BCC03E59F2}","SHAPE_Length":1886.6042985584495,"SHAPE_Area":123340.49405124423},"geometry":{"type":"MultiPolygon","coordinates":[[[[31.562387151592642,30.096126203195656],[31.561527071825324,30.095402048887198],[31.56133481314356,30.095240172394174],[31.560525259816387,30.097519953143625],[31.559555695594049,30.097262236618903],[31.558617957251769,30.099902935535624],[31.559587521611359,30.100160644963452],[31.559077917730889,30.101595667109283],[31.560464220394511,30.101964138739181],[31.562387151592642,30.096126203195656]]]]}},
{"type":"Feature","properties":{"نمط_العمران":null,"اسم_المحور":"2","مساحة_التغير_كم2":0.010357808461011008,"نسبة_المساحه":null,"مساحة_التغير_بالمتر":null,"اسم_القطاع":"10","وصف_الاستخدام":"مخزن","GlobalID":"{6CDCB603-9003-4734-82F7-0A21CF229FC0}","SHAPE_Length":410.33527716776302,"SHAPE_Area":10357.808461011009},"geometry":{"type":"MultiPolygon","coordinates":[[[[31.569372038956853,30.102741388476375],[31.5690727644037,30.103513618313151],[31.570212878126707,30.103833152252829],[31.570508264615178,30.10307095793479],[31.569372038956853,30.102741388476375]]]]}},
{"type":"Feature","properties":{"نمط_العمران":null,"اسم_المحور":"2","مساحة_التغير_كم2":0.33264694065405809,"نسبة_المساحه":null,"مساحة_التغير_بالمتر":null,"اسم_القطاع":"10","وصف_الاستخدام":"مصنع","GlobalID":"{360EEC11-B93B-4797-BFF2-C38CAC2DD080}","SHAPE_Length":3109.3514635751244,"SHAPE_Area":332646.94065405807},"geometry":{"type":"MultiPolygon","coordinates":[[[[31.772128600691588,30.121735777328357],[31.76611614309472,30.12172081851455],[31.76605889510774,30.122410990596698],[31.765986640565526,30.123100097839149],[31.765899405008671,30.123787893686533],[31.765797219339955,30.124474132046291],[31.765680119813435,30.125158567377447],[31.765548148022308,30.125840954780841],[31.765401350884229,30.126521050081987],[31.766232575235446,30.126735206335919],[31.76706478774728,30.126946448663407],[31.767897974884011,30.12715477362925],[31.768732123093432,30.127360177838739],[31.769567218807328,30.127562657947404],[31.770403248442204,30.127762210660887],[31.771240198398537,30.127958832725398],[31.771465622634899,30.127084282977506],[31.771658480384293,30.126203868153254],[31.771818571843479,30.125318504319026],[31.771945731317089,30.124429112662572],[31.772039827387459,30.12353661854085],[31.772100763046396,30.12264195051684],[31.772128475793359,30.121746039384139],[31.772128600691588,30.121735777328357]],[[31.767713107225116,30.123460680637645],[31.769017984908508,30.123597168550642],[31.768730683809032,30.125652065872547],[31.767425804544981,30.125515580047264],[31.767713107225116,30.123460680637645]]]]}},
{"type":"Feature","properties":{"نمط_العمران":null,"اسم_المحور":"2","مساحة_التغير_كم2":0.0014912968035106183,"نسبة_المساحه":null,"مساحة_التغير_بالمتر":null,"اسم_القطاع":"10","وصف_الاستخدام":"مصنع","GlobalID":"{980C7992-C598-40EB-93CF-4CC79C7821CE}","SHAPE_Length":161.80419756768461,"SHAPE_Area":1491.2968035106182},"geometry":{"type":"MultiPolygon","coordinates":[[[[31.759580799244286,30.12371417827605],[31.759386175892459,30.124156555328842],[31.759661950809868,30.124247322676048],[31.759856577291913,30.123804945229963],[31.759580799244286,30.12371417827605]]]]}},
{"type":"Feature","properties":{"نمط_العمران":null,"اسم_المحور":"2","مساحة_التغير_كم2":0.0078278956058171426,"نسبة_المساحه":null,"مساحة_التغير_بالمتر":null,"اسم_القطاع":"10","وصف_الاستخدام":"مصنع","GlobalID":"{94CE68ED-D7D4-41FD-8C04-3E6422A1AD65}","SHAPE_Length":436.89547549403505,"SHAPE_Area":7827.8956058171434},"geometry":{"type":"MultiPolygon","coordinates":[[[[31.759165307236362,30.124794703448394],[31.758677334196136,30.126299447258276],[31.759128998190914,30.126409020249959],[31.75961697331299,30.124904277392947],[31.759165307236362,30.124794703448394]]]]}},
{"type":"Feature","properties":{"نمط_العمران":null,"اسم_المحور":"2","مساحة_التغير_كم2":0.0068418201019918414,"نسبة_المساحه":null,"مساحة_التغير_بالمتر":null,"اسم_القطاع":"10","وصف_الاستخدام":"مصنع","GlobalID":"{D6445E8C-E092-4406-827A-81FF01EA4CEE}","SHAPE_Length":511.33559666763455,"SHAPE_Area":6841.8201019918415},"geometry":{"type":"MultiPolygon","coordinates":[[[[31.758528792971909,30.126736521295033],[31.757802368168537,30.128603177833202],[31.75799101798151,30.128658096671554],[31.758229466863487,30.128045369376448],[31.758407645893453,30.128097239735183],[31.758895621963475,30.126843310519188],[31.758528792971909,30.126736521295033]]]]}},
{"type":"Feature","properties":{"نمط_العمران":null,"اسم_المحور":"2","مساحة_التغير_كم2":0.1425865251965574,"نسبة_المساحه":null,"مساحة_التغير_بالمتر":null,"اسم_القطاع":"10","وصف_الاستخدام":"مصنع","GlobalID":"{D5E1BED6-E04D-4531-950A-539C2727FEDE}","SHAPE_Length":2348.3560081560349,"SHAPE_Area":142586.5251965574},"geometry":{"type":"MultiPolygon","coordinates":[[[[31.754382113139535,30.133619561443599],[31.754129883321166,30.133547571736766],[31.753805107867098,30.133454874608031],[31.753752543421939,30.133438184218971],[31.753701468574654,30.13341830434738],[31.753652139100225,30.13339533455034],[31.75360480203188,30.133369389856526],[31.753559694425331,30.133340600191485],[31.7535170421705,30.133309109732444],[31.753477058860735,30.133275076177352],[31.753439944723002,30.133238669961205],[31.753405885615503,30.133200073400044],[31.753375052096736,30.133159479779373],[31.753347598571377,30.133117092383458],[31.75332366251687,30.133073123483143],[31.753303363795983,30.133027793264393],[31.7532868040553,30.132981328731784],[31.753274066217237,30.132933962572061],[31.753265214064868,30.132885931983076],[31.753260291922114,30.132837477492806],[31.753259324432005,30.132788841749313],[31.753262316433602,30.132740268308911],[31.753269252938221,30.132692000416359],[31.75328009920371,30.132644279785641],[31.753512401691371,30.132154630261617],[31.755463376424387,30.127979098377718],[31.75547921930907,30.127953331233474],[31.755493046542938,30.127926701634831],[31.755504796348948,30.127899328560773],[31.755514416232199,30.12787133430928],[31.755521863213765,30.127842843956266],[31.755527104023553,30.127813984792397],[31.755530115248042,30.127784885758135],[31.755530883435544,30.127755676863956],[31.755529405155883,30.127726488609934],[31.75552568701568,30.127697451406124],[31.755519745629126,30.127668694986138],[31.755511607543394,30.127640347829743],[31.755501309120188,30.127612536587431],[31.75548889637281,30.127585385516301],[31.755474424761342,30.127559015921978],[31.755457958944309,30.127533545620569],[31.755439572489685,30.127509088408942],[31.755419347546542,30.127485753557028],[31.75539737447771,30.127463645322575],[31.755373751456204,30.127442862479317],[31.755348584026482,30.127423497881026],[31.755321984632779,30.127405638047453],[31.755294072117405,30.127389362771964],[31.754828101572425,30.127135747025463],[31.75481002198093,30.127125154575406],[31.754792849691388,30.12711347688845],[31.754776670746594,30.127100772478506],[31.754761566211467,30.127087105000616],[31.754747611767577,30.127072542935299],[31.754734877334261,30.12705715924821],[31.754723426717046,30.127041031019594],[31.754713317289674,30.12702423906039],[31.754704599704784,30.127006867508282],[31.754697317641583,30.12698900340472],[31.754691507586582,30.126970736257149],[31.754687198650199,30.126952157594136],[31.754684412421884,30.126933360504641],[31.754683162861202,30.126914439173429],[31.75468345622804,30.126895488405914],[31.754685291051921,30.126876603153637],[31.754688658138093,30.126857878043644],[31.754693540615516,30.126839406898053],[31.754699914018921,30.126821282267571],[31.753913532794733,30.127904704484912],[31.753823711791959,30.128032402360091],[31.753738073475223,30.128162253454764],[31.75365668611818,30.128294154271067],[31.753579614606888,30.128427999677474],[31.753506920388549,30.128563682991818],[31.753438661422273,30.128701096067978],[31.75337489213214,30.128840129380432],[31.75207262685225,30.131800483985423],[31.752020730027709,30.13193189181904],[31.751979432250863,30.132066109358103],[31.751948932052361,30.132202491522317],[31.751929376068599,30.132340382820207],[31.751920858337368,30.132479120504456],[31.751923419843642,30.132618037759677],[31.751937048322272,30.13275646690288],[31.751961678316707,30.132893742595009],[31.751997191491228,30.133029205037097],[31.752445782079544,30.135405267227323],[31.752451283542545,30.135428921757541],[31.752458626690281,30.135452195448917],[31.752467777385977,30.135474980103613],[31.752478693089547,30.135497169792252],[31.752491323055107,30.135518661359143],[31.752505608567319,30.135539354888557],[31.752521483214252,30.135559154177965],[31.752538873195576,30.135577967178723],[31.752557697666195,30.13559570643071],[31.752577869112205,30.135612289463939],[31.752599293757214,30.135627639184268],[31.752621871998727,30.135641684230379],[31.75264549887066,30.135654359306276],[31.752670064532087,30.135665605487116],[31.752695454777722,30.135675370486556],[31.752721551567863,30.135683608910234],[31.752748233578892,30.135690282455787],[31.752775376765786,30.135695360097742],[31.752802854939652,30.135698818230804],[31.752830540354374,30.135700640777479],[31.752858304299778,30.135700819263288],[31.752886017701197,30.135699352861714],[31.752913551718699,30.135696248388172],[31.752985232419771,30.135684122099679],[31.753055869160505,30.135668019481606],[31.753125170294702,30.135648007019746],[31.753192849691573,30.135624167340769],[31.753258627916249,30.135596598873224],[31.753322233384175,30.135565415444102],[31.753383403482715,30.135530745801656],[31.75344188565451,30.135492733091048],[31.753497438441659,30.135451534258518],[31.753549832481408,30.135407319406792],[31.753598851453749,30.135360271087606],[31.753644292974769,30.13531058355397],[31.753685969431498,30.135258461955203],[31.753723708757263,30.135204121489384],[31.753757355141708,30.135147786515923],[31.754382113139535,30.133619561443599]],[[31.752194558222989,30.132014533774701],[31.752246541572216,30.131870674827013],[31.752523928765317,30.131945645701997],[31.752471949934158,30.132089503905448],[31.752194558222989,30.132014533774701]]]]}},
{"type":"Feature","properties":{"نمط_العمران":null,"اسم_المحور":"2","مساحة_التغير_كم2":0.011770605038551254,"نسبة_المساحه":null,"مساحة_التغير_بالمتر":null,"اسم_القطاع":"10","وصف_الاستخدام":"مخزن","GlobalID":"{107145AA-2940-464F-A234-5582E4F14E28}","SHAPE_Length":456.18914336488081,"SHAPE_Area":11770.605038551254},"geometry":{"type":"MultiPolygon","coordinates":[[[[31.750876721653398,30.118208293044663],[31.750558052891989,30.118704324538196],[31.751870357437724,30.119318832650347],[31.75237336376652,30.118514538596326],[31.750876721653398,30.118208293044663]]]]}},
{"type":"Feature","properties":{"نمط_العمران":null,"اسم_المحور":"2","مساحة_التغير_كم2":0.03326516425996312,"نسبة_المساحه":null,"مساحة_التغير_بالمتر":null,"اسم_القطاع":"10","وصف_الاستخدام":"مخزن","GlobalID":"{A243FCD2-0BD6-41AE-8AD0-4523B6390E2A}","SHAPE_Length":732.71714107332241,"SHAPE_Area":33265.164259963123},"geometry":{"type":"MultiPolygon","coordinates":[[[[31.809886242041674,30.118024482007051],[31.808639618035411,30.118158722818229],[31.808149197548044,30.118211532201844],[31.808236082576126,30.118719101447596],[31.808253774984365,30.118822449914237],[31.808309801671218,30.119149749670576],[31.808454859243543,30.119997143540747],[31.808945278078824,30.119944334072173],[31.810143972560493,30.11981525648855],[31.809886242041674,30.118024482007051]]]]}},
{"type":"Feature","properties":{"نمط_العمران":null,"اسم_المحور":"2","مساحة_التغير_كم2":0.27470287867878218,"نسبة_المساحه":null,"مساحة_التغير_بالمتر":null,"اسم_القطاع":"10","وصف_الاستخدام":"مصنع","GlobalID":"{4E6F0CF9-6D61-4F0A-AB32-387D184E210F}","SHAPE_Length":2341.7904625194301,"SHAPE_Area":274702.8786787822},"geometry":{"type":"MultiPolygon","coordinates":[[[[31.765525695326406,30.170550307795061],[31.764135527843155,30.17394632951968],[31.769869484812141,30.175656328530891],[31.770339985557634,30.174453370916012],[31.77160578707781,30.174966737681473],[31.77240631733822,30.173894067787852],[31.771442468584638,30.173380418660511],[31.772195062759465,30.171993553666073],[31.770569806720051,30.171727449835419],[31.769837432797566,30.171600363361836],[31.769108415514552,30.171459462638218],[31.768383100059069,30.171304814392645],[31.767661829860966,30.171136491860569],[31.76694494642938,30.170954574752134],[31.766232789190596,30.170759149216053],[31.765525695326406,30.170550307795061]]]]}},
{"type":"Feature","properties":{"نمط_العمران":null,"اسم_المحور":"2","مساحة_التغير_كم2":0.27831964460551578,"نسبة_المساحه":null,"مساحة_التغير_بالمتر":null,"اسم_القطاع":"10","وصف_الاستخدام":"مصنع","GlobalID":"{6F015B12-1DC7-48EE-80EE-C6D1FFE07F4F}","SHAPE_Length":4048.2503270817506,"SHAPE_Area":278319.64460551576},"geometry":{"type":"MultiPolygon","coordinates":[[[[31.758400198134925,30.176548079502972],[31.759262425068869,30.174011537716517],[31.760964755640803,30.174444000180074],[31.761410195661643,30.17313356221932],[31.756783310601328,30.171796846700705],[31.757159094651122,30.170824679182214],[31.756568447629689,30.170674625127468],[31.756642106225609,30.170422119065403],[31.756387415137112,30.170357414247782],[31.75653763015632,30.169915477448313],[31.75636696499836,30.169872119628081],[31.75666195966615,30.169004232298789],[31.75591660163882,30.168814870763264],[31.755801248009867,30.16915424644538],[31.754570882080433,30.16884166601784],[31.754512617947164,30.169013082847172],[31.754133661428746,30.168916807013858],[31.754049127038765,30.16916551057847],[31.753697730667394,30.169076235644532],[31.753639466960703,30.169247652053173],[31.753208999643519,30.16913829032632],[31.753027535135057,30.169672166887114],[31.753161507178408,30.169710873461387],[31.752861140200555,30.170594560510406],[31.754806959182844,30.171156721490558],[31.755041950757093,30.170548787180902],[31.755451589279811,30.170667134765214],[31.755554036168846,30.170402097487493],[31.756229907035358,30.170597361513359],[31.755908137418423,30.171544004441021],[31.756289570793733,30.171654201935688],[31.755762012493555,30.173206248649741],[31.755250283292373,30.173076246879852],[31.75505118265264,30.173661982552883],[31.75479716042814,30.173597448721527],[31.754722512432814,30.173817054142344],[31.754976535172691,30.173881587228472],[31.754956636272631,30.17394013018583],[31.755261493998542,30.174017576622568],[31.75517620497585,30.174268485153508],[31.755440056570198,30.174335514446778],[31.755525344983379,30.174084606631766],[31.75642878954319,30.174314119302387],[31.756356574248862,30.174526567097118],[31.756584955209927,30.174584585513898],[31.756657169027445,30.174372137572803],[31.756809347645731,30.174410796547434],[31.755771147132052,30.177465007994559],[31.757904304640153,30.178006900674184],[31.758400198134925,30.176548079502972]]]]}},
{"type":"Feature","properties":{"نمط_العمران":null,"اسم_المحور":"2","مساحة_التغير_كم2":0.043599990954331841,"نسبة_المساحه":null,"مساحة_التغير_بالمتر":null,"اسم_القطاع":"10","وصف_الاستخدام":"مصنع","GlobalID":"{E9E72520-F28E-4201-BEBF-A75D2CC5A68C}","SHAPE_Length":864.65497389170969,"SHAPE_Area":43599.990954331843},"geometry":{"type":"MultiPolygon","coordinates":[[[[31.768053149850818,30.179611088644076],[31.766091741036362,30.178886362706209],[31.764978024693995,30.181138793953235],[31.767006898211402,30.181088862280646],[31.768053149850818,30.179611088644076]]]]}},
{"type":"Feature","properties":{"نمط_العمران":null,"اسم_المحور":"2","مساحة_التغير_كم2":0.66433339572175054,"نسبة_المساحه":null,"مساحة_التغير_بالمتر":null,"اسم_القطاع":"10","وصف_الاستخدام":"مصنع","GlobalID":"{05F5A471-EEE0-496C-BFBD-BBA51DF51014}","SHAPE_Length":3973.1973853051959,"SHAPE_Area":664333.39572175057},"geometry":{"type":"MultiPolygon","coordinates":[[[[31.741844539120944,30.169074114950345],[31.736606099447421,30.170283185867259],[31.736224522886921,30.170813358576755],[31.735882409037416,30.171288698686968],[31.732644137912555,30.171979000997244],[31.732144835040131,30.171754964845672],[31.731494212586917,30.171463032554858],[31.727499665885031,30.172384983077968],[31.72755148640746,30.172815115846888],[31.728073937900671,30.177151486512795],[31.734850997488088,30.17570688864258],[31.736213947179348,30.176477567159228],[31.737338139824626,30.174991756744721],[31.737041008328756,30.174801051472183],[31.738531946759448,30.174483237368673],[31.742279061152061,30.170576760861312],[31.74196842915936,30.169487628764397],[31.741850123781479,30.16907282584301],[31.741844539120944,30.169074114950345]]]]}},
{"type":"Feature","properties":{"نمط_العمران":null,"اسم_المحور":"2","مساحة_التغير_كم2":0.052338440568426459,"نسبة_المساحه":null,"مساحة_التغير_بالمتر":null,"اسم_القطاع":"10","وصف_الاستخدام":"فوج1","GlobalID":"{B296354E-3C65-4FD2-89EE-AB86B91475E0}","SHAPE_Length":964.47634912470073,"SHAPE_Area":52338.440568426457},"geometry":{"type":"MultiPolygon","coordinates":[[[[31.700201998404594,30.188213194849467],[31.700124942958539,30.186733790826995],[31.698247015417905,30.186367061269788],[31.69749008688304,30.189263101314658],[31.700201998404594,30.188213194849467]]]]}},
{"type":"Feature","properties":{"نمط_العمران":null,"اسم_المحور":"2","مساحة_التغير_كم2":0.10807086444711884,"نسبة_المساحه":null,"مساحة_التغير_بالمتر":null,"اسم_القطاع":"10","وصف_الاستخدام":"مخزن","GlobalID":"{E966E672-419E-4F36-A38E-0FC926CD9AFA}","SHAPE_Length":1354.5611491637626,"SHAPE_Area":108070.86444711885},"geometry":{"type":"MultiPolygon","coordinates":[[[[31.7466433916433,30.194811086859247],[31.745143649558578,30.196733408765084],[31.748765603991849,30.198844299828576],[31.750265344048668,30.19692201662793],[31.7466433916433,30.194811086859247]]]]}},
{"type":"Feature","properties":{"نمط_العمران":null,"اسم_المحور":"2","مساحة_التغير_كم2":0.0093354128542217658,"نسبة_المساحه":null,"مساحة_التغير_بالمتر":null,"اسم_القطاع":"10","وصف_الاستخدام":"مخزن","GlobalID":"{35916A02-0038-44A5-B693-DBD59269B715}","SHAPE_Length":507.23280965954308,"SHAPE_Area":9335.4128542217659},"geometry":{"type":"MultiPolygon","coordinates":[[[[31.583231109023618,30.107104570321237],[31.582052959926497,30.106776550651279],[31.581904104597044,30.107191712476336],[31.581832790361222,30.107390608823135],[31.58178373057714,30.107527436541965],[31.583005760396926,30.107784992710517],[31.583231109023618,30.107104570321237]],[[31.582242472636054,30.107078418959851],[31.582338465786485,30.106919254786689],[31.582621007295106,30.107046780181289],[31.582525013432111,30.107205943655252],[31.582242472636054,30.107078418959851]]]]}},
{"type":"Feature","properties":{"نمط_العمران":null,"اسم_المحور":"2","مساحة_التغير_كم2":0.013768840564495823,"نسبة_المساحه":null,"مساحة_التغير_بالمتر":null,"اسم_القطاع":"10","وصف_الاستخدام":"مخزن","GlobalID":"{F0605FA1-D78E-4ACF-A08C-45829B9C0317}","SHAPE_Length":477.08033405635342,"SHAPE_Area":13768.840564495822},"geometry":{"type":"MultiPolygon","coordinates":[[[[31.688392941526832,30.143431037827693],[31.689391088601276,30.143597537140312],[31.689668951252397,30.14235182667673],[31.688670804730094,30.142185325181071],[31.688392941526832,30.143431037827693]]]]}},
{"type":"Feature","properties":{"نمط_العمران":null,"اسم_المحور":"2","مساحة_التغير_كم2":0.018993109676013763,"نسبة_المساحه":null,"مساحة_التغير_بالمتر":null,"اسم_القطاع":"10","وصف_الاستخدام":"فارما اوفر سيز رئيسى العبور","GlobalID":"{B247F90B-4E46-4660-A47C-A3088C7FD1DD}","SHAPE_Length":763.12363168485138,"SHAPE_Area":18993.109676013763},"geometry":{"type":"MultiPolygon","coordinates":[[[[31.45258298365469,30.249488906277087],[31.45165076160789,30.250041871002278],[31.452160375949504,30.250508936000216],[31.452818486580352,30.249973111079818],[31.453825946657251,30.251067263923975],[31.454717700929002,30.250454559102025],[31.45258298365469,30.249488906277087]]]]}},
{"type":"Feature","properties":{"نمط_العمران":null,"اسم_المحور":"2","مساحة_التغير_كم2":0.042427264695090852,"نسبة_المساحه":null,"مساحة_التغير_بالمتر":null,"اسم_القطاع":"10","وصف_الاستخدام":"مصنع","GlobalID":"{0AEA1185-E690-41C1-A45D-36E26BC6874D}","SHAPE_Length":873.28541228381357,"SHAPE_Area":42427.264695090853},"geometry":{"type":"MultiPolygon","coordinates":[[[[31.441148248257708,30.205373006538295],[31.444160914882048,30.205297697821052],[31.444203144905863,30.204262443837276],[31.444208250612444,30.204137303988475],[31.444214547741929,30.203982913229282],[31.441202390429751,30.20404572206014],[31.441148248257708,30.205373006538295]]]]}},
{"type":"Feature","properties":{"نمط_العمران":null,"اسم_المحور":"2","مساحة_التغير_كم2":0.032721291466570594,"نسبة_المساحه":null,"مساحة_التغير_بالمتر":null,"اسم_القطاع":"10","وصف_الاستخدام":"مخزن","GlobalID":"{ADE7EFF6-D579-4E48-9441-4758B0E5C50B}","SHAPE_Length":724.25638985769388,"SHAPE_Area":32721.291466570594},"geometry":{"type":"MultiPolygon","coordinates":[[[[31.442919817824198,30.158209600838614],[31.442847850787214,30.158190966563378],[31.442834942332453,30.158187623830486],[31.442642783934549,30.158137868243681],[31.441013658922081,30.157716040819974],[31.44049237807446,30.159221132700303],[31.442323691028911,30.159695305722533],[31.442919817824198,30.158209600838614]]]]}},
{"type":"Feature","properties":{"نمط_العمران":null,"اسم_المحور":"2","مساحة_التغير_كم2":0.022659193950969759,"نسبة_المساحه":null,"مساحة_التغير_بالمتر":null,"اسم_القطاع":"10","وصف_الاستخدام":"مخزن","GlobalID":"{283468B5-5F36-4ED3-8AAF-BAA42EC6E9A7}","SHAPE_Length":628.07103950494047,"SHAPE_Area":22659.193950969759},"geometry":{"type":"MultiPolygon","coordinates":[[[[31.443931534689643,30.155532440400986],[31.444290960457124,30.154581321624658],[31.442271371132922,30.154030894989692],[31.441947819025664,30.155018784653311],[31.443931534689643,30.155532440400986]]]]}},
{"type":"Feature","properties":{"نمط_العمران":null,"اسم_المحور":"2","مساحة_التغير_كم2":0.0032534614342549606,"نسبة_المساحه":null,"مساحة_التغير_بالمتر":null,"اسم_القطاع":"10","وصف_الاستخدام":"مخزن","GlobalID":"{659685A8-B3C1-42F5-AA94-A6F804241790}","SHAPE_Length":245.46214179626929,"SHAPE_Area":3253.4614342549607},"geometry":{"type":"MultiPolygon","coordinates":[[[[31.485937162158312,30.193771516859556],[31.485917826683799,30.193571457134549],[31.48551694092075,30.19360040190147],[31.485553436219238,30.19397800161461],[31.485589928933493,30.194355580521449],[31.485990813602086,30.194326635590684],[31.485937162158312,30.193771516859556]]]]}},
{"type":"Feature","properties":{"نمط_العمران":null,"اسم_المحور":"2","مساحة_التغير_كم2":0.0012182922213714955,"نسبة_المساحه":null,"مساحة_التغير_بالمتر":null,"اسم_القطاع":"10","وصف_الاستخدام":"مخزن","GlobalID":"{8E65AF6F-649A-4BCD-9C09-141AAE1C4804}","SHAPE_Length":142.44057067756779,"SHAPE_Area":1218.2922213714955},"geometry":{"type":"MultiPolygon","coordinates":[[[[31.49697958165974,30.225182336056818],[31.496941647023132,30.224798813538438],[31.49664606223417,30.224820641295473],[31.496683996776511,30.225204162969366],[31.49697958165974,30.225182336056818]]]]}},
{"type":"Feature","properties":{"نمط_العمران":null,"اسم_المحور":"2","مساحة_التغير_كم2":0.0026648646952588005,"نسبة_المساحه":null,"مساحة_التغير_بالمتر":null,"اسم_القطاع":"10","وصف_الاستخدام":"مخزن","GlobalID":"{FA524BCA-D142-4D69-A2BA-1E526AE8DFBF}","SHAPE_Length":214.34039959214729,"SHAPE_Area":2664.8646952588006},"geometry":{"type":"MultiPolygon","coordinates":[[[[31.49684141327678,30.204278697409663],[31.496763078571227,30.203669393632715],[31.496358219645934,30.203708270936147],[31.496436554995157,30.20431757400144],[31.49684141327678,30.204278697409663]]]]}},
{"type":"Feature","properties":{"نمط_العمران":null,"اسم_المحور":"2","مساحة_التغير_كم2":0.0019416772812460106,"نسبة_المساحه":null,"مساحة_التغير_بالمتر":null,"اسم_القطاع":"10","وصف_الاستخدام":"مخزن","GlobalID":"{B2CE8EBE-E262-487E-8B14-154D68D9BD45}","SHAPE_Length":176.66030313684399,"SHAPE_Area":1941.6772812460106},"geometry":{"type":"MultiPolygon","coordinates":[[[[31.495124831141386,30.204502044832743],[31.495550848906838,30.204468204457779],[31.495505807328431,30.204044672419236],[31.495079788283533,30.204078511773552],[31.495124831141386,30.204502044832743]]]]}},
{"type":"Feature","properties":{"نمط_العمران":null,"اسم_المحور":"2","مساحة_التغير_كم2":0.0035069346669975446,"نسبة_المساحه":null,"مساحة_التغير_بالمتر":null,"اسم_القطاع":"10","وصف_الاستخدام":"مخزن","GlobalID":"{E7EE7AC6-3A48-4DE3-A64E-A365CE7B054B}","SHAPE_Length":237.41653930574478,"SHAPE_Area":3506.9346669975448},"geometry":{"type":"MultiPolygon","coordinates":[[[[31.493673795891159,30.189526596483116],[31.494110692324192,30.189494322477167],[31.494061494061985,30.188996724871419],[31.493405929582405,30.189045152036158],[31.493448737427286,30.189478111960749],[31.493455128716764,30.189542748918406],[31.493673795891159,30.189526596483116]]]]}},
{"type":"Feature","properties":{"نمط_العمران":null,"اسم_المحور":"2","مساحة_التغير_كم2":0.0015864694209694885,"نسبة_المساحه":null,"مساحة_التغير_بالمتر":null,"اسم_القطاع":"10","وصف_الاستخدام":"مخزن","GlobalID":"{4F473C9F-D2D3-4D44-930B-34284A1866D8}","SHAPE_Length":190.4563796210557,"SHAPE_Area":1586.4694209694885},"geometry":{"type":"MultiPolygon","coordinates":[[[[31.504214093470519,30.215312566782181],[31.504176791381461,30.215121087165027],[31.503421672778046,30.215230934981822],[31.503458974478733,30.215422413872538],[31.504214093470519,30.215312566782181]]]]}},
{"type":"Feature","properties":{"نمط_العمران":null,"اسم_المحور":"2","مساحة_التغير_كم2":0.0049775875900975606,"نسبة_المساحه":null,"مساحة_التغير_بالمتر":null,"اسم_القطاع":"10","وصف_الاستخدام":"مخزن","GlobalID":"{842CEF2F-FC44-455D-847B-6BF11A763D48}","SHAPE_Length":365.96658511958287,"SHAPE_Area":4977.5875900975607},"geometry":{"type":"MultiPolygon","coordinates":[[[[31.505909033044105,30.225551180653749],[31.506255820769852,30.225537079778203],[31.507103674176221,30.225502606398848],[31.507087355452331,30.225202963462582],[31.505524060097201,30.225266526873021],[31.50554449855867,30.225453664070564],[31.505556431151163,30.225562930633885],[31.505909033044105,30.225551180653749]]]]}},
{"type":"Feature","properties":{"نمط_العمران":null,"اسم_المحور":"2","مساحة_التغير_كم2":0.0023855029724872091,"نسبة_المساحه":null,"مساحة_التغير_بالمتر":null,"اسم_القطاع":"10","وصف_الاستخدام":"مخزن","GlobalID":"{CEC5C0B2-099A-432F-BDD6-EEE4B685B5F0}","SHAPE_Length":216.17202929262001,"SHAPE_Area":2385.5029724872093},"geometry":{"type":"MultiPolygon","coordinates":[[[[31.508833811021383,30.216952426589561],[31.508805008851979,30.21667468135897],[31.508400979227567,30.216705967273644],[31.508006444821248,30.216736516401248],[31.508035246826129,30.217014261753469],[31.508833811021383,30.216952426589561]]]]}},
{"type":"Feature","properties":{"نمط_العمران":null,"اسم_المحور":"2","مساحة_التغير_كم2":0.022943176569297775,"نسبة_المساحه":null,"مساحة_التغير_بالمتر":null,"اسم_القطاع":"10","وصف_الاستخدام":"مخزن","GlobalID":"{92CDDBAA-E619-4D95-8B60-686D9A227F82}","SHAPE_Length":728.70724547205054,"SHAPE_Area":22943.176569297775},"geometry":{"type":"MultiPolygon","coordinates":[[[[31.512649234684329,30.216506809325775],[31.512409685267695,30.215806651403827],[31.509585357844543,30.216528217909033],[31.509824907388655,30.217228370594984],[31.512649234684329,30.216506809325775]]]]}},
{"type":"Feature","properties":{"نمط_العمران":null,"اسم_المحور":"2","مساحة_التغير_كم2":0.0017577801090391321,"نسبة_المساحه":null,"مساحة_التغير_بالمتر":null,"اسم_القطاع":"10","وصف_الاستخدام":"مخزن","GlobalID":"{A30FC7B4-43F1-456B-BA26-F33F2DF6CB10}","SHAPE_Length":169.41564036373811,"SHAPE_Area":1757.7801090391322},"geometry":{"type":"MultiPolygon","coordinates":[[[[31.512946246022178,30.204678707076067],[31.513411729272843,30.204514732081321],[31.513268603664962,30.204211268570091],[31.512803120584969,30.204375244896344],[31.512946246022178,30.204678707076067]]]]}},
{"type":"Feature","properties":{"نمط_العمران":null,"اسم_المحور":"2","مساحة_التغير_كم2":0.0021089967490163491,"نسبة_المساحه":null,"مساحة_التغير_بالمتر":null,"اسم_القطاع":"10","وصف_الاستخدام":"مخزن","GlobalID":"{6ED97B98-D6D5-4849-BF48-EE6EE79ECBDF}","SHAPE_Length":197.28923401168691,"SHAPE_Area":2108.996749016349},"geometry":{"type":"MultiPolygon","coordinates":[[[[31.537378831182515,30.208679300701245],[31.537998117777786,30.208469528056821],[31.537976333775479,30.208162938125049],[31.537344599620823,30.208372710773748],[31.537378831182515,30.208679300701245]]]]}},
{"type":"Feature","properties":{"نمط_العمران":null,"اسم_المحور":"2","مساحة_التغير_كم2":0.0028448316412009889,"نسبة_المساحه":null,"مساحة_التغير_بالمتر":null,"اسم_القطاع":"10","وصف_الاستخدام":"مخزن","GlobalID":"{DD55808A-804D-4BBE-B503-A556B230BD90}","SHAPE_Length":215.11723291911551,"SHAPE_Area":2844.831641200989},"geometry":{"type":"MultiPolygon","coordinates":[[[[31.544507608858435,30.224519419759876],[31.543955867715532,30.224783911792226],[31.544115609298156,30.225032697237097],[31.544193150833518,30.225153462539826],[31.544744892426301,30.224888971362258],[31.544507608858435,30.224519419759876]]]]}},
{"type":"Feature","properties":{"نمط_العمران":null,"اسم_المحور":"2","مساحة_التغير_كم2":0.0063248873202630838,"نسبة_المساحه":null,"مساحة_التغير_بالمتر":null,"اسم_القطاع":"10","وصف_الاستخدام":"مخزن","GlobalID":"{167E0203-A1E9-49C4-B410-2D8964337EFC}","SHAPE_Length":369.8403144116096,"SHAPE_Area":6324.8873202630839},"geometry":{"type":"MultiPolygon","coordinates":[[[[31.551806457193866,30.192950017484925],[31.551533994590965,30.192616800087116],[31.550347834006736,30.193341384605645],[31.550620296552914,30.193674598977765],[31.551806457193866,30.192950017484925]]]]}},
{"type":"Feature","properties":{"نمط_العمران":null,"اسم_المحور":"2","مساحة_التغير_كم2":0.0079182023359782635,"نسبة_المساحه":null,"مساحة_التغير_بالمتر":null,"اسم_القطاع":"10","وصف_الاستخدام":"مخزن","GlobalID":"{35ED5007-30E4-43F0-8D08-045085066B91}","SHAPE_Length":368.40959623162394,"SHAPE_Area":7918.2023359782643},"geometry":{"type":"MultiPolygon","coordinates":[[[[31.563700366751288,30.197963791442355],[31.563571511570867,30.198570128032681],[31.564755341947318,30.19875805745761],[31.564884196419655,30.198151721365122],[31.563700366751288,30.197963791442355]]]]}},
{"type":"Feature","properties":{"نمط_العمران":null,"اسم_المحور":"2","مساحة_التغير_كم2":0.001649330772195501,"نسبة_المساحه":null,"مساحة_التغير_بالمتر":null,"اسم_القطاع":"10","وصف_الاستخدام":"مخزن","GlobalID":"{8E369733-55F0-4DF1-A087-A96FC67A04A3}","SHAPE_Length":163.19557082373433,"SHAPE_Area":1649.3307721955009},"geometry":{"type":"MultiPolygon","coordinates":[[[[31.572138790193087,30.208841887555284],[31.572379764828327,30.20858298262543],[31.572017260709131,30.208331000009892],[31.571776286821152,30.208589905185466],[31.572138790193087,30.208841887555284]]]]}},
{"type":"Feature","properties":{"نمط_العمران":null,"اسم_المحور":"2","مساحة_التغير_كم2":0.0014351383131113603,"نسبة_المساحه":null,"مساحة_التغير_بالمتر":null,"اسم_القطاع":"10","وصف_الاستخدام":"مخزن","GlobalID":"{0527FD58-D5B3-4EAD-A802-FF86745E9D24}","SHAPE_Length":200.03295742325039,"SHAPE_Area":1435.1383131113603},"geometry":{"type":"MultiPolygon","coordinates":[[[[31.58419491960494,30.190873788214923],[31.584329636364771,30.190977934108606],[31.584903498199672,30.190423342132998],[31.584768781554018,30.190319195923166],[31.58419491960494,30.190873788214923]]]]}},
{"type":"Feature","properties":{"نمط_العمران":null,"اسم_المحور":"2","مساحة_التغير_كم2":0.013486721211642821,"نسبة_المساحه":null,"مساحة_التغير_بالمتر":null,"اسم_القطاع":"10","وصف_الاستخدام":"مخزن","GlobalID":"{F606BE03-34E6-4E12-86D5-6483CA00F277}","SHAPE_Length":482.34760200946482,"SHAPE_Area":13486.721211642822},"geometry":{"type":"MultiPolygon","coordinates":[[[[31.579981052960399,30.288332064937411],[31.5815566471145,30.288525112520485],[31.581685970715306,30.287738095081618],[31.580110377364043,30.287545046596538],[31.579981052960399,30.288332064937411]]]]}},
{"type":"Feature","properties":{"نمط_العمران":null,"اسم_المحور":"2","مساحة_التغير_كم2":0.0060387014786313547,"نسبة_المساحه":null,"مساحة_التغير_بالمتر":null,"اسم_القطاع":"10","وصف_الاستخدام":"مصنع","GlobalID":"{E067A1CF-C001-42BD-ABE7-4E20FC32B039}","SHAPE_Length":326.4506308311669,"SHAPE_Area":6038.7014786313548},"geometry":{"type":"MultiPolygon","coordinates":[[[[31.75764698238477,30.123836088639163],[31.756592746135134,30.123545593789927],[31.756413369657206,30.124032607562608],[31.757467606332128,30.124323101216596],[31.75764698238477,30.123836088639163]]]]}},
{"type":"Feature","properties":{"نمط_العمران":null,"اسم_المحور":"2","مساحة_التغير_كم2":0.023585735149988806,"نسبة_المساحه":null,"مساحة_التغير_بالمتر":null,"اسم_القطاع":"10","وصف_الاستخدام":"OptaLine For Medical Devices","GlobalID":"{16BDFD22-0B0D-4757-8AC7-56DB01920311}","SHAPE_Length":625.2245116459676,"SHAPE_Area":23585.735149988806},"geometry":{"type":"MultiPolygon","coordinates":[[[[31.756066134981367,30.123148121600806],[31.754881391617495,30.122831513797276],[31.754120685519947,30.12426213430907],[31.755418544990146,30.124794700457979],[31.756066134981367,30.123148121600806]]]]}},
{"type":"Feature","properties":{"نمط_العمران":null,"اسم_المحور":"2","مساحة_التغير_كم2":0.0044825559684240389,"نسبة_المساحه":null,"مساحة_التغير_بالمتر":null,"اسم_القطاع":"10","وصف_الاستخدام":"مخزن","GlobalID":"{607BAF43-50C5-4B99-A987-5A46D2180E07}","SHAPE_Length":275.76686199461028,"SHAPE_Area":4482.5559684240388},"geometry":{"type":"MultiPolygon","coordinates":[[[[31.627134061179753,30.179615624619672],[31.62706792541077,30.180383864161179],[31.627611619371496,30.180418840565061],[31.627677756145793,30.179650601579382],[31.627134061179753,30.179615624619672]]]]}},
{"type":"Feature","properties":{"نمط_العمران":null,"اسم_المحور":"2","مساحة_التغير_كم2":0.05175225510585732,"نسبة_المساحه":null,"مساحة_التغير_بالمتر":null,"اسم_القطاع":"10","وصف_الاستخدام":"مصنع","GlobalID":"{BF278CF7-7910-42DD-A574-8F703F01F1C5}","SHAPE_Length":1036.3752198574348,"SHAPE_Area":51752.255105857323},"geometry":{"type":"MultiPolygon","coordinates":[[[[31.406987069419422,30.088799627360601],[31.410417136378236,30.088992718077304],[31.410543633412885,30.087310389433227],[31.408193650867208,30.087178099109249],[31.408127718948457,30.088054943683691],[31.407047635010226,30.08799414087164],[31.406987069419422,30.088799627360601]]]]}},
{"type":"Feature","properties":{"نمط_العمران":null,"اسم_المحور":"2","مساحة_التغير_كم2":0.0020046613593913557,"نسبة_المساحه":null,"مساحة_التغير_بالمتر":null,"اسم_القطاع":"10","وصف_الاستخدام":"مخزن","GlobalID":"{E2E053A4-3D6B-456B-83AE-E6D89F80835E}","SHAPE_Length":185.78237820249382,"SHAPE_Area":2004.6613593913555},"geometry":{"type":"MultiPolygon","coordinates":[[[[31.557689291818239,30.190095177824098],[31.557128853848976,30.190304853235578],[31.557266443623263,30.190579620095964],[31.557834411159654,30.190384977029193],[31.557689291818239,30.190095177824098]]]]}},
{"type":"Feature","properties":{"نمط_العمران":null,"اسم_المحور":"2","مساحة_التغير_كم2":0.027185679794701878,"نسبة_المساحه":null,"مساحة_التغير_بالمتر":null,"اسم_القطاع":"10","وصف_الاستخدام":"مصنع","GlobalID":"{B265B154-DED0-4E13-A3FF-375EC5BB64C0}","SHAPE_Length":662.06056882444682,"SHAPE_Area":27185.679794701879},"geometry":{"type":"MultiPolygon","coordinates":[[[[31.464560434552499,30.265988939700435],[31.46344875583646,30.266924231224298],[31.464769992871595,30.268095683835195],[31.465886988348398,30.267107686369851],[31.464560434552499,30.265988939700435]]]]}},
{"type":"Feature","properties":{"نمط_العمران":null,"اسم_المحور":"2","مساحة_التغير_كم2":0.0021255828858653108,"نسبة_المساحه":null,"مساحة_التغير_بالمتر":null,"اسم_القطاع":"10","وصف_الاستخدام":"مصنع","GlobalID":"{BB36B4CC-7F35-41CB-8027-FEC3F994F7CD}","SHAPE_Length":184.59855832700146,"SHAPE_Area":2125.5828858653108},"geometry":{"type":"MultiPolygon","coordinates":[[[[31.464408597139233,30.264468345535541],[31.464086611879537,30.264753154398477],[31.464457749086446,30.265050946357164],[31.464771335709106,30.264759398351963],[31.464408597139233,30.264468345535541]]]]}},
{"type":"Feature","properties":{"نمط_العمران":null,"اسم_المحور":"2","مساحة_التغير_كم2":0.0014468631173147749,"نسبة_المساحه":null,"مساحة_التغير_بالمتر":null,"اسم_القطاع":"10","وصف_الاستخدام":"مصنع","GlobalID":"{6041EDD4-EEE2-468C-9799-C7DCAE05CE37}","SHAPE_Length":153.7074325011742,"SHAPE_Area":1446.8631173147749},"geometry":{"type":"MultiPolygon","coordinates":[[[[31.465361641711858,30.264485420260215],[31.4651158489444,30.264278125764431],[31.46479641473934,30.264560678206273],[31.46504220751287,30.264767971490212],[31.465361641711858,30.264485420260215]]]]}},
{"type":"Feature","properties":{"نمط_العمران":null,"اسم_المحور":"2","مساحة_التغير_كم2":0.11786700695212417,"نسبة_المساحه":null,"مساحة_التغير_بالمتر":null,"اسم_القطاع":"10","وصف_الاستخدام":"مصنع","GlobalID":"{C14CBDA7-D0D6-4369-8E1E-E4059BB66FBC}","SHAPE_Length":2283.8476862550947,"SHAPE_Area":117867.00695212417},"geometry":{"type":"MultiPolygon","coordinates":[[[[31.754176478468246,30.140075925608357],[31.759244983253236,30.134393445658866],[31.757678458256674,30.133518547814948],[31.757496879160712,30.133761731716707],[31.757943425169394,30.134056439292223],[31.75243917249329,30.140294440504476],[31.752093839979519,30.140704370484908],[31.753044440634064,30.141345047782721],[31.754176478468246,30.140075925608357]]]]}},
{"type":"Feature","properties":{"نمط_العمران":null,"اسم_المحور":"2","مساحة_التغير_كم2":0.17974841621280863,"نسبة_المساحه":null,"مساحة_التغير_بالمتر":null,"اسم_القطاع":"10","وصف_الاستخدام":"مصنع","GlobalID":"{88AB1B7A-2E6B-4E1B-993D-E50089C11444}","SHAPE_Length":2429.0403441401022,"SHAPE_Area":179748.41621280863},"geometry":{"type":"MultiPolygon","coordinates":[[[[31.765540273796162,30.14018950226491],[31.763214273667007,30.138828248724305],[31.762034802701123,30.140289053029154],[31.760349067671825,30.142165770697069],[31.759261318286001,30.141435071831594],[31.75810095135542,30.142715373346128],[31.76093425996693,30.14463780449859],[31.761155150705846,30.14438004390253],[31.761461823599678,30.144576574861855],[31.762619903486712,30.143225197305526],[31.763291481172221,30.143655583235539],[31.763597787452809,30.143298148831342],[31.762275539836448,30.142450768765396],[31.763207779278762,30.14136290583453],[31.764064331628081,30.141911844315498],[31.765540273796162,30.14018950226491]]]]}},
{"type":"Feature","properties":{"نمط_العمران":null,"اسم_المحور":"2","مساحة_التغير_كم2":0.14555011833276316,"نسبة_المساحه":null,"مساحة_التغير_بالمتر":null,"اسم_القطاع":"10","وصف_الاستخدام":"مصنع","GlobalID":"{996E5096-C786-4B7C-A40C-BAB8C73B3338}","SHAPE_Length":1965.9275269110217,"SHAPE_Area":145550.11833276314},"geometry":{"type":"MultiPolygon","coordinates":[[[[31.756736563910337,30.139891380462529],[31.75956987957581,30.136695384964142],[31.760789019641827,30.135320157018853],[31.759244983253236,30.134393445658866],[31.754176478468246,30.140075925608357],[31.755685793866935,30.141076629694201],[31.756736563910337,30.139891380462529]]]]}},
{"type":"Feature","properties":{"نمط_العمران":null,"اسم_المحور":"2","مساحة_التغير_كم2":0.14738630489471849,"نسبة_المساحه":null,"مساحة_التغير_بالمتر":null,"اسم_القطاع":"10","وصف_الاستخدام":"مصنع","GlobalID":"{C26923AB-2A16-4FAE-8B11-CDF7610C2319}","SHAPE_Length":2007.2288894447524,"SHAPE_Area":147386.30489471849},"geometry":{"type":"MultiPolygon","coordinates":[[[[31.76093425996693,30.14463780449859],[31.75810095135542,30.142715373346128],[31.755685793866935,30.141076629694201],[31.754176478468246,30.140075925608357],[31.753044440634064,30.141345047782721],[31.75983443834555,30.145921185168589],[31.76093425996693,30.14463780449859]]]]}},
{"type":"Feature","properties":{"نمط_العمران":null,"اسم_المحور":"2","مساحة_التغير_كم2":0.14372371126016209,"نسبة_المساحه":null,"مساحة_التغير_بالمتر":null,"اسم_القطاع":"10","وصف_الاستخدام":"مصنع","GlobalID":"{F2809296-D7F4-4AD4-9113-615607C9CAB4}","SHAPE_Length":1930.5930627595449,"SHAPE_Area":143723.71126016209},"geometry":{"type":"MultiPolygon","coordinates":[[[[31.767245460436516,30.13948059740947],[31.766534041188596,30.139029812774311],[31.766680989661843,30.138856366492899],[31.765819723479943,30.138339465318623],[31.762972602573836,30.13663070356974],[31.760789019641827,30.135320157018853],[31.75956987957581,30.136695384964142],[31.761040801718728,30.137556240626868],[31.762013663937562,30.138125602383028],[31.763214273667007,30.138828248724305],[31.765540273796162,30.14018950226491],[31.766256144178673,30.140648289125028],[31.767245460436516,30.13948059740947]]]]}},
{"type":"Feature","properties":{"نمط_العمران":null,"اسم_المحور":"2","مساحة_التغير_كم2":0.079071786469691346,"نسبة_المساحه":null,"مساحة_التغير_بالمتر":null,"اسم_القطاع":"10","وصف_الاستخدام":"مصنع","GlobalID":"{485D8561-8B54-47AF-8A14-B36C190475FF}","SHAPE_Length":1250.2363146326149,"SHAPE_Area":79071.786469691346},"geometry":{"type":"MultiPolygon","coordinates":[[[[31.761040801718728,30.137556240626868],[31.75956987957581,30.136695384964142],[31.756736563910337,30.139891380462529],[31.758281297859664,30.140835870094129],[31.761040801718728,30.137556240626868]]]]}},
{"type":"Feature","properties":{"نمط_العمران":null,"اسم_المحور":"2","مساحة_التغير_كم2":0.08000838312375691,"نسبة_المساحه":null,"مساحة_التغير_بالمتر":null,"اسم_القطاع":"10","وصف_الاستخدام":"مصنع","GlobalID":"{9FEB8C36-BC5E-4660-9E6E-F9D412ACD086}","SHAPE_Length":1412.2418317457573,"SHAPE_Area":80008.38312375691},"geometry":{"type":"MultiPolygon","coordinates":[[[[31.760947054544985,30.13955834193785],[31.762034802701123,30.140289053029154],[31.763214273667007,30.138828248724305],[31.762013663937562,30.138125602383028],[31.761040801718728,30.137556240626868],[31.758281297859664,30.140835870094129],[31.759261318286001,30.141435071831594],[31.760947054544985,30.13955834193785]]]]}},
{"type":"Feature","properties":{"نمط_العمران":null,"اسم_المحور":"2","مساحة_التغير_كم2":0.051288752048238351,"نسبة_المساحه":null,"مساحة_التغير_بالمتر":null,"اسم_القطاع":"10","وصف_الاستخدام":"شركة فيلو إيجي للصناعات الشكاير","GlobalID":"{001EF044-6496-47E7-9CCE-66971270B81B}","SHAPE_Length":938.9664158494511,"SHAPE_Area":51288.752048238348},"geometry":{"type":"MultiPolygon","coordinates":[[[[31.759261318286001,30.141435071831594],[31.758281297859664,30.140835870094129],[31.756736563910337,30.139891380462529],[31.755685793866935,30.141076629694201],[31.75810095135542,30.142715373346128],[31.759261318286001,30.141435071831594]]]]}},
{"type":"Feature","properties":{"نمط_العمران":null,"اسم_المحور":"2","مساحة_التغير_كم2":0.16341408379183134,"نسبة_المساحه":null,"مساحة_التغير_بالمتر":null,"اسم_القطاع":"10","وصف_الاستخدام":"مصنع","GlobalID":"{9B1DEAD6-E8B3-4AB3-83C2-A50CA96D51FE}","SHAPE_Length":3349.9521241261805,"SHAPE_Area":163414.08379183133},"geometry":{"type":"MultiPolygon","coordinates":[[[[31.762778673718874,30.124378496869621],[31.762145878544999,30.124232293222931],[31.762213123879967,30.123854247140986],[31.762856689662279,30.123939884956052],[31.762992089424692,30.122794685661315],[31.762423440958859,30.122799486027908],[31.762420438481843,30.122533118844206],[31.762989084359788,30.122528320242182],[31.763209146864995,30.120294971193939],[31.761257371853347,30.120292204513458],[31.761253035984684,30.120438416535961],[31.761140642936809,30.120435923339063],[31.761093333793546,30.122031918532354],[31.76081601388324,30.122025769128349],[31.760795598217587,30.122023948924138],[31.760775374065229,30.122020916611135],[31.760755436539817,30.122016686450451],[31.760735879406603,30.122011278333694],[31.760716794642043,30.122004717696896],[31.760698272000454,30.121997035394298],[31.760680398593362,30.121988267555054],[31.760663258478026,30.121978455413714],[31.760646932263551,30.121967645118282],[31.760631496731158,30.12195588750604],[31.760617024472822,30.121943237875385],[31.760603583550619,30.121929755714717],[31.760591237176111,30.121915504430547],[31.760580043412983,30.121900551046615],[31.760570054904235,30.121884965887332],[31.760561318624859,30.121868822249436],[31.760553875660342,30.121852196053556],[31.760547761013864,30.121835165493852],[31.760543003441303,30.121817810663224],[31.760539625316596,30.121800213178716],[31.760537642526071,30.121782455801451],[31.760537064394153,30.121764622043713],[31.760537893638453,30.121746795775302],[31.760272979077396,30.123864647225144],[31.760208986443665,30.124290270564277],[31.760123907656663,30.124713094247266],[31.760017901216735,30.125132329232404],[31.759891164685005,30.125547193171418],[31.759743934316592,30.125956911856996],[31.75957648462165,30.126360720682133],[31.759389127854554,30.126757866055648],[31.760024021394461,30.126995821131196],[31.76197576235656,30.127484771033057],[31.762114316909308,30.127045960739757],[31.76224497019674,30.126605322904076],[31.762367690451349,30.126162965020026],[31.762482447842405,30.125718994993839],[31.762589214482485,30.125273521125813],[31.762687964434797,30.124826652083449],[31.762778673718874,30.124378496869621]],[[31.760895028827235,30.126851783376654],[31.761018499646916,30.126548635876826],[31.761506704062032,30.12669738489673],[31.761383234537657,30.12700053108134],[31.760895028827235,30.126851783376654]],[[31.760783763823778,30.12405908075085],[31.761294158446741,30.124171845193242],[31.761211254608799,30.124452573762579],[31.76070085761053,30.124339809856995],[31.760783763823778,30.12405908075085]],[[31.761813187042481,30.122869063043623],[31.762359643940957,30.122869063247833],[31.762359644730537,30.123216959124836],[31.761813186964972,30.123216957974257],[31.761813187042481,30.122869063043623]],[[31.761039271846439,30.122216456493849],[31.761527933631086,30.122237214480101],[31.761497420873877,30.122774653874739],[31.761008760585888,30.12275389754587],[31.761039271846439,30.122216456493849]],[[31.761959510393311,30.121120725293046],[31.761976844744513,30.120588372371678],[31.762844340978077,30.120609511083448],[31.762827004026683,30.121141862375548],[31.761959510393311,30.121120725293046]]]]}},
{"type":"Feature","properties":{"نمط_العمران":null,"اسم_المحور":"2","مساحة_التغير_كم2":0.14222128993068175,"نسبة_المساحه":null,"مساحة_التغير_بالمتر":null,"اسم_القطاع":"10","وصف_الاستخدام":"مصنع","GlobalID":"{34C62D17-9AB6-48CA-8852-9E676B0CBC50}","SHAPE_Length":1952.3415010116121,"SHAPE_Area":142221.28993068176},"geometry":{"type":"MultiPolygon","coordinates":[[[[31.771240198398537,30.127958832725398],[31.770403248426998,30.127762210707939],[31.769567218781841,30.127562658026918],[31.768732123062552,30.127360177934207],[31.767897974852815,30.127154773724683],[31.767064787721015,30.12694644874292],[31.766232575219465,30.126735206382968],[31.765401350884229,30.126521050081987],[31.765157561602123,30.126457638712466],[31.764913858971287,30.126393976652864],[31.764670243333345,30.126330063996196],[31.764426715029924,30.12626590082953],[31.764183274402143,30.126201487243744],[31.76393992179127,30.126136823330214],[31.763696657538343,30.126071909177281],[31.763636080886897,30.126319830980012],[31.7635733535116,30.126567348321707],[31.76350847896904,30.126814447106092],[31.763441460938424,30.127061113257518],[31.763372303221065,30.127307332728808],[31.763301009740058,30.127553091494789],[31.763227584540459,30.127798375557127],[31.763217496805009,30.127831492819894],[31.763207370216705,30.127864601121487],[31.763197204786323,30.127897700429227],[31.763187000524336,30.127930790706113],[31.763176757441162,30.12796387191996],[31.763166475547582,30.127996944034816],[31.763156154854162,30.128030007017244],[31.764468266179321,30.128460152600844],[31.76464354066907,30.128060197110713],[31.770761144731946,30.129520410392658],[31.770967160165078,30.128874762428868],[31.771008358969436,30.128744417604995],[31.77104882822066,30.128613900207672],[31.771088566964462,30.128483213321161],[31.771127574264739,30.128352360034345],[31.771165849202294,30.128221343440504],[31.771203390875002,30.128090166637232],[31.771240198398537,30.127958832725398]]]]}},
{"type":"Feature","properties":{"نمط_العمران":null,"اسم_المحور":"2","مساحة_التغير_كم2":0.11173392398953842,"نسبة_المساحه":null,"مساحة_التغير_بالمتر":null,"اسم_القطاع":"10","وصف_الاستخدام":"مصنع","GlobalID":"{582BE767-B56D-41CA-81BD-A7876B94C458}","SHAPE_Length":1675.0897478106617,"SHAPE_Area":111733.92398953842},"geometry":{"type":"MultiPolygon","coordinates":[[[[31.766186617853926,30.120299192802506],[31.764489431248169,30.120296786972702],[31.76446026098283,30.120911885325391],[31.764418120328376,30.12152641515798],[31.764363023217129,30.122140169795269],[31.764294987940101,30.122752942814],[31.764214037140896,30.123364528120256],[31.764120197808786,30.123974720015049],[31.764013501269432,30.124583313262239],[31.763972971833059,30.124796708393003],[31.763930861405473,30.12500987206651],[31.763887171725141,30.125222795434738],[31.763841904596099,30.125435469654228],[31.763795061887681,30.125647885895535],[31.763746645535033,30.125860035341091],[31.763696657538343,30.126071909177281],[31.763939921791422,30.126136823330214],[31.764183274402303,30.126201487243751],[31.764426715030076,30.12626590082953],[31.764670243333661,30.12633006399512],[31.764913858971436,30.126393976652871],[31.76515756160229,30.12645763871139],[31.765401350884229,30.126521050081987],[31.765588462161528,30.125640707894281],[31.7657507326239,30.124756648751408],[31.765888065732309,30.123869402210119],[31.766000379892855,30.122979499720103],[31.766087608503931,30.122087474308881],[31.766149699994596,30.121193860262473],[31.766186617853926,30.120299192802506]]]]}},
{"type":"Feature","properties":{"نمط_العمران":null,"اسم_المحور":"2","مساحة_التغير_كم2":0.12158179160053485,"نسبة_المساحه":null,"مساحة_التغير_بالمتر":null,"اسم_القطاع":"10","وصف_الاستخدام":"مصنع","GlobalID":"{E8CA9A20-4320-4685-B528-0C25D4F1CD2B}","SHAPE_Length":1820.9837073744525,"SHAPE_Area":121581.79160053485},"geometry":{"type":"MultiPolygon","coordinates":[[[[31.766186617853926,30.120299192802506],[31.766180446352038,30.120502412466053],[31.766172975638355,30.12070559916339],[31.766164205935535,30.120908746618966],[31.766154137506593,30.121111848555628],[31.766142770654703,30.121314898698156],[31.766130105722986,30.121517890775422],[31.76611614309472,30.12172081851455],[31.772128600691588,30.121735777328357],[31.773470790381428,30.121747761389095],[31.773528705874295,30.121746773667706],[31.773586399869647,30.121742265074332],[31.773643589481146,30.121734257713918],[31.773699994294226,30.121722790848064],[31.773755337743602,30.121707920701571],[31.773809348468067,30.121689720186318],[31.773861761641339,30.12166827854195],[31.77391232027075,30.121643700903743],[31.773960776457852,30.121616107779687],[31.77400689261265,30.121585634464775],[31.774050442620364,30.121552430377452],[31.774091212948406,30.1215166583222],[31.774129003694679,30.121478493697943],[31.774163629566953,30.121438123632597],[31.774194920791867,30.121395746069641],[31.774222723946654,30.121351568792601],[31.774246902712367,30.121305808411293],[31.774267338541044,30.12125868929655],[31.774283931237878,30.121210442482003],[31.77429659945172,30.121161304528378],[31.774305281074163,30.121111516368714],[31.774309933543947,30.121061322119264],[31.774310534055477,30.121010967890722],[31.774307079670596,30.120960700575857],[31.774299587332603,30.120910766641664],[31.774288093783571,30.12086141092162],[31.774272655383417,30.12081287541049],[31.774253347833881,30.120765398083744],[31.774230265807592,30.120719211726072],[31.774203522482935,30.120674542795335],[31.774173248989381,30.120631610304258],[31.774139593764716,30.120590624756982],[31.774102721827116,30.12055178710651],[31.774062813965774,30.120515287776904],[31.774020065854511,30.120481305726845],[31.773974687092434,30.120450007570422],[31.773926900176125,30.12042154676524],[31.773876939409003,30.12039606285569],[31.77382504975213,30.120373680790092],[31.773771485623712,30.120354510308157],[31.773716509651301,30.1203386454034],[31.773660391384126,30.120326163861559],[31.77360340597177,30.120317126879861],[31.773545832815863,30.120311578766731],[31.773487954198437,30.120309546724872],[31.766186617853926,30.120299192802506]]]]}},
{"type":"Feature","properties":{"نمط_العمران":null,"اسم_المحور":"2","مساحة_التغير_كم2":0.21525285795714816,"نسبة_المساحه":null,"مساحة_التغير_بالمتر":null,"اسم_القطاع":"10","وصف_الاستخدام":"مصنع","GlobalID":"{C38FD496-FB63-4B62-AE28-C38D5287ED59}","SHAPE_Length":3823.0821233406841,"SHAPE_Area":215252.85795714817},"geometry":{"type":"MultiPolygon","coordinates":[[[[31.760312166355842,30.133145059476266],[31.760616582842648,30.132788952304089],[31.761054126258319,30.132141388309538],[31.76146742585258,30.131481901378319],[31.76185605252013,30.13081117697871],[31.762219602826086,30.130129912239752],[31.762557699422757,30.129438815237403],[31.762869991441434,30.128738604251765],[31.763156154854162,30.128030007017244],[31.763166475547582,30.127996944034816],[31.763176757441162,30.12796387191996],[31.763187000524336,30.127930790706113],[31.763197204786323,30.127897700429227],[31.763207370216705,30.127864601121487],[31.763217496805009,30.127831492819894],[31.763227584540459,30.127798375557127],[31.76197576235656,30.127484771033057],[31.760024021394461,30.126995821131196],[31.759828318612801,30.127549142083513],[31.759608049491433,30.128095441107028],[31.759363545787028,30.128633894410161],[31.759095175819319,30.129163690020615],[31.758803343916579,30.129684029012175],[31.758488489808553,30.130194126704836],[31.758151087965047,30.130693213852567],[31.757920519378487,30.131016813445981],[31.757148628121062,30.130605416805231],[31.756872518658827,30.13099293354232],[31.757925546510485,30.131607456869304],[31.758394195231372,30.130951652387484],[31.75869394116728,30.131111879632002],[31.758861244669387,30.130877763624063],[31.758561498127019,30.130717534954083],[31.758947241351258,30.130177737449497],[31.759617844605838,30.130536208323846],[31.758511803766687,30.132083947054209],[31.758102596035194,30.131865209608705],[31.758186939767441,30.131747182265613],[31.757925546510485,30.131607456869304],[31.757450877387232,30.132462187649079],[31.757771608095744,30.13242845077782],[31.757803013326757,30.132651779446189],[31.757482280851701,30.132685517265397],[31.757644523564942,30.133214715790764],[31.757813838495267,30.133337237384563],[31.757678458256674,30.133518547814948],[31.759244983253236,30.134393445658866],[31.760312166355842,30.133145059476266]],[[31.75852682213031,30.132393133200523],[31.758907932935127,30.131969349065994],[31.759142879414387,30.132127390876331],[31.758843454145062,30.132460347214305],[31.759063098143152,30.13260809501908],[31.758848856009383,30.132846326041069],[31.758667319182713,30.132724212658161],[31.758799879414489,30.132576809563897],[31.75852682213031,30.132393133200523]],[[31.759051260921538,30.131778376149704],[31.759231510853883,30.131556530235045],[31.759391876661304,30.131653993044818],[31.759211628992688,30.131875837396752],[31.759051260921538,30.131778376149704]],[[31.759325635524249,30.129448563336716],[31.759559244889228,30.128990191357026],[31.761167638618439,30.129603371017897],[31.76093403200629,30.130061738739524],[31.759325635524249,30.129448563336716]]]]}},
{"type":"Feature","properties":{"نمط_العمران":null,"اسم_المحور":"2","مساحة_التغير_كم2":0.10241906986597873,"نسبة_المساحه":null,"مساحة_التغير_بالمتر":null,"اسم_القطاع":"10","وصف_الاستخدام":"مصنع","GlobalID":"{3C35763F-1EDE-4849-8CBD-BC4EFDC80B94}","SHAPE_Length":1898.6544354896271,"SHAPE_Area":102419.06986597873},"geometry":{"type":"MultiPolygon","coordinates":[[[[31.764489431248169,30.120296786972702],[31.763209146864995,30.120294971193939],[31.762989084359788,30.122528320242182],[31.762992089424692,30.122794685661315],[31.762856689662279,30.123939884956052],[31.762778673718874,30.124378496869621],[31.762687964434754,30.124826652082735],[31.762589214482485,30.125273521125813],[31.762482447842405,30.125718994993839],[31.762367690451349,30.126162965020026],[31.762244970196733,30.126605322904076],[31.762114316909269,30.127045960739043],[31.76197576235656,30.127484771033057],[31.763227584540459,30.127798375557127],[31.763301013116152,30.127553092273097],[31.763372309001692,30.127307334049316],[31.763441468148319,30.127061114896982],[31.763508486629103,30.126814448851974],[31.763573360639434,30.126567349977591],[31.763636086496586,30.12631983236022],[31.763696660640811,30.126071910108841],[31.76388032056251,30.125255481852381],[31.76404065059738,30.124435348097787],[31.764177552859159,30.123612012512407],[31.764290943856146,30.122785980710649],[31.764380754541484,30.121957759954654],[31.764446930353515,30.121127858838179],[31.764489431248169,30.120296786972702]]]]}},
{"type":"Feature","properties":{"نمط_العمران":null,"اسم_المحور":"2","مساحة_التغير_كم2":0.075667958971093727,"نسبة_المساحه":null,"مساحة_التغير_بالمتر":null,"اسم_القطاع":"10","وصف_الاستخدام":"مصنع","GlobalID":"{9489400E-C6D4-486F-BC23-06C8E06A5F4D}","SHAPE_Length":1216.4406543163932,"SHAPE_Area":75667.958971093729},"geometry":{"type":"MultiPolygon","coordinates":[[[[31.764019448185813,30.135320951371551],[31.760312166355842,30.133145059476266],[31.759244983253236,30.134393445658866],[31.760789019641827,30.135320157018853],[31.762972602573836,30.13663070356974],[31.764019448185813,30.135320951371551]]]]}},
{"type":"Feature","properties":{"نمط_العمران":null,"اسم_المحور":"2","مساحة_التغير_كم2":0.059349353522384567,"نسبة_المساحه":null,"مساحة_التغير_بالمتر":null,"اسم_القطاع":"10","وصف_الاستخدام":"مصنع","GlobalID":"{5ECBD30D-3212-4A8C-91D9-B1FDA64C469D}","SHAPE_Length":1022.0365508117684,"SHAPE_Area":59349.353522384568},"geometry":{"type":"MultiPolygon","coordinates":[[[[31.766873800552546,30.136996208469775],[31.764019448185813,30.135320951371551],[31.762972602573836,30.13663070356974],[31.765819723479943,30.138339465318623],[31.766873800552546,30.136996208469775]]]]}},
{"type":"Feature","properties":{"نمط_العمران":null,"اسم_المحور":"2","مساحة_التغير_كم2":0.056350246047863262,"نسبة_المساحه":null,"مساحة_التغير_بالمتر":null,"اسم_القطاع":"10","وصف_الاستخدام":"MG GROUP","GlobalID":"{E371E774-387B-4AFD-8BCD-25F2B6F0E8FB}","SHAPE_Length":1257.0825257535421,"SHAPE_Area":56350.246047863264},"geometry":{"type":"MultiPolygon","coordinates":[[[[31.765819723479943,30.138339465318623],[31.766680989661843,30.138856366492899],[31.767081317209136,30.1383838534238],[31.767478138247114,30.137897409559233],[31.767854515451482,30.13739884314791],[31.76820995939006,30.136888802909851],[31.768544007890945,30.136367952488708],[31.768856226642288,30.135836969580964],[31.769146209755586,30.135296545059354],[31.769413580293229,30.134747382069833],[31.768490674283825,30.134238201472794],[31.766873800552546,30.136996208469775],[31.765819723479943,30.138339465318623]]]]}},
{"type":"Feature","properties":{"نمط_العمران":null,"اسم_المحور":"2","مساحة_التغير_كم2":0.12266865054470573,"نسبة_المساحه":null,"مساحة_التغير_بالمتر":null,"اسم_القطاع":"10","وصف_الاستخدام":"مصنع","GlobalID":"{F48F29EA-5C7C-44FE-A647-1EFF3832744A}","SHAPE_Length":1409.3404633235928,"SHAPE_Area":122668.65054470573},"geometry":{"type":"MultiPolygon","coordinates":[[[[31.778204730758969,30.219577631373376],[31.779977646796091,30.21758306626128],[31.777359033405027,30.215869049775876],[31.774881585880763,30.21869532584028],[31.777521235326272,30.220346565704279],[31.778204730758969,30.219577631373376]]]]}},
{"type":"Feature","properties":{"نمط_العمران":null,"اسم_المحور":"2","مساحة_التغير_كم2":0.09709748180023875,"نسبة_المساحه":null,"مساحة_التغير_بالمتر":null,"اسم_القطاع":"10","وصف_الاستخدام":"مصنع","GlobalID":"{010AE501-9DFD-4D1C-8219-FAEB40B31BED}","SHAPE_Length":1255.7499721343604,"SHAPE_Area":97097.481800238747},"geometry":{"type":"MultiPolygon","coordinates":[[[[31.775825672867533,30.222254057103957],[31.777241119384609,30.220661696750586],[31.777521235326272,30.220346565704279],[31.774881585880763,30.21869532584028],[31.772916083158673,30.220937517239758],[31.775277190990263,30.222482904418772],[31.775604629105381,30.22210938097809],[31.775825672867533,30.222254057103957]]]]}},
{"type":"Feature","properties":{"نمط_العمران":null,"اسم_المحور":"2","مساحة_التغير_كم2":0.095102811900727308,"نسبة_المساحه":null,"مساحة_التغير_بالمتر":null,"اسم_القطاع":"10","وصف_الاستخدام":"مصنع","GlobalID":"{ADA580A1-29B2-46F0-BB9C-E70EEF76DEF0}","SHAPE_Length":1238.8828368846862,"SHAPE_Area":95102.811900727305},"geometry":{"type":"MultiPolygon","coordinates":[[[[31.782816784625822,30.219441392594916],[31.779977646796091,30.21758306626128],[31.778204730758969,30.219577631373376],[31.780943828611001,30.221420540721166],[31.782816784625822,30.219441392594916]]]]}},
{"type":"Feature","properties":{"نمط_العمران":null,"اسم_المحور":"2","مساحة_التغير_كم2":0.093861008863132908,"نسبة_المساحه":null,"مساحة_التغير_بالمتر":null,"اسم_القطاع":"10","وصف_الاستخدام":"مصنع","GlobalID":"{9EEF9A1F-F7DA-4130-AF18-602F2F4BA79B}","SHAPE_Length":1531.3442834289674,"SHAPE_Area":93861.008863132913},"geometry":{"type":"MultiPolygon","coordinates":[[[[31.783230187901555,30.222958811383641],[31.780943828611001,30.221420540721166],[31.778204730758969,30.219577631373376],[31.777521235326272,30.220346565704279],[31.777241119384609,30.220661696750586],[31.779713885635037,30.222342187990776],[31.782256175288996,30.224069897648359],[31.783230187901555,30.222958811383641]]]]}},
{"type":"Feature","properties":{"نمط_العمران":null,"اسم_المحور":"2","مساحة_التغير_كم2":0.081743305306546846,"نسبة_المساحه":null,"مساحة_التغير_بالمتر":null,"اسم_القطاع":"10","وصف_الاستخدام":"مصنع","GlobalID":"{7202FAB6-08AB-4FFC-BD96-4909C3D4FC8A}","SHAPE_Length":1568.6256087341787,"SHAPE_Area":81743.305306546841},"geometry":{"type":"MultiPolygon","coordinates":[[[[31.782816784625822,30.219441392594916],[31.780943828611001,30.221420540721166],[31.783230187901555,30.222958811383641],[31.784068451999534,30.222002568120818],[31.784858974234599,30.222519975506739],[31.785829252354258,30.221413132025052],[31.785038730496776,30.220895718753194],[31.784218698777032,30.221831173136557],[31.783522923457078,30.221375775213762],[31.784342955701767,30.220440316156733],[31.782816784625822,30.219441392594916]]]]}},
{"type":"Feature","properties":{"نمط_العمران":null,"اسم_المحور":"2","مساحة_التغير_كم2":0.067011681828238079,"نسبة_المساحه":null,"مساحة_التغير_بالمتر":null,"اسم_القطاع":"10","وصف_الاستخدام":"مصنع","GlobalID":"{38A394FB-ECE9-4422-81CD-35486D20DE00}","SHAPE_Length":1047.9244861735701,"SHAPE_Area":67011.681828238085},"geometry":{"type":"MultiPolygon","coordinates":[[[[31.779713885635037,30.222342187990776],[31.777241119384609,30.220661696750586],[31.775825672867533,30.222254057103957],[31.77703872878454,30.223048016272767],[31.778428942997664,30.223902688700814],[31.779713885635037,30.222342187990776]]]]}},
{"type":"Feature","properties":{"نمط_العمران":null,"اسم_المحور":"2","مساحة_التغير_كم2":0.14632348626320457,"نسبة_المساحه":null,"مساحة_التغير_بالمتر":null,"اسم_القطاع":"10","وصف_الاستخدام":"مصنع","GlobalID":"{5F602763-ABC7-4EEE-824A-6513C3F72AD6}","SHAPE_Length":1708.7940303756188,"SHAPE_Area":146323.48626320457},"geometry":{"type":"MultiPolygon","coordinates":[[[[31.782256175288996,30.224069897648359],[31.779713885635037,30.222342187990776],[31.778428942997664,30.223902688700814],[31.77703872878454,30.223048016272767],[31.775958054752206,30.224280771065281],[31.779854251611262,30.226809791968051],[31.782256175288996,30.224069897648359]]]]}},
{"type":"Feature","properties":{"نمط_العمران":null,"اسم_المحور":"2","مساحة_التغير_كم2":0.13572981330269951,"نسبة_المساحه":null,"مساحة_التغير_بالمتر":null,"اسم_القطاع":"10","وصف_الاستخدام":"مصنع","GlobalID":"{5550EC16-5939-4AC3-A872-45122E3F8287}","SHAPE_Length":1747.9779290210813,"SHAPE_Area":135729.81330269951},"geometry":{"type":"MultiPolygon","coordinates":[[[[31.767649304204184,30.228498863133936],[31.766699287945478,30.227807903952069],[31.766516988905643,30.228008466973453],[31.76640186255656,30.227933119997989],[31.766111075924815,30.228264813003236],[31.764517672131387,30.227221965700998],[31.763355914149059,30.228509110434015],[31.767767183062467,30.231481465462522],[31.768378697440276,30.230803975629993],[31.769046105121156,30.231253677218749],[31.770064019782701,30.230125935199727],[31.767649304204184,30.228498863133936]]]]}},
{"type":"Feature","properties":{"نمط_العمران":null,"اسم_المحور":"2","مساحة_التغير_كم2":0.24712212027698302,"نسبة_المساحه":null,"مساحة_التغير_بالمتر":null,"اسم_القطاع":"10","وصف_الاستخدام":"مصنع","GlobalID":"{2D0643C3-B37D-45B1-A6A6-9A823C2BE8E1}","SHAPE_Length":2350.6030722591081,"SHAPE_Area":247122.12027698301},"geometry":{"type":"MultiPolygon","coordinates":[[[[31.779854251611262,30.226809791968051],[31.775958054752206,30.224280771065281],[31.772162847677041,30.221796773777935],[31.770470609389662,30.223658651314231],[31.77157440149546,30.224370529581705],[31.774086207597243,30.22615347219158],[31.776882872544924,30.227887598857112],[31.777604635009688,30.228399908018091],[31.77769447131152,30.228411518681387],[31.777785031406307,30.228417547793622],[31.777875855997657,30.228417964774529],[31.777966484448083,30.22841276750826],[31.778056457114058,30.228401982355809],[31.77814531767903,30.228385664013697],[31.77823261546683,30.228363895245636],[31.778317907728216,30.228336786456296],[31.778400761885873,30.228304475132404],[31.778480757729611,30.228267125146697],[31.778557489546468,30.228224925929499],[31.778630568179477,30.22817809150099],[31.778699623000826,30.228126859391487],[31.779854251611262,30.226809791968051]]]]}},
{"type":"Feature","properties":{"نمط_العمران":null,"اسم_المحور":"2","مساحة_التغير_كم2":0.074128386464557897,"نسبة_المساحه":null,"مساحة_التغير_بالمتر":null,"اسم_القطاع":"10","وصف_الاستخدام":"مصنع","GlobalID":"{13D44A9E-9A68-4DC7-89CF-F0CFE4B0C97F}","SHAPE_Length":1430.7965546886019,"SHAPE_Area":74128.386464557901},"geometry":{"type":"MultiPolygon","coordinates":[[[[31.77157440149546,30.224370529581705],[31.770470609389662,30.223658651314231],[31.766699287945478,30.227807903952069],[31.767649304204184,30.228498863133936],[31.77157440149546,30.224370529581705]]]]}},
{"type":"Feature","properties":{"نمط_العمران":null,"اسم_المحور":"2","مساحة_التغير_كم2":0.10885488296738323,"نسبة_المساحه":null,"مساحة_التغير_بالمتر":null,"اسم_القطاع":"10","وصف_الاستخدام":"مصنع","GlobalID":"{DF9E39DD-E43F-483A-AE1A-6DDDFBD06BCA}","SHAPE_Length":2050.4705822138703,"SHAPE_Area":108854.88296738322},"geometry":{"type":"MultiPolygon","coordinates":[[[[31.775706949379892,30.235739105109488],[31.776087775402694,30.235338595957707],[31.775526655836217,30.234940339393745],[31.775145829147867,30.235340850526509],[31.771951759231232,30.233073829060512],[31.77285340488125,30.232125556396067],[31.771465155320524,30.231140206905089],[31.770531900239732,30.232121733682096],[31.769902680463005,30.231675128442099],[31.769181023793038,30.232434108494569],[31.771920258084283,30.234378320671059],[31.774953682894274,30.236531295006873],[31.775706949379892,30.235739105109488]]]]}},
{"type":"Feature","properties":{"نمط_العمران":null,"اسم_المحور":"2","مساحة_التغير_كم2":0.037409210236716013,"نسبة_المساحه":null,"مساحة_التغير_بالمتر":null,"اسم_القطاع":"10","وصف_الاستخدام":"مصنع","GlobalID":"{92E64CDE-6187-4F87-8D31-E5C844C49233}","SHAPE_Length":804.04102287114495,"SHAPE_Area":37409.210236716011},"geometry":{"type":"MultiPolygon","coordinates":[[[[31.773924124173298,30.230999455041097],[31.77200775658816,30.229621908071312],[31.771077561487512,30.230600233154025],[31.771615517507811,30.230982066371883],[31.771465155320524,30.231140206905089],[31.77285340488125,30.232125556396067],[31.773924124173298,30.230999455041097]]]]}},
{"type":"Feature","properties":{"نمط_العمران":null,"اسم_المحور":"2","مساحة_التغير_كم2":0.15489181556962764,"نسبة_المساحه":null,"مساحة_التغير_بالمتر":null,"اسم_القطاع":"10","وصف_الاستخدام":"مصنع","GlobalID":"{67228ACE-A57A-4455-8EFC-76CED2085EED}","SHAPE_Length":3203.9365017485652,"SHAPE_Area":154891.81556962765},"geometry":{"type":"MultiPolygon","coordinates":[[[[31.758342891796826,30.220607212537683],[31.753745125273902,30.217391990975802],[31.753022080850858,30.218230012020044],[31.754543679624234,30.219210298265182],[31.753410356750269,30.220523810397676],[31.755349077900686,30.221718246748306],[31.756290367604905,30.22078869554646],[31.756751349275696,30.221137235151666],[31.755810059394168,30.222066782417791],[31.756642281967249,30.222709100863103],[31.7561095812564,30.223288846927968],[31.757864622705405,30.224492853914853],[31.759461190957413,30.222755292716503],[31.758591079952424,30.222158363690511],[31.757833323511043,30.222983044310524],[31.756806901158786,30.222278882069098],[31.758342891796826,30.220607212537683]],[[31.755804175862878,30.220136116624364],[31.756186935079679,30.220422952640774],[31.755304587827066,30.221302080760807],[31.75492182583422,30.22101524576993],[31.755804175862878,30.220136116624364]]]]}},
{"type":"Feature","properties":{"نمط_العمران":null,"اسم_المحور":"2","مساحة_التغير_كم2":0.28219111346448872,"نسبة_المساحه":null,"مساحة_التغير_بالمتر":null,"اسم_القطاع":"10","وصف_الاستخدام":"مصنع","GlobalID":"{19C10D84-6229-4CED-A487-12301833B09C}","SHAPE_Length":3065.2668352547344,"SHAPE_Area":282191.11346448871},"geometry":{"type":"MultiPolygon","coordinates":[[[[31.759755620413468,30.209274425655195],[31.760853570930092,30.20805882763657],[31.759620030510362,30.207226722211168],[31.761486883366423,30.205159781764891],[31.759874630180107,30.204072176128385],[31.75906095920724,30.20497307018724],[31.75730183332643,30.203786381489074],[31.75811550379191,30.202885476654526],[31.756800824317633,30.201998591719441],[31.754161591816668,30.204920773201493],[31.758030302310633,30.207607665023364],[31.757465459148662,30.208215078122915],[31.757245400734757,30.208451720716919],[31.757065638012843,30.208645030868258],[31.757945158595923,30.209255856357686],[31.757148060974362,30.210113015434601],[31.758270715754591,30.210847450000195],[31.759755620413468,30.209274425655195]]]]}},
{"type":"Feature","properties":{"نمط_العمران":null,"اسم_المحور":"2","مساحة_التغير_كم2":0.099295765936168692,"نسبة_المساحه":null,"مساحة_التغير_بالمتر":null,"اسم_القطاع":"10","وصف_الاستخدام":"مصنع","GlobalID":"{3EE89BB8-E23E-4C91-88BE-63859FF2448B}","SHAPE_Length":1516.7199939925556,"SHAPE_Area":99295.765936168696},"geometry":{"type":"MultiPolygon","coordinates":[[[[31.753409995949475,30.213796374551809],[31.749672494233554,30.211240525760463],[31.748333625273784,30.212780922468657],[31.750179208950417,30.21397885096102],[31.751967760209649,30.215139746279039],[31.752506157332252,30.214520323696551],[31.753450371238724,30.215133180075057],[31.753845045140071,30.214679110254878],[31.75307638459288,30.214180196031407],[31.753377891260303,30.213833311796265],[31.753409995949475,30.213796374551809]]]]}},
{"type":"Feature","properties":{"نمط_العمران":null,"اسم_المحور":"2","مساحة_التغير_كم2":0.40144518552537534,"نسبة_المساحه":null,"مساحة_التغير_بالمتر":null,"اسم_القطاع":"10","وصف_الاستخدام":"مصنع","GlobalID":"{D5B69CED-AA35-4445-AF3F-0C82DEB7FC07}","SHAPE_Length":2761.5380570180569,"SHAPE_Area":401445.18552537536},"geometry":{"type":"MultiPolygon","coordinates":[[[[31.790614276527968,30.224824270433093],[31.786157461730483,30.221791016437056],[31.78527228950643,30.222715761577287],[31.785950684504474,30.223200594866054],[31.781365916613748,30.227990166771232],[31.785382241643347,30.230672559258259],[31.790614276527968,30.224824270433093]]]]}},
{"type":"Feature","properties":{"نمط_العمران":null,"اسم_المحور":"2","مساحة_التغير_كم2":0.26880967771598085,"نسبة_المساحه":null,"مساحة_التغير_بالمتر":null,"اسم_القطاع":"10","وصف_الاستخدام":"مصنع","GlobalID":"{B437A374-1461-49DF-B394-B41410C5454A}","SHAPE_Length":2295.6991690907607,"SHAPE_Area":268809.67771598086},"geometry":{"type":"MultiPolygon","coordinates":[[[[31.789026349210978,30.231402459512552],[31.790456332607903,30.2298194575054],[31.793310810484023,30.226659453181249],[31.790614276527968,30.224824270433093],[31.785382241643347,30.230672559258259],[31.788056588560529,30.232475976843791],[31.789026349210978,30.231402459512552]]]]}},
{"type":"Feature","properties":{"نمط_العمران":null,"اسم_المحور":"2","مساحة_التغير_كم2":0.22916043209377135,"نسبة_المساحه":null,"مساحة_التغير_بالمتر":null,"اسم_القطاع":"10","وصف_الاستخدام":"مصنع","GlobalID":"{D9212465-7512-43BE-9CBA-720F0FC85001}","SHAPE_Length":2541.8705412872073,"SHAPE_Area":229160.43209377135},"geometry":{"type":"MultiPolygon","coordinates":[[[[31.781812918165151,30.234529466822419],[31.779178445446036,30.232955744973591],[31.777288951984911,30.231605494590013],[31.776576389387255,30.231156394430517],[31.774670375780037,30.233147417824281],[31.777473847526469,30.235150767057963],[31.781065008058775,30.237716936948367],[31.781949066395558,30.236793496376631],[31.780581218962567,30.235816059286002],[31.781047638891181,30.235328854944367],[31.782415486512946,30.236306296218622],[31.783180764747222,30.235506916385464],[31.781812918165151,30.234529466822419]]]]}},
{"type":"Feature","properties":{"نمط_العمران":null,"اسم_المحور":"2","مساحة_التغير_كم2":0.23282218931694076,"نسبة_المساحه":null,"مساحة_التغير_بالمتر":null,"اسم_القطاع":"10","وصف_الاستخدام":"مصنع","GlobalID":"{5A9B8041-29EA-493E-96D5-E69EE83F3C69}","SHAPE_Length":2193.6532287979721,"SHAPE_Area":232822.18931694076},"geometry":{"type":"MultiPolygon","coordinates":[[[[31.788056588560529,30.232475976843791],[31.785382241643347,30.230672559258259],[31.781365916613748,30.227990166771232],[31.779425118112734,30.230017591303632],[31.783547656782183,30.232717377571078],[31.786098231547701,30.234387671568932],[31.788056588560529,30.232475976843791]]]]}},
{"type":"Feature","properties":{"نمط_العمران":null,"اسم_المحور":"2","مساحة_التغير_كم2":0.1297169560592952,"نسبة_المساحه":null,"مساحة_التغير_بالمتر":null,"اسم_القطاع":"10","وصف_الاستخدام":"مصنع","GlobalID":"{38C2BC50-12E1-4E4E-8462-E72A28E583BF}","SHAPE_Length":2054.4280161381103,"SHAPE_Area":129716.95605929519},"geometry":{"type":"MultiPolygon","coordinates":[[[[31.782522516472572,30.233788232199696],[31.783547656782183,30.232717377571078],[31.779425118112734,30.230017591303632],[31.779059294941018,30.229756164346949],[31.778174123474344,30.230680833575992],[31.777495729604411,30.230196037003985],[31.777163481313924,30.230543109264762],[31.776576389387255,30.231156394430517],[31.777288951984911,30.231605494590013],[31.777955490858705,30.23090922025872],[31.778927337874066,30.231603717318066],[31.779145969853317,30.231375332626424],[31.780063618198906,30.232031096545178],[31.779178445446036,30.232955744973591],[31.781812918165151,30.234529466822419],[31.782522516472572,30.233788232199696]]]]}},
{"type":"Feature","properties":{"نمط_العمران":null,"اسم_المحور":"2","مساحة_التغير_كم2":0.059454152016268046,"نسبة_المساحه":null,"مساحة_التغير_بالمتر":null,"اسم_القطاع":"10","وصف_الاستخدام":"مصنع","GlobalID":"{FB418DE3-7C23-4C8D-83B2-3ED7FC420CAF}","SHAPE_Length":1091.2574565805073,"SHAPE_Area":59454.152016268046},"geometry":{"type":"MultiPolygon","coordinates":[[[[31.784595805481079,30.23585427203879],[31.786098231547701,30.234387671568932],[31.783547656782183,30.232717377571078],[31.782522516472572,30.233788232199696],[31.783890367455662,30.234765687973209],[31.783351853025625,30.235328203011626],[31.784389545180591,30.236069722028905],[31.784595805481079,30.23585427203879]]]]}},
{"type":"Feature","properties":{"نمط_العمران":null,"اسم_المحور":"2","مساحة_التغير_كم2":0.18680152612066467,"نسبة_المساحه":null,"مساحة_التغير_بالمتر":null,"اسم_القطاع":"10","وصف_الاستخدام":"مصنع","GlobalID":"{CCD21F4A-B9E3-4A3D-AF46-87576E33A4F7}","SHAPE_Length":2150.6865331755944,"SHAPE_Area":186801.52612066467},"geometry":{"type":"MultiPolygon","coordinates":[[[[31.792541870850009,30.236754951882084],[31.791036847369639,30.23574837932485],[31.78972794175888,30.234872962172634],[31.791409401392897,30.232996331535638],[31.789026349210978,30.231402459512552],[31.788056588560529,30.232475976843791],[31.786098231547701,30.234387671568932],[31.791453660574906,30.237969431700158],[31.792541870850009,30.236754951882084]]]]}},
{"type":"Feature","properties":{"نمط_العمران":null,"اسم_المحور":"2","مساحة_التغير_كم2":0.15229768394643622,"نسبة_المساحه":null,"مساحة_التغير_بالمتر":null,"اسم_القطاع":"10","وصف_الاستخدام":"مصنع","GlobalID":"{6C329A44-584E-4B5D-8313-FEC45668B446}","SHAPE_Length":1559.7341258637982,"SHAPE_Area":152297.68394643621},"geometry":{"type":"MultiPolygon","coordinates":[[[[31.799904043523227,30.233951752734736],[31.798969245395696,30.233245882457958],[31.797936529485671,30.232536136026006],[31.796864104333089,30.231902487726799],[31.795719072282328,30.233218891236124],[31.794193743128481,30.23478862908561],[31.797337278408872,30.236812104015343],[31.799904043523227,30.233951752734736]]]]}},
{"type":"Feature","properties":{"نمط_العمران":null,"اسم_المحور":"2","مساحة_التغير_كم2":0.041926843425672385,"نسبة_المساحه":null,"مساحة_التغير_بالمتر":null,"اسم_القطاع":"10","وصف_الاستخدام":"مصنع","GlobalID":"{2229D905-11BF-4AFC-BF77-9D207D8D077B}","SHAPE_Length":846.43893194647148,"SHAPE_Area":41926.843425672385},"geometry":{"type":"MultiPolygon","coordinates":[[[[31.792724139500955,30.233842640441939],[31.791409401392897,30.232996331535638],[31.78972794175888,30.234872962172634],[31.791036847369639,30.23574837932485],[31.792724139500955,30.233842640441939]]]]}},
{"type":"Feature","properties":{"نمط_العمران":null,"اسم_المحور":"2","مساحة_التغير_كم2":0.14307322018075752,"نسبة_المساحه":null,"مساحة_التغير_بالمتر":null,"اسم_القطاع":"10","وصف_الاستخدام":"مصنع","GlobalID":"{7EA726A5-286B-4549-AFB5-62BEDFF37B91}","SHAPE_Length":1610.5221925016692,"SHAPE_Area":143073.22018075752},"geometry":{"type":"MultiPolygon","coordinates":[[[[31.797337278408872,30.236812104015343],[31.794193743128481,30.23478862908561],[31.792724139500955,30.233842640441939],[31.791036847369639,30.23574837932485],[31.792541870850009,30.236754951882084],[31.795740180977855,30.238520970496772],[31.797337278408872,30.236812104015343]]]]}},
{"type":"Feature","properties":{"نمط_العمران":null,"اسم_المحور":"2","مساحة_التغير_كم2":0.17004734037477701,"نسبة_المساحه":null,"مساحة_التغير_بالمتر":null,"اسم_القطاع":"10","وصف_الاستخدام":"مصنع","GlobalID":"{94E8BFFA-4086-4D4B-BB05-7A7CE21788BF}","SHAPE_Length":2205.4108867784507,"SHAPE_Area":170047.34037477701},"geometry":{"type":"MultiPolygon","coordinates":[[[[31.795740180977855,30.238520970496772],[31.792541870850009,30.236754951882084],[31.791453660574906,30.237969431700158],[31.790096918990201,30.23957435630215],[31.793027505120453,30.241423417146049],[31.794232824737211,30.240133786992519],[31.796041223049425,30.241395251078792],[31.796446703607206,30.240961408652801],[31.795607012218518,30.240375674149668],[31.795953903520672,30.240004517100051],[31.794985196085598,30.239328779392714],[31.795405175850838,30.238879415233313],[31.796377868776595,30.239557935863751],[31.796712873837311,30.239199493163124],[31.795740180977855,30.238520970496772]]]]}},
{"type":"Feature","properties":{"نمط_العمران":null,"اسم_المحور":"2","مساحة_التغير_كم2":0.14531420951398433,"نسبة_المساحه":null,"مساحة_التغير_بالمتر":null,"اسم_القطاع":"10","وصف_الاستخدام":"مصنع","GlobalID":"{9E215F22-8915-4A7D-B311-CB638A80E8EA}","SHAPE_Length":1759.7673299432579,"SHAPE_Area":145314.20951398433},"geometry":{"type":"MultiPolygon","coordinates":[[[[31.791453660574906,30.237969431700158],[31.786098231547701,30.234387671568932],[31.784595805481079,30.23585427203879],[31.785247998069735,30.236320315583043],[31.788665713776883,30.238613905691018],[31.790096918990201,30.23957435630215],[31.791453660574906,30.237969431700158]]]]}},
{"type":"Feature","properties":{"نمط_العمران":null,"اسم_المحور":"2","مساحة_التغير_كم2":0.15185913390506695,"نسبة_المساحه":null,"مساحة_التغير_بالمتر":null,"اسم_القطاع":"10","وصف_الاستخدام":"مصنع","GlobalID":"{21E1EBF1-093E-4895-A51C-90505723781A}","SHAPE_Length":2120.0573975300917,"SHAPE_Area":151859.13390506693},"geometry":{"type":"MultiPolygon","coordinates":[[[[31.793027505120453,30.241423417146049],[31.790096918990201,30.23957435630215],[31.788665713776883,30.238613905691018],[31.786883070857883,30.240319158106718],[31.790351080797979,30.242797195268473],[31.790978382748563,30.243245422878523],[31.792214004530326,30.244128307351712],[31.792223961605295,30.244117785070507],[31.792318522752559,30.244017847886212],[31.792464782478103,30.243861361865314],[31.791426084686705,30.243136829819495],[31.79219386320592,30.242315360689965],[31.793274668677107,30.243069271787945],[31.793578188915795,30.242744527563101],[31.792497383506717,30.241990615348371],[31.793027505120453,30.241423417146049]]]]}},
{"type":"Feature","properties":{"نمط_العمران":null,"اسم_المحور":"2","مساحة_التغير_كم2":0.089552060154671834,"نسبة_المساحه":null,"مساحة_التغير_بالمتر":null,"اسم_القطاع":"10","وصف_الاستخدام":"مصنع","GlobalID":"{80AB01E7-CA5C-44F6-A97E-70DF3CBED136}","SHAPE_Length":1446.5610143812191,"SHAPE_Area":89552.060154671839},"geometry":{"type":"MultiPolygon","coordinates":[[[[31.786883070857883,30.240319158106718],[31.788665713776883,30.238613905691018],[31.785247998069735,30.236320315583043],[31.784695074948527,30.236897875049436],[31.78445418524074,30.23672574104782],[31.783970155571158,30.237231334288015],[31.786102790339381,30.238755247479116],[31.785310588743634,30.239582721123522],[31.786644542478378,30.240568304205471],[31.786883070857883,30.240319158106718]]]]}},
{"type":"Feature","properties":{"نمط_العمران":null,"اسم_المحور":"2","مساحة_التغير_كم2":0.04520571990418501,"نسبة_المساحه":null,"مساحة_التغير_بالمتر":null,"اسم_القطاع":"10","وصف_الاستخدام":"مصنع","GlobalID":"{B0CF18F7-FBF4-4DBA-8BE2-6D3D7C036B0C}","SHAPE_Length":871.71087075865876,"SHAPE_Area":45205.719904185011},"geometry":{"type":"MultiPolygon","coordinates":[[[[31.786644542478378,30.240568304205471],[31.785310588743634,30.239582721123522],[31.784519465347305,30.239017418623924],[31.78338953058347,30.240197655828993],[31.785533031552461,30.241729287975957],[31.786644542478378,30.240568304205471]]]]}},
{"type":"Feature","properties":{"نمط_العمران":null,"اسم_المحور":"2","مساحة_التغير_كم2":0.10057405679727535,"نسبة_المساحه":null,"مساحة_التغير_بالمتر":null,"اسم_القطاع":"10","وصف_الاستخدام":"مصنع","GlobalID":"{89A05862-82DE-446A-8216-51C4457CED22}","SHAPE_Length":1764.4625983785272,"SHAPE_Area":100574.05679727535},"geometry":{"type":"MultiPolygon","coordinates":[[[[31.781925463361212,30.239151498928717],[31.78109422110159,30.238557525080459],[31.780647822253641,30.239023801885352],[31.778561002636526,30.237532631928268],[31.779247341170187,30.236815718293084],[31.777399876701562,30.235495554264013],[31.775933285121774,30.237027492388759],[31.780703877004985,30.240436380029976],[31.781925463361212,30.239151498928717]]]]}},
{"type":"Feature","properties":{"نمط_العمران":null,"اسم_المحور":"2","مساحة_التغير_كم2":0.14578498478461202,"نسبة_المساحه":null,"مساحة_التغير_بالمتر":null,"اسم_القطاع":"10","وصف_الاستخدام":"مصنع","GlobalID":"{9497145D-D813-4EC0-83A7-565DF9ABD738}","SHAPE_Length":1530.1204906890894,"SHAPE_Area":145784.98478461202},"geometry":{"type":"MultiPolygon","coordinates":[[[[31.802887562467557,30.236001811185201],[31.799904043523227,30.233951752734736],[31.797337278408872,30.236812104015343],[31.800172358123792,30.238837963802883],[31.802887562467557,30.236001811185201]]]]}},
{"type":"Feature","properties":{"نمط_العمران":null,"اسم_المحور":"2","مساحة_التغير_كم2":0.095497345727491814,"نسبة_المساحه":null,"مساحة_التغير_بالمتر":null,"اسم_القطاع":"10","وصف_الاستخدام":"مصنع","GlobalID":"{FCBBB5F2-DED6-4B93-94B9-D13653BFA709}","SHAPE_Length":1269.260930280672,"SHAPE_Area":95497.345727491818},"geometry":{"type":"MultiPolygon","coordinates":[[[[31.801466930278629,30.232210063741388],[31.799904043523227,30.233951752734736],[31.802887562467557,30.236001811185201],[31.80303796276548,30.236109284069649],[31.803935371351724,30.23517188265771],[31.804678518780584,30.234395610694332],[31.801466930278629,30.232210063741388]]]]}},
{"type":"Feature","properties":{"نمط_العمران":null,"اسم_المحور":"2","مساحة_التغير_كم2":0.11590613010926891,"نسبة_المساحه":null,"مساحة_التغير_بالمتر":null,"اسم_القطاع":"10","وصف_الاستخدام":"مصنع","GlobalID":"{C1905D2C-A138-4E6D-AD12-8F4C09D08426}","SHAPE_Length":1823.366621282968,"SHAPE_Area":115906.13010926891},"geometry":{"type":"MultiPolygon","coordinates":[[[[31.801466930278629,30.232210063741388],[31.797074418485835,30.229220799092385],[31.795413509445225,30.230960604488565],[31.796864104333089,30.231902487726799],[31.797936529485671,30.232536136026006],[31.79873454857362,30.231669356195475],[31.799767265608331,30.2323791090075],[31.798969245395696,30.233245882457958],[31.799904043523227,30.233951752734736],[31.801466930278629,30.232210063741388]]]]}},
{"type":"Feature","properties":{"نمط_العمران":null,"اسم_المحور":"2","مساحة_التغير_كم2":0.20029660219182785,"نسبة_المساحه":null,"مساحة_التغير_بالمتر":null,"اسم_القطاع":"10","وصف_الاستخدام":"مصنع","GlobalID":"{D15AE9F9-F42B-4056-A292-3D8FF9B4E216}","SHAPE_Length":1795.5542017150492,"SHAPE_Area":200296.60219182784},"geometry":{"type":"MultiPolygon","coordinates":[[[[31.795413509445225,30.230960604488565],[31.797074418485835,30.229220799092385],[31.793310810484023,30.226659453181249],[31.790456332607903,30.2298194575054],[31.794268475816789,30.232277020595159],[31.795413509445225,30.230960604488565]]]]}},
{"type":"Feature","properties":{"نمط_العمران":null,"اسم_المحور":"2","مساحة_التغير_كم2":0.14218390704610404,"نسبة_المساحه":null,"مساحة_التغير_بالمتر":null,"اسم_القطاع":"10","وصف_الاستخدام":"مصنع","GlobalID":"{36ED9D67-5C18-429D-8AB7-EDA4B7AB17E6}","SHAPE_Length":1704.8991831137394,"SHAPE_Area":142183.90704610402},"geometry":{"type":"MultiPolygon","coordinates":[[[[31.795719072282328,30.233218891236124],[31.794268475816789,30.232277020595159],[31.790456332607903,30.2298194575054],[31.789026349210978,30.231402459512552],[31.791409401392897,30.232996331535638],[31.792724139500955,30.233842640441939],[31.794193743128481,30.23478862908561],[31.795719072282328,30.233218891236124]]]]}},
{"type":"Feature","properties":{"نمط_العمران":null,"اسم_المحور":"2","مساحة_التغير_كم2":0.057533490952654344,"نسبة_المساحه":null,"مساحة_التغير_بالمتر":null,"اسم_القطاع":"10","وصف_الاستخدام":"مصنع","GlobalID":"{DA4087F1-4A01-41B5-937C-D8445D2E1E96}","SHAPE_Length":1013.7065523487838,"SHAPE_Area":57533.490952654342},"geometry":{"type":"MultiPolygon","coordinates":[[[[31.830789699092325,30.2868719390484],[31.831820337610086,30.285657000707797],[31.830579282245633,30.284724218692652],[31.828238882150373,30.287046142438367],[31.828396075616503,30.287150345535913],[31.829800122028139,30.288038461280028],[31.830789699092325,30.2868719390484]]]]}},
{"type":"Feature","properties":{"نمط_العمران":null,"اسم_المحور":"2","مساحة_التغير_كم2":0.1553820089990757,"نسبة_المساحه":null,"مساحة_التغير_بالمتر":null,"اسم_القطاع":"10","وصف_الاستخدام":"مصنع","GlobalID":"{B5CB2CE8-B4E3-4CCE-BC38-B724BB2E5CA6}","SHAPE_Length":2123.4074368981319,"SHAPE_Area":155382.00899907571},"geometry":{"type":"MultiPolygon","coordinates":[[[[31.83785143316539,30.28980766949239],[31.837851547834774,30.289803455984046],[31.837851644855444,30.289799242140791],[31.83785172422613,30.289795028019263],[31.837851785945812,30.289790813675911],[31.837851830013552,30.289786599164529],[31.837851856428703,30.289782384543706],[31.837851865191386,30.289778169865926],[31.837848705686728,30.289700096886637],[31.837839517091556,30.289622383813168],[31.837824340832629,30.289545380891084],[31.837803245322061,30.289469435168318],[31.837776325649202,30.289394888925454],[31.837743703151666,30.28932207813601],[31.837705524868372,30.289251330948687],[31.837661962876187,30.289182966215474],[31.837613213514732,30.289117292045617],[31.837559496501228,30.289054604424212],[31.837501053939835,30.288995185875166],[31.837438149231062,30.288939304189874],[31.83737106588368,30.288887211216309],[31.837300106237755,30.288839141730264],[31.837225590101674,30.288795312372446],[31.837147853310768,30.288755920672013],[31.837067246214051,30.28872114416037],[31.836984132095179,30.288691139568776],[31.83689888553549,30.288666042122212],[31.832115180025021,30.285364483569481],[31.831820337610086,30.285657000707797],[31.830789699092325,30.2868719390484],[31.83711321341957,30.291225545470855],[31.83785143316539,30.28980766949239]],[[31.833848515473196,30.287886575556897],[31.834307098424961,30.287420069796216],[31.83459592409725,30.287631770993638],[31.834137341478741,30.288098275957179],[31.833848515473196,30.287886575556897]]]]}},
{"type":"Feature","properties":{"نمط_العمران":null,"اسم_المحور":"2","مساحة_التغير_كم2":0.15580033940818452,"نسبة_المساحه":null,"مساحة_التغير_بالمتر":null,"اسم_القطاع":"10","وصف_الاستخدام":"مصنع","GlobalID":"{A0302A4C-70E3-4FE4-955C-2AFA55BAC559}","SHAPE_Length":2609.4843654745159,"SHAPE_Area":155800.33940818452},"geometry":{"type":"MultiPolygon","coordinates":[[[[31.830789699092325,30.2868719390484],[31.829800122028139,30.288038461280028],[31.829626976426802,30.288574208995687],[31.833546929673442,30.291182352541501],[31.833704031528864,30.2909622084143],[31.835488106054608,30.292220637437467],[31.835969608555043,30.291734681179978],[31.836534984238735,30.292152348876439],[31.836053479254574,30.292638304469083],[31.836736036086389,30.293100879268863],[31.83711321341957,30.291225545470855],[31.830789699092325,30.2868719390484]],[[31.831266632693147,30.288244589802648],[31.831656115907034,30.287810632629746],[31.832008455116274,30.288046422872327],[31.831618973510146,30.288480379299642],[31.831266632693147,30.288244589802648]],[[31.833402498324876,30.290739809437561],[31.833722880061181,30.290415933412863],[31.834024414088042,30.290638331664347],[31.833704031528864,30.2909622084143],[31.833402498324876,30.290739809437561]]]]}},
{"type":"Feature","properties":{"نمط_العمران":null,"اسم_المحور":"2","مساحة_التغير_كم2":0.060424501525755368,"نسبة_المساحه":null,"مساحة_التغير_بالمتر":null,"اسم_القطاع":"10","وصف_الاستخدام":"مصنع","GlobalID":"{738A9475-AFFE-401F-BE93-C8A5F2BE0E30}","SHAPE_Length":1207.4367893335902,"SHAPE_Area":60424.501525755368},"geometry":{"type":"MultiPolygon","coordinates":[[[[31.833546929673442,30.291182352541501],[31.829626976426802,30.288574208995687],[31.829136395557786,30.288636506937884],[31.829109149012073,30.288749313457664],[31.829091304245619,30.288863526392259],[31.829082953374257,30.288978556377934],[31.829084139523278,30.289093809832661],[31.829094856605426,30.289208692018406],[31.829115049351017,30.289322610112361],[31.829144613592103,30.289434976263951],[31.829183396800246,30.28954521062871],[31.829231198872126,30.289652744362105],[31.829287773162331,30.289757022553573],[31.82935282775443,30.289857507088797],[31.83159054811259,30.291271390748054],[31.832876893321231,30.292121257605224],[31.833546929673442,30.291182352541501]]]]}},
{"type":"Feature","properties":{"نمط_العمران":null,"اسم_المحور":"2","مساحة_التغير_كم2":0.0949202115653415,"نسبة_المساحه":null,"مساحة_التغير_بالمتر":null,"اسم_القطاع":"10","وصف_الاستخدام":"مصنع","GlobalID":"{491B1264-18A7-4A52-BF75-6A242A148CE8}","SHAPE_Length":1494.4789682219428,"SHAPE_Area":94920.211565341495},"geometry":{"type":"MultiPolygon","coordinates":[[[[31.833237815696986,30.284250699366964],[31.832115180025021,30.285364483569481],[31.83689888553549,30.288666042122212],[31.837952434192538,30.287540084631242],[31.833237815696986,30.284250699366964]]]]}},
{"type":"Feature","properties":{"نمط_العمران":null,"اسم_المحور":"2","مساحة_التغير_كم2":0.075563266689535585,"نسبة_المساحه":null,"مساحة_التغير_بالمتر":null,"اسم_القطاع":"10","وصف_الاستخدام":"مصنع","GlobalID":"{8DABCACB-7657-4B99-B8A2-DC50C9C46848}","SHAPE_Length":1103.6573362398728,"SHAPE_Area":75563.26668953558},"geometry":{"type":"MultiPolygon","coordinates":[[[[31.838903638448794,30.291603014044448],[31.838024948990373,30.294197314011022],[31.840542158456248,30.294832948308652],[31.841420845202663,30.292238669406956],[31.838903638448794,30.291603014044448]]]]}},
{"type":"Feature","properties":{"نمط_العمران":null,"اسم_المحور":"2","مساحة_التغير_كم2":0.071757824212224708,"نسبة_المساحه":null,"مساحة_التغير_بالمتر":null,"اسم_القطاع":"10","وصف_الاستخدام":"مصنع","GlobalID":"{99388E27-1E62-4CF5-B940-8FB114412AD8}","SHAPE_Length":1408.2845276454336,"SHAPE_Area":71757.824212224703},"geometry":{"type":"MultiPolygon","coordinates":[[[[31.824236487993968,30.292335942384678],[31.826737336948696,30.289812663088046],[31.827208481821913,30.289261750290841],[31.826452625301179,30.288773558084284],[31.825762920072542,30.289569768676149],[31.825435861706122,30.289358528990732],[31.822236332200156,30.29238166936576],[31.823384752904087,30.293195301806012],[31.824236487993968,30.292335942384678]]]]}},
{"type":"Feature","properties":{"نمط_العمران":null,"اسم_المحور":"2","مساحة_التغير_كم2":0.18900725841460181,"نسبة_المساحه":null,"مساحة_التغير_بالمتر":null,"اسم_القطاع":"10","وصف_الاستخدام":"مصنع","GlobalID":"{08637EA3-C5E3-470E-B9F0-38802BEFB5D3}","SHAPE_Length":2899.3030594792222,"SHAPE_Area":189007.25841460182},"geometry":{"type":"MultiPolygon","coordinates":[[[[31.830319976519426,30.296052673590179],[31.829303525430028,30.296263305717478],[31.829067951151256,30.295415798758363],[31.828957827525269,30.295387307280684],[31.828850051566057,30.295352709939184],[31.828745072329731,30.295312150887721],[31.828643327217637,30.295265799119022],[31.828545240154195,30.295213847762017],[31.828451219820519,30.295156513276368],[31.828361657951053,30.295094034551219],[31.826954613484936,30.294283277501552],[31.826228263508352,30.295046040923129],[31.825603062997306,30.294602187154165],[31.826329415425299,30.293839419985375],[31.825789481513073,30.293460194897371],[31.825063209543021,30.294229281509594],[31.82442519998218,30.293780092695595],[31.825151471348292,30.293011005087191],[31.824236487993968,30.292335942384678],[31.823384752904087,30.293195301806012],[31.822585006578091,30.294036896065556],[31.826800558536448,30.296746380317384],[31.827232445264503,30.296305680518529],[31.827621852117336,30.296590177725438],[31.827189967906062,30.297030876115894],[31.830117558423282,30.299101732256108],[31.830166391069298,30.299106013195981],[31.830215449468842,30.299107311819199],[31.830264492030096,30.299105621732643],[31.83031327723938,30.299100951257071],[31.830361564850598,30.299093323392555],[31.830409117068044,30.299082775704878],[31.830455699717479,30.299069360135302],[31.830501083400296,30.299053142749546],[31.830545044621672,30.299034203411136],[31.830587366892846,30.29901263538784],[31.830627841796311,30.298988544893287],[31.830666270012159,30.298962050562491],[31.830702462300454,30.298933282867988],[31.830736240432412,30.298902383476214],[31.83076743806803,30.298869504555064],[31.830795901576142,30.298834808015272],[31.830821490789955,30.298798464723347],[31.830844079697936,30.298760653652476],[31.830863557063619,30.298721561003898],[31.83087982697413,30.298681379289867],[31.830892809311962,30.298640306385927],[31.830902440149721,30.298598544555485],[31.830908672064417,30.298556299455591],[31.830911474371447,30.298513779122359],[31.830910833275329,30.298471192946213],[31.830906751937608,30.298428750640934],[31.830899250461197,30.298386661213513],[31.830888365791061,30.29834513193444],[31.830874151532928,30.298304367308663],[31.830319976519426,30.296052673590179]]]]}},
{"type":"Feature","properties":{"نمط_العمران":null,"اسم_المحور":"2","مساحة_التغير_كم2":0.043011472134670367,"نسبة_المساحه":null,"مساحة_التغير_بالمتر":null,"اسم_القطاع":"10","وصف_الاستخدام":"مصنع","GlobalID":"{441AA426-7133-4FBA-8761-51DEC8359343}","SHAPE_Length":834.12496988321266,"SHAPE_Area":43011.472134670366},"geometry":{"type":"MultiPolygon","coordinates":[[[[32.184485834173763,30.60563561499621],[32.182468209312141,30.606762022247217],[32.183403130316862,30.608002546236779],[32.183546983300801,30.608193419971194],[32.185535841357542,30.607028860593324],[32.185420755916681,30.606876154649477],[32.184485834173763,30.60563561499621]]]]}},
{"type":"Feature","properties":{"نمط_العمران":null,"اسم_المحور":"2","مساحة_التغير_كم2":0.11882225249743565,"نسبة_المساحه":null,"مساحة_التغير_بالمتر":null,"اسم_القطاع":"10","وصف_الاستخدام":"مصنع","GlobalID":"{D378181D-F686-4957-BC6D-7CBC131E9898}","SHAPE_Length":1814.5040443061496,"SHAPE_Area":118822.25249743565},"geometry":{"type":"MultiPolygon","coordinates":[[[[32.194260001448079,30.606443622494357],[32.194857426601949,30.606159927907893],[32.194126475339658,30.605054074259559],[32.195252141559379,30.604502885295979],[32.192751085591567,30.600718933991562],[32.192257685434811,30.60095952825748],[32.192401730894943,30.601354063227845],[32.191881182415187,30.601494865233729],[32.192397005177369,30.602419404905788],[32.191040233977638,30.602980203369395],[32.191328759402396,30.603497338199166],[32.191657774979568,30.603361346495287],[32.193542879886444,30.606740020707875],[32.194260001448079,30.606443622494357]]]]}},
{"type":"Feature","properties":{"نمط_العمران":null,"اسم_المحور":"2","مساحة_التغير_كم2":0.0012736790239787931,"نسبة_المساحه":null,"مساحة_التغير_بالمتر":null,"اسم_القطاع":"10","وصف_الاستخدام":"مصنع","GlobalID":"{549701A8-7DA4-43E3-8664-635EA032026B}","SHAPE_Length":144.65826977493751,"SHAPE_Area":1273.6790239787931},"geometry":{"type":"MultiPolygon","coordinates":[[[[31.677083875619196,30.200862539819944],[31.676776466814097,30.201131462573649],[31.677004314221136,30.201326008979258],[31.677305285356358,30.201051591527548],[31.677083875619196,30.200862539819944]]]]}},
{"type":"Feature","properties":{"نمط_العمران":null,"اسم_المحور":"2","مساحة_التغير_كم2":0.0041097537075721934,"نسبة_المساحه":null,"مساحة_التغير_بالمتر":null,"اسم_القطاع":"10","وصف_الاستخدام":"مخزن","GlobalID":"{2FEAD2E6-E7DD-4775-8239-F31F7A55F47D}","SHAPE_Length":274.51304887043693,"SHAPE_Area":4109.753707572193},"geometry":{"type":"MultiPolygon","coordinates":[[[[31.676048835472656,30.199978753097067],[31.675718608541981,30.200282922849507],[31.676434921807768,30.200839833111587],[31.676742332661249,30.200570910266684],[31.676048835472656,30.199978753097067]]]]}},
{"type":"Feature","properties":{"نمط_العمران":null,"اسم_المحور":"2","مساحة_التغير_كم2":0.044942006800317534,"نسبة_المساحه":null,"مساحة_التغير_بالمتر":null,"اسم_القطاع":"10","وصف_الاستخدام":"محطة ( خلط الخرسانة المركزية) بالعاشر من رمضان ","GlobalID":"{02014D18-96A7-4E37-B652-783176A88CB9}","SHAPE_Length":886.53624494951407,"SHAPE_Area":44942.006800317533},"geometry":{"type":"MultiPolygon","coordinates":[[[[31.703342185826951,30.286248764975564],[31.702370316136648,30.287341314904893],[31.704727202132119,30.288920323435292],[31.705587229050469,30.287953478315504],[31.705601159262162,30.287937080396603],[31.705605738247591,30.287931690181566],[31.705747792813622,30.287772020468395],[31.7054931921781,30.287609145369398],[31.703342185826951,30.286248764975564]]]]}},
{"type":"Feature","properties":{"نمط_العمران":null,"اسم_المحور":"2","مساحة_التغير_كم2":0.0075767445966223044,"نسبة_المساحه":null,"مساحة_التغير_بالمتر":null,"اسم_القطاع":"10","وصف_الاستخدام":"شركة","GlobalID":"{F7CC838C-57BE-4366-9D54-A93C8521C9CF}","SHAPE_Length":383.08866792425698,"SHAPE_Area":7576.744596622304},"geometry":{"type":"MultiPolygon","coordinates":[[[[31.562379547897859,30.192451935274928],[31.562334378363321,30.192706752009343],[31.5618811904199,30.192646129779998],[31.561875980137781,30.192645432908794],[31.561798278240953,30.193086361386161],[31.562965580436348,30.193240040225575],[31.563087770691389,30.192546673945621],[31.562515591397286,30.192470137249142],[31.562379547897859,30.192451935274928]]]]}},
{"type":"Feature","properties":{"نمط_العمران":null,"اسم_المحور":"2","مساحة_التغير_كم2":0.066422147597808498,"نسبة_المساحه":null,"مساحة_التغير_بالمتر":null,"اسم_القطاع":"10","وصف_الاستخدام":"مصنع","GlobalID":"{E12A5FE1-7537-433E-83BE-6198C4179C98}","SHAPE_Length":1294.652352403938,"SHAPE_Area":66422.147597808493},"geometry":{"type":"MultiPolygon","coordinates":[[[[32.109548941196579,30.487973673847911],[32.111199054876657,30.487646385176646],[32.109155793634251,30.484644789892688],[32.10895161408375,30.485561868600886],[32.108897045246913,30.485806968470339],[32.108776116362023,30.486234885950903],[32.108624256491979,30.486655343647016],[32.108442070275203,30.487066666403912],[32.108230283201195,30.487467215436745],[32.107989738724747,30.487855394868188],[32.107721394910918,30.488229658085992],[32.107426320621194,30.488588513907327],[32.108206254070843,30.489090088285177],[32.108366043668525,30.48890425746249],[32.108537433094092,30.488726348183469],[32.108719899747449,30.488556902866737],[32.108912887264182,30.488396438122876],[32.109115807212561,30.488245443181626],[32.109328040887533,30.488104378397882],[32.109548941196579,30.487973673847911]]]]}},
{"type":"Feature","properties":{"نمط_العمران":null,"اسم_المحور":"2","مساحة_التغير_كم2":0.33211953489825907,"نسبة_المساحه":null,"مساحة_التغير_بالمتر":null,"اسم_القطاع":"10","وصف_الاستخدام":"مصنع","GlobalID":"{ACA4967C-2175-458E-A89B-9C948EBE5F94}","SHAPE_Length":3518.2943081761841,"SHAPE_Area":332119.53489825909},"geometry":{"type":"MultiPolygon","coordinates":[[[[31.768203645764437,30.130881860497592],[31.767813233797586,30.130778369416788],[31.763929417348479,30.12974876965092],[31.763677690570258,30.130284982962102],[31.763411834342808,30.130816019135761],[31.763131989248397,30.131341596922201],[31.762838303285982,30.131861437958229],[31.762530931791659,30.132375266914234],[31.762210037358365,30.13288281164429],[31.761875789748821,30.133383803320847],[31.760616582842648,30.132788952304089],[31.760312166355842,30.133145059476266],[31.764019448185813,30.135320951371551],[31.766873800552546,30.136996208469775],[31.768490674283825,30.134238201472794],[31.769859121822162,30.131320680302572],[31.768203645764437,30.130881860497592]],[[31.765288021788692,30.131393577705254],[31.766575904960472,30.132005724959622],[31.765203921933104,30.134164808289079],[31.763916038554719,30.133552672659341],[31.765288021788692,30.131393577705254]]]]}}
]
}
