{
"type": "FeatureCollection",
"name": "LandCover",
"crs": { "type": "name", "properties": { "name": "urn:ogc:def:crs:OGC:1.3:CRS84" } },
"features": [
{"type":"Feature","properties":{"اسم_المحور":"2","اسم_القطاع":"10","اسم_المسطح":"ابار مياه","مساحة_كم2":0.0040548696523534144,"GlobalID":"{0EB8CD15-7EC3-4542-B68C-BE8AC0D7AD74}","Shape_Length":257.43703621473855,"Shape_Area":4054.8682075838196},"geometry":{"type":"MultiPolygon","coordinates":[[[[32.240423964464199,30.443391024728761],[32.24032882135063,30.444064802627736],[32.240333649622386,30.444079789076895],[32.240339663930179,30.444094449897349],[32.24034683540566,30.444108714714336],[32.24035512962584,30.444122515056453],[32.240364506778825,30.444135784682093],[32.240374921854134,30.444148459895107],[32.2403863248595,30.444160479856404],[32.240398661060325,30.444171786867262],[32.240411871242657,30.44418232665587],[32.240425891997084,30.444192048628551],[32.240440656023829,30.444200906119985],[32.240456092454977,30.444208856614658],[32.240472127194849,30.444215861948805],[32.240488683276112,30.444221888497569],[32.240505681228839,30.444226907332045],[32.240523039461806,30.444230894361343],[32.240540674654845,30.444233830448866],[32.240558502157967,30.444235701500766],[32.240576436398001,30.444236498534952],[32.240594391289882,30.444236217726509],[32.240612280648989,30.444234860423023],[32.240630018605252,30.444232433139469],[32.240647520015948,30.444228947527261],[32.240664700872806,30.444224420317433],[32.24068147870733,30.444218873240207],[32.240697772984639,30.444212332923961],[32.240713505491833,30.444204830759869],[32.240728600711968,30.44419640275984],[32.240742986187399,30.444187089379074],[32.240756592867292,30.444176935321135],[32.240769355439284,30.444165989327004],[32.240781212642673,30.444154303937943],[32.240792107562612,30.444141935242946],[32.240801987903566,30.444128942613983],[32.240810806239708,30.444115388416801],[32.24090594922037,30.443441611036786],[32.240423964464199,30.443391024728761]]]]}},
{"type":"Feature","properties":{"اسم_المحور":"2","اسم_القطاع":"10","اسم_المسطح":"ابار مياه","مساحة_كم2":0.0036741527150772999,"GlobalID":"{791109EB-5FCA-4533-A1B1-5C56A9562DDA}","Shape_Length":246.4786796443822,"Shape_Area":3674.1504659200059},"geometry":{"type":"MultiPolygon","coordinates":[[[[32.236691460730697,30.410501419937777],[32.2361477144498,30.410597776715132],[32.236423311405964,30.411214463153314],[32.236929815344183,30.41109241027171],[32.236691460730697,30.410501419937777]]]]}},
{"type":"Feature","properties":{"اسم_المحور":"2","اسم_القطاع":"10","اسم_المسطح":"ابار مياه","مساحة_كم2":0.0055900607277873052,"GlobalID":"{F8204B3C-8830-4FBF-9B10-7868396EB9AD}","Shape_Length":315.20103526176081,"Shape_Area":5590.0595344617104},"geometry":{"type":"MultiPolygon","coordinates":[[[[32.191904636820588,30.447797745103195],[32.191836741703817,30.448280643292577],[32.192908849897542,30.448392673094819],[32.192976746059053,30.447909777007627],[32.191904636820588,30.447797745103195]]]]}},
{"type":"Feature","properties":{"اسم_المحور":"2","اسم_القطاع":"10","اسم_المسطح":"ابار مياه","مساحة_كم2":0.012962611124344256,"GlobalID":"{A0C088BD-8B06-4E52-9756-638ED4AC7F38}","Shape_Length":466.52517122821382,"Shape_Area":12962.616707445661},"geometry":{"type":"MultiPolygon","coordinates":[[[[32.194989616826668,30.42681199367324],[32.194684694545103,30.42806651716678],[32.195608168137717,30.428164172111341],[32.195974072366624,30.426947212665873],[32.194989616826668,30.42681199367324]]]]}},
{"type":"Feature","properties":{"اسم_المحور":"2","اسم_القطاع":"10","اسم_المسطح":"ابار مياه","مساحة_كم2":0.018726854100706628,"GlobalID":"{2E9F2D44-9AF4-41D0-BACA-CEB4EA163725}","Shape_Length":592.5012804487144,"Shape_Area":18726.85770311231},"geometry":{"type":"MultiPolygon","coordinates":[[[[32.195343857638086,30.407287194454014],[32.195306016364668,30.407437079905741],[32.195260470685355,30.407617479034418],[32.195147254593593,30.408065903607575],[32.195913337338624,30.408158746594822],[32.196789224554799,30.408264898090074],[32.197375397304505,30.408335937400082],[32.197309863686392,30.407450472383331],[32.195343857638086,30.407287194454014]]]]}},
{"type":"Feature","properties":{"اسم_المحور":"2","اسم_القطاع":"10","اسم_المسطح":"ابار مياه","مساحة_كم2":0.006210159066450012,"GlobalID":"{AD36EE44-26E9-4330-9BF8-E4817E7DE41A}","Shape_Length":317.47545279981688,"Shape_Area":6210.1637032385961},"geometry":{"type":"MultiPolygon","coordinates":[[[[32.167694119117627,30.418068215597994],[32.166645923693743,30.418093466549735],[32.166641954983696,30.418093562134182],[32.166624125815474,30.418114397706265],[32.166607936560666,30.418136215693057],[32.166593459042112,30.418158919300456],[32.166580757487395,30.418182407807169],[32.166569888246194,30.418206577012327],[32.166560899539867,30.418231319690406],[32.166553831246496,30.418256526076668],[32.166548714725145,30.418282084346774],[32.166545572675879,30.418307881114057],[32.166544419039532,30.418333801936477],[32.166545258935543,30.418359731818658],[32.166548088639686,30.418385555726942],[32.166552895599608,30.418411159097268],[32.166559658491579,30.418436428343213],[32.166568347314524,30.418461251361112],[32.166578923522771,30.418485518027939],[32.166591340197854,30.418509120686373],[32.166605542255951,30.418531954627046],[32.166621466692405,30.418553918547786],[32.166639042862002,30.41857491500993],[32.166658192790266,30.418594850866324],[32.167664728276073,30.418570039048362],[32.16768593057737,30.418544504721762],[32.1677049697958,30.41851772070801],[32.167721748277287,30.418489824386029],[32.167736179963647,30.418460958839301],[32.167748190834388,30.418431272127943],[32.167757719285518,30.418400916517999],[32.167764716446392,30.418370047710589],[32.167769146429727,30.41833882403667],[32.167770986515933,30.418307405646125],[32.16777022726918,30.41827595369092],[32.167766872586334,30.418244629492794],[32.167760939676683,30.418213593718161],[32.167752458973332,30.418183005553509],[32.167741473977337,30.418153021891182],[32.167728041034678,30.418123796519641],[32.167712229046856,30.418095479340248],[32.167694119117627,30.418068215597994]]]]}},
{"type":"Feature","properties":{"اسم_المحور":"2","اسم_القطاع":"10","اسم_المسطح":"ابار مياه","مساحة_كم2":0.00069528017516862933,"GlobalID":"{AD4A4383-F989-4C25-BE79-4B375F93C4FD}","Shape_Length":111.20420165956151,"Shape_Area":695.27947464765452},"geometry":{"type":"MultiPolygon","coordinates":[[[[32.180963770232253,30.663946370532756],[32.180963351213322,30.663775016406049],[32.180581215622439,30.663775705938939],[32.180581633959349,30.663947060956996],[32.180963770232253,30.663946370532756]]]]}},
{"type":"Feature","properties":{"اسم_المحور":"2","اسم_القطاع":"10","اسم_المسطح":"ابار مياه","مساحة_كم2":0.0010091595948104035,"GlobalID":"{9E56F347-6B38-4BB2-A3AA-FA5E5AE62FA5}","Shape_Length":130.99448878186996,"Shape_Area":1009.1607575710123},"geometry":{"type":"MultiPolygon","coordinates":[[[[32.166575416430334,30.66359641581283],[32.166152275116261,30.663629504624879],[32.166175818402564,30.663852272367002],[32.166598960675358,30.663819184399319],[32.166575416430334,30.66359641581283]]]]}},
{"type":"Feature","properties":{"اسم_المحور":"2","اسم_القطاع":"10","اسم_المسطح":"ابار مياه","مساحة_كم2":0.00089638220151837505,"GlobalID":"{E659D0A6-3324-4C0D-8215-3D952F4E5F1B}","Shape_Length":121.32521556615424,"Shape_Area":896.38297531841431},"geometry":{"type":"MultiPolygon","coordinates":[[[[32.138128144686846,30.65798597975764],[32.138117096797146,30.65766779958583],[32.13785134543803,30.657674627927708],[32.137862337066245,30.657991170025554],[32.138128144686846,30.65798597975764]]]]}},
{"type":"Feature","properties":{"اسم_المحور":"2","اسم_القطاع":"10","اسم_المسطح":"ابار مياه","مساحة_كم2":0.012910211181623239,"GlobalID":"{97A86B63-4CDF-46D0-BC3D-FF0211DCAB04}","Shape_Length":455.55236430796504,"Shape_Area":12910.211189396732},"geometry":{"type":"MultiPolygon","coordinates":[[[[32.12490425202698,30.654325330170415],[32.123695040280815,30.654351175165218],[32.123800187073357,30.655352639518807],[32.125061975390501,30.655281566072336],[32.12490425202698,30.654325330170415]]]]}},
{"type":"Feature","properties":{"اسم_المحور":"2","اسم_القطاع":"10","اسم_المسطح":"ابار مياه","مساحة_كم2":0.0011095798829954861,"GlobalID":"{2D774528-3BCD-4D04-96AE-E367949CFE63}","Shape_Length":146.86953529562786,"Shape_Area":1109.5808392724871},"geometry":{"type":"MultiPolygon","coordinates":[[[[32.13180652281909,30.665111645268532],[32.131406862478087,30.66516206509133],[32.1314398053891,30.66535526878258],[32.131624891253885,30.665331918482934],[32.131644823317785,30.665448812673436],[32.13185939986743,30.665421743946911],[32.13180652281909,30.665111645268532]]]]}},
{"type":"Feature","properties":{"اسم_المحور":"2","اسم_القطاع":"10","اسم_المسطح":"ابار مياه","مساحة_كم2":0.00059661591391798338,"GlobalID":"{4DA8DA29-1A44-413A-A2E6-0E4293B107E4}","Shape_Length":106.71027087128542,"Shape_Area":596.61621942764316},"geometry":{"type":"MultiPolygon","coordinates":[[[[32.124956747457141,30.663482447743867],[32.12494705204184,30.663819845085776],[32.125113483766356,30.663823383917279],[32.125123177560631,30.663485986545002],[32.124956747457141,30.663482447743867]]]]}},
{"type":"Feature","properties":{"اسم_المحور":"2","اسم_القطاع":"10","اسم_المسطح":"ابار مياه","مساحة_كم2":0.00089479826282796483,"GlobalID":"{FCF63000-7009-48DE-9F03-9919F6623A81}","Shape_Length":120.00022091098394,"Shape_Area":894.79864135200989},"geometry":{"type":"MultiPolygon","coordinates":[[[[32.122781651148358,30.665284142378184],[32.122769343405565,30.66557522108852],[32.123058476016645,30.665584263065764],[32.123070781835168,30.665293186109231],[32.122781651148358,30.665284142378184]]]]}},
{"type":"Feature","properties":{"اسم_المحور":"2","اسم_القطاع":"10","اسم_المسطح":"ابار مياه","مساحة_كم2":0.0015865061623955299,"GlobalID":"{86650655-7D4F-4175-8D9C-1A859F614BE7}","Shape_Length":159.39278500248682,"Shape_Area":1586.505041443872},"geometry":{"type":"MultiPolygon","coordinates":[[[[32.116516601535039,30.66214512720482],[32.116415057020234,30.662482896198576],[32.116829675971097,30.662575124434028],[32.116931219140511,30.662237356899389],[32.116516601535039,30.66214512720482]]]]}},
{"type":"Feature","properties":{"اسم_المحور":"2","اسم_القطاع":"10","اسم_المسطح":"ابار مياه","مساحة_كم2":0.0030382340970897099,"GlobalID":"{3DA5B769-2F45-4F71-9A73-55D258A3B679}","Shape_Length":221.76117083160159,"Shape_Area":3038.2334527005901},"geometry":{"type":"MultiPolygon","coordinates":[[[[32.112438805382922,30.651996500528337],[32.112391698410043,30.652569083501188],[32.112941316849543,30.65256402093927],[32.112934841886357,30.652043819801062],[32.112438805382922,30.651996500528337]]]]}},
{"type":"Feature","properties":{"اسم_المحور":"2","اسم_القطاع":"10","اسم_المسطح":"ابار مياه","مساحة_كم2":0.0010520352081855979,"GlobalID":"{4A05CC8B-B334-44E2-B1E9-7A103654DA36}","Shape_Length":134.13968475588359,"Shape_Area":1052.0358288936411},"geometry":{"type":"MultiPolygon","coordinates":[[[[32.118410492202599,30.656294091585597],[32.118402381688796,30.656519708300671],[32.118841070495606,30.656531380755734],[32.118849180000986,30.656305763091677],[32.118410492202599,30.656294091585597]]]]}},
{"type":"Feature","properties":{"اسم_المحور":"2","اسم_القطاع":"10","اسم_المسطح":"ابار مياه","مساحة_كم2":0.00056705787730652402,"GlobalID":"{E68BF5F3-EF7E-45E9-AD0D-DC20EFFDAEAF}","Shape_Length":97.770315637941863,"Shape_Area":567.05978519708617},"geometry":{"type":"MultiPolygon","coordinates":[[[[32.117272510638152,30.657655963437904],[32.117272510377141,30.657826773223306],[32.117585142351793,30.657826774934502],[32.117585141035725,30.657655963326814],[32.117272510638152,30.657655963437904]]]]}},
{"type":"Feature","properties":{"اسم_المحور":"2","اسم_القطاع":"10","اسم_المسطح":"ترع ومصارف","مساحة_كم2":0.15200786173760161,"GlobalID":"{A40D21A3-E856-4B4C-80A9-E04A16BBDFB6}","Shape_Length":11825.225984402141,"Shape_Area":152007.85823366605},"geometry":{"type":"MultiPolygon","coordinates":[[[[32.335371070926051,30.458197417774969],[32.335378988371069,30.458197399454509],[32.335386787731714,30.458197437381227],[32.335394717982325,30.458197527409219],[32.335402516632556,30.458197670006097],[32.335410325337286,30.458197865893414],[32.335418137847014,30.458198115039384],[32.335426053093471,30.458198420655062],[32.335433838847266,30.458198775240898],[32.335441641946659,30.458199183154321],[32.335449541508829,30.45819965111496],[32.335457335553087,30.458200165460788],[32.335465119868026,30.458200732093946],[32.335468983897499,30.458201246273358],[32.335484737136731,30.458205413337662],[32.335499964728037,30.458209372885214],[32.33551521357473,30.458213270275856],[32.335530482622957,30.458217107308958],[32.335545772932655,30.458220881282763],[32.335561083449932,30.458224593996672],[32.335576415216387,30.45822824545596],[32.335591764071779,30.458231834737113],[32.335607134182396,30.458235361861266],[32.335622522423478,30.45823882681254],[32.335637929836572,30.458242229596248],[32.335653355380067,30.458245570207058],[32.335668798012371,30.458248848639634],[32.335684259810478,30.45825206580697],[32.335699738709586,30.458255218991408],[32.335715233649715,30.458258310894628],[32.335730745690761,30.458261338814964],[32.33574627377277,30.458264305454097],[32.33576181790184,30.458267209909689],[32.335777378096296,30.458270049474702],[32.335792953283928,30.458272828655527],[32.335808542453726,30.458275542935173],[32.33582414662888,30.458278195025937],[32.335839765803264,30.458280785830173],[32.335855397918138,30.458283311727893],[32.335871044002829,30.458285774529092],[32.33588666347849,30.458288167710609],[32.335902375998366,30.458290510831262],[32.335918059819875,30.458292785223968],[32.335933757617205,30.458294995617795],[32.335949466259464,30.458297142899152],[32.335965185752727,30.458299226165707],[32.335967478439969,30.458299520276132],[32.335980917132439,30.458301246325085],[32.335996660404696,30.45830320247498],[32.336012412432474,30.458305096404093],[32.33602817531726,30.458306925416075],[32.336043946957517,30.458308692207304],[32.336059729454732,30.458310394081366],[32.336075520707354,30.458312033734678],[32.336091319692123,30.458313608454915],[32.336107127444485,30.458315119149692],[32.336122943952141,30.458316567623726],[32.336138767150295,30.458317951159348],[32.336154598074344,30.458319270664244],[32.336170436724281,30.458320526138372],[32.336186281010782,30.45832171847351],[32.336202131981523,30.458322846772553],[32.336217988594896,30.45832391103027],[32.336233850850853,30.458324911246603],[32.336249718749379,30.45832584742157],[32.336265592290438,30.458326719555171],[32.336281469390833,30.458327527636804],[32.336297351085996,30.458328272574107],[32.336313236352673,30.45832895165475],[32.336329125172483,30.458329567585761],[32.336345016509931,30.458330119459522],[32.336360911406558,30.45833060728129],[32.336376808820752,30.458331031045773],[32.336392708746381,30.458331391655321],[32.336408609118564,30.458331686392331],[32.336424512002139,30.45833191797438],[32.336440416361569,30.458332085493872],[32.336456321161364,30.458332188043123],[32.336472248268585,30.458332226635761],[32.336488129974306,30.458332201829752],[32.336504035035091,30.458332112170094],[32.336519938446848,30.458331958431941],[32.336535841251106,30.458331740620608],[32.33655174344787,30.458331458736115],[32.336567643995494,30.458331112773148],[32.336583540810786,30.458330702721096],[32.336599437018478,30.45833022859588],[32.336615329493782,30.458329690381603],[32.336631219284371,30.458329087181227],[32.336647105336397,30.458328420794093],[32.336662987655949,30.458327690317912],[32.33667886624297,30.458326895752684],[32.336694739014312,30.458326037087783],[32.336710608059178,30.458325113431492],[32.336726471276066,30.458324127480211],[32.336742329724842,30.45832307653226],[32.336758181316213,30.45832196147936],[32.336774028133313,30.458320782332109],[32.336789868080707,30.458319540884595],[32.336805700135145,30.45831823442451],[32.336821525332041,30.458316863859494],[32.336837342623689,30.458315430086593],[32.336853153057739,30.458313932208767],[32.336868954550994,30.458312370215413],[32.336884747097322,30.45831074500887],[32.336900530702806,30.458309055686858],[32.336916305361292,30.458307303151624],[32.336932070031196,30.458305487397961],[32.336947824724668,30.458303606621161],[32.336963569417271,30.458301664430564],[32.336979303091823,30.458299657211555],[32.336995025736073,30.458297586768815],[32.3370107363084,30.458295453097033],[32.337026435856487,30.458293255299182],[32.337042123320366,30.458290996077],[32.337057881101011,30.458288658704152],[32.337073459967272,30.458286285227924],[32.337089108096421,30.458283835400465],[32.337104744153493,30.458281322344],[32.337120366049163,30.458278746950281],[32.337135973795633,30.458276107414637],[32.33715156633906,30.458273405536456],[32.337167144727132,30.458270640418689],[32.337182707912113,30.458267812958422],[32.3371982548585,30.458264922247999],[32.337213786601737,30.458261969195053],[32.337229302100233,30.458258953794314],[32.337244801360036,30.458255875143447],[32.337260283327353,30.458252735041832],[32.337275746972765,30.458249531679503],[32.337291195408781,30.458246266877048],[32.337306623439687,30.458242938803298],[32.337322035225668,30.458239548381776],[32.337337427635852,30.458236096498968],[32.337352800676314,30.458232582252538],[32.337368155382492,30.45822900655012],[32.337383489683425,30.45822536757646],[32.337398805637832,30.458221668951477],[32.337414100145324,30.458217907049985],[32.337429374235299,30.458214083681952],[32.337444626866109,30.458210198842067],[32.337459858031636,30.458206253432703],[32.337475068791754,30.458202244752172],[32.337490257044955,30.458198175496833],[32.337505423826691,30.458194046574381],[32.337520567078194,30.458189854364896],[32.337535687816597,30.458185602482981],[32.3375507850064,30.458181290021084],[32.337565858659801,30.45817691517448],[32.337580908758433,30.458172480650202],[32.337595933231341,30.458167984633025],[32.337610935191023,30.458163428943479],[32.337625911524924,30.45815881176102],[32.337640803764181,30.45815415354333],[32.337655787278678,30.458149398331521],[32.337670686704577,30.458144601182113],[32.3376855604985,30.45813974344221],[32.337700406571152,30.458134826003526],[32.337715227005674,30.458129848876688],[32.337730019712787,30.458124812953447],[32.33774478471075,30.458119715526802],[32.337759521975158,30.45811456020612],[32.337774231518182,30.458109345186717],[32.33777917662443,30.458107568257507],[32.337782346682673,30.458106889524409],[32.337795781539185,30.458103947415161],[32.337809198073657,30.458100942045732],[32.337822594202912,30.45809787340556],[32.337835972003973,30.458094742407539],[32.337849329393663,30.45809154904115],[32.337862666378065,30.458088292404014],[32.337875982944944,30.458084974300842],[32.337889277023322,30.458081592916365],[32.337902550690245,30.458078149163519],[32.337915802897989,30.458074643939362],[32.337929031569494,30.458071076330999],[32.337942238787875,30.458067446348977],[32.337955422463864,30.458063754885082],[32.33796858156196,30.458060001031715],[32.337981718153088,30.458056186604122],[32.337994830166281,30.458052309787039],[32.338007917589316,30.4580483723852],[32.338020979392773,30.458044372588592],[32.338033998862585,30.458040317531395],[32.338047027152001,30.458036190328155],[32.338060011030656,30.458032006951452],[32.338072969271373,30.458027763887017],[32.338085900844732,30.458023459324959],[32.338098803655363,30.458019095059342],[32.338111680840186,30.458014669301384],[32.338124528220661,30.458010183834606],[32.338137346844455,30.458005637761989],[32.338150137747007,30.458001031991156],[32.338162898845162,30.457996366511534],[32.338175631180469,30.457991641328416],[32.338188331628182,30.457986856425968],[32.338201002277522,30.457982010912431],[32.338213644151764,30.457977107500113],[32.338226253102867,30.457972143460818],[32.338238830154097,30.457967121506943],[32.338251375317633,30.457962039833777],[32.338263889622837,30.4579569002513],[32.338276370992638,30.457951701846579],[32.338288818385436,30.457946444614372],[32.338301231801225,30.457941128554683],[32.33831361331093,30.457935755482779],[32.33832595979591,30.457930324480451],[32.338338272303822,30.457924834650672],[32.338350549786966,30.457919286890508],[32.338362792233148,30.457913683004627],[32.338374998619052,30.457908020280755],[32.338387169961862,30.457902302333547],[32.338399304202795,30.457896525543084],[32.338411401329623,30.457890691714045],[32.33842346236564,30.457884803558755],[32.338435486299737,30.457878856560253],[32.33844747206593,30.457872854322574],[32.338459419670293,30.457866795943445],[32.33847132807125,30.457860681417575],[32.338479663164371,30.457856348095294],[32.338483198304253,30.457854511652588],[32.338495030375405,30.457848285746156],[32.338506822201516,30.457842003687723],[32.338518574811985,30.457835667287263],[32.338530286123621,30.457829276534227],[32.338541957190188,30.457822829629258],[32.338553587993395,30.457816329279325],[32.338565177503845,30.457809773674519],[32.338576724667739,30.457803164614237],[32.338588230538861,30.457796500299072],[32.338599694063412,30.457789782528458],[32.33861111627688,30.457783012210022],[32.338622494072801,30.457776186620922],[32.33863382847445,30.457769308473452],[32.338645119481832,30.457762377767608],[32.338656368142594,30.45775539360638],[32.338667570284336,30.457748356870972],[32.338678729025681,30.457741268479595],[32.338689842295672,30.457734126616995],[32.33870091111757,30.457726933995502],[32.338711933420413,30.457719688799873],[32.338722910239682,30.457712391937754],[32.338733841569258,30.457705044311467],[32.338744725332106,30.45769764500816],[32.338755562569766,30.457690194033098],[32.338766352228483,30.457682693185717],[32.338777095349826,30.457675142471281],[32.338787789856731,30.457667540976907],[32.338798450398258,30.457659878850826],[32.338809035104241,30.457652186561344],[32.338819456879158,30.457644096403101],[32.338829271418057,30.457637236704535],[32.338840367345384,30.457628494841394],[32.338845710721053,30.457624187843237],[32.338850936889948,30.45762088729423],[32.338861286862311,30.45761294024528],[32.338871589249578,30.457604944226471],[32.338881838831711,30.457596901016046],[32.338892037704007,30.457588808819938],[32.338902185854302,30.457580669442812],[32.338912282241026,30.457572482879421],[32.338922326870247,30.457564248227438],[32.338932319729793,30.457555967291537],[32.338942259784176,30.457547639164119],[32.3389521470273,30.457539264747542],[32.338961981465275,30.457530843139459],[32.33897176307979,30.457522377046924],[32.338981490841498,30.457513864659973],[32.338991163708798,30.457505305973356],[32.339000783752645,30.457496702802288],[32.339010348889914,30.457488055136274],[32.339019859126694,30.457479362072952],[32.33902931445688,30.457470624514681],[32.339038713832835,30.45746184335853],[32.339048058308293,30.457453016805115],[32.339057347864994,30.457444147561461],[32.339066579384308,30.457435234709401],[32.339075755984865,30.457426279167137],[32.339084874548057,30.457417280016507],[32.339093937144824,30.457408239072755],[32.339102942745797,30.457399154525902],[32.339111914417806,30.457390003933625],[32.339120780828495,30.457380861831211],[32.339129613322413,30.45737165187872],[32.339138386713039,30.457362401921976],[32.339147102060224,30.457353109259305],[32.339155758298041,30.457343777494749],[32.339164356486343,30.457334403926627],[32.33917289348215,30.457324991246104],[32.339181372416277,30.457315538566682],[32.339189791205577,30.457306045877839],[32.339198149850056,30.457296513179568],[32.339206448331453,30.457286943178925],[32.33921468667414,30.457277332266514],[32.339222863812211,30.457267684046489],[32.339230979745636,30.45725799851882],[32.339239034492721,30.457248272976511],[32.339247028029121,30.457238511028908],[32.339254959313244,30.457228712670801],[32.339262829398884,30.457218876102754],[32.339270636196787,30.457209002216569],[32.339278380736367,30.457199092822218],[32.339286063023749,30.457189147017385],[32.339293683052823,30.45717916570441],[32.33930123979421,30.457169147073337],[32.339308732182005,30.457159094728262],[32.33931616126997,30.457149006869813],[32.339323528087498,30.457138885307931],[32.339330829522083,30.457128728222159],[32.339338065561542,30.457118537417141],[32.339345239330612,30.457108312908737],[32.33935234771068,30.4570980537788],[32.339359390683484,30.457087762734318],[32.339366396663628,30.457077396605527],[32.339373282508795,30.457067082205398],[32.339380130319753,30.457056692715696],[32.339386911675852,30.457046272208586],[32.339393627630855,30.457035818884666],[32.339400278172597,30.457025334548636],[32.33940686121187,30.457014820092272],[32.339413378844,30.457004273721473],[32.339419830009177,30.456993698138007],[32.339426213678003,30.456983091531903],[32.339432528802853,30.456972454800255],[32.339438778496287,30.456961789763561],[32.339444960687338,30.456951094606602],[32.339451075363854,30.456940371134074],[32.339457122525843,30.456929619345981],[32.339463101131777,30.456918839237051],[32.339469011181656,30.456908030807323],[32.339474853710975,30.456897194964391],[32.339480626636629,30.456886331697724],[32.339486332035676,30.456875441920214],[32.339491967831087,30.456864524718998],[32.339497536087762,30.456853582811629],[32.339503033699259,30.456842613475292],[32.3395084627305,30.45683161942755],[32.339513822146003,30.456820599760825],[32.339519111945776,30.45680955447509],[32.339524332117698,30.456798485375021],[32.339529481626286,30.456787391553068],[32.339533161763086,30.456779337591886],[32.33969519164603,30.456834251124061],[32.340209903833809,30.457008692258089],[32.340213121560723,30.457009742644964],[32.340235808834272,30.457014982828433],[32.340238671537321,30.457015390737546],[32.340261023089155,30.45701836066381],[32.340283377341557,30.457021393765707],[32.340305485584722,30.457024455398063],[32.34032782235429,30.457027610223754],[32.340349864227825,30.457030783406783],[32.340371892161286,30.45703401607193],[32.340394239128351,30.457037358630568],[32.340416473309809,30.457040744831286],[32.340438481278021,30.457044158760432],[32.340460550226325,30.457047643378907],[32.340482705128089,30.457051202422416],[32.340504749321411,30.457054806021002],[32.340527019909899,30.457058510020794],[32.3405489509123,30.457062217714565],[32.340570865897909,30.457065983977692],[32.340593041608081,30.457069857132034],[32.340614983850685,30.457073752564273],[32.340636863272863,30.457077696403289],[32.340659263477825,30.457081798077922],[32.34068104011304,30.45708584786961],[32.340702935977681,30.457089980375745],[32.340724806457757,30.457094170501566],[32.34074687625278,30.457098460891427],[32.340768718854093,30.457102769981727],[32.340790755562622,30.457107179309709],[32.340812506840699,30.457111593508451],[32.340834302428419,30.457116079214554],[32.340856292111361,30.457120666962954],[32.340878261605745,30.457125314162031],[32.340899944658538,30.457129961715097],[32.340921675127632,30.457134683498349],[32.340943595525893,30.457139507302738],[32.340965292927251,30.45714434531731],[32.340986977425089,30.457149243721823],[32.341008769671518,30.457154228392014],[32.341014082956477,30.457155458086792],[32.341030415900072,30.457159242099245],[32.341052050272857,30.457164315299373],[32.341073783020249,30.457169474717809],[32.341095640126909,30.457174728607047],[32.341117140135331,30.457179957227687],[32.341138961031966,30.457185330039522],[32.341160423800929,30.457190675772939],[32.341182207458253,30.457196165697493],[32.341203591397935,30.457201617505305],[32.341225112171713,30.457207167456389],[32.341246494230944,30.457212744676966],[32.341268118140896,30.457218447642092],[32.341289799847189,30.457224230303886],[32.34131111825436,30.457229980447391],[32.341332500713399,30.4572358094169],[32.34135377669206,30.457241673940125],[32.341375375594332,30.457247689883296],[32.341396865927123,30.457253742271991],[32.341418077224787,30.457259777908362],[32.341439410775074,30.457265911614236],[32.34146060562923,30.457272069882897],[32.3414820069274,30.457278352814651],[32.341503383889943,30.457284692469347],[32.341524480787932,30.457291013562045],[32.341545734231765,30.457297444628065],[32.341566785583268,30.457303879182586],[32.341588155613984,30.457310476865977],[32.341609161419136,30.457317024882308],[32.341630484856026,30.457323736924533],[32.341651345318219,30.457330369023357],[32.341672466247168,30.45733714681219],[32.3416936252016,30.457344001490842],[32.341714502056846,30.457350830378775],[32.341735591545614,30.457357792984414],[32.341756628631281,30.457364804050215],[32.341777677751814,30.457371884655771],[32.341798553919865,30.457378972506731],[32.341819407823742,30.457386118896057],[32.341840137650145,30.457393284508221],[32.341861079026458,30.457400590149103],[32.341881859930986,30.45740790580561],[32.341902742239618,30.457415322133254],[32.341923463040992,30.457422747568984],[32.341944149115882,30.457430226066069],[32.341964965686294,30.457437816209445],[32.341985608286969,30.457445409983951],[32.342006115377266,30.457453019314432],[32.342026941002899,30.457460813429019],[32.342047394227642,30.457468534375138],[32.342067928067841,30.457476349570964],[32.34208866819624,30.457484312889967],[32.342109031799843,30.457492196703328],[32.342129522750383,30.457500195756513],[32.342150129608861,30.457508307284673],[32.342170408781215,30.457516356698662],[32.342190797630295,30.457524515849165],[32.342210990739652,30.457532663181173],[32.342231523089353,30.45754101435103],[32.342251803605933,30.457549330860456],[32.342272154310571,30.457557743371655],[32.342292366416622,30.457566166009446],[32.342312664279902,30.457574692848866],[32.342332908729489,30.457583263631964],[32.342346982918528,30.457588387843039],[32.34339147941315,30.457903983323934],[32.343412653609661,30.4579087569394],[32.343432344189793,30.457910477589987],[32.344585867318017,30.457937907337328],[32.344595482703959,30.457940515662038],[32.344605364728579,30.457943126227878],[32.34461527115095,30.45794567104258],[32.34462519989394,30.45794814919336],[32.344635148862288,30.457950562474416],[32.344645120151199,30.457952909091507],[32.34465511376068,30.45795518904464],[32.344665125512314,30.457957404117597],[32.344675157513372,30.457959550711443],[32.3446852076626,30.457961631522728],[32.344695277007553,30.457963645654363],[32.344705363471128,30.457965592193503],[32.344715467047237,30.457967472042515],[32.344725586700335,30.457969284293821],[32.344735723465966,30.457971029854971],[32.344745874225367,30.457972707807958],[32.344756189850528,30.457974342372072],[32.344766221885742,30.457975861812603],[32.344776414626402,30.457977336941013],[32.344786621354729,30.457978745363558],[32.344796841047248,30.457980084368007],[32.344807071602652,30.45798135665089],[32.34481731199142,30.457982560402311],[32.344827564290668,30.457983696535067],[32.34483782642323,30.457984764136341],[32.344848098389107,30.457985763206128],[32.344858378099069,30.457986694636332],[32.34486866556518,30.457987556622257],[32.344878960769279,30.457988351870899],[32.344889262687921,30.457989077670042],[32.344899571308972,30.457989735824349],[32.344909884561346,30.457990324518672],[32.34492020347453,30.457990845562914],[32.344930527012934,30.457991298049539],[32.344940854141022,30.457991681070922],[32.344951183805101,30.457991996426557],[32.344961516017243,30.457992242311761],[32.344971850765326,30.45799242053117],[32.344982184930643,30.457992530166806],[32.344992552891341,30.457992570488866],[32.345002858816031,30.4579925419186],[32.34501319436368,30.457992444916204],[32.345023529328493,30.457992279329996],[32.345033861627265,30.457992045149524],[32.345044192301557,30.457991742380045],[32.345054519268189,30.457991371011076],[32.345064843568721,30.457990931047885],[32.345075163119965,30.457990422479941],[32.34508547792192,30.45798984530731],[32.345095786932966,30.457989199524732],[32.345106090147034,30.457988486034573],[32.345116387576205,30.457987703032121],[32.34512667608363,30.457986852306409],[32.345136956716914,30.457985932960302],[32.345147230511557,30.457984945901366],[32.345157493307283,30.457983890206368],[32.34516774822275,30.457982766793318],[32.345177991097671,30.457981574738998],[32.345188224009142,30.457980314956167],[32.345198444873979,30.45797898743438],[32.345208653692168,30.457977592173663],[32.34521884942815,30.457976128266402],[32.345228943445072,30.45797461060809],[32.345239200587656,30.457972998116535],[32.345249354963528,30.457971332771031],[32.345259494173952,30.457969598768564],[32.345269617159204,30.457967798810934],[32.345279723931363,30.457965931093462],[32.345289813448808,30.457963995610935],[32.345299885705487,30.457961993265705],[32.34530993965376,30.457959924954871],[32.345319975299667,30.457957789776092],[32.345329990566036,30.457955586816581],[32.345339986476347,30.457953318788611],[32.345349960959474,30.457950983877033],[32.345359915056989,30.457948582087088],[32.345369847715226,30.457946115218203],[32.345379757898606,30.457943582362866],[32.34538964456555,30.457940983515844],[32.345399507709999,30.457938319579458],[32.34540934734401,30.45793558874902],[32.345419162401846,30.457932794628704],[32.345428951866033,30.457929933603925],[32.345438714670863,30.457927009278816],[32.345448579220033,30.457923978983846],[32.345458162427718,30.457920964421692],[32.345467845284503,30.457917845683927],[32.345477498363152,30.457914662727823],[32.345487124788377,30.457911415569082],[32.345496720393854,30.457908104186796],[32.34550628725669,30.457904729493787],[32.345515823293724,30.457901291479569],[32.345525328498887,30.457897791046531],[32.345534800801083,30.457894226379516],[32.345544242271394,30.457890599293666],[32.345553650826645,30.457886909778566],[32.345563026472846,30.457883156931853],[32.345572368150314,30.4578793434553],[32.345581674835557,30.45787546663675],[32.345590946510463,30.45787152918318],[32.345600183181034,30.457867530192253],[32.345609383811748,30.457863468756425],[32.345618548384465,30.45785934758273],[32.345627674828087,30.457855164856028],[32.34563676417212,30.457850922386235],[32.345645815381019,30.457846619265798],[32.345654827413156,30.457842255489503],[32.345663812791614,30.457837827510691],[32.345672733917048,30.45783335048106],[32.34568162734115,30.457828810146054],[32.345690479505322,30.45782420914475],[32.345699289355892,30.45781954927665],[32.345708057922394,30.457814832351641],[32.345716785216872,30.457810056565052],[32.345725468102501,30.457805223705908],[32.345734108668488,30.457800332882329],[32.345742704831643,30.457795384083852],[32.345751255532313,30.457790380012309],[32.345759762871722,30.45778531797113],[32.345768222671488,30.457780199744096],[32.345776638050317,30.457775026249244],[32.345785006943132,30.45776979476911],[32.345793328278198,30.457764509810151],[32.345801602067574,30.457759169567751],[32.345809828305221,30.457753774944205],[32.345818005955572,30.457748325031993],[32.34582613500659,30.457742821635794],[32.345834214422702,30.457737263848038],[32.345842243156298,30.457731652565883],[32.345850222248963,30.457725987794511],[32.345858067970646,30.457720329572918],[32.345866026279445,30.457714501367548],[32.345873851217263,30.457708679711942],[32.345881623377338,30.457702806356185],[32.345889343807272,30.457696880403201],[32.345897010399803,30.457690905451887],[32.345904623179031,30.457684877892902],[32.345912181085289,30.457678800428052],[32.345919686201754,30.457672673067787],[32.345927135403663,30.457666495796449],[32.345934529720552,30.457660270423951],[32.345941867081329,30.457653995135189],[32.345949149557079,30.457647671745256],[32.345956374029093,30.45764129933621],[32.345963541532946,30.457634878815593],[32.345970652050546,30.45762841289044],[32.345977704564412,30.457621897946165],[32.345984698014902,30.457615336684604],[32.345991633437571,30.457608730013291],[32.345998508755279,30.457602077019477],[32.346005325003595,30.457595378610723],[32.346012080093331,30.457588635678935],[32.346018852672991,30.457581769209881],[32.346025410975443,30.457575014462527],[32.346031983625025,30.457568138869281],[32.346038495116041,30.457561218753032],[32.346044945436454,30.45755425591847],[32.346051332503102,30.457547250355177],[32.346057656309966,30.45754020296549],[32.34606391789864,30.457533113754646],[32.346070115185967,30.457525982712198],[32.346076249201488,30.457518811648079],[32.346082317874092,30.457511598747153],[32.34608832222731,30.457504346721677],[32.346094263308721,30.457497054674533],[32.346100136946021,30.457489723487225],[32.346105945222362,30.457482353170146],[32.346111688131735,30.457474944625694],[32.346117364626544,30.457467498750958],[32.346122973671243,30.457460014638414],[32.346128515259821,30.457452493190385],[32.346133990421805,30.457444936216799],[32.346139399163221,30.457437342815322],[32.346144737317807,30.457429712965091],[32.346150009039803,30.457422048491651],[32.346155210156901,30.457414350276469],[32.346160343811903,30.457406615628212],[32.346165407897573,30.457398848145786],[32.346170402425983,30.457391046024551],[32.346175327373032,30.457383212873861],[32.346180181709215,30.457375346883822],[32.34618496542852,30.457367448956745],[32.346189678530948,30.457359519092698],[32.346194321016512,30.457351557291648],[32.346198891825587,30.457343566255414],[32.346203389928675,30.457335544174114],[32.34620781843843,30.457327492868089],[32.34621217318859,30.457319412316451],[32.346216456262297,30.457311302529671],[32.346220666599947,30.457303166209527],[32.346224803178039,30.457295000643818],[32.346228868061658,30.457286808549977],[32.346232858132126,30.457278589010045],[32.34623531751722,30.457273418124633],[32.346679467441163,30.456690424846723],[32.346953583709528,30.456586991484368],[32.346963726053467,30.456550684944002],[32.346973832307214,30.456514370850922],[32.346983902463279,30.456478049234306],[32.346993936514252,30.456441720118423],[32.347003934452701,30.456405383530154],[32.34701389627147,30.456369039500022],[32.347023821962949,30.456332688050644],[32.347016335038411,30.456330958637235],[32.346992936914909,30.456329193804695],[32.346969538171976,30.456330958131915],[32.346946850573218,30.456336198332231],[32.346938902600527,30.456338941456934],[32.346534759808058,30.456491436957286],[32.346521419794101,30.456497250884098],[32.346502179996556,30.456508864565315],[32.34648557094026,30.456523181384057],[32.346476162327619,30.456534083607163],[32.346002713016922,30.457155537206688],[32.345998649250902,30.457161220712504],[32.345990258651589,30.457176105645196],[32.345986987871527,30.45718314397249],[32.345983871337154,30.45718970120771],[32.345980679682668,30.457196277016028],[32.345977409813464,30.457202866870063],[32.345974144026819,30.457209313267786],[32.345970755688796,30.457215861921153],[32.345967330275641,30.457222347222721],[32.345963846684683,30.45722880967331],[32.345960309112357,30.457235244782101],[32.345956713392347,30.457241652528221],[32.34595305420229,30.457248050029989],[32.345949365276276,30.457254376997788],[32.345945597105946,30.45726071620135],[32.345941770733646,30.457267036163273],[32.345937938852799,30.45727324510602],[32.345933932949393,30.457279621016937],[32.345929942603902,30.45728585082189],[32.345925911956037,30.457292032599096],[32.345921855738489,30.457298143863166],[32.345917620350718,30.457304413045858],[32.345913408847437,30.457310537066682],[32.345909191757208,30.457316561798724],[32.345904839712894,30.457322674286239],[32.345900484188903,30.457328683886036],[32.345896021056888,30.457334741674138],[32.345891592261275,30.457340648938558],[32.34588702119639,30.45734664753121],[32.345882455020565,30.457352537863869],[32.345877780243327,30.457358469160866],[32.345873107170156,30.457364301205619],[32.345868341269849,30.457370151734526],[32.345863563406589,30.45737592189241],[32.345858734716643,30.457381660212349],[32.345853794318586,30.457387436773882],[32.345848921725995,30.457393042225043],[32.345843840853028,30.457398797327361],[32.34583876900529,30.45740444870227],[32.345833743920601,30.45740996044422],[32.345828508544656,30.457415610998762],[32.345823331449338,30.457421112954403],[32.345818057384612,30.457426629763866],[32.345812830040749,30.457432013256749],[32.345807455388297,30.4574374627861],[32.345802091783987,30.457442817621828],[32.345796570425172,30.457448242953486],[32.345791049632439,30.457453583465021],[32.345785537762509,30.457458835588884],[32.345779985559986,30.457464044196517],[32.345774325942109,30.457469272117407],[32.345768629134433,30.45747445383072],[32.345762873143322,30.457479607273555],[32.345757186823974,30.457484622100626],[32.345751341762707,30.457489699297263],[32.345745513993052,30.457494682733952],[32.345739524374828,30.457499725817474],[32.345733605439833,30.457504634802149],[32.345727584375673,30.457509551395724],[32.345721578483833,30.457514379632908],[32.345715529104524,30.457519168849839],[32.345709379697297,30.457523962979071],[32.345703130280199,30.457528759313536],[32.345697012229074,30.457533381246911],[32.345690665391139,30.457538104000296],[32.345684408027097,30.457542686432497],[32.345678166828769,30.457547187732235],[32.345671761789056,30.457551735133148],[32.345665321636695,30.457556237239196],[32.345658841163811,30.45756069402422],[32.345652424974148,30.457565039237554],[32.345645798950926,30.457569454685309],[32.345639193271829,30.457573787216795],[32.345632667553872,30.457578000133875],[32.345625937270519,30.457582274288072],[32.345619334006166,30.457586401090467],[32.345612579531924,30.457590554205154],[32.34560577113038,30.457594671856597],[32.345599056242591,30.457598668156908],[32.345592121153672,30.457602727420561],[32.345585285858135,30.457606660852715],[32.345578375713366,30.457610572252175],[32.345571545457496,30.457614374865326],[32.345564521184606,30.457618218916267],[32.345557543343567,30.457621972962805],[32.34555045721433,30.457625721051585],[32.345543334943009,30.457629422035435],[32.345536224598909,30.457633052693939],[32.345529120950047,30.457636616610319],[32.34552194666049,30.457640152198493],[32.345514740389156,30.457643641604996],[32.345507549163798,30.457647061604142],[32.345500244472511,30.457650471107616],[32.345492944381277,30.457653815663178],[32.345485706339687,30.457657071195072],[32.345478303644136,30.457660338533689],[32.345470871068116,30.457663556994024],[32.345463549634559,30.457666665922506],[32.345455971647091,30.457669822291386],[32.345448544484547,30.457672853987184],[32.345441145914585,30.457675815441206],[32.345433531569029,30.457678801078558],[32.345426026228559,30.45768168529467],[32.34541845551567,30.457684532185208],[32.345410892497547,30.457687318655182],[32.345403263059403,30.457690068696696],[32.345395656975889,30.457692752981973],[32.345387935409704,30.457695416835254],[32.345380239293362,30.457698013138085],[32.345372564448539,30.457700543674243],[32.345364767865576,30.457703054649368],[32.345357042646334,30.457705485671212],[32.345349305301816,30.457707860684895],[32.345341443088415,30.457710217024168],[32.345333556226727,30.45771252090185],[32.345325860727314,30.457714712943165],[32.345317828550961,30.457716940291707],[32.345310121288001,30.457719022183994],[32.345302051278502,30.457721143764541],[32.345294210170373,30.457723147380499],[32.3452863151835,30.457725108314246],[32.345278322505322,30.457727036272001],[32.345270392804125,30.45772889235576],[32.345262371673158,30.457730713690182],[32.345254450028705,30.457732455212508],[32.345246286762283,30.457734191912319],[32.345238319969724,30.457735831239361],[32.345230322261472,30.457737420780479],[32.345222249824921,30.45773897024182],[32.345214140235299,30.457740468081141],[32.345206032055103,30.457741910882522],[32.345198004546774,30.4577432837035],[32.345189858539833,30.457744619834461],[32.34518171394236,30.457745900927467],[32.34517354469682,30.45774712955885],[32.345165482174714,30.45774828653585],[32.345157194822661,30.45774941982463],[32.3451491048897,30.457750470183477],[32.345140913153593,30.457751479424207],[32.345132716583606,30.457752432693301],[32.345124503704298,30.457753332640216],[32.345116269307802,30.45775417923883],[32.345108164525378,30.457754957907468],[32.345099926698595,30.457755694398791],[32.345091687150664,30.457756376738821],[32.345083563658243,30.45775699378795],[32.345075203969174,30.457757573556123],[32.345067068695869,30.457758083163156],[32.34505880770552,30.457758545215388],[32.34505043871701,30.457758957997012],[32.345042293072567,30.457759305123975],[32.345034021723187,30.457759602891468],[32.345025762199299,30.457759845673266],[32.345017496800139,30.457760032478163],[32.345009218228661,30.457760164171898],[32.345000953553793,30.457760242695091],[32.344992688217616,30.457760264365177],[32.344984411786278,30.457760231836897],[32.344976144055785,30.457760144307265],[32.344967869402502,30.457760001697824],[32.344959716963871,30.457759807364074],[32.344951338901488,30.457759552340622],[32.344943185104178,30.457759249714726],[32.344934927541615,30.457758887913329],[32.344926662020796,30.457758470124553],[32.34491841560461,30.457757999191404],[32.344910160188604,30.457757472265666],[32.344902030069818,30.457756899947707],[32.344893682738494,30.457756255251422],[32.344885445086781,30.45775556418215],[32.344877324393671,30.457754828581191],[32.344869097894552,30.457754027477844],[32.344860881125953,30.457753173183082],[32.34485266681498,30.457752262953246],[32.344844578812712,30.457751311848192],[32.344836383968932,30.457750294333163],[32.344828188464113,30.457749219965063],[32.344820020390685,30.457748093396781],[32.344811948420265,30.45774692580164],[32.344803670791421,30.45774567144813],[32.344795650553039,30.457744400339319],[32.344787392421729,30.45774303418893],[32.344779362516746,30.457741651136811],[32.344771366274564,30.45774021862298],[32.34476325491876,30.457738710633866],[32.344755168917331,30.457737149531841],[32.344747085373697,30.457735532494745],[32.344739123906166,30.457733884487379],[32.344731180489902,30.457732185135136],[32.344723118883707,30.45773040307321],[32.34471510654592,30.457728574335061],[32.344707101867847,30.45772669059037],[32.344699195327756,30.457724773048092],[32.344691227812056,30.457722783911912],[32.344683353232504,30.457720760049657],[32.344675421837636,30.457718665516751],[32.344667582325286,30.457716538057245],[32.344659693294716,30.457714339061386],[32.344651359695767,30.457711954651003],[32.344632313471315,30.457707806438972],[32.344612621865664,30.457706085964528],[32.343460780881784,30.45767875969257],[32.342444482908135,30.457371688102516],[32.342430964819798,30.457365964824749],[32.34240999288091,30.457357155774289],[32.342388989316909,30.457348403410315],[32.342367953080128,30.457339708629913],[32.342346886265808,30.457331069638894],[32.342325787826269,30.457322487334299],[32.342304658797019,30.45731396262374],[32.34228349813646,30.457305495501942],[32.342262307939798,30.457297084174677],[32.34224108611177,30.457288730436158],[32.342219834735474,30.457280434296838],[32.342198553816949,30.45727219485439],[32.342177242302476,30.457264013908205],[32.342155901245697,30.457255889658832],[32.342134531676066,30.457247823916219],[32.342113131528563,30.457239813962808],[32.342091702856003,30.457231864320793],[32.342070245688674,30.457223970478452],[32.342048760008339,30.457216135142797],[32.342027246856567,30.457208358319061],[32.342005704156236,30.457200639094395],[32.341984133984361,30.457192978381606],[32.341962536347019,30.457185375278389],[32.341940911238105,30.457177830687002],[32.341919258657562,30.457170344607494],[32.341897579640886,30.457162917947407],[32.341875872123104,30.45715554798922],[32.341854139210682,30.457148237455687],[32.341832379862019,30.457140986341535],[32.341810593041579,30.457133793739171],[32.341788781880119,30.457126658762004],[32.34176694428232,30.457119583204186],[32.341745081289723,30.457112567070954],[32.341723192908354,30.457105609459958],[32.341701298879478,30.457098717689767],[32.34167934100256,30.457091872516926],[32.341657376442555,30.45708509227725],[32.341635389618368,30.457078370575534],[32.341613377393109,30.457071709200672],[32.341591340814368,30.457065107255559],[32.3415692809237,30.457058564745441],[32.3415471966795,30.457052081665072],[32.341525090158797,30.457045658927257],[32.341502959290551,30.457039294716818],[32.341480806145718,30.457032990848941],[32.341458629682712,30.457026747318309],[32.341436431996776,30.457020562330793],[32.341414209944936,30.457014438577602],[32.34139196666402,30.457008374269847],[32.34136970215399,30.457002369407487],[32.34134741536716,30.45699642488761],[32.341325107345078,30.456990540715466],[32.341302778087702,30.456984716891004],[32.341280426559479,30.456978952506656],[32.341258055872956,30.456973249382862],[32.341235663951025,30.456967606606735],[32.341213251835221,30.456962024183557],[32.341190818489991,30.456956501205667],[32.341168365980245,30.456951040390621],[32.341145895359631,30.456945639938997],[32.341123402467929,30.456940298927396],[32.341100892500791,30.45693501918679],[32.341078362333477,30.456929800701378],[32.341055813013583,30.456924642574073],[32.341033246618132,30.456919545717721],[32.341029565910056,30.456918724921376],[32.341010660028459,30.456914509214208],[32.340988056363159,30.456909533981644],[32.340965434586693,30.456904619112397],[32.340942794692943,30.456899765508819],[32.340920137723451,30.456894973176169],[32.340897463678168,30.456890242114387],[32.340874771515495,30.456885572318264],[32.340852063318508,30.456880963798262],[32.340829338045623,30.456876416549143],[32.340806596738346,30.456871930576167],[32.340783839396657,30.456867505879295],[32.340761066020505,30.456863142458548],[32.340738277651411,30.456858840319157],[32.340715472200138,30.45685460035293],[32.340692651755838,30.456850421668037],[32.340669816318488,30.456846304264509],[32.340646966929611,30.456842248147545],[32.340624102535429,30.456838255116601],[32.340601224195716,30.456834322469902],[32.340578330856708,30.456830452006837],[32.340555424601483,30.456826643737926],[32.340532503359043,30.456822895847989],[32.340509569194225,30.456819211054516],[32.340486621077588,30.456815587547595],[32.340463660044577,30.456812026234797],[32.34044074124953,30.456808534613909],[32.340417701312404,30.456805090202128],[32.340394703619225,30.456801714579893],[32.340371693003426,30.456798402054101],[32.340348670524776,30.456795149922989],[32.340325637200465,30.456791961801184],[32.340302590965557,30.456788834971107],[32.340294558050182,30.456787765653225],[32.339787850962246,30.45661603818176],[32.339502787779921,30.456519426146215],[32.339499570070878,30.456518376644425],[32.33947688191224,30.456513136329537],[32.339453482853834,30.45651137194562],[32.339430084987242,30.456513136727903],[32.339407396962116,30.456518376512751],[32.339386109380321,30.456526933273295],[32.339366869792684,30.456538545894954],[32.339350260735117,30.456552863599821],[32.339336788253298,30.456569448595378],[32.339326861960771,30.45658779853267],[32.339325609865554,30.456590899950349],[32.339321610947323,30.456601275891124],[32.339317655699865,30.4566113542712],[32.339313620086777,30.45662145660814],[32.339309471289887,30.456631661241808],[32.33930527393435,30.456641806975444],[32.339301119043682,30.45665167950623],[32.339296827701631,30.456661706553305],[32.339292440151191,30.456671789962222],[32.339288023064206,30.456681773960838],[32.339283565836269,30.456691686468876],[32.339278944759521,30.456701800277571],[32.33927441779317,30.456711550908061],[32.339269770321415,30.456721408309978],[32.339264981281531,30.45673140666667],[32.339260248173851,30.456741142717121],[32.33925533447907,30.456751090811832],[32.33925041333972,30.456760907122785],[32.339245519559789,30.456770527758085],[32.339240417777049,30.456780409929056],[32.339235315907665,30.456790150427477],[32.339230152767556,30.45679986354428],[32.33922492621268,30.456809558292328],[32.339219639428613,30.456819225664024],[32.339214290307851,30.456828869258207],[32.339208909396795,30.456838438696877],[32.339203409228539,30.456848084232632],[32.339197880431193,30.45685765021469],[32.339192321969293,30.456867135735418],[32.339186701146282,30.456876601087934],[32.339180926328915,30.456886196503678],[32.339175156596198,30.456895655687212],[32.339169394019102,30.45690498045375],[32.339163436424556,30.456914494632059],[32.339157487027158,30.456923874398637],[32.339151479507926,30.456933223189985],[32.339145412800896,30.456942544610172],[32.339139315326783,30.456951794587084],[32.339133134446946,30.456961055871997],[32.339126892290082,30.456970290677507],[32.339120592011305,30.456979494507763],[32.339114232544681,30.456988670966812],[32.339107773920865,30.456997877603758],[32.339101373897535,30.457006889625596],[32.339094843177634,30.45701597497926],[32.339088210181863,30.457025089592637],[32.339081640994465,30.457034009617249],[32.33907488964725,30.457043065878768],[32.339068206274703,30.457051927572625],[32.339061270360318,30.45706101357894],[32.339054524314498,30.457069746818195],[32.339047623451435,30.45707857763098],[32.339040516332204,30.457087565312968],[32.339033558034124,30.457096263185793],[32.339026412416878,30.457105090050323],[32.33901934204102,30.457113725993459],[32.339012088560956,30.457122483730672],[32.339004781161641,30.457131205099536],[32.338997470246504,30.457139829896725],[32.338990126389696,30.457148396774961],[32.338982786332451,30.457156863509109],[32.33897525693969,30.457165449298564],[32.338967753390001,30.457173909789262],[32.338960116134331,30.457182426451286],[32.338952491083866,30.457190832183318],[32.338944823650579,30.457199189874625],[32.338937105416633,30.457207512115662],[32.338929256674461,30.457215879715772],[32.338921430583667,30.457224131926939],[32.338913625042885,30.457232271445665],[32.338905535870644,30.457240611657301],[32.338897636092611,30.457248669484354],[32.338889527164575,30.457256849875595],[32.338881365370952,30.457264992098935],[32.338873302744737,30.457272948033943],[32.338865049881178,30.457281002264981],[32.33885681437593,30.457288953713412],[32.338848523903721,30.457296869690392],[32.338840117657377,30.457304808541682],[32.338831732960045,30.457312641022128],[32.338823292235872,30.457320440732811],[32.338814737832877,30.457328261523681],[32.338806209175651,30.457335971453073],[32.338797626580828,30.457343647720911],[32.338788998448003,30.457351280443682],[32.338780322675731,30.457358872317844],[32.338771517533978,30.457366495118638],[32.338762665818713,30.457374073466696],[32.338753928846003,30.457381472824352],[32.338744981857943,30.457388968572761],[32.338736066846913,30.457396356198377],[32.338727108374925,30.457403701191769],[32.338718018486794,30.457411071687105],[32.338708965795789,30.457418332281378],[32.338699872792915,30.457425546649855],[32.338690726924483,30.457432722850246],[32.338681543875012,30.457439851938329],[32.338673343840824,30.45744763661633],[32.338663264056891,30.457454443523869],[32.338654407159829,30.457460473373576],[32.33864460574322,30.457468321219327],[32.338634762295271,30.457474989455498],[32.338625294469139,30.457481870749294],[32.338615805183103,30.457488690572546],[32.338606173023507,30.45749553583946],[32.338596592649331,30.457502270376857],[32.338586971963352,30.457508958688358],[32.338577312007139,30.457515600779253],[32.338567409795118,30.457522331878096],[32.338557745615859,30.457528827762388],[32.338547855925178,30.457535401008684],[32.338538027418572,30.457541859963609],[32.33852813452819,30.457548289715561],[32.33851822749336,30.457554654424484],[32.338508355457073,30.457560926366128],[32.338498263178096,30.45756726667269],[32.33848832306596,30.457573439007074],[32.338478147044839,30.4575796859435],[32.338467941176468,30.457585879488011],[32.338457770312772,30.457591979362878],[32.338447483839204,30.457598077748337],[32.338437270001123,30.457604062802858],[32.338426982392953,30.45761002041143],[32.338416653425398,30.457615932691006],[32.338406332259758,30.457621769210366],[32.338395856811886,30.457627623896251],[32.338385418421467,30.457633389434708],[32.338375063088527,30.457639040792724],[32.338364433271593,30.457644771971069],[32.338353930416815,30.457650365730039],[32.33834353777371,30.457655834617849],[32.338332848724718,30.457661390433678],[32.338322125631841,30.457666897348069],[32.338311322531631,30.45767237498],[32.338300721606643,30.457677683088747],[32.3382900876855,30.457682941399003],[32.338279294304705,30.457688213337494],[32.33826847734462,30.457693429208643],[32.338257623209898,30.457698597064802],[32.338246609658192,30.457703772232744],[32.338235752245261,30.457708808324622],[32.338224797063432,30.457713823165168],[32.338213813064002,30.457718786423605],[32.338202802348448,30.457723695403477],[32.338191755512099,30.457728554568906],[32.338180807302422,30.457733307754193],[32.338169574351284,30.457738117245729],[32.338158441080616,30.457742818957701],[32.338147275861601,30.457747469974013],[32.338136143461028,30.457752042649787],[32.338124991647646,30.457756559279257],[32.338113605271374,30.457761105398305],[32.338102325848425,30.457765546481841],[32.338091082374824,30.457769908338342],[32.338079749519913,30.457774240864591],[32.338068251053464,30.457778572549625],[32.338056865796027,30.457782798328516],[32.33804544756098,30.457786971601696],[32.338034063155639,30.457791071051322],[32.3380227397342,30.457795085986714],[32.338011159882839,30.45779912939815],[32.337999785094532,30.457803038493786],[32.337988159114687,30.45780697158013],[32.337976593065029,30.457810821951629],[32.337965004471954,30.45781461716324],[32.337953447613373,30.457818340345355],[32.337941673015692,30.457822069640446],[32.337930063761043,30.457825685172743],[32.337918384982295,30.457829261549339],[32.337906731676448,30.457832767669387],[32.337895007804967,30.45783623462842],[32.337883165382131,30.45783967301135],[32.337871592618747,30.45784297469935],[32.337859661271636,30.457846316075376],[32.337847908789946,30.457849546464427],[32.337836078457755,30.45785273675305],[32.337824128532681,30.457855898460203],[32.337812463884802,30.457858924454175],[32.337800470962627,30.457861974949584],[32.337788425248867,30.457864976448025],[32.337776548965486,30.457867875935346],[32.337764653263754,30.457870720278521],[32.337752592091014,30.45787354302621],[32.337740618965405,30.457876284104177],[32.337728822536974,30.457878926817447],[32.337716706258398,30.45788158053918],[32.337704311878191,30.457884232847999],[32.337690694600205,30.457887815606117],[32.337684939099738,30.457889750844473],[32.337671239846031,30.457894673201515],[32.337657654836995,30.457899490559988],[32.337643946019377,30.457904286534003],[32.337630540405328,30.457908914400647],[32.337616715526686,30.457913621350407],[32.337603155215668,30.457918174434603],[32.337589606800293,30.457922662607206],[32.337575769653135,30.457927180895297],[32.337562073850229,30.457931591615385],[32.337548357605279,30.457935944478624],[32.33753454992619,30.457940263488503],[32.337520781290998,30.457944507798576],[32.337507052735198,30.457948678316519],[32.337493016705317,30.457952877952142],[32.337479352666421,30.457956903513431],[32.3374653227091,30.457960975040578],[32.33745144451207,30.457964939052694],[32.337437543759485,30.457968849709019],[32.337423626743551,30.457972700724966],[32.337409737271642,30.457976483299273],[32.337395547689951,30.457980284200019],[32.337381743572955,30.457983921021153],[32.337367563182781,30.457987594731581],[32.33735354598609,30.457991164594585],[32.337339554250384,30.457994666005384],[32.33732549196732,30.457998125547412],[32.33731136750616,30.458001537848919],[32.337297322747524,30.458004870242949],[32.337283030116808,30.458008197766858],[32.337268899595443,30.458011427754546],[32.337254751751132,30.458014600803484],[32.337240585548408,30.458017716006022],[32.337226447913288,30.458020765479262],[32.337212070775415,30.458023804710546],[32.33719790162538,30.458026739419786],[32.337183630668612,30.458029633906037],[32.337169426872919,30.458032454737729],[32.337154982551262,30.458035262615045],[32.337140712826013,30.458037974824439],[32.337126420557887,30.458040631873242],[32.337112154774431,30.458043223182148],[32.337097839330482,30.458045764606883],[32.337083549329662,30.458048240286452],[32.337069204460498,30.458050666055364],[32.337054663957176,30.45805306375755],[32.337040332410368,30.458055367771259],[32.337025955393933,30.458057618312573],[32.337011409867209,30.458059834608378],[32.336997190051655,30.458061943371156],[32.336982779834379,30.458064020484233],[32.336968200083632,30.458066060639442],[32.336953792767133,30.458068016846706],[32.3369393472722,30.458069919618609],[32.336924737463953,30.458071783654329],[32.336910275061612,30.458073568126832],[32.336895823477903,30.458075293096368],[32.336881342060678,30.458076962868201],[32.336866693229929,30.458078590278568],[32.336852194905525,30.458080141750983],[32.336837714703108,30.45808163195284],[32.336823198417818,30.458083066925191],[32.336808510558889,30.458084458612461],[32.336794009667777,30.458085773644843],[32.336779306985072,30.458087047043215],[32.336764767295598,30.458088246371954],[32.336750243639003,30.45808938532188],[32.336735502579408,30.458090480753658],[32.33672097659209,30.458091502380579],[32.336706415575897,30.458092466978606],[32.336691867461852,30.458093372084299],[32.336677298913315,30.458094218430503],[32.336662744296312,30.458095007094354],[32.336647983776608,30.458095745981794],[32.336633414336369,30.458096416356749],[32.336618843210168,30.458097028067552],[32.336604267273302,30.458097581098333],[32.336589495867955,30.458098081698552],[32.336574911351406,30.458098517374527],[32.33656033348776,30.458098893526412],[32.336545552876885,30.458099215405905],[32.33653096955846,30.45809947421888],[32.336516194968567,30.458099676110677],[32.3365016041123,30.458099817574134],[32.336487016784339,30.458099899497622],[32.336472234030893,30.458099922673991],[32.336457834988181,30.458099887341547],[32.33644323947847,30.458099793256697],[32.336428462096137,30.458099638688875],[32.336413876755749,30.458099427344564],[32.33639929390224,30.458099156454992],[32.33638433027744,30.458098817754106],[32.33636993360188,30.458098433207457],[32.336355156161197,30.45809797994713],[32.336340775886342,30.458097480879914],[32.336325828477229,30.458096901322474],[32.33631124593893,30.458096276696271],[32.336296872052998,30.458095603499665],[32.336282103928852,30.458094851594542],[32.336267370568528,30.458094042113046],[32.336252801084981,30.458093182028634],[32.336238439187866,30.458092276977933],[32.33622370912272,30.458091288839341],[32.336208969064188,30.458090238384845],[32.336194434496761,30.458089144758183],[32.336179905535211,30.458087992504481],[32.336165178140277,30.458086764342916],[32.336150854014079,30.458085512062986],[32.336136145122097,30.458084166684429],[32.336121646923083,30.458082779062664],[32.336107152234689,30.458081334607947],[32.336092647540909,30.458079829642042],[32.3360779933681,30.458078249017262],[32.336063526955257,30.4580766287398],[32.336048859027386,30.45807492622205],[32.336034602609203,30.458073213163754],[32.336019981295081,30.458071395376866],[32.336005528980351,30.458069539646594],[32.335990932419172,30.458067604674547],[32.335976501726563,30.458065632645635],[32.335962080818774,30.458063600206248],[32.335947694644766,30.458061514702326],[32.335933293263849,30.458059367758395],[32.335918938074123,30.458057167808249],[32.335904411606059,30.458054881259709],[32.335890052029882,30.458052560366728],[32.335875661647734,30.458050174344841],[32.335861392358687,30.4580477492336],[32.335846885222232,30.458045223649485],[32.335832574099101,30.458042670185854],[32.335818272742678,30.458040059018792],[32.335804026933452,30.458037397600357],[32.335789575553648,30.458034637678008],[32.335775319121161,30.458031853480268],[32.335761079740408,30.458029012518594],[32.335746848049446,30.458026112940594],[32.33573263654111,30.45802315571223],[32.335718529442431,30.45802016201684],[32.335704307317201,30.458017081106917],[32.335689967028493,30.458013914771133],[32.335675872614303,30.458010740662079],[32.335661691247282,30.45800748670035],[32.335647633020038,30.458004199074132],[32.335633539845425,30.458000842688467],[32.335619461639631,30.457997429528302],[32.335605235156621,30.4579939172534],[32.335591198339735,30.457990391504943],[32.335577233698878,30.457986821004159],[32.335563011598978,30.45798312376149],[32.33554903635401,30.457979427774497],[32.3355348837352,30.457975622598479],[32.335518164611045,30.457972120178262],[32.335508229399437,30.457970937104392],[32.335498834345252,30.457970125849531],[32.335488904809012,30.457969334430896],[32.335478966481041,30.457968610644357],[32.335469022486045,30.457967954505811],[32.335459072824015,30.457967366015254],[32.335449117494925,30.457966845172706],[32.335439158581906,30.457966391988744],[32.335429195043353,30.45796600645809],[32.335419228962422,30.457965688591329],[32.33540926033907,30.457965438388491],[32.335399289167171,30.457965256751894],[32.335389316494378,30.457965142784495],[32.335379278784494,30.45796509616266],[32.335369370812408,30.457965117878558],[32.335359397797063,30.457965207842353],[32.335349426411611,30.457965364588937],[32.335339457685365,30.457965589928293],[32.335329489547391,30.457965882045126],[32.335319525110165,30.457966242760058],[32.33530956437977,30.457966671170713],[32.33529960839779,30.457967167282408],[32.335289656122605,30.457967731089852],[32.335279709637362,30.457968362603655],[32.335269769977486,30.457969062731451],[32.335259837167456,30.457969827863916],[32.33524991012893,30.457970663409736],[32.335239992017236,30.457971564873166],[32.335230082820111,30.457972534058879],[32.335220182537533,30.457973570966875],[32.335210292217177,30.457974674700139],[32.335200411852902,30.457975846161006],[32.335190542498523,30.457977083550098],[32.335180685177221,30.457978389579726],[32.335170839907342,30.457979761542898],[32.335160901367033,30.457981216950298],[32.335151188622028,30.457982706895177],[32.335141383642004,30.457984281191912],[32.335131592808729,30.457985919628154],[32.335121819222429,30.457987625829155],[32.335112059770594,30.457989397974348],[32.335102317565685,30.457991237884315],[32.335092591590616,30.457993141944389],[32.335082884945585,30.457995113779869],[32.33507319555968,30.457997151575466],[32.335063525528291,30.457999253537135],[32.335053874833022,30.458001422371876],[32.33504424452768,30.458003656280333],[32.335034634599992,30.458005957067162],[32.335025047157608,30.458008321133679],[32.335015480092849,30.458010752078586],[32.335005936548797,30.458013247210815],[32.334996415483879,30.458015806525051],[32.334986918968966,30.458018431836621],[32.334977445974722,30.458021121335516],[32.334967998584276,30.458023875032367],[32.334958575762172,30.458026692019548],[32.334949040755269,30.458029616718346],[32.334939810047878,30.458032519506084],[32.334930468203353,30.458035529108411],[32.334921153016388,30.458038601109362],[32.334911867599452,30.458041737329555],[32.334902610923187,30.458044935958991],[32.334893382981463,30.458048197900013],[32.334884185863558,30.458051522260945],[32.33487501956332,30.458054909944078],[32.334865884092984,30.458058359144786],[32.334856780494121,30.458061869868367],[32.334847710843746,30.458065443027778],[32.334838672023245,30.45806907770476],[32.3348296681989,30.458072773920609],[32.334820697293694,30.458076530762291],[32.334811761384628,30.458080349142826],[32.334802861525525,30.458084227262848],[32.334793996662533,30.458088166921709],[32.334785168891059,30.458092166325411],[32.334776844257021,30.458096006769981],[32.334771858211596,30.45809843578829],[32.333928543439974,30.458539074557958],[32.333549846142155,30.458736944738849],[32.333541341266553,30.458741541269205],[32.33353328953136,30.458745979492317],[32.333525282184382,30.458750476595618],[32.333517319237878,30.458755030774405],[32.333509400679553,30.458759643833378],[32.33350152860487,30.458764313978513],[32.333493700930639,30.458769041199176],[32.33348592182935,30.458773824614312],[32.333478189205522,30.458778666017956],[32.333470504125309,30.458783561806136],[32.333462866576419,30.458788513783492],[32.333455277606589,30.458793521053028],[32.333447739292822,30.45879858452771],[32.333440250611972,30.458803701495246],[32.333432811551724,30.458808873760304],[32.333425424207569,30.458814099528876],[32.333418145119971,30.458819335776177],[32.333410802584247,30.458824711565903],[32.33340357144214,30.458830096045684],[32.333396392022244,30.458835533126656],[32.333389266401561,30.458841023721828],[32.333382195646259,30.458846564227155],[32.333375178696315,30.458852157344367],[32.333368216605599,30.458857801274103],[32.333361310415711,30.45886349602171],[32.333354460145067,30.458869238880173],[32.333347666816834,30.458875032561831],[32.333340929395554,30.458880876159032],[32.33333424997668,30.458886767877758],[32.333327628560241,30.45889270771805],[32.3333210661878,30.458898695685196],[32.333314560776195,30.458904731768559],[32.333308116504057,30.45891081418479],[32.333301731288223,30.45891694292326],[32.333295407205718,30.458923118896919],[32.333289143227233,30.458929340295811],[32.333282825008745,30.458935725648175],[32.333276799748738,30.458941919390615],[32.333270719219421,30.458948275276537],[32.333264704008229,30.458954675712004],[32.333258749961111,30.458961118871038],[32.333252858107365,30.458967606563672],[32.333247031590183,30.458974136098863],[32.333241269367988,30.458980707471287],[32.333235571440795,30.458987320680954],[32.33322993781475,30.458993974825539],[32.333224370566867,30.459000670818057],[32.333218868667885,30.459007406848499],[32.333213432123941,30.459014182014521],[32.333208064059818,30.459020996332132],[32.333202761344594,30.459027850687683],[32.333197527127631,30.459034741487812],[32.333192358259588,30.45904167232591],[32.333187259979141,30.459048638716926],[32.333182228101528,30.459055643346581],[32.333177266805379,30.459062684431483],[32.333172374019817,30.45906976015635],[32.33316752237473,30.45907691279254],[32.333162797086857,30.459084018248916],[32.333158112957904,30.459091197909633],[32.333153500458202,30.459098413128636],[32.333148958564614,30.459105661193611],[32.333144487277153,30.459112942104539],[32.333140087643557,30.459120254964471],[32.333135760711585,30.459127598876314],[32.333131504391901,30.459134974731846],[32.333127320767716,30.459142382541685],[32.333123209863615,30.459149818696485],[32.333119172708919,30.459157285006267],[32.33311520826819,30.459164780563373],[32.333111317583032,30.459172305373123],[32.333107501713478,30.459179856733851],[32.333103757516348,30.459187437336592],[32.333100089182594,30.459195043593329],[32.33309649461674,30.459202677298045],[32.333092975920458,30.459210335754427],[32.333089532039843,30.459218020761845],[32.333086164034967,30.459225729618552],[32.333082894154124,30.459233407393892],[32.333079654604688,30.459241219776992],[32.33307651423322,30.459248999279417],[32.333073448695934,30.459256802625848],[32.333070461136089,30.459264627125261],[32.333067778175028,30.459272386406521],[32.333066871631587,30.459274575428452],[32.333064714734611,30.459280340458847],[32.333062182754141,30.459288107730707],[32.333060029148257,30.459295224524865],[32.333056675328564,30.459304061413008],[32.333054151504115,30.459312007395212],[32.333051704640191,30.459319970915772],[32.333049335784565,30.45932795107769],[32.333047044931099,30.459335948783295],[32.333044833133691,30.459343962233262],[32.333042699344631,30.459351992324606],[32.333040644611671,30.459360038160291],[32.333038668953272,30.459368097033355],[32.333036772351001,30.459376171650785],[32.33303495378788,30.459384258397893],[32.333033183005242,30.459392517741506],[32.333031557004141,30.459400471922542],[32.333029977754258,30.459408596890086],[32.33302847759748,30.459416732188],[32.333027057569275,30.459424878723947],[32.333025716640371,30.459433034687923],[32.333024456893973,30.459441200090588],[32.333023277282344,30.45944937582895],[32.333022176788525,30.459457558288378],[32.333021156441816,30.459465749278802],[32.333020216254539,30.459473946995612],[32.333019356232846,30.459482150536449],[32.333018577406065,30.45949036171131],[32.333018080603743,30.459496164103573],[32.332749741688197,30.461660928185228],[32.332747223415176,30.461681343100185],[32.332744637479017,30.461701751352379],[32.332742007118902,30.461721952735058],[32.332739311375626,30.461742118590866],[32.332736546909025,30.461762280485583],[32.332733677635986,30.461782689092768],[32.332730776825734,30.461802834047219],[32.332727806275031,30.46182297142586],[32.332724768091666,30.46184309763002],[32.332721615450296,30.461863511103815],[32.332719643893007,30.461875999711062],[32.33271843986288,30.461883623069347],[32.33271515319435,30.461903985324714],[32.33271187609526,30.461923860350431],[32.33270845748882,30.461944170495666],[32.332705007129711,30.461964248569885],[32.332701437128748,30.461984610277671],[32.332697849383536,30.462004671406188],[32.332694193992999,30.462024723164838],[32.33269046991547,30.462044765548278],[32.332686620963116,30.46206509514797],[32.33268276055923,30.462085117883984],[32.332678831492828,30.462105127635429],[32.332674783011683,30.462125387633982],[32.332670721938946,30.462145355200882],[32.332667547589089,30.462160698158673],[32.33266657384403,30.462165405340212],[32.332662372124283,30.46218537579669],[32.332658066168889,30.462205509048239],[32.332653709885676,30.462225537367505],[32.332649293469466,30.462245523870031],[32.33264482018042,30.462265448720402],[32.332640234150276,30.46228556158859],[32.332635610636132,30.462305519057598],[32.332630908715345,30.462325517634163],[32.332626115654634,30.46234559154307],[32.332623693332053,30.462355591819612],[32.332621310680871,30.462365426263428],[32.332616408120529,30.462385365158919],[32.332611474301203,30.462405152296512],[32.332606380826277,30.462425286028505],[32.332601296824322,30.462445099468241],[32.332596131259805,30.462464958511156],[32.332590846771517,30.462484995614133],[32.332585559892308,30.462504771920408],[32.332580205397527,30.462524534344947],[32.332574757586833,30.462544385626131],[32.332569211270503,30.462564323030314],[32.332563654970386,30.462584043814921],[32.332558015030287,30.462603809289657],[32.332552305335803,30.462623568992978],[32.332546550416424,30.46264323913022],[32.332540652209296,30.462663146758988],[32.332534758828736,30.462682804456325],[32.332528782960317,30.46270249060704],[32.332522758582058,30.462722110636378],[32.332516589978745,30.462741952812131],[32.332510411219253,30.462761603633659],[32.33250418615615,30.46278117029776],[32.332497893452327,30.462800726689313],[32.332491455475399,30.462820506124267],[32.332485030719504,30.462840026647026],[32.33247851603636,30.462859597241806],[32.332471852911929,30.462879397180288],[32.332465194478594,30.462898967038679],[32.332464095119576,30.462902386799474],[32.331816761351007,30.465045222954327],[32.331815643474187,30.465049212006779],[32.331812305312084,30.46506211770496],[32.33180903006491,30.46507450486429],[32.331805647539717,30.465087042169291],[32.331802209158603,30.465099521436557],[32.331798648676056,30.465112185965854],[32.331795123003033,30.465124481605248],[32.331791428354826,30.465137114766563],[32.331787711934957,30.465149579975957],[32.331783930000846,30.465162028607008],[32.331780081510821,30.465174460654385],[32.33177618027122,30.465186837387034],[32.331772198644664,30.465199239876384],[32.331768150418995,30.465211632098363],[32.331764038811563,30.465224000533965],[32.331759844702972,30.465236399227287],[32.331755615879295,30.465248694872749],[32.331751305633034,30.465261015367201],[32.331746929878491,30.465273318380941],[32.331742433402404,30.465285757033456],[32.331737943624177,30.46529797734733],[32.331733409527963,30.465310127951689],[32.331728771733907,30.465322361944772],[32.331724068437616,30.46533457755476],[32.331719301740861,30.46534677208528],[32.331714408090889,30.465359099515517],[32.331709591958436,30.465371058274606],[32.331704547185872,30.465383396660975],[32.331699605306369,30.465395311461812],[32.331694428505877,30.465407610369517],[32.331689272998716,30.465419689208595],[32.331684116558982,30.465431599300018],[32.331678807839552,30.465443689986788],[32.331673394466485,30.465455851424114],[32.331668047818688,30.46546769917936],[32.331662596523401,30.465479616782794],[32.331657031070101,30.465491624037806],[32.331651428657956,30.46550355169488],[32.331645732218064,30.465515519476437],[32.331640100235383,30.46552720063529],[32.331634279126547,30.465539119049716],[32.331628353443918,30.465551096484241],[32.331622504835487,30.465562770215744],[32.331616421779586,30.465574758574096],[32.331610448483609,30.465586385645405],[32.33160434105919,30.465598128434472],[32.331598139619146,30.46560990954325],[32.331592017287413,30.465621394178388],[32.331585612067926,30.465633269893228],[32.331579260568788,30.465644905853413],[32.331572805635865,30.46565658640159],[32.331566327353251,30.465668177495441],[32.331559863738264,30.465679603530962],[32.331553221776602,30.465691213637434],[32.331546559670308,30.465702722575209],[32.331539796225755,30.465714274306926],[32.33153308953419,30.465725599835011],[32.331526202480241,30.465737099497616],[32.331519296298644,30.465748501606189],[32.331512328830073,30.465759878134016],[32.331505260060077,30.465771292041694],[32.331498173191775,30.46578261020532],[32.331491064009214,30.46579383982224],[32.33148385668715,30.465805101420983],[32.331476542824433,30.465816404884517],[32.331469171878254,30.465827677374595],[32.33146178704969,30.465838846923251],[32.331454374606103,30.465849941433493],[32.331446821943558,30.465861128168402],[32.331439259577571,30.465872210178585],[32.331431671704522,30.465883213551621],[32.331423992028029,30.46589423630574],[32.331416200596252,30.465905301800191],[32.331408439383118,30.465916213144315],[32.331400530653049,30.465927217577974],[32.33139261954814,30.465938111910202],[32.331384591436418,30.465949055272354],[32.331376653441957,30.465959768090002],[32.331368511187662,30.465970645895652],[32.331360401216884,30.465981372268594],[32.331352203701606,30.465992104508832],[32.331343830340856,30.466002959471403],[32.331335515520941,30.466013631553007],[32.331327267612203,30.466024115382393],[32.331318781912913,30.46603479290351],[32.331310238088257,30.466045439445605],[32.331301703377903,30.466055971433242],[32.331293048572448,30.466066547020603],[32.331284428084643,30.466076978404608],[32.331275748417482,30.466087380608897],[32.331266992768725,30.466097773399387],[32.331258046684702,30.466108289739566],[32.331249204198286,30.46611858462801],[32.331240374992888,30.46612876498331],[32.331231330154978,30.466139097634837],[32.331222324849264,30.466149285207312],[32.331213167976422,30.466159548703249],[32.331204056922786,30.466169661738171],[32.331194791183151,30.466179849778143],[32.331185567028264,30.466189897261422],[32.331176196588459,30.46620000986675],[32.331166775394941,30.46621007979989],[32.331157390522428,30.466220017270658],[32.331147952775922,30.466229917472557],[32.331138370870889,30.466239876490786],[32.331128735056303,30.466249797332424],[32.331119140783436,30.466259583933692],[32.331109491540886,30.466269335060069],[32.33109969921837,30.466279139593997],[32.331089948412931,30.466288813496881],[32.33108014893714,30.466298444738182],[32.331070114110474,30.46630821734577],[32.331060212036256,30.466317770455852],[32.331050246603532,30.466327296169226],[32.331040152797357,30.466336857318122],[32.331030094196691,30.466346296827275],[32.331019990050649,30.466355693690797],[32.331009737640791,30.466365140325657],[32.330999534045993,30.466374455464504],[32.330989089959509,30.466383902017011],[32.33097887809592,30.466393054685771],[32.330968427854785,30.466402334267158],[32.330958026385602,30.466411488668857],[32.330947383432274,30.466420767260082],[32.330936883562138,30.466429839039964],[32.330926430374546,30.466438786531814],[32.330915735696564,30.466447859115455],[32.330905095029806,30.466456802034433],[32.330894203479048,30.466465872704052],[32.330883567074501,30.46647464870524],[32.330872681887762,30.466483549760714],[32.330861744899444,30.466492409040665],[32.330850865022782,30.466501142281288],[32.330839940654741,30.466509831076781],[32.330828863929938,30.46651855879389],[32.330817748988416,30.466527238488531],[32.330806686961125,30.466535796634155],[32.330795468397994,30.466544395484608],[32.330784317394162,30.466552863837517],[32.330773117713811,30.466561290430839],[32.330761759408077,30.466569758620587],[32.330750475971897,30.466578093643175],[32.33073903289948,30.466586465745127],[32.330727653158107,30.466594716351469],[32.330716233110607,30.466602919826933],[32.330704023245247,30.466611610136361],[32.330698255571626,30.466615992213381],[32.330624129218727,30.466675658036657],[32.330317976708329,30.466922083154845],[32.328928416170541,30.468040543775693],[32.328917161090544,30.46805077284732],[32.32890973349609,30.468059148297225],[32.328902232866263,30.468068451905836],[32.328894581220183,30.468078054322625],[32.328886990778237,30.46808769405084],[32.328879462594514,30.46809736929119],[32.328871995627324,30.468107080038312],[32.32886459195386,30.468116827205304],[32.328857250544829,30.468126608982097],[32.328849972441915,30.468136425374123],[32.328842757645134,30.468146276381358],[32.328835605118996,30.468156161096104],[32.32882851694071,30.468166080431477],[32.328821492080962,30.468176032577393],[32.328814530533577,30.468186018436253],[32.328807634381945,30.468196038018732],[32.328800801555076,30.468206089509511],[32.328794075201415,30.468216109062581],[32.328787330036256,30.468226289139668],[32.328780691344306,30.468236437279092],[32.328774118066747,30.468246616435191],[32.328767611245262,30.468256826613402],[32.328761167754806,30.468267067797562],[32.328754791768326,30.468277339106866],[32.32874848119009,30.468287642335213],[32.328742236044874,30.468297973873334],[32.328736058409866,30.468308334634244],[32.328729946195523,30.468318725509601],[32.328723901491415,30.468329145607779],[32.328717923262069,30.468339594021103],[32.328712012555371,30.46835006985258],[32.328706167275598,30.468360574896217],[32.32870039160187,30.468371107368768],[32.328694682415346,30.468381666351828],[32.328689041793226,30.468392252758463],[32.328683468693832,30.468402866583311],[32.328677964165074,30.468413506929423],[32.328672527177652,30.468424171986779],[32.328667159802571,30.468434863570778],[32.328661859962672,30.468445580768339],[32.328656629747535,30.46845632268791],[32.328651467073811,30.468467089318754],[32.328646374024871,30.468477880671593],[32.328641350606951,30.468488695844101],[32.328636396820059,30.468499534836305],[32.328631512670405,30.468510396745863],[32.328626697110117,30.468521282469773],[32.328621952228794,30.468532191116406],[32.328617255829144,30.468543169494581],[32.328612672444514,30.46855407355784],[32.328608138577074,30.468565048260384],[32.328603673317694,30.468576044070286],[32.328599280833124,30.468587061009011],[32.328594957998341,30.468598099060486],[32.328590705861231,30.468609157327762],[32.328586523380125,30.468620235805467],[32.328582413686298,30.468631333607352],[32.328578375738097,30.468642450728069],[32.32857440848764,30.468653588064612],[32.32857051195974,30.468664742007629],[32.328566687171339,30.468675916171851],[32.328562934141011,30.468687107850247],[32.328559253910491,30.468698317048204],[32.328555644396403,30.468709543755029],[32.328552107688353,30.468720787079079],[32.328548641696784,30.468732047911978],[32.328545249559184,30.46874332446518],[32.328541929185988,30.468754617630264],[32.328538681631301,30.468765925607919],[32.328535505847263,30.468777249295169],[32.328532402881784,30.468788587795032],[32.328529372741073,30.468799940205173],[32.328526415412753,30.468811308330249],[32.328523530915454,30.468822689463291],[32.328520719242995,30.468834084506621],[32.328517981443284,30.4688454925633],[32.328515317516334,30.468856913633267],[32.328512725384996,30.46886834680355],[32.328510206090982,30.468879792079463],[32.328507761711485,30.468891250374089],[32.328505395631652,30.468902683805464],[32.328503091495591,30.468914198768626],[32.328500866694732,30.468925689776238],[32.3284987157854,30.468937191090216],[32.328496639809288,30.468948702715931],[32.328494636695439,30.468960222837971],[32.328492707466992,30.468971754168727],[32.328490852148725,30.468983293098837],[32.328489070734491,30.468994840530673],[32.328487363218116,30.469006397366556],[32.328485730653703,30.469017961807186],[32.328484172005773,30.469029532944859],[32.328482686220276,30.4690411125789],[32.328481275399206,30.469052698013009],[32.32847993953019,30.469064291051911],[32.328478677583959,30.46907588988552],[32.328477489560527,30.469087494513847],[32.328476376507808,30.469099104039959],[32.328475338419643,30.469110719366164],[32.328474374260551,30.469122339584764],[32.328473484036756,30.469133963793436],[32.328472846688634,30.469143045533954],[32.328350161343344,30.470209058299954],[32.328218219190063,30.471355504176557],[32.328018743374862,30.473359225306613],[32.328015914392282,30.473376449521112],[32.328012531750637,30.473396625227455],[32.328009056697013,30.473416907839002],[32.328005546507022,30.473436997163137],[32.328001959034616,30.473457114062242],[32.327998271442716,30.473477398285304],[32.327994545520987,30.473497499130499],[32.327990759517469,30.473517550035879],[32.327986880047533,30.473537709645676],[32.327982929712704,30.473557872499647],[32.327978925868678,30.473577938524599],[32.327974863003043,30.473597951908051],[32.32797072282365,30.473617997378078],[32.327966479529252,30.473638191206916],[32.32796220094945,30.473658213404256],[32.327957820302451,30.473678383063419],[32.327953402249342,30.47369838649437],[32.32794891654919,30.473718379650485],[32.327944354651144,30.47373839407053],[32.327939761659351,30.47375823327123],[32.327935010904909,30.473778441628582],[32.327930261238549,30.47379833957757],[32.327925444985318,30.473818224550083],[32.327920497942408,30.473838343463399],[32.327915543306538,30.473858202456086],[32.327910458928812,30.473878294492561],[32.327905354072911,30.473898182488668],[32.327900195515134,30.473918001627997],[32.327894954365995,30.473937862752603],[32.327889608203385,30.473957845155081],[32.327884229706676,30.473977681207451],[32.327878798580691,30.473997443896693],[32.327873231455705,30.474017440499793],[32.327867648007,30.474037234888598],[32.327862012945872,30.474056959528987],[32.327856293203382,30.474076727046175],[32.327850452504734,30.47409666177964],[32.327844595438918,30.47411640061512],[32.32783870910832,30.474136001237547],[32.327832735987897,30.474155648335326],[32.327826655825717,30.474175408579139],[32.327820473948179,30.474195264851463],[32.327814298007837,30.474214863077517],[32.327808054419457,30.474234451028511],[32.327801647404854,30.474254322381928],[32.327795269679797,30.47427387264387],[32.327788803043894,30.474293474784321],[32.327782234760541,30.47431316302756],[32.327775632902586,30.474332733789854],[32.327768963464557,30.474352284351362],[32.327762226390611,30.474371822833103],[32.327755387730988,30.4743914383942],[32.327748515440888,30.474410944595327],[32.327741603170622,30.47443035584158],[32.327734539385169,30.474449984678799],[32.327727465340232,30.474469438403808],[32.327720352369198,30.474488795374608],[32.327713145228458,30.474508211415657],[32.327705810011558,30.474527769369733],[32.327699890837259,30.474543499570188],[32.327698516473696,30.47454702253869],[32.32769318611038,30.474562874886143],[32.327691090587173,30.47456643293884],[32.327683645921113,30.47458569525379],[32.327676104970614,30.474605021139816],[32.327668437065995,30.47462447721383],[32.327660760954274,30.474643762697994],[32.327653052179173,30.474662949655404],[32.327645182549475,30.474682348741251],[32.327637403195396,30.474701344934637],[32.327629405752269,30.474720695535083],[32.32762139689612,30.474739887259847],[32.327613262183,30.474759201056845],[32.32760522082129,30.474778119196205],[32.327596954077862,30.4747973917049],[32.327588684323622,30.474816495455165],[32.327580385062085,30.474835496183065],[32.327571948353793,30.474854637873037],[32.327563451455944,30.474873744962171],[32.327554957835041,30.474892677911097],[32.327546339472903,30.474911722109482],[32.327537632384434,30.474930791115977],[32.327528899998974,30.474949750805187],[32.327520147574923,30.474968593985285],[32.327511277869135,30.474987524089407],[32.32750229721271,30.475006529419407],[32.327493411743568,30.475025175195821],[32.32748429272484,30.475044150935297],[32.327475217072099,30.475062879649588],[32.327466030499579,30.475081679078038],[32.327456780537489,30.475100454717417],[32.327447401734702,30.475119331658878],[32.327438067290132,30.475137968799221],[32.327428621937962,30.475156674848954],[32.32741908362992,30.475175414708453],[32.327409590721892,30.475193914772163],[32.327399839112296,30.475212766325701],[32.327390138142491,30.475231373598643],[32.327380420277791,30.47524986167145],[32.327370641094419,30.475268327770426],[32.327360679295062,30.475286988739988],[32.327350790279269,30.475305366741445],[32.32734070386423,30.475323968412866],[32.327330673285495,30.475342327635193],[32.327320468561034,30.475360861919675],[32.327310194146357,30.475379379601229],[32.327300034626269,30.475397550463935],[32.327289640860293,30.475416000753082],[32.327279228010312,30.4754343471709],[32.327268821370197,30.475452547436671],[32.327258171076998,30.475471031592093],[32.327247698848105,30.475489072701404],[32.327237005091163,30.475507361719849],[32.32722632490465,30.475525494698186],[32.327215544481568,30.475543659643602],[32.327204699601637,30.475561804403515],[32.327193734455776,30.475580015317028],[32.327182764953214,30.475598101680685],[32.327171732078931,30.475616161547809],[32.327160703256531,30.475634086080046],[32.32714954678265,30.475652090263182],[32.327138273211325,30.475670154299646],[32.32712699211455,30.47568810008638],[32.327115649741877,30.475706017582574],[32.327104245045298,30.475723907685204],[32.327092850694648,30.475741656168797],[32.327081323464782,30.475759486983314],[32.327069808664383,30.475777176189531],[32.327058029404938,30.475795144665629],[32.327046315227889,30.475812889689855],[32.327034637658144,30.475830461647746],[32.3270227861953,30.475848171671426],[32.327010892425342,30.47586582191953],[32.326998935283314,30.47588344567086],[32.326986996846202,30.475900924236758],[32.326974920308196,30.475918486911144],[32.326962176341354,30.475936904289174],[32.326960478288598,30.475939466364274],[32.326305030156405,30.4769604017687],[32.325725206015832,30.477863534683859],[32.325723261142933,30.477866678392914],[32.324927601865753,30.47920104038479],[32.324919191977713,30.479214502539079],[32.324910371050713,30.479228497667073],[32.324901389816468,30.479242623709773],[32.324892347312556,30.479256720558954],[32.324883347767027,30.479270630840421],[32.324874083717155,30.479284824899043],[32.324864858439746,30.479298835075358],[32.3248556782168,30.479312656890041],[32.324846377729401,30.479326543954009],[32.324836971774417,30.479340465663451],[32.324827569776602,30.479354266475823],[32.324818049666305,30.479368122622532],[32.324808405149057,30.479382040387549],[32.324798761438615,30.479395840848611],[32.3247892332001,30.479409363978533],[32.324779406975587,30.479423191466367],[32.324769586798034,30.479436897165538],[32.324759776865868,30.479450476585928],[32.324749882513707,30.479464060080268],[32.324739778595976,30.479477816644984],[32.324729834248629,30.479491246476865],[32.324719722406414,30.479504791845649],[32.324709663903512,30.479518156114551],[32.324699365367138,30.479531730292926],[32.324689078117963,30.479545178197867],[32.324678920913897,30.479558350651914],[32.324668444880608,30.479571828257914],[32.324657987458274,30.479585175116576],[32.32464758542784,30.479598345397793],[32.324637012820368,30.479611624883191],[32.324626385237259,30.479624868890781],[32.324615621768025,30.479638177163938],[32.324604993534493,30.479651212720146],[32.324594194736214,30.479664355675794],[32.324583339920444,30.479677463148157],[32.32457254569951,30.479690394972351],[32.324561380308957,30.479703667771641],[32.324550588513283,30.479716398379242],[32.324539510669318,30.479729363923763],[32.324528377855863,30.479742293088002],[32.324517215275648,30.479755157126828],[32.324506059678505,30.479767914721823],[32.32449467479497,30.479780834456097],[32.324483231797757,30.479793720500805],[32.324472030967776,30.479806237829539],[32.324460568330963,30.479818949614128],[32.324448958347674,30.479831725604587],[32.324437504393273,30.479844235302402],[32.324425784470805,30.479856938532052],[32.324414317127776,30.47986927400208],[32.32440249147075,30.479881899078446],[32.324390707407055,30.479894384502707],[32.32437888832392,30.479906811090732],[32.324366994327256,30.479919222851713],[32.324355067382299,30.479931577591906],[32.324343070795166,30.479943908508648],[32.324331017136096,30.479956205741093],[32.324319031259094,30.479968342702719],[32.324306874990846,30.479980561797852],[32.324294684751194,30.479992721159732],[32.324282543385287,30.480004742711955],[32.324270009268623,30.480017061812823],[32.324257765299755,30.480029004325306],[32.324245361469778,30.480041012783161],[32.324233003344581,30.480052889731446],[32.324220389942646,30.480064920562327],[32.324207821203679,30.480076819878196],[32.32419520168721,30.48008867922567],[32.324182655143446,30.480100381036266],[32.324169940372755,30.480112153260571],[32.324157170619898,30.480123890908814],[32.324144358498828,30.480135577803786],[32.324131489311988,30.480147230111868],[32.324118455079557,30.4801589447287],[32.324105604906528,30.480170407636201],[32.324092586543763,30.480181935543236],[32.324079521595678,30.480193419893965],[32.324066525366028,30.480204759318912],[32.324053241481771,30.480216264188883],[32.324040147889342,30.480227520088928],[32.324026667096454,30.480239023935454],[32.324023975294629,30.480241387712177],[32.323986456411284,30.480275283644403],[32.323948959086444,30.480309071393453],[32.32391138582053,30.48034283888558],[32.323873774355761,30.480376552026577],[32.323836144611334,30.480410192872352],[32.32379839697883,30.480443852947602],[32.323760631079132,30.480477438922904],[32.323722874149233,30.480510929282769],[32.323684946934698,30.480544482816008],[32.323646999338202,30.480577966750044],[32.323646332663657,30.480578553438519],[32.323609060699091,30.480611356873208],[32.323571039855388,30.48064472851123],[32.323532967175694,30.48067805926247],[32.323494848942119,30.480711344647659],[32.323456677836987,30.480744588238249],[32.323418486362563,30.480777760424797],[32.323380183294113,30.480810945556183],[32.323341859850153,30.480844060185781],[32.323303547466288,30.480877078308144],[32.323265063773825,30.480910156890594],[32.323226591122747,30.480943141672714],[32.323188066666894,30.480976081055996],[32.323149493506754,30.481008978665926],[32.32311086957742,30.481041831784704],[32.323072196950065,30.481074642227718],[32.323033473553515,30.481107408179454],[32.322994700423365,30.481140130547612],[32.322955878601427,30.481172809337565],[32.322917006004083,30.481205444538432],[32.32287814760528,30.481237981443357],[32.322839113710984,30.481270581492833],[32.322800055249175,30.481303114627686],[32.322761022489814,30.481335543209706],[32.322721904375001,30.481367956898499],[32.322682736526623,30.481400327003367],[32.322643517896609,30.481432654421187],[32.322604251629187,30.481464936461133],[32.32256493563446,30.481497174014713],[32.322525570954262,30.481529367087251],[32.322486095770927,30.481561565889933],[32.322446740592248,30.481593583026289],[32.32240718480093,30.481625679418329],[32.322367605477965,30.481657709803127],[32.322328017271502,30.48168966523313],[32.322288359436804,30.481721591413226],[32.322248658157108,30.481753468627382],[32.322208900849184,30.481785308540939],[32.322169099054435,30.481817099483077],[32.322129299917783,30.48184880379954],[32.322089349415045,30.481880547020594],[32.322049342902787,30.481912250233826],[32.322009409220243,30.481943813946625],[32.321969366101058,30.481975379784874],[32.321929232398169,30.482006933408684],[32.321889136950958,30.482038375325558],[32.321848950913804,30.482069805930234],[32.321808717245673,30.482101190253864],[32.321768434892249,30.482132530095644],[32.32172810594971,30.48216382366169],[32.321687750319263,30.482195055715323],[32.3216473051531,30.482226274657222],[32.321606777781547,30.482257475111226],[32.321566315897783,30.482288543245502],[32.321525749817546,30.48231960901996],[32.321485093165947,30.482350660774674],[32.321444475806338,30.482381601730051],[32.321403767869135,30.482412529567949],[32.321363014378512,30.48244341203748],[32.321322213257105,30.48247424822544],[32.321281365546731,30.482505038137198],[32.321240494299289,30.482535762943083],[32.321199529317354,30.482566479126557],[32.321158541840219,30.482597130209488],[32.32111750672609,30.482627735912963],[32.321076427113027,30.482658294448534],[32.321035257989088,30.482688836262192],[32.320994126036666,30.482719272679461],[32.320952905615236,30.482749692380111],[32.320911661650726,30.482780047876947],[32.320870327095925,30.482810392060212],[32.320828969004332,30.48284067113719],[32.320787564323993,30.482870903937464],[32.320746114096757,30.48290109046642],[32.320704618328897,30.482931229821663],[32.320663077020455,30.482961322003163],[32.320621490165173,30.482991367913232],[32.320579821129428,30.483021391724726],[32.320538854181997,30.483050831742119],[32.316816310383352,30.485646877767959],[32.316551704630569,30.485833584152953],[32.316306453889148,30.4859850486311],[32.316299179977534,30.485987333173615],[32.316290319419721,30.485990187810827],[32.316281488615196,30.485993108475917],[32.316272686522076,30.485996095163429],[32.316263915236711,30.485999146079639],[32.316255175788335,30.486002263034649],[32.3162464660995,30.486005445115254],[32.316237790337688,30.486008692343255],[32.316229147467304,30.486012003810941],[32.316220537488341,30.486015379518221],[32.316211961442669,30.486018819470662],[32.316203420378436,30.48602232277134],[32.316194915331188,30.486025890328094],[32.31618644526538,30.486029521233114],[32.316178014354769,30.486033214605936],[32.31616961842554,30.486036971327028],[32.316161261657818,30.486040789613622],[32.316152944045264,30.486044670368027],[32.316144663510414,30.486048612677006],[32.31613642421447,30.486052617464793],[32.316128339089673,30.48605662667002],[32.316120069370733,30.486060809964972],[32.316111953822933,30.486064997677438],[32.316103879532903,30.486069245161694],[32.316095849619948,30.486073553336503],[32.316087863061107,30.486077919489411],[32.316079919831147,30.486082347229715],[32.316072022039023,30.486086832959071],[32.316064169672124,30.486091378482126],[32.316056362749364,30.486095981091921],[32.316048602306296,30.486100641696229],[32.316040889384787,30.486105360300542],[32.316033223984832,30.486110136904877],[32.316025607160917,30.486114969710012],[32.316018038906726,30.486119859618306],[32.316010519228563,30.486124805727446],[32.316003050216466,30.48612980714605],[32.315995631864133,30.486134864776425],[32.315988264184178,30.486139976813924],[32.315980949247724,30.486145145074186],[32.315973733174836,30.48615033009515],[32.315966473500886,30.486155641217756],[32.315959316845372,30.486160970927617],[32.315952212958592,30.486166353250926],[32.3159451628824,30.486171788193158],[32.315938167658672,30.486177275759811],[32.315931228335586,30.486182815053983],[32.315924344913157,30.486188406075719],[32.315917517397665,30.486194047922684],[32.315910746831001,30.486199740600366],[32.315904034255041,30.486205484114212],[32.315897379682411,30.486211276659585],[32.315890783106774,30.486217119138843],[32.315884245576342,30.486223010655106],[32.315877767097412,30.486228950306053],[32.315871348711866,30.486234938097187],[32.315864990419698,30.486240974028483],[32.315858693275416,30.48624705630078],[32.315852458314581,30.486253185821877],[32.315846284501625,30.486259361683992],[32.315840170801003,30.486265582979325],[32.315834122422075,30.486271849735207],[32.315828137287419,30.486278161038413],[32.315822214348849,30.486284517785812],[32.315816356750915,30.486290917286802],[32.315810562397282,30.486297361335133],[32.315804834432477,30.486303847240219],[32.315799169724578,30.486310375888003],[32.315793572441116,30.486316947300363],[32.315788040510931,30.486323559661688],[32.315782576017824,30.486330212982953],[32.31577717896176,30.48633690726416],[32.315771848313517,30.486343640695189],[32.315766585108662,30.486350414183836],[32.315761390401704,30.486357225930941],[32.31575626522821,30.486364076844268],[32.315751208552619,30.486370966016054],[32.315746220381271,30.486377892543985],[32.31574130280422,30.486384855536656],[32.315736454779618,30.486391854988636],[32.315731643662097,30.486398940358516],[32.31572697156156,30.486405962390016],[32.315722336393392,30.486413066730112],[32.315717771819564,30.486420207535009],[32.315713279949115,30.486427381206322],[32.315708860782046,30.486434587744032],[32.31570451327017,30.486441828045049],[32.315700239516197,30.486449099413324],[32.315696038471948,30.486456402745699],[32.315691910143755,30.486463737139847],[32.315687857663569,30.486471101709899],[32.315683877899453,30.486478497341729],[32.315679971912246,30.48648592133387],[32.315676141773089,30.48649337550189],[32.31567238542349,30.486500856225565],[32.315668704934573,30.486508365320486],[32.315665101360899,30.48651590098747],[32.31566157261237,30.486523464117905],[32.315658119743532,30.486531052912628],[32.315654742754383,30.486538667371629],[32.31565139609291,30.486546414637004],[32.315648219559833,30.486553970591935],[32.315645073360763,30.486561658450924],[32.315642004108582,30.486569368370368],[32.315639013874438,30.486577102165853],[32.315636099551647,30.486584857114028],[32.315633265301429,30.486592634139086],[32.315630508010798,30.486600431419951],[32.315627827679776,30.48660824895666],[32.315625228482183,30.486616085868715],[32.315622707292434,30.486623942139779],[32.315620264110507,30.486631817769805],[32.315617901039147,30.486639710062768],[32.31561561598199,30.486647620812391],[32.31561341312549,30.486655547333562],[32.315611287253972,30.486663490501268],[32.315609242541278,30.486671449435057],[32.315607277951848,30.486679423227159],[32.315605392450166,30.486687410969747],[32.315603588119998,30.4866954126738],[32.315601863925785,30.48670342743149],[32.315600252254171,30.486711293889929],[32.315598658041701,30.486719494314119],[32.315597176358196,30.486727545536706],[32.315595774829667,30.486735607105992],[32.315594454504328,30.48674367812508],[32.315593215375898,30.486751759496322],[32.315592057450694,30.486759850317377],[32.315590979705824,30.486767947875798],[32.315589985247968,30.486776054894985],[32.315589070976792,30.486784167749203],[32.315588238969767,30.486792287351733],[32.315587488191305,30.486800412794796],[32.315586819683354,30.486808544083836],[32.31558623137478,30.486816679403258],[32.315585726384938,30.486824819671813],[32.315585301607129,30.486832962166094],[32.315584960154411,30.486841108707175],[32.315584698920105,30.486849256571663],[32.315584521023546,30.4868574066783],[32.315584424393627,30.486865557211477],[32.315584407685392,30.486873602587725],[32.315584475969352,30.486881860465246],[32.315584624187665,30.48689001138122],[32.315584855775406,30.486898160027668],[32.315585167600645,30.486906307290553],[32.315585737622975,30.486915078538779],[32.315586038252839,30.486922592284404],[32.315586752572727,30.486930545847237],[32.315587463628191,30.486936434787545],[32.315587624545145,30.486938602204489],[32.315587956564229,30.486946990504091],[32.315588759311737,30.486955112370442],[32.315589643376647,30.48696322744469],[32.315590608752665,30.486971336629182],[32.315591656494306,30.486979438124717],[32.315592784524171,30.486987531018045],[32.315593993884129,30.486995615314594],[32.315595284580546,30.487003690112065],[32.315596656607106,30.487011756312761],[32.315598108947206,30.48701981030192],[32.31559964263014,30.487027853889661],[32.315601246542478,30.487035837387694],[32.315602951972316,30.487043905338261],[32.315604727637925,30.487051912296785],[32.315606582594242,30.487059904331304],[32.315608518906103,30.487067884159718],[32.315610534515002,30.48707584816178],[32.315612630456556,30.487083797245297],[32.315614805701507,30.487091729600088],[32.315617061285458,30.487099646134006],[32.315619395137276,30.487107545031424],[32.315621809340747,30.487115426303273],[32.315624301812136,30.487123289938644],[32.315626873605964,30.487131134138288],[32.31562952472224,30.487138958902243],[32.31563225203535,30.487146764214071],[32.315635059725452,30.487154548291013],[32.315637944666932,30.487162311116627],[32.315640907901674,30.48717005269642],[32.315643948394126,30.48717777212255],[32.315647066156949,30.487185467590354],[32.315650263223404,30.487193146329407],[32.315653533487428,30.487200787553338],[32.315656882019539,30.48720841114072],[32.31565935154137,30.487213896929834],[32.315741145458411,30.488041165363942],[32.315780506960678,30.488817445000073],[32.315794236342349,30.489088228419295],[32.315792615320753,30.489129743914493],[32.315790886287594,30.48917582569765],[32.315789228083005,30.489221910559223],[32.315787640713403,30.489267997596862],[32.315786125233444,30.489314085011376],[32.315784681630575,30.489360174607452],[32.315783307821093,30.489406266374175],[32.315782004853325,30.489452359414638],[32.315780772727351,30.489498453728864],[32.315779612491518,30.48954454842],[32.315778522049456,30.489590645281773],[32.315777503485101,30.489636744325132],[32.315776556817497,30.48968284284306],[32.315775679943968,30.489728943531645],[32.315774873925498,30.489775043689367],[32.315774140827024,30.48982114603411],[32.315773476493654,30.489867248739397],[32.315772884044904,30.489913352723953],[32.315772362445273,30.489959457079969],[32.315771912743095,30.4900055609106],[32.315771533883932,30.490051666015024],[32.315771225874187,30.49009777149093],[32.315770988713972,30.490143877338312],[32.31577082240338,30.490189983557155],[32.31577072694882,30.490236089245172],[32.315770702400911,30.490282187183698],[32.315770750679434,30.490328300844219],[32.315770868816585,30.490374407652148],[32.315771057816477,30.490420513026905],[32.315771317666602,30.490466618773144],[32.315771649415289,30.490512723994009],[32.315772050978779,30.490558828678566],[32.315772524441059,30.490604932837748],[32.315773068760265,30.490651036466094],[32.31577368394283,30.490697138661282],[32.315774371018144,30.490743241233424],[32.315775128957029,30.490789342372413],[32.31577595671132,30.490835442975072],[32.315776857413219,30.490881542155517],[32.315777826888819,30.490927640794194],[32.315778868276617,30.490973737102838],[32.31577998155776,30.491019833788442],[32.315781165709389,30.491065928138564],[32.315782419683352,30.491112021050032],[32.315783746605526,30.491158112539289],[32.315785143356557,30.491204201687573],[32.315786610965823,30.491250290305025],[32.315788148404145,30.491296376581506],[32.315789759826693,30.491342462343564],[32.315791440042879,30.491388544856825],[32.315793192172265,30.491434625040089],[32.315795014124788,30.491480703784703],[32.315796909026339,30.491526781107069],[32.315798873763853,30.491572855186124],[32.315800909373039,30.491618926929704],[32.315803015847685,30.491664997240093],[32.315805194242472,30.491711064318082],[32.315807442467289,30.491757129055127],[32.315809762612432,30.491803190559782],[32.31581215467169,30.491849249734415],[32.315814615519365,30.491895306562551],[32.315817148287671,30.49194136015835],[32.315819751934761,30.49198741051628],[32.315822426454432,30.492033458538671],[32.315825172895039,30.492079503328668],[32.31582798917912,30.492125543973025],[32.315830877378012,30.492171582287327],[32.31583383541426,30.492217617358271],[32.315836864336212,30.492263648289015],[32.315839965179613,30.492309675987375],[32.315843136902586,30.492355700447838],[32.315846378469644,30.492401720762636],[32.315849648233915,30.492447136642646],[32.315889331435798,30.493083142615692],[32.316103884927053,30.493101109009913],[32.316158593592348,30.493105689410061],[32.316159729453155,30.493094501570969],[32.31615953547734,30.493088267941339],[32.316118695170232,30.492433758450069],[32.316115367648841,30.492387494954801],[32.316112147565981,30.492341811338978],[32.31610899668911,30.492296065822831],[32.316105916489832,30.492250345943191],[32.316102907169991,30.492204622825543],[32.316099972442871,30.492158961459406],[32.316097101174591,30.492113165973869],[32.316094302414939,30.49206743222895],[32.316091571787204,30.492021641089877],[32.316088918568326,30.491975955932855],[32.316086331397287,30.491930213370772],[32.316083816140619,30.491884468478496],[32.316081369823898,30.491838699583749],[32.316078996185603,30.491792968066726],[32.316076692522664,30.491747213455017],[32.316074457635295,30.491701458301392],[32.316072295621687,30.491655712553314],[32.316070201549778,30.49160993648097],[32.316068179284258,30.491564173418045],[32.316066228938631,30.49151840712263],[32.316064348094436,30.491472685407174],[32.316062536687895,30.491426868405295],[32.316060795830822,30.491381095086528],[32.316059126880631,30.491335320339907],[32.316057526711418,30.491289544149041],[32.316055998455191,30.491243765628024],[32.316054540021682,30.491197985668215],[32.316053151682169,30.49115216546949],[32.316051836796433,30.491106420551802],[32.316050589920636,30.491060635384287],[32.316049413902789,30.491014849685776],[32.316048308786939,30.490969057139981],[32.316047274465724,30.490923273086519],[32.316046309991769,30.490877483984928],[32.316045416387979,30.490831692547744],[32.316044593439671,30.490785929454084],[32.316043840710712,30.490740108074927],[32.316043158649634,30.490694313234677],[32.316042547439395,30.49064851876577],[32.316042007692637,30.490602786032031],[32.31604153654802,30.490556928229552],[32.316041136866687,30.490511132162222],[32.316040807404086,30.490465277809403],[32.316040550080459,30.490419537532311],[32.316040361920827,30.490373740768913],[32.316040244623949,30.490327942572183],[32.316040197311906,30.490282119476145],[32.316040221538294,30.490236347287315],[32.316040315749312,30.490190550199149],[32.316040480816369,30.490144752580008],[32.316040716676277,30.490098963453157],[32.316041022463715,30.490053157547916],[32.316041399031171,30.490007361939625],[32.316041846460585,30.489961564898003],[32.316042363407028,30.489915809729407],[32.316042951764288,30.489869974624828],[32.31604361173482,30.48982417959952],[32.316044341499754,30.489778386744732],[32.316045139512219,30.489732668241295],[32.316046011498557,30.489686801235816],[32.316046953803422,30.4896410103973],[32.316047966230457,30.489595174808173],[32.316049047814019,30.489549432524772],[32.316050199525876,30.489503644588439],[32.316051423115262,30.489457858833511],[32.316052717641149,30.489412060817273],[32.316054082813146,30.489366292046867],[32.316055516843939,30.489320510101876],[32.316057022751878,30.489274730338295],[32.316058598301581,30.489228974401094],[32.316060246037445,30.489183176431151],[32.316061963421191,30.489137401385264],[32.316063753218081,30.489091551822781],[32.316063829506135,30.489087645896845],[32.316063701373757,30.489082576656092],[32.316051975568463,30.48885132633211],[32.316010261831821,30.488028639460094],[32.31600990355895,30.488023850548316],[32.315926163330602,30.487176893326392],[32.315924602724074,30.487166587378407],[32.315918524409881,30.487147036486888],[32.3159166428931,30.487142837849195],[32.315913748425807,30.487136731717033],[32.315911111602169,30.487131031194902],[32.31590848197056,30.48712519625844],[32.315905976456385,30.487119491913298],[32.315903524255276,30.487113762581661],[32.315901143849707,30.487108047162085],[32.31589877785359,30.487102208194379],[32.315896473398276,30.487096359623543],[32.315894236640375,30.487090515017258],[32.315892077796754,30.487084703304788],[32.31588995694085,30.48707882321203],[32.315887895567187,30.487072929895859],[32.315885886559315,30.487066998052825],[32.315883971725505,30.487061157842462],[32.315882087826068,30.487055214925025],[32.315880270563156,30.48704927867373],[32.315878506632131,30.487043314728968],[32.315876805290003,30.487037340284218],[32.315875167483966,30.487031368879883],[32.315873584102157,30.487025362568911],[32.315872086552965,30.487019448749248],[32.315870608994949,30.48701335817141],[32.315869213209282,30.487007344723391],[32.315867872864452,30.487001299983536],[32.315866596049332,30.48699525918644],[32.315865380736959,30.486989214200193],[32.315864229977223,30.486983175869181],[32.315863134664582,30.486977105344021],[32.315862087859323,30.48697095205597],[32.315861116575043,30.486964875864988],[32.315860208826713,30.486958802714426],[32.315859360560417,30.486952716340518],[32.315858571769844,30.486946617645579],[32.315857848548454,30.486940529220636],[32.315857182782096,30.486934419440434],[32.315856577413371,30.486928314488942],[32.31585538634296,30.486922081036003],[32.315855439380591,30.486916137452429],[32.315855127708517,30.486909901394579],[32.315854554543677,30.486903810147453],[32.315853921490614,30.486896896533853],[32.315854238674923,30.486891471389928],[32.315854064790436,30.486885347947947],[32.315853953418809,30.486879224833949],[32.315853902463637,30.486873103841663],[32.315853912998378,30.486866980464921],[32.315853986645564,30.486860771694879],[32.315854121157741,30.486854649870967],[32.315854316067394,30.486848532875751],[32.315854572441651,30.486842417105407],[32.315854891347612,30.486836298956035],[32.315855275405561,30.48683010174058],[32.315855724066338,30.486823903961749],[32.315856219441642,30.486817879681588],[32.315856792086009,30.486811682553242],[32.31585740821825,30.486805673344442],[32.31585810480199,30.486799483182885],[32.315858852766368,30.486793395257877],[32.315859674331293,30.486787212068577],[32.315860532071973,30.486781219467566],[32.315861463331125,30.486775143332576],[32.315862471240678,30.48676898277763],[32.315863523168225,30.486762934346601],[32.315864639824746,30.486756867305548],[32.31586581684698,30.486750809604811],[32.315867053104711,30.48674477387156],[32.315868351893968,30.486738735759268],[32.31586971104894,30.486732706987318],[32.315871133739421,30.486726681255785],[32.315872612533404,30.486720678377633],[32.315874174146892,30.486714602842618],[32.315875756503523,30.486708689841667],[32.315877417398504,30.486702720403922],[32.315879144038945,30.486696735970909],[32.315880902207397,30.486690861791502],[32.315882764424167,30.486684859120125],[32.315884677389811,30.486678900028384],[32.315886604935656,30.486673090805262],[32.315888637527507,30.48666715941194],[32.315890723008749,30.486661263488184],[32.315892835913552,30.486655468772888],[32.315895043167814,30.486649591535194],[32.315897309701562,30.486643729948618],[32.315899628051241,30.486637908337794],[32.315901971784882,30.486632181608162],[32.31590442779445,30.48662634176986],[32.315906899640659,30.486620621126413],[32.315909449854622,30.486614868409038],[32.315912042406595,30.486609170055441],[32.315914720669937,30.486603432447517],[32.315917421216845,30.486597786095071],[32.315920175758031,30.486592166194317],[32.315923003331314,30.486586532238846],[32.315925909177629,30.486580879744352],[32.315928847921903,30.486575290587719],[32.315931842756804,30.486569726089083],[32.315934893707585,30.486564182639093],[32.315938040845232,30.48655859186843],[32.315941166046841,30.486553157993686],[32.315944364229985,30.486547717282797],[32.315947660708957,30.486542225652833],[32.315950984825989,30.486536804552067],[32.315954386123579,30.486531372125366],[32.315957825597899,30.486525993138237],[32.31596133911453,30.48652060461345],[32.315964878160187,30.486515290216204],[32.315968479654963,30.48650998517008],[32.315972107771145,30.486504747038346],[32.315975790942325,30.486499532656719],[32.315979575471751,30.486494276395625],[32.315983360348461,30.486489119396154],[32.315987288618174,30.486483869303054],[32.31599116361356,30.486478787672162],[32.315995120998807,30.486473694742632],[32.315999147097003,30.486468609392308],[32.316003240866252,30.48646353161573],[32.316007282491434,30.486458609674212],[32.316011495791642,30.486453573130689],[32.316015731558352,30.486448601674969],[32.316020010818384,30.486443668346475],[32.316024252697318,30.486438865664319],[32.316028633637565,30.486433993327203],[32.316033055968454,30.486429161813334],[32.316037531238955,30.48642435855022],[32.316042003825807,30.48641964099733],[32.316046565041077,30.486414913983179],[32.316051220106765,30.486410175730395],[32.316055884044083,30.486405509712977],[32.316060582022125,30.486400892601534],[32.316065331885262,30.486396305540023],[32.316070131543455,30.48639174941983],[32.316074975736839,30.486387231432278],[32.316079815207011,30.486382792827659],[32.316084743255097,30.48637835198036],[32.316089673904649,30.486373986042608],[32.316094747656656,30.486369568518189],[32.316099755884409,30.486365283297218],[32.316104863152979,30.486360989571864],[32.316110068420478,30.486356687336649],[32.316115202954393,30.486352517377544],[32.316120442811894,30.486348334435196],[32.31612566959231,30.486344233539018],[32.316131040434954,30.486340092791881],[32.316136398206815,30.4863360331886],[32.316141801562061,30.486332010820991],[32.316147188727228,30.486328068678539],[32.316152665449032,30.486324133322096],[32.316158146944453,30.486320260253425],[32.316163763011637,30.486316363526498],[32.316169307410732,30.486312583730594],[32.316174950787513,30.486308804453522],[32.31618062824289,30.48630506866834],[32.316186275913395,30.486301420255867],[32.316192049763877,30.486297756262307],[32.316197845121074,30.486294145620693],[32.316203622236067,30.486290610681579],[32.31620947422681,30.486287095986849],[32.316215438764821,30.486283578272591],[32.316221271023188,30.486280203340051],[32.316227235693823,30.486276815566171],[32.316233188417705,30.486273497211254],[32.316239237972404,30.486270188387479],[32.316245318454904,30.486266926648437],[32.316251440328109,30.486263705732451],[32.316257474962072,30.486260593544621],[32.316263659751698,30.486257464096603],[32.316269873379092,30.486254382624708],[32.316276000840709,30.486251405374777],[32.316282277384566,30.48624841537081],[32.316288575441547,30.486245477816375],[32.316294872039961,30.48624259980993],[32.316301189109652,30.486239774247533],[32.316307545480051,30.486236990399558],[32.316313919202415,30.486234258076937],[32.316320285196085,30.486231587976498],[32.31632671138474,30.486228951578763],[32.316333167459398,30.486226362260261],[32.31633973387774,30.486223787055412],[32.316346238232313,30.486221296346901],[32.316352781887623,30.486218847352813],[32.316359340804908,30.486216450775448],[32.316365880514041,30.486214119067153],[32.316372443845395,30.486211836209929],[32.316379164493057,30.486209555079508],[32.316385771943224,30.486207369908104],[32.316392484464671,30.486205207846258],[32.316399225824036,30.48620309376048],[32.31640587803733,30.48620106312671],[32.316414259964873,30.486198565113039],[32.316436642961961,30.486189676873053],[32.316447762708947,30.486183498034414],[32.316712206214447,30.486020181175292],[32.316719079117448,30.486015640406332],[32.316986496441253,30.485826948779653],[32.318705237563691,30.484628332185036],[32.320709938949669,30.483230274625182],[32.320752587512231,30.48319963504969],[32.320794491136212,30.4831694409568],[32.32083634084055,30.483139205962882],[32.320878160712894,30.483108912146154],[32.32091992562998,30.483078576520715],[32.320961644999691,30.483048194623755],[32.321003318834542,30.483017764650722],[32.321044946073862,30.482987289303175],[32.321086526742718,30.482956764971856],[32.321128061864101,30.482926194369217],[32.321169549354359,30.482895577484467],[32.321210990261548,30.48286491342072],[32.321252384579388,30.482834203080365],[32.321293733355979,30.482803445566546],[32.321335034501352,30.482772641770783],[32.321376289063593,30.482741790796201],[32.321417495994588,30.482710893539767],[32.321458657378002,30.482679950012354],[32.321499770088295,30.482648960197768],[32.321540837257238,30.482617923209961],[32.321581856788598,30.482586840842803],[32.321622827646806,30.482555712188564],[32.321663752963616,30.482524536361264],[32.321704630642806,30.482493315154748],[32.321745459648803,30.482462047661294],[32.321786242059005,30.482430734794136],[32.321826975795965,30.482399375640131],[32.321867662949614,30.482367969307855],[32.321908302459335,30.482336518498908],[32.321948893295797,30.482305021403235],[32.321989437548893,30.482273477129421],[32.322029932074351,30.482241888368229],[32.322070380003922,30.482210254233635],[32.322110780295752,30.482178574720251],[32.322151131908008,30.48214684982274],[32.322191434853167,30.482115077736417],[32.322231689106232,30.482083262070731],[32.322271894685933,30.482051400118664],[32.322312052627851,30.482019492788044],[32.322352161896369,30.481987539171186],[32.322392223514584,30.481955541980486],[32.322432235417573,30.481923498498205],[32.322472198634628,30.481891410534448],[32.322512113165786,30.481859278089289],[32.322551979017256,30.481827100260414],[32.322591796195283,30.481794876145521],[32.322631563639291,30.481762608446271],[32.322671283445423,30.481730295368841],[32.322710952481927,30.481697937799382],[32.322750572838736,30.481665534846446],[32.322790143467721,30.481633087406973],[32.322829665404477,30.48160059638877],[32.322869138661495,30.4815680599872],[32.322908561148857,30.481535479093822],[32.322947934950221,30.481502853719498],[32.322987259023755,30.481470183858871],[32.323026533369443,30.48143746951202],[32.323065757981041,30.481404711581234],[32.32310493287104,30.481371908261963],[32.323144056985115,30.481339061353488],[32.323183132406911,30.481306170866652],[32.323222157065253,30.481273234986066],[32.323261131983244,30.48124025642413],[32.323300057173363,30.481207233376242],[32.32333893158755,30.481174166739358],[32.323377756267611,30.481141056518961],[32.323416530184211,30.481107900904995],[32.323455253312375,30.481074703506856],[32.323493925670839,30.481041461617583],[32.323532549343227,30.481008175248],[32.32357112118536,30.480974847088994],[32.323609641222205,30.480941473531221],[32.323648111512419,30.480908058194903],[32.323686532074746,30.48087459837306],[32.323724900813062,30.480841095859606],[32.32376321878165,30.480807548855342],[32.323801485961809,30.480773960067303],[32.323839702366001,30.480740327690825],[32.323877866952422,30.480706651720602],[32.323889164090353,30.480696657053333],[32.323915979714826,30.480672933058983],[32.323954041695032,30.480639171711431],[32.323992052893061,30.480605367677974],[32.324030012273312,30.480571520050923],[32.324067920877596,30.480537628835751],[32.324105776603602,30.480503696728654],[32.324143582595468,30.480469721038926],[32.324181335727758,30.48043570175038],[32.324217654182384,30.480402892305243],[32.324230067047885,30.480392297902611],[32.324243978129886,30.480380340571081],[32.324257836381413,30.480368338748384],[32.324271642850512,30.48035629153766],[32.324285397518501,30.480344201645881],[32.32429910039783,30.480332067268435],[32.324312751488506,30.48031988840529],[32.324326348694441,30.480307666850365],[32.324339894105485,30.480295401712162],[32.324353387709174,30.480283094795293],[32.324366826398787,30.480270743376643],[32.324380212245465,30.480258349271665],[32.324393545243005,30.480245913382713],[32.324406824362015,30.480233433899741],[32.324420050638132,30.480220911730488],[32.324433221975241,30.480208348668857],[32.324446339427617,30.480195742915573],[32.324459402989042,30.480183095373008],[32.324472411611474,30.480170406938075],[32.324485366349194,30.480157675811583],[32.324498265099884,30.480144904689691],[32.324511108917839,30.480132091773193],[32.324523898832396,30.480119238872142],[32.324536631736819,30.480106343263365],[32.324549351655058,30.480093366373264],[32.324561932703872,30.480080432978436],[32.324574499737153,30.480067416492247],[32.324587010777229,30.480054360913126],[32.324599464782274,30.480041266235713],[32.324611861771004,30.480028129753002],[32.324624203795892,30.48001495598746],[32.324636487756422,30.480001741313611],[32.324648715723775,30.479988487546912],[32.324660885608111,30.47997519557892],[32.324672999499285,30.479961864518099],[32.32468505634926,30.479948495261439],[32.324697054074434,30.479935087798129],[32.324708995812699,30.479921640339704],[32.324720877371917,30.479908156473943],[32.324732701889964,30.479894634412393],[32.32474446936687,30.47988107415507],[32.324756176664756,30.479867477490437],[32.324767826921523,30.47985384263005],[32.324779418047306,30.479840170465483],[32.324790950035933,30.479826461899062],[32.3248024218518,30.479812716023073],[32.32481383556609,30.479798934653004],[32.324825190149461,30.479785115978789],[32.324836485595711,30.479771260902801],[32.32484772085057,30.479757371224299],[32.324858895932742,30.479743444236338],[32.324870010823552,30.479729482645894],[32.324881066577291,30.479715484653727],[32.324892062133472,30.479701452961464],[32.324902996462747,30.479687385759036],[32.324913870606949,30.47967328305187],[32.324924684559861,30.479659145742328],[32.324935436231655,30.479644974721932],[32.324946127712202,30.479630769099181],[32.324956757959697,30.479616528868714],[32.324967326961691,30.479602255835172],[32.324977834730667,30.479587948193895],[32.324988281254193,30.479573607749604],[32.324998665496693,30.479559233594589],[32.325008987451959,30.479544826631166],[32.325019248161816,30.479530386864756],[32.325029445548907,30.479515913382251],[32.325039581678162,30.479501408901445],[32.325049655520253,30.47948687161232],[32.325059666027173,30.479472302411814],[32.325069615282537,30.479457701310707],[32.325079539118548,30.479443008938446],[32.325089322746059,30.479428403369099],[32.325099081983616,30.479413708338662],[32.325108776844289,30.479398981391526],[32.325118409405455,30.479384223440817],[32.325127978619136,30.479369435383497],[32.325137484485339,30.479354617219546],[32.325146925974728,30.479339767138981],[32.325156303062428,30.479324888751119],[32.32516610154633,30.479309183270193],[32.325962009177005,30.477974425869348],[32.326557590479538,30.477046750438817],[32.327195225755958,30.476053561633371],[32.32720653118534,30.476037233005684],[32.32721900652286,30.476019091244055],[32.327231420614773,30.476000916680068],[32.327243771371393,30.475982710205312],[32.327256082982906,30.475964438557099],[32.327268285985475,30.475946204246736],[32.327280447759456,30.475927904752183],[32.327292548275551,30.475909574260033],[32.327304584408481,30.475891212754167],[32.327316557206245,30.475872819337646],[32.327328467685817,30.475854397625209],[32.327340314830259,30.475835944002142],[32.32735209758544,30.475817460267763],[32.327363815945162,30.475798947324428],[32.3273754720054,30.475780403378241],[32.327387063670251,30.475761830223139],[32.327398591981478,30.475743227864498],[32.327410054855591,30.475724596291595],[32.327421454382353,30.475705934612872],[32.327432789507633,30.475687244627618],[32.32744406127938,30.475668525438895],[32.327455267607931,30.475649777938305],[32.327466409547469,30.475631000326601],[32.327477486031441,30.475612196207713],[32.327488499162008,30.475593362885441],[32.327499446843284,30.475574502153719],[32.327510329081484,30.47555561311022],[32.327521146918393,30.475536695760333],[32.32753190034164,30.475517751908747],[32.32754258623838,30.475498779734682],[32.327553208763284,30.475479781064301],[32.327563764803479,30.475460754076881],[32.327574256423937,30.475441701490144],[32.327584682589119,30.475422622396412],[32.32759504122172,30.475403515882608],[32.327605335440879,30.475384382867244],[32.327615563156868,30.475365224241898],[32.327625725411515,30.475346040011917],[32.327635821175456,30.47532682836734],[32.327645851478103,30.475307591118192],[32.327655815265317,30.475288330063787],[32.327665712555735,30.475269042497153],[32.32767554334319,30.47524972932062],[32.327685307621493,30.475230391436533],[32.327695005384498,30.475211029747246],[32.327704636650836,30.475191641545809],[32.327714201401918,30.475172229539194],[32.327723698596039,30.475152793722053],[32.327733129281178,30.475133333197459],[32.327742492409428,30.475113848862364],[32.327751789022543,30.475094340722151],[32.327761020162349,30.475074808782232],[32.327770181661833,30.475055253021129],[32.327779276640101,30.475035674357276],[32.327788303019879,30.475016071877679],[32.327797262872302,30.474996447397707],[32.327806156203621,30.474976800015003],[32.327814980930341,30.474957129718945],[32.327823738100463,30.474937435612496],[32.327832426653657,30.474917720397325],[32.327841047637918,30.474897983176511],[32.327849602088847,30.474878224857743],[32.327858086893592,30.474858443620249],[32.327866513660268,30.474838617867135],[32.327874853784252,30.474818816933091],[32.32788313378672,30.474798971472715],[32.327891347256021,30.47477910491445],[32.327899491060734,30.474759218144534],[32.327907566255043,30.474739309363709],[32.327915573868339,30.474719380381988],[32.327923512852713,30.474699432096372],[32.327931382178839,30.474679462696844],[32.327939183924066,30.474659473096459],[32.327946915998723,30.474639464186851],[32.327953198850906,30.474622957107783],[32.32795457945079,30.474619435071073],[32.327959883787209,30.47460357445728],[32.327962174267938,30.474599387553774],[32.327969699420812,30.474579319824958],[32.327977155945035,30.47455923279232],[32.32798454279267,30.474539127352866],[32.327991861011718,30.474519002609615],[32.327999110596011,30.474498859464898],[32.328006289462103,30.474478697908054],[32.328013399693496,30.474458517949781],[32.328020439200579,30.474438320481688],[32.328027411121006,30.474418103715252],[32.328034312310983,30.474397870341342],[32.328041143818488,30.47437761946302],[32.328047905643572,30.474357351080329],[32.328054597786263,30.474337065193239],[32.328061220240421,30.474316762704124],[32.328067774047817,30.474296443618336],[32.328074256089451,30.47427610701747],[32.328080668436456,30.474255754716943],[32.328087011095079,30.474235385814396],[32.328093284065353,30.474215000309876],[32.328099486299379,30.474194599100347],[32.328105617797199,30.474174182185827],[32.328111679594407,30.474153750474024],[32.328117671703438,30.474133302160279],[32.328123592028419,30.474112839038501],[32.328129442659119,30.474092360217167],[32.328135223583168,30.474071867500918],[32.328140933765056,30.47405135998207],[32.328146572156882,30.474030838557592],[32.328152140854584,30.474010301433545],[32.328157638804051,30.473989750409274],[32.328163064963583,30.473969185479415],[32.328168421410531,30.473948607557013],[32.328173707109372,30.473928015734419],[32.32817892101221,30.473907410908573],[32.328184065208774,30.473886792187919],[32.32818913656768,30.473866160458659],[32.328194139255942,30.473845515742315],[32.328199070148379,30.473824858022741],[32.328203928197091,30.473804188196969],[32.328208717569098,30.473783506286431],[32.328213435139197,30.473762812275044],[32.328218079871903,30.473742105255141],[32.32822265487389,30.473721387949819],[32.328227158074128,30.473700658543663],[32.32823159051437,30.473679917042073],[32.328235951146738,30.473659164342006],[32.328240241056392,30.473638394132525],[32.32824445802359,30.47361762625421],[32.328248603220224,30.473596841763481],[32.328252678686432,30.473576046987358],[32.328256681303266,30.473555241007439],[32.328260613141822,30.473534425639134],[32.32826447317283,30.473513599072401],[32.328268261383926,30.473492763111938],[32.328271977768956,30.473471918660088],[32.328275622346553,30.473451063009822],[32.328279196139931,30.47343019887354],[32.328282697059443,30.473409327142846],[32.328286098951303,30.473388615523039],[32.328286934278857,30.47338226717202],[32.328486571393221,30.47137686891779],[32.328627094197337,30.470155890874938],[32.32874128082203,30.469163741467877],[32.328741694768887,30.469159281397726],[32.328742438566501,30.469148649036136],[32.328743234935374,30.469138249755527],[32.328744086639624,30.469127984309839],[32.328745016295485,30.469117592934015],[32.328746012619561,30.469107201901249],[32.328747061036303,30.469096961831703],[32.328748191763211,30.469086567881092],[32.328749372511723,30.469076323078269],[32.328750634274925,30.469065961384736],[32.328751947274689,30.469055723578993],[32.328753342287456,30.469045375204249],[32.328754805115196,30.469035011838212],[32.328756314845577,30.469024796701532],[32.328757907630582,30.469014471001227],[32.328759548539367,30.469004267367929],[32.3287612517761,30.46899408932159],[32.328763046654657,30.468983763758757],[32.328764882185631,30.468973586393115],[32.328766804906934,30.468963302996919],[32.328768798543351,30.468953008234827],[32.32877083077971,30.468942857147532],[32.328772950175384,30.468932604541337],[32.328775112492423,30.468922473073025],[32.328777368355041,30.468912220266603],[32.328779690817385,30.468901977728844],[32.32878204877926,30.468891875240462],[32.328784470203395,30.468881784809337],[32.328786949677088,30.468871736185712],[32.328789541867479,30.468861504961712],[32.328792156790946,30.46885145252309],[32.328794871485194,30.468841282387849],[32.328797651731172,30.468831123418234],[32.328800422797343,30.468821239622979],[32.328803333092637,30.468811104783921],[32.328806306800509,30.46880098922075],[32.328809317235127,30.468790986642226],[32.328812411375658,30.468780930352388],[32.32881555083015,30.468770950094374],[32.32881878457448,30.468760891815588],[32.328822039172628,30.46875098253442],[32.328825358280653,30.468741084413459],[32.328828797180236,30.46873103531129],[32.328832243156512,30.468721169425738],[32.328835766390384,30.468711278671339],[32.328839367911158,30.468701364858134],[32.328843032838151,30.468691471223096],[32.328846762268711,30.468681589650597],[32.32885053920166,30.468671768780919],[32.32885437851764,30.468661965377031],[32.328858263264998,30.468652220860573],[32.328862209322722,30.468642498316221],[32.328866286586987,30.468632631165864],[32.328870426221833,30.468622783285948],[32.328874560426861,30.468613119460642],[32.328878755966954,30.468603473998076],[32.328883054086688,30.468593756873815],[32.328887372265939,30.4685841526484],[32.328891827895482,30.468574404751408],[32.328896269749315,30.468564842670798],[32.328900794075068,30.468555254845704],[32.328905378663187,30.468545689889623],[32.328910083706539,30.468536028999903],[32.328914766609742,30.46852655839534],[32.328919561529482,30.468517007153952],[32.328924365992776,30.46850758319508],[32.328929258185845,30.468498126299792],[32.328934267634722,30.468488584282763],[32.328939250764336,30.468479234334119],[32.328944354311908,30.468469793865772],[32.328949547647753,30.468460324081029],[32.328954675713611,30.468451105720462],[32.328959993746778,30.468441680792704],[32.328965210702854,30.468432563953982],[32.328970582829839,30.468423301729953],[32.328976110047229,30.468413905850952],[32.328981534178439,30.468404807222246],[32.328987149225668,30.468395515566637],[32.328992753913028,30.468386367333739],[32.328998422024682,30.468377236571783],[32.329004146182193,30.468368135875952],[32.329009964282172,30.468359007689735],[32.329015804716676,30.468349964440563],[32.329021703311305,30.46834094675652],[32.329027700046026,30.468331897091844],[32.329033712815651,30.468322939550692],[32.329039782685129,30.468314010276316],[32.329045951748704,30.468305047221946],[32.329052133703563,30.468296178982026],[32.329058419025408,30.468287276081181],[32.329064674145933,30.468278523719846],[32.329071003200241,30.468269775347942],[32.329077456640775,30.46826096535219],[32.329083875700874,30.468252307679187],[32.329090444376462,30.468243555124555],[32.329097065935571,30.468234838033833],[32.329103744575889,30.468226151916806],[32.329110434055025,30.46821755609178],[32.329117150165288,30.468209026276114],[32.329122879964679,30.468201835010689],[32.330649667237211,30.466972920356117],[32.330879184108426,30.466788180584487],[32.330888238917339,30.466781737210656],[32.330900698488264,30.466772787381156],[32.330913035090525,30.466763844138619],[32.330925360756453,30.46675482413762],[32.330937637788544,30.466745756060543],[32.330949867234608,30.466736639010406],[32.330962048046835,30.466727473884209],[32.330974179189695,30.466718259774318],[32.33098626169253,30.466708998490716],[32.330998294513662,30.466699690028094],[32.331010277659253,30.466690333484152],[32.331022210081464,30.466680929755846],[32.331034093869789,30.466671477951593],[32.331045925880737,30.466661980762346],[32.331057707168284,30.466652436388806],[32.331069437732452,30.466642844830975],[32.331081117567052,30.466633206991233],[32.331092745630428,30.466623522864207],[32.331104321916392,30.466613793352291],[32.331115845383295,30.466604018450123],[32.331127318114468,30.466594198168416],[32.331138738032735,30.46658433159417],[32.331150105125758,30.466574420532034],[32.33116141835805,30.466564464074398],[32.33117267980677,30.466554463134237],[32.33118388738859,30.466544417700923],[32.331195041103506,30.466534327774482],[32.331206140945348,30.466524194257222],[32.331217186914131,30.466514017149176],[32.331228179009848,30.466503796450354],[32.331239116190829,30.466493532155429],[32.331249998450915,30.466483225166737],[32.331260824754622,30.466472874576656],[32.331271597179104,30.466462481298173],[32.331282313641019,30.466452045320636],[32.33129297414041,30.466441566644079],[32.331303578664908,30.46643104707314],[32.331314127226868,30.466420484803209],[32.33132461982013,30.466409880736613],[32.331335087916585,30.466399202549475],[32.331345433957075,30.466388549904462],[32.331355755506934,30.46637782223662],[32.331366020040278,30.466367053669135],[32.331376227544787,30.46635624600674],[32.331386376997294,30.466345396537086],[32.331396468379317,30.466334507967179],[32.331406500661522,30.466323578487035],[32.331416476950416,30.466312610819703],[32.331426393091682,30.466301603139136],[32.331436250120817,30.46629055635303],[32.331446049079503,30.466279470466784],[32.331455788919911,30.466268346377355],[32.331465468606559,30.466257183177078],[32.331475090210454,30.466245982681354],[32.33148464957727,30.466234743064142],[32.331494150861346,30.466223466151519],[32.331503593014865,30.466212152840438],[32.33151297188968,30.466200800402589],[32.331522291627792,30.466189412468669],[32.33153155119988,30.46617798722869],[32.33154074851646,30.466166525574312],[32.331549885660884,30.466155027516226],[32.331558961585301,30.466143493951463],[32.331567975254259,30.466131923972323],[32.33157692770942,30.466120317584181],[32.331585817890648,30.46610867748873],[32.331594645816438,30.466097000978948],[32.331603411468315,30.466085290761885],[32.331612114852447,30.466073545935195],[32.331620755968864,30.466061766498893],[32.331629333775908,30.466049952447651],[32.331637848267441,30.466038104683832],[32.331646299437296,30.466026224109783],[32.331654688333316,30.466014309828513],[32.331663012866045,30.466002362731675],[32.331671274083298,30.465990381922307],[32.331679470931121,30.46597836919975],[32.331687630763795,30.465966285000043],[32.331695672566347,30.465954247118127],[32.331703677353786,30.46594213775909],[32.331711616724021,30.465929997383888],[32.331719490683248,30.465917825090223],[32.331727301302472,30.465905622693441],[32.331735046504548,30.46589338928057],[32.331742726289484,30.465881124851599],[32.331750339609513,30.465868830303531],[32.331757888547926,30.465856505647064],[32.331765371021447,30.465844150871551],[32.331772789107255,30.465831766889973],[32.331780138632553,30.46581935458337],[32.331787423770173,30.465806913070743],[32.331794642436797,30.465794442341434],[32.331801794632469,30.465781942395449],[32.331808879297043,30.465769415934481],[32.331815898532355,30.465756860262182],[32.33182284920111,30.465744277167271],[32.331829733380509,30.465731667562714],[32.331836550035042,30.465719030540896],[32.331843300206415,30.465706366107142],[32.331849981805163,30.46569367515313],[32.331856595866796,30.465680958586535],[32.331863143439172,30.465668215510366],[32.331869621397317,30.465655445908641],[32.331876031806097,30.465642652499039],[32.331882374684021,30.465629832574574],[32.331888647935465,30.46561698792922],[32.331894853643782,30.465604118573697],[32.331900989725646,30.465591224497338],[32.331907059299922,30.465578306618475],[32.331913058206162,30.465565364013475],[32.33191898746756,30.465552399394664],[32.331924849179757,30.465539410968045],[32.33193064125949,30.465526398722961],[32.33193636265279,30.465513364458783],[32.331942016490814,30.465500307289169],[32.331947617652375,30.465487183976723],[32.331953113149396,30.465474126897998],[32.331958557005514,30.465461004584132],[32.331963930181473,30.465447859348867],[32.331969233700491,30.465434693904548],[32.331974466527093,30.465421507343507],[32.331979630738452,30.465408300578783],[32.331984723209629,30.465395073594344],[32.331989744982302,30.465381826395564],[32.331994697098168,30.465368558987763],[32.331999577467755,30.465355272262659],[32.332004387132777,30.465341966225548],[32.332009127122575,30.465328642686455],[32.332013794330692,30.465315298922363],[32.332018390821979,30.465301937651013],[32.332022916602639,30.46528855797002],[32.332027370624878,30.465275160776415],[32.33203175393038,30.46526174607553],[32.332036065477517,30.465248313862041],[32.332040305260143,30.465234865038298],[32.332044472236653,30.465221399598978],[32.332048569532027,30.4652079175601],[32.332052592979672,30.465194418900282],[32.332056545692268,30.465180905440281],[32.332060426634349,30.465167376272355],[32.332064234764282,30.46515383139123],[32.332067971117603,30.465140271704566],[32.33207163464651,30.465126698109376],[32.332075225363369,30.46511310880101],[32.332078155811651,30.465101785564677],[32.332724381132458,30.462962619555775],[32.332730616450405,30.462944294591281],[32.332737424116594,30.462924065851805],[32.332744163136923,30.462903821420515],[32.332750832482105,30.46288355948743],[32.332757433187652,30.462863280960224],[32.332763964218138,30.46284298493126],[32.332770425561279,30.462822673205206],[32.332776819306545,30.462802344890385],[32.332783141281297,30.462782000867836],[32.3327893956521,30.462761641158892],[32.332795579300246,30.462741264845246],[32.332801694296748,30.462720873742231],[32.332807738576825,30.462700465132183],[32.332813714193023,30.46268004353745],[32.332819620122216,30.462659606245712],[32.332825456358279,30.462639154159312],[32.332831221859649,30.462618687272954],[32.33283691766183,30.462598206494281],[32.332842544818782,30.462577710023968],[32.332848101235015,30.46255719965604],[32.332853586910545,30.462536675390524],[32.332859003928682,30.462516137238048],[32.332864350200055,30.46249558609032],[32.332869625730879,30.462475021045041],[32.332874832598272,30.46245444301519],[32.33287996663578,30.462433851979441],[32.332885033051582,30.462413247964477],[32.332890027679213,30.46239263094898],[32.332894952601947,30.462372000943603],[32.33289980677209,30.462351358845371],[32.332904590189663,30.46233070465431],[32.332909303896329,30.462310038375751],[32.33291394685051,30.462289360004352],[32.332918519052257,30.462268669540137],[32.332923020489304,30.4622479687878],[32.332927451167848,30.462227256844983],[32.332931811094085,30.462206532809365],[32.332936104551365,30.46218577955791],[32.332940320748456,30.462165052079822],[32.332944467345655,30.462144296272228],[32.332946122653695,30.462135871210116],[32.332948545267811,30.462123529284863],[32.332952550336188,30.462102752901099],[32.332956486729607,30.462081965337571],[32.332960351304799,30.462061169285317],[32.332964144080272,30.462040362037339],[32.332967867120843,30.462019546311314],[32.33297151835562,30.461998720291906],[32.332975098813982,30.461977885789103],[32.332978607454343,30.461957042797643],[32.332982045324513,30.461936190420474],[32.332985412418395,30.461915329559972],[32.332988707694405,30.461894460210765],[32.332991933235839,30.461873582383546],[32.332995085917865,30.461852696062351],[32.332998167817635,30.461831802160166],[32.333001178935191,30.461810900676987],[32.333004117187336,30.461789991602178],[32.333006985698979,30.461769074951729],[32.333009782380771,30.4617481516173],[32.333012508280518,30.461727220701924],[32.333015161308893,30.46170628309725],[32.333017719244303,30.461685542624782],[32.333286288923631,30.459518920244392],[32.333286692204844,30.459515070999412],[32.333287265266648,30.459508316095274],[32.33328786220239,30.459502032349146],[32.333288510597114,30.459495840005115],[32.333289231463816,30.459489559599408],[32.333290000646265,30.459483373286854],[32.33329084543157,30.459477098026216],[32.333291736412576,30.459470922262099],[32.333292716042372,30.459464577305869],[32.333293727700401,30.459458423815267],[32.333294818159757,30.459452170564518],[32.333295949526914,30.459446028514048],[32.333297161710973,30.459439796639774],[32.333298416996584,30.459433659734376],[32.33329973265753,30.459427528551696],[32.333301128007712,30.459421320172581],[32.333302563303945,30.459415211258055],[32.333304079343279,30.459409023347757],[32.333305633208575,30.459402940305399],[32.333307274183234,30.4593967611548],[32.333308946636009,30.459390701277595],[32.333310684794867,30.459384629102974],[32.333312501392385,30.459378510406044],[32.333314359161797,30.459372464108885],[32.333316301773003,30.459366348762927],[32.333317665218928,30.459360083371362],[32.333320245824687,30.459354197779909],[32.333322417152267,30.459348300170877],[32.333324362512457,30.459342239883267],[32.333326551182992,30.459335477894378],[32.333329076587191,30.459330356326202],[32.333331412816875,30.459324410831798],[32.333333796695271,30.459318504382647],[32.333336250433703,30.459312587462023],[32.333338750742378,30.459306714995332],[32.333341307143066,30.45930086537442],[32.333343946111739,30.459294974666424],[32.333346630572166,30.459289133821063],[32.33334937220917,30.45928330951044],[32.333352168884275,30.459277509844892],[32.333355022705227,30.459271731225773],[32.333357935792044,30.459265968249674],[32.333360902869209,30.45926023081568],[32.333363906008479,30.459254551317407],[32.33336694731149,30.459248927058511],[32.333370138593679,30.459243151968096],[32.333373286823438,30.459237580592745],[32.333376573415123,30.459231881788035],[32.333379869697389,30.459226289512177],[32.333383205234099,30.459220745262289],[32.333386593707218,30.459215228353852],[32.33339003513516,30.459209736079814],[32.333393595832298,30.459204166811443],[32.333397189466723,30.459198655462828],[32.333400745508598,30.459193310860069],[32.333404446063504,30.459187853297223],[32.333408178483396,30.459182458160484],[32.333411965971983,30.45917708315708],[32.333415852650738,30.459171673467999],[32.333419665054024,30.459166463724973],[32.333423658647057,30.459161108723997],[32.333427575881451,30.459155953658399],[32.333431656420402,30.459150679412133],[32.333435728949055,30.459145510701827],[32.333439830267054,30.459140397182946],[32.333444027595114,30.4591352570834],[32.333448274697858,30.459130149723254],[32.333452595734578,30.459125045447799],[32.333456956056352,30.459119984686598],[32.333461338868801,30.459114986303494],[32.333465771468212,30.459110018855117],[32.333470267493524,30.459105067973248],[32.333474801762328,30.459100160600244],[32.333479340704216,30.459095331756959],[32.333484018600785,30.459090441360029],[32.333488692794731,30.459085635766591],[32.333493413607869,30.459080867408215],[32.333498185261831,30.459076128185181],[32.333503041308553,30.459071385783616],[32.333507856957539,30.459066763190421],[32.33351276328569,30.459062132036614],[32.333517764465469,30.459057491441122],[32.333522708520675,30.459052979592222],[32.333527745325938,30.459048460997977],[32.333532883256915,30.459043929384645],[32.333537957807685,30.459039527388267],[32.333543176428819,30.459035077399818],[32.333548442735285,30.459030661042345],[32.333553694917164,30.459026330337434],[32.333558991628898,30.459022037759254],[32.333564388387892,30.459017737570587],[32.333569669466236,30.459013599217009],[32.333575095625797,30.45900941738827],[32.333580608193685,30.459005242317268],[32.333586067938597,30.459001176162705],[32.333591674811018,30.458997071957629],[32.333597192239068,30.458993100845856],[32.333602880855537,30.458989076466214],[32.333608539686828,30.458985143073324],[32.333614257710046,30.458981236151185],[32.333619999345416,30.458977379882018],[32.333625721691341,30.458973602922438],[32.333631595300382,30.458969792445213],[32.333637501908129,30.458966030864151],[32.333643344266257,30.458962373629305],[32.333649283460865,30.458958721400663],[32.333655255672632,30.458955115361114],[32.333661195035951,30.45895159126901],[32.333667240628458,30.458948069523931],[32.333673388265382,30.458944552811566],[32.333679425669374,30.458941162769822],[32.333685597529815,30.458937759878953],[32.33369133821725,30.458934654371845],[32.334390914983473,30.458569118970804],[32.334907251392792,30.458299326371783],[32.334911483211087,30.458297372661015],[32.334918386416703,30.458294245051743],[32.334925411450016,30.458291123477363],[32.334932376530546,30.458288087321957],[32.334939362092918,30.458285102705581],[32.334946511256547,30.458282108094334],[32.334953647479502,30.458279178387258],[32.334960671529757,30.458276354587436],[32.334967813210767,30.458273541312881],[32.334974988950968,30.458270774232318],[32.334982176834295,30.458268059550598],[32.334989393556661,30.458265392840993],[32.334996678796188,30.458262759867843],[32.335003861316999,30.458260221119385],[32.335011156211664,30.458257700088289],[32.335018414172652,30.458255249253241],[32.335025855488162,30.458252793938129],[32.335033123116631,30.458250453240439],[32.335040545891154,30.458248120552057],[32.335047956803514,30.458245847359066],[32.335055252516696,30.458243665620099],[32.335062704405296,30.458241493700353],[32.335070171567992,30.458239373293019],[32.335077662349676,30.45823730263584],[32.335085165274634,30.458235284377515],[32.335092682419884,30.458233319430924],[32.335100226315021,30.458231403348119],[32.335107760443513,30.458229544966652],[32.335115332797699,30.458227732800339],[32.335122817138085,30.458225996886341],[32.335130404398548,30.458224290372176],[32.335138070555374,30.45822262306147],[32.335145704000205,30.458221017847031],[32.335153349576132,30.45821946683602],[32.335161073019108,30.458217953218472],[32.335168748101943,30.458216505226908],[32.3351762830737,30.45821513592929],[32.335184067957016,30.4582137778308],[32.3351917575785,30.458212489631119],[32.33519943014241,30.458211259095645],[32.335207169073179,30.458210072211553],[32.335214873233426,30.458208943803751],[32.335222583281528,30.458207868665216],[32.335230420151021,30.458206831169534],[32.33523816803887,30.458205859092864],[32.335246025022897,30.458204927275805],[32.335253775300082,30.458204063494549],[32.335261524180261,30.458203252043088],[32.335269301881496,30.458202491270612],[32.335277080262777,30.458201783740872],[32.335284853068529,30.458201130324348],[32.335292739112333,30.458200520797963],[32.335300522658571,30.458199973012313],[32.335308318342292,30.458199478527749],[32.335316219960795,30.458199029700825],[32.335324124324202,30.458198636834251],[32.335331931434752,30.45819830032093],[32.335339722547928,30.458198018770087],[32.335347639355319,30.458197787489389],[32.335355448500245,30.458197611606554],[32.335363373959055,30.458197486848391],[32.335371070926051,30.458197417774969]]]]}},
{"type":"Feature","properties":{"اسم_المحور":"2","اسم_القطاع":"10","اسم_المسطح":"ابار مياه","مساحة_كم2":0.034088251311292395,"GlobalID":"{DD947ED9-7124-4BE3-A55D-F0C48CB3076F}","Shape_Length":739.77608357509325,"Shape_Area":34088.257775232807},"geometry":{"type":"MultiPolygon","coordinates":[[[[31.953156172964448,30.375417532002491],[31.95265016363766,30.37706140257934],[31.954381665734743,30.377620721999904],[31.954990460017434,30.376045070078607],[31.953156172964448,30.375417532002491]]]]}},
{"type":"Feature","properties":{"اسم_المحور":"2","اسم_القطاع":"10","اسم_المسطح":"ابار مياه","مساحة_كم2":0.066080882005051467,"GlobalID":"{5136F39C-9F0B-4BCA-8ED7-9B18474777AC}","Shape_Length":1053.996161569195,"Shape_Area":66080.884025365012},"geometry":{"type":"MultiPolygon","coordinates":[[[[31.956274738802374,30.349892357896014],[31.954527953698804,30.350963398652631],[31.956471030452047,30.353323271955055],[31.958217817611594,30.352252257368576],[31.956274738802374,30.349892357896014]]]]}},
{"type":"Feature","properties":{"اسم_المحور":"2","اسم_القطاع":"10","اسم_المسطح":"ابار مياه","مساحة_كم2":0.0048238239863840661,"GlobalID":"{3612DC98-3EA7-4878-91F6-427ACE4579C8}","Shape_Length":296.9791830935049,"Shape_Area":4823.8244772675444},"geometry":{"type":"MultiPolygon","coordinates":[[[[31.926531127921155,30.401755039963348],[31.926080828527834,30.40169641321199],[31.926006870172188,30.402119012110933],[31.927039264490691,30.402264660966672],[31.927113118968446,30.401828319017426],[31.926531127921155,30.401755039963348]]]]}},
{"type":"Feature","properties":{"اسم_المحور":"2","اسم_القطاع":"10","اسم_المسطح":"ابار مياه","مساحة_كم2":0.013172972779206173,"GlobalID":"{C0448859-88F6-4527-AC94-C71181706D85}","Shape_Length":460.87853372505816,"Shape_Area":13172.96774258422},"geometry":{"type":"MultiPolygon","coordinates":[[[[31.878115136187251,30.43098881227839],[31.877465454076912,30.431992319679591],[31.87845336294448,30.432412288657318],[31.879075635971521,30.431451118520854],[31.878115136187251,30.43098881227839]]]]}},
{"type":"Feature","properties":{"اسم_المحور":"2","اسم_القطاع":"10","اسم_المسطح":"ابار مياه","مساحة_كم2":0.0044811354081413452,"GlobalID":"{AAA521A9-E5A4-48CF-9503-B674414C288E}","Shape_Length":283.64557439467143,"Shape_Area":4481.1380154682156},"geometry":{"type":"MultiPolygon","coordinates":[[[[31.891382239865322,30.436439529621893],[31.891572412322677,30.436063021260903],[31.891135850353745,30.435886462047367],[31.890711647710841,30.436666182041929],[31.891148208172517,30.436842739076646],[31.891382239865322,30.436439529621893]]]]}},
{"type":"Feature","properties":{"اسم_المحور":"2","اسم_القطاع":"10","اسم_المسطح":"ابار مياه","مساحة_كم2":0.01000850328500495,"GlobalID":"{EBF5B983-79FC-4D8C-A424-428BEC67C09A}","Shape_Length":505.78999658102134,"Shape_Area":10008.492678210614},"geometry":{"type":"MultiPolygon","coordinates":[[[[31.920170761543524,30.405668415294752],[31.918044125092596,30.405717282810141],[31.918070235690202,30.406160007085745],[31.920184447937885,30.406111426371314],[31.920170761543524,30.405668415294752]]]]}},
{"type":"Feature","properties":{"اسم_المحور":"2","اسم_القطاع":"10","اسم_المسطح":"ابار مياه","مساحة_كم2":0.01143258417775702,"GlobalID":"{EE71739B-540A-4E67-A9AE-5DDB695378E6}","Shape_Length":517.71476030461167,"Shape_Area":11432.587872251581},"geometry":{"type":"MultiPolygon","coordinates":[[[[31.911709934960403,30.404882533239007],[31.909605792364918,30.404968403858856],[31.909633727682618,30.405477581779863],[31.911737871845848,30.405391710001194],[31.911709934960403,30.404882533239007]]]]}},
{"type":"Feature","properties":{"اسم_المحور":"2","اسم_القطاع":"10","اسم_المسطح":"ابار مياه","مساحة_كم2":0.0095122461707571639,"GlobalID":"{BFBC68AA-0064-46F4-A62B-BB1B35CB52D1}","Shape_Length":494.35996301523414,"Shape_Area":9512.2429668596506},"geometry":{"type":"MultiPolygon","coordinates":[[[[31.906412854525247,30.406809972711006],[31.906387295203437,30.406380319963709],[31.904314147753084,30.406461825555159],[31.904336861050389,30.406891588222297],[31.906412854525247,30.406809972711006]]]]}},
{"type":"Feature","properties":{"اسم_المحور":"2","اسم_القطاع":"10","اسم_المسطح":"ابار مياه","مساحة_كم2":0.0095968337140530467,"GlobalID":"{29C8E3F7-D13E-4939-9B74-B3DF5AA3E425}","Shape_Length":406.20093330761642,"Shape_Area":9596.8283251317152},"geometry":{"type":"MultiPolygon","coordinates":[[[[31.877867181143049,30.448164291354558],[31.876611287155207,30.447785875391109],[31.876372330181887,30.448375268629338],[31.876708603267144,30.44850792854945],[31.877587318063721,30.448854580178523],[31.877867181143049,30.448164291354558]]]]}},
{"type":"Feature","properties":{"اسم_المحور":"2","اسم_القطاع":"10","اسم_المسطح":"ابار مياه","مساحة_كم2":0.010161455500163454,"GlobalID":"{7C05D1C5-A01B-4E19-906C-EBC3B781A7B1}","Shape_Length":403.72683063622969,"Shape_Area":10161.457901446658},"geometry":{"type":"MultiPolygon","coordinates":[[[[31.915917453652735,30.37549251004836],[31.915215099161912,30.376215729086478],[31.91603073674646,30.376805288498065],[31.9166633479702,30.376153888028256],[31.915917453652735,30.37549251004836]]]]}},
{"type":"Feature","properties":{"اسم_المحور":"2","اسم_القطاع":"10","اسم_المسطح":"ابار مياه","مساحة_كم2":0.009672108696536964,"GlobalID":"{3ACBC044-40B2-46F4-8E70-8E6990446F52}","Shape_Length":393.39134322757286,"Shape_Area":9672.1114219108094},"geometry":{"type":"MultiPolygon","coordinates":[[[[31.881534577447283,30.330675286800812],[31.880972419418878,30.331413648978707],[31.881538027871628,30.331734454850537],[31.881831045488251,30.331900650552598],[31.882393201028044,30.331162294578895],[31.881534577447283,30.330675286800812]]]]}},
{"type":"Feature","properties":{"اسم_المحور":"2","اسم_القطاع":"10","اسم_المسطح":"ابار مياه","مساحة_كم2":0.0019205192682257835,"GlobalID":"{6B1E1A48-1118-4467-B96B-1633D28EEBE0}","Shape_Length":175.50048866544864,"Shape_Area":1920.5215625123471},"geometry":{"type":"MultiPolygon","coordinates":[[[[31.877263452606098,30.341885532298509],[31.877013569630421,30.342239426206312],[31.877385013256404,30.342434768632685],[31.877634894378289,30.342080875799645],[31.877263452606098,30.341885532298509]]]]}},
{"type":"Feature","properties":{"اسم_المحور":"2","اسم_القطاع":"10","اسم_المسطح":"ابار مياه","مساحة_كم2":0.09563810549953404,"GlobalID":"{DF30A6B7-4F09-4083-BF4C-984844DBADE6}","Shape_Length":1907.0599264470411,"Shape_Area":95638.122726875707},"geometry":{"type":"MultiPolygon","coordinates":[[[[31.761089650906783,30.402548627341037],[31.758126531655375,30.402751293401188],[31.758133778550118,30.403192963064051],[31.758136716776836,30.403372039178219],[31.757467565281313,30.403380205609881],[31.757464496311965,30.403193137479136],[31.757460042741762,30.40292166031945],[31.753939511694362,30.402964625475104],[31.753941570602883,30.403090125372131],[31.753956160390675,30.403979406066803],[31.75395906427412,30.404156402887413],[31.757369336538034,30.404157238630923],[31.757376674533756,30.404157132755554],[31.757383985566193,30.404156577796702],[31.757391233101224,30.404155576524804],[31.757398380922044,30.404154133944754],[31.757405393310474,30.404152257264908],[31.757412235224574,30.404149955862625],[31.757418872474865,30.404147241239095],[31.757425271894157,30.404144126959743],[31.757431401503926,30.404140628585782],[31.757437230673755,30.404136763600579],[31.757442730275045,30.40413255131627],[31.757447872825434,30.40412801278282],[31.757452632627306,30.404123170680585],[31.757456985895377,30.404118049204321],[31.757460910876045,30.404112673948131],[31.757464387955761,30.404107071771019],[31.757467399759484,30.404101270669731],[31.757469931236756,30.404095299631233],[31.757471969737747,30.404089188494634],[31.757473505076167,30.404082967796871],[31.757474529579532,30.40407666862372],[31.757475038128412,30.404070322453112],[31.75747502818194,30.404063960996723],[31.757474499789655,30.404057616043637],[31.757473455592237,30.404051319300958],[31.757473593800555,30.403747610550724],[31.757472573714836,30.403742149984595],[31.757471990507582,30.40373664144018],[31.75747184695603,30.403731111148463],[31.757472143743527,30.403725585441794],[31.757472879456678,30.403720090632145],[31.757474050592144,30.40371465288521],[31.757475651573387,30.40370929809313],[31.757477674776858,30.40370405175312],[31.757480110568604,30.403698938848557],[31.757482947349995,30.403693983725539],[31.757486171613035,30.403689209977415],[31.757489768004728,30.403684640335584],[31.757493719399918,30.403680296561561],[31.757498006983404,30.403676199335951],[31.757502610338651,30.403672368171005],[31.757507507545899,30.403668821308376],[31.757512675286158,30.403665575637223],[31.757518088952104,30.403662646613562],[31.757523722765345,30.403660048182843],[31.757529549899282,30.403657792719802],[31.757535542606981,30.403655890963037],[31.757541672352644,30.403654351968832],[31.757547909948556,30.403653183065241],[31.75755422569295,30.403652389817847],[31.757560589512075,30.403651976004227],[31.757566971103497,30.403651943594891],[31.757573340079656,30.403652292743899],[31.757579666113671,30.403653021789129],[31.757585919082619,30.403654127258026],[31.757592069211967,30.403655603888208],[31.757598087216206,30.403657444647791],[31.75760394443968,30.403659640771124],[31.757609612991956,30.403662181801124],[31.757616390494583,30.403669630736271],[31.757623741725784,30.403676658974632],[31.757631632028993,30.403683233381649],[31.757640024204896,30.403689322962698],[31.757648878688844,30.403694899007697],[31.757658153736067,30.403699935229046],[31.757667805619469,30.403704407883524],[31.757677788835274,30.403708295884016],[31.757688056317367,30.403711580900364],[31.757698559659552,30.403714247446583],[31.75770924934379,30.403716282949674],[31.757720074973463,30.403717677814232],[31.757730985510921,30.403718425464497],[31.757741929518335,30.40371852237358],[31.757752855399858,30.403717968087197],[31.757763711645211,30.403716765216391],[31.757774447072848,30.403714919433362],[31.757785011069977,30.403712439440376],[31.757795353832616,30.403709336927456],[31.757805426600058,30.403705626524342],[31.757815181883633,30.403701325720945],[31.757830651808117,30.403693286077708],[31.757846723977007,30.403686189378668],[31.757863322012938,30.403680069349523],[31.757880367039203,30.403674955071569],[31.757897778055167,30.403670870850853],[31.757915472320629,30.403667836094083],[31.757933365749736,30.403665865224717],[31.757951373310316,30.403664967608297],[31.757969409427162,30.40366514750999],[31.757987388390134,30.403666404074833],[31.758005224760261,30.403668731332626],[31.758022833776156,30.403672118222268],[31.758040131757213,30.403676548649397],[31.758057036500318,30.403682001559996],[31.758073467671519,30.40368845104102],[31.758089347187074,30.403695866444409],[31.758104599584726,30.403704212529384],[31.758119152382601,30.403713449633685],[31.758132936423173,30.403723533862369],[31.758145886201877,30.403734417293876],[31.758157940179117,30.403746048207292],[31.758149716800748,30.404164496140986],[31.761057061840571,30.404206996194873],[31.761089650906783,30.402548627341037]]]]}},
{"type":"Feature","properties":{"اسم_المحور":"2","اسم_القطاع":"10","اسم_المسطح":"ابار مياه","مساحة_كم2":0.026464640886480269,"GlobalID":"{301F024F-FA09-4A25-859E-70B109A5FCF4}","Shape_Length":927.55021125242126,"Shape_Area":26464.650362306224},"geometry":{"type":"MultiPolygon","coordinates":[[[[31.766282647851789,30.411777426143072],[31.766268760014675,30.41285679675029],[31.76742782643942,30.412867888136642],[31.767435386336494,30.412280300332149],[31.767677633086993,30.412282618516972],[31.767670072558381,30.412870206355596],[31.768825031057442,30.412881259197544],[31.768838509592822,30.411833749652672],[31.767683550940841,30.411822696247484],[31.767669773738071,30.412139809218839],[31.767441810371324,30.412132443040459],[31.767455590390288,30.411815330132722],[31.766315607261969,30.411778490988333],[31.766282647851789,30.411777426143072]]]]}},
{"type":"Feature","properties":{"اسم_المحور":"2","اسم_القطاع":"10","اسم_المسطح":"ابار مياه","مساحة_كم2":0.025584421708534064,"GlobalID":"{F7F45169-417A-4311-954F-7CA159B421CE}","Shape_Length":908.96068144725791,"Shape_Area":25584.426029893304},"geometry":{"type":"MultiPolygon","coordinates":[[[[31.761672720990688,30.414991056484769],[31.761672719107096,30.416004845051482],[31.762808174469257,30.416004848074],[31.762808176290104,30.415616011615445],[31.763060318165753,30.415616012315169],[31.763060315262901,30.416004848781586],[31.764254281808327,30.416004854885546],[31.764254288308642,30.414991059562141],[31.7630603173845,30.414991059054394],[31.763060317944191,30.41545152291733],[31.762808176480149,30.41545152313147],[31.76280817814547,30.414991059311117],[31.761672720990688,30.414991056484769]]]]}},
{"type":"Feature","properties":{"اسم_المحور":"2","اسم_القطاع":"10","اسم_المسطح":"بركة","مساحة_كم2":0.082237281325679479,"GlobalID":"{9C493761-FFFC-452D-B1AE-378C592DEF54}","Shape_Length":1185.2530699574049,"Shape_Area":82237.269912673175},"geometry":{"type":"MultiPolygon","coordinates":[[[[31.836853791647009,30.325501369392285],[31.835339576935372,30.328658544548151],[31.83791570603055,30.329524203323697],[31.838643313574238,30.326638642983319],[31.836853791647009,30.325501369392285]]]]}},
{"type":"Feature","properties":{"اسم_المحور":"2","اسم_القطاع":"10","اسم_المسطح":"بركة","مساحة_كم2":0.18932765822120751,"GlobalID":"{247E3414-6E1C-413C-B086-8C2EDF0B1CCA}","Shape_Length":2346.1920338522245,"Shape_Area":189327.63616787616},"geometry":{"type":"MultiPolygon","coordinates":[[[[31.839662448714058,30.328311895637121],[31.838989803530254,30.32935947725073],[31.839758507070041,30.329727197379533],[31.839079232980382,30.330785088882166],[31.838525860016198,30.330520378209826],[31.838250012197463,30.330949978799797],[31.836617809781885,30.330169199368925],[31.835968859540369,30.331900484328649],[31.837384748774284,30.332681248525635],[31.837030776911359,30.333716601412618],[31.838336990577201,30.334705095785733],[31.8388830869572,30.333873837481011],[31.839567572623334,30.334208813969017],[31.841730731940252,30.330916031357127],[31.840703389228722,30.330179192823309],[31.841376033607407,30.329131620340483],[31.839662448714058,30.328311895637121]]]]}},
{"type":"Feature","properties":{"اسم_المحور":"2","اسم_القطاع":"10","اسم_المسطح":"ابار مياه","مساحة_كم2":0.00037475315476487412,"GlobalID":"{3484010E-C892-4519-99B1-9096D5274709}","Shape_Length":77.942271785995999,"Shape_Area":374.75424868018968},"geometry":{"type":"MultiPolygon","coordinates":[[[[31.682462885903561,30.32771649432425],[31.682304609087133,30.327834895394755],[31.68242500090183,30.327954798480402],[31.682601698876045,30.327822617062044],[31.682462885903561,30.32771649432425]]]]}},
{"type":"Feature","properties":{"اسم_المحور":"2","اسم_القطاع":"10","اسم_المسطح":"ابار مياه","مساحة_كم2":0.00029321352726675501,"GlobalID":"{63BD379E-9BCF-4DB9-81CF-E13172B7376D}","Shape_Length":74.439004648665232,"Shape_Area":293.21370827644381},"geometry":{"type":"MultiPolygon","coordinates":[[[[31.683281795599633,30.327702022004953],[31.683197288245594,30.327630881195301],[31.68305251533592,30.327759004276391],[31.683030566569563,30.327778429892888],[31.68300874409055,30.327797744892269],[31.683093253534111,30.327868884940976],[31.683281795599633,30.327702022004953]]]]}},
{"type":"Feature","properties":{"اسم_المحور":"2","اسم_القطاع":"10","اسم_المسطح":"ابار مياه","مساحة_كم2":0.00057391843102739214,"GlobalID":"{3F2239B2-D777-4A70-BB0A-3205D1E116D5}","Shape_Length":96.210688151975404,"Shape_Area":573.91900848983335},"geometry":{"type":"MultiPolygon","coordinates":[[[[31.682312453266256,30.326791917701705],[31.682235863795615,30.326978057988345],[31.682492785966812,30.327056814922209],[31.682569371904556,30.326870674443242],[31.682312453266256,30.326791917701705]]]]}},
{"type":"Feature","properties":{"اسم_المحور":"2","اسم_القطاع":"10","اسم_المسطح":"ابار مياه","مساحة_كم2":0.00072769946132557751,"GlobalID":"{96D9DCFC-2355-442D-864E-C0FAEC1E37CE}","Shape_Length":109.20873984852378,"Shape_Area":727.69859789848272},"geometry":{"type":"MultiPolygon","coordinates":[[[[31.674421649833047,30.325176418710818],[31.674220506913596,30.325367116828424],[31.674403005534021,30.325510537111924],[31.67463343511605,30.325292072264268],[31.674583227212601,30.325264655147834],[31.674545398131965,30.325243995350959],[31.674421649833047,30.325176418710818]]]]}},
{"type":"Feature","properties":{"اسم_المحور":"2","اسم_القطاع":"10","اسم_المسطح":"ابار مياه","مساحة_كم2":0.00035948438493657153,"GlobalID":"{E95A7687-6F0C-4C78-B3FE-A007CBBECCAB}","Shape_Length":76.5308513196387,"Shape_Area":359.48397001229995},"geometry":{"type":"MultiPolygon","coordinates":[[[[31.680891426333357,30.321275814519062],[31.680850584946171,30.321418873527836],[31.681071535592945,30.321465875631105],[31.681109745060631,30.321317790371662],[31.680891426333357,30.321275814519062]]]]}},
{"type":"Feature","properties":{"اسم_المحور":"2","اسم_القطاع":"10","اسم_المسطح":"ابار مياه","مساحة_كم2":0.0010355087839525319,"GlobalID":"{BA6A9187-2F8E-42F1-8944-92CD6CF4E7D3}","Shape_Length":128.93320270926642,"Shape_Area":1035.5093662466513},"geometry":{"type":"MultiPolygon","coordinates":[[[[31.680408867028103,30.305658218252134],[31.680269242871198,30.305628668089778],[31.68010995707364,30.305594957429559],[31.680031123791409,30.3058994510269],[31.680359169047566,30.30595017068838],[31.680408867028103,30.305658218252134]]]]}},
{"type":"Feature","properties":{"اسم_المحور":"2","اسم_القطاع":"10","اسم_المسطح":"ابار مياه","مساحة_كم2":0.0011431556394191594,"GlobalID":"{028418B2-11BA-4819-97D1-AD1B4331BE1E}","Shape_Length":136.40041811693754,"Shape_Area":1143.1554876499777},"geometry":{"type":"MultiPolygon","coordinates":[[[[31.693718641078867,30.295584672277645],[31.693542291931216,30.295804285871196],[31.69387206778919,30.296001704962027],[31.69404841761731,30.295782091831754],[31.693718641078867,30.295584672277645]]]]}},
{"type":"Feature","properties":{"اسم_المحور":"2","اسم_القطاع":"10","اسم_المسطح":"ابار مياه","مساحة_كم2":0.00036467215929342304,"GlobalID":"{6B2B3BF7-77EC-4EC5-9DA5-795374691A5B}","Shape_Length":80.888837026997479,"Shape_Area":364.67179849029435},"geometry":{"type":"MultiPolygon","coordinates":[[[[31.694064774031379,30.295055434371267],[31.693901553607557,30.29525224744809],[31.694016458265008,30.29532328672963],[31.694179674429495,30.29512647346678],[31.694064774031379,30.295055434371267]]]]}},
{"type":"Feature","properties":{"اسم_المحور":"2","اسم_القطاع":"10","اسم_المسطح":"ابار مياه","مساحة_كم2":0.0024276393041984699,"GlobalID":"{5F1DF56C-9A38-497D-ACCB-71634A1A9C15}","Shape_Length":219.75058461627992,"Shape_Area":2427.6408482482116},"geometry":{"type":"MultiPolygon","coordinates":[[[[31.78400238790833,30.413682914608994],[31.783991586311579,30.41340653564837],[31.783170772963178,30.413412988776809],[31.783173694791479,30.413689430574451],[31.78400238790833,30.413682914608994]]]]}},
{"type":"Feature","properties":{"اسم_المحور":"2","اسم_القطاع":"10","اسم_المسطح":"ابار مياه","مساحة_كم2":0.0047990720688889203,"GlobalID":"{279ADEFB-9E0E-468C-83EB-F922524A01FE}","Shape_Length":281.83521803610756,"Shape_Area":4799.0744977683435},"geometry":{"type":"MultiPolygon","coordinates":[[[[31.79859431800514,30.405595847255732],[31.797727044605754,30.405598715558238],[31.797729354848631,30.406118404629126],[31.798596628680361,30.406115536396538],[31.79859431800514,30.405595847255732]]]]}},
{"type":"Feature","properties":{"اسم_المحور":"2","اسم_القطاع":"10","اسم_المسطح":"ابار مياه","مساحة_كم2":0.00088154509259301384,"GlobalID":"{B60CAEE2-C044-4EA1-ACE7-DFBF0D43FC96}","Shape_Length":133.54869829741151,"Shape_Area":881.54646899223769},"geometry":{"type":"MultiPolygon","coordinates":[[[[31.857427558017093,30.44107072068886],[31.857239061454766,30.441077585286987],[31.857260557594323,30.441516203455908],[31.857449052939792,30.441509337025984],[31.857427558017093,30.44107072068886]]]]}},
{"type":"Feature","properties":{"اسم_المحور":"2","اسم_القطاع":"10","اسم_المسطح":"ابار مياه","مساحة_كم2":0.0006121580044295647,"GlobalID":"{251D4DB3-E896-44B9-B151-7DC9512CC1EE}","Shape_Length":108.859153062205,"Shape_Area":612.15828698732798},"geometry":{"type":"MultiPolygon","coordinates":[[[[31.812194130753955,30.427539651293088],[31.812190773940205,30.427396404768665],[31.811818490932808,30.427402889554585],[31.811789490161839,30.427403394330959],[31.811792846410469,30.427546639045577],[31.812194130753955,30.427539651293088]]]]}},
{"type":"Feature","properties":{"اسم_المحور":"2","اسم_القطاع":"10","اسم_المسطح":"ابار مياه","مساحة_كم2":0.00070607555876864465,"GlobalID":"{ABCC0F4B-DFD3-4E3D-A356-2A78FD147345}","Shape_Length":106.39119110134619,"Shape_Area":706.07588317729142},"geometry":{"type":"MultiPolygon","coordinates":[[[[31.8318017689855,30.436409319307309],[31.831719327043849,30.43653266324861],[31.831669055355164,30.436607877234188],[31.831919851244148,30.436732487893806],[31.832052562502476,30.436533926981443],[31.8318017689855,30.436409319307309]]]]}},
{"type":"Feature","properties":{"اسم_المحور":"2","اسم_القطاع":"10","اسم_المسطح":"ابار مياه","مساحة_كم2":0.0004037992195891781,"GlobalID":"{43406024-E098-468E-BF69-2E851371405D}","Shape_Length":84.100328285574321,"Shape_Area":403.79970418182455},"geometry":{"type":"MultiPolygon","coordinates":[[[[31.832897339870414,30.431746461309871],[31.832893909460164,30.431991950018549],[31.833048414159023,30.431993553477991],[31.833051845212943,30.431748065666756],[31.832897339870414,30.431746461309871]]]]}},
{"type":"Feature","properties":{"اسم_المحور":"2","اسم_القطاع":"10","اسم_المسطح":"ابار مياه","مساحة_كم2":0.00075941212617191786,"GlobalID":"{908967FC-AE9E-437F-8BD4-662CFE7AD9D6}","Shape_Length":119.24581802689903,"Shape_Area":759.41117788728718},"geometry":{"type":"MultiPolygon","coordinates":[[[[31.835160246673173,30.428048720173628],[31.835160246869599,30.428215096323601],[31.835589030903542,30.428215097188691],[31.835589032072161,30.428048720136161],[31.835160246673173,30.428048720173628]]]]}},
{"type":"Feature","properties":{"اسم_المحور":"2","اسم_القطاع":"10","اسم_المسطح":"ابار مياه","مساحة_كم2":0.0011062378280204202,"GlobalID":"{76552894-D84C-474C-B06C-99A408BE6A9E}","Shape_Length":133.90394135632607,"Shape_Area":1106.2360682239089},"geometry":{"type":"MultiPolygon","coordinates":[[[[31.849977100411841,30.424573442155332],[31.849867260715136,30.424823757879938],[31.850230414379517,30.42494224740048],[31.850340253323552,30.424691929549894],[31.849977100411841,30.424573442155332]]]]}},
{"type":"Feature","properties":{"اسم_المحور":"2","اسم_القطاع":"10","اسم_المسطح":"ابار مياه","مساحة_كم2":0.00046336654824135682,"GlobalID":"{049E58F5-6C2F-4A98-905B-DB6C80C25B66}","Shape_Length":89.869946859334419,"Shape_Area":463.36551916503026},"geometry":{"type":"MultiPolygon","coordinates":[[[[31.847413525151183,30.424070515777693],[31.847358869979541,30.424207189287142],[31.847643503567173,30.424291822655054],[31.847698159427733,30.424155149930556],[31.847413525151183,30.424070515777693]]]]}},
{"type":"Feature","properties":{"اسم_المحور":"2","اسم_القطاع":"10","اسم_المسطح":"ابار مياه","مساحة_كم2":0.00067024452641152349,"GlobalID":"{3C48C5D9-DBBF-4216-9DD8-95AB13C8FB63}","Shape_Length":118.69601919402311,"Shape_Area":670.24289447522619},"geometry":{"type":"MultiPolygon","coordinates":[[[[31.850053744778421,30.427878987328587],[31.850024298256297,30.428276754378743],[31.850181949985998,30.428285429386825],[31.85021139481103,30.427887664080536],[31.850053744778421,30.427878987328587]]]]}},
{"type":"Feature","properties":{"اسم_المحور":"2","اسم_القطاع":"10","اسم_المسطح":"ابار مياه","مساحة_كم2":0.00050556949129123988,"GlobalID":"{11E63B6B-D2C7-4E43-8C29-8F4DB0A3976C}","Shape_Length":89.967813248052778,"Shape_Area":505.56965957639022},"geometry":{"type":"MultiPolygon","coordinates":[[[[31.858033540111698,30.419543813305143],[31.857887014922952,30.419708525056716],[31.858068522938147,30.419828597655695],[31.858215048036179,30.41966388389568],[31.858033540111698,30.419543813305143]]]]}},
{"type":"Feature","properties":{"اسم_المحور":"2","اسم_القطاع":"10","اسم_المسطح":"ابار مياه","مساحة_كم2":0.0015616213526098235,"GlobalID":"{304FF7D8-CB78-4CF7-99BC-393CD60E886E}","Shape_Length":165.97980991500174,"Shape_Area":1561.6201733719995},"geometry":{"type":"MultiPolygon","coordinates":[[[[31.806117383809468,30.407264533861273],[31.80592523917775,30.407464443866903],[31.806360091266157,30.407775331775699],[31.806552237747592,30.40757542115103],[31.806117383809468,30.407264533861273]]]]}},
{"type":"Feature","properties":{"اسم_المحور":"2","اسم_القطاع":"10","اسم_المسطح":"ابار مياه","مساحة_كم2":0.0019254050284577865,"GlobalID":"{C8FAD27D-E402-4CA4-ADA5-D4F4184BA938}","Shape_Length":176.60110102709763,"Shape_Area":1925.4017309758051},"geometry":{"type":"MultiPolygon","coordinates":[[[[31.853148619885079,30.346248343394478],[31.852694441502873,30.346449712123718],[31.852881864010275,30.34676453632493],[31.853336043517654,30.346563166079264],[31.853148619885079,30.346248343394478]]]]}},
{"type":"Feature","properties":{"اسم_المحور":"2","اسم_القطاع":"10","اسم_المسطح":"ابار مياه","مساحة_كم2":0.0010581566903755816,"GlobalID":"{5AFF1472-DABD-4CD9-A348-E14461623BE8}","Shape_Length":144.89621677108761,"Shape_Area":1058.1574865133744},"geometry":{"type":"MultiPolygon","coordinates":[[[[31.849152602872373,30.34948903262022],[31.848650920515464,30.349728286657982],[31.848835678637304,30.349855151661629],[31.849258065078331,30.349653714609893],[31.849152602872373,30.34948903262022]]]]}},
{"type":"Feature","properties":{"اسم_المحور":"2","اسم_القطاع":"10","اسم_المسطح":"ابار مياه","مساحة_كم2":0.0020522411612781469,"GlobalID":"{A2EBE5BA-47AA-4DEF-AF29-FDF5C79B3F09}","Shape_Length":185.86551809666406,"Shape_Area":2052.2414071837411},"geometry":{"type":"MultiPolygon","coordinates":[[[[31.882375245870385,30.366660719289037],[31.882014782721335,30.366753251101024],[31.882184111285145,30.367244305227878],[31.882544576107271,30.367151772996667],[31.882375245870385,30.366660719289037]]]]}},
{"type":"Feature","properties":{"اسم_المحور":"2","اسم_القطاع":"10","اسم_المسطح":"ابار مياه","مساحة_كم2":0.0012743960935658186,"GlobalID":"{A70DFE5B-D33E-4BE9-B124-AB9794E86069}","Shape_Length":143.86991060755625,"Shape_Area":1274.3972792060429},"geometry":{"type":"MultiPolygon","coordinates":[[[[31.86137377227902,30.357983260900507],[31.861052539056534,30.357759565148417],[31.86083628120317,30.357979516007841],[31.861173791720468,30.358205572022118],[31.86137377227902,30.357983260900507]]]]}},
{"type":"Feature","properties":{"اسم_المحور":"2","اسم_القطاع":"10","اسم_المسطح":"ابار مياه","مساحة_كم2":0.018044387973745035,"GlobalID":"{21DF3602-0188-49D6-861B-E1187D0A2AC1}","Shape_Length":736.67220984289474,"Shape_Area":18044.398735275205},"geometry":{"type":"MultiPolygon","coordinates":[[[[32.293796427085283,30.316073782903189],[32.293700211275919,30.315976465691321],[32.293343262234011,30.315615432713681],[32.292781233824265,30.316029523472324],[32.292205579039468,30.316453652836028],[32.292392378253957,30.316614907696611],[32.293153588229153,30.317813459957296],[32.293174270210798,30.317838128237153],[32.293196863155011,30.317861500862605],[32.293221259562849,30.317883466624487],[32.293247343353627,30.317903921007588],[32.293274990418531,30.317922766684937],[32.293304069209398,30.31793991398786],[32.293334441365843,30.317955281326221],[32.2933659623734,30.317968795580324],[32.293398482250566,30.317980392446739],[32.293431846263331,30.31799001674657],[32.293465895660667,30.317997622683961],[32.293500468430615,30.318003174071695],[32.293535400070432,30.318006644492698],[32.293714651619624,30.31787184878312],[32.292935240636233,30.317083532285089],[32.294011075034867,30.316290886344419],[32.293796427085283,30.316073782903189]]]]}},
{"type":"Feature","properties":{"اسم_المحور":"2","اسم_القطاع":"10","اسم_المسطح":"ابار مياه","مساحة_كم2":0.017668733970862271,"GlobalID":"{0C033E1C-6DD2-4D0D-AAA9-ACBD68D910B3}","Shape_Length":544.06445653063395,"Shape_Area":17668.735426103824},"geometry":{"type":"MultiPolygon","coordinates":[[[[32.223853731880155,30.323755063272515],[32.224775139772454,30.323734867366763],[32.224740216885507,30.323407034824875],[32.224667027177098,30.322719989584144],[32.224253390641117,30.322752821883633],[32.223000105199866,30.322852299496095],[32.223008310414826,30.323131252695333],[32.223027193911491,30.323773180400405],[32.223853731880155,30.323755063272515]]]]}},
{"type":"Feature","properties":{"اسم_المحور":"2","اسم_القطاع":"10","اسم_المسطح":"ابار مياه","مساحة_كم2":0.0056142497438230292,"GlobalID":"{033DD1DE-5752-463B-88C5-E1BB43FB24FC}","Shape_Length":277.81889418467671,"Shape_Area":5614.2541238061622},"geometry":{"type":"MultiPolygon","coordinates":[[[[32.246196609778288,30.373522611090557],[32.24573187343119,30.373537033927221],[32.245718896632887,30.373539145843139],[32.245706109882633,30.373541999144162],[32.245693569453721,30.373545581275678],[32.245681330535938,30.373549876470008],[32.245669446991904,30.373554865825422],[32.245657971120686,30.37356052738426],[32.24564695342675,30.373566836231028],[32.245636442398315,30.373573764598781],[32.245626484294213,30.373581281999009],[32.245617122939315,30.373589355345377],[32.245608399532621,30.373597949109538],[32.245600352465722,30.373607025469706],[32.245593017153091,30.373616544481699],[32.24558642587769,30.373626464252386],[32.24558060764722,30.373636741125463],[32.245575588067808,30.373647329874458],[32.245571389230861,30.373658183896502],[32.245571389740398,30.373978365917477],[32.245570805496115,30.373990822622766],[32.245571200481102,30.374003284920637],[32.245572572863878,30.374015695004399],[32.245574916278663,30.374027995309667],[32.245578219856213,30.374040128781978],[32.245582468273405,30.374052039140935],[32.245587641824393,30.374063671142554],[32.24559371651214,30.374074970829319],[32.245600664159831,30.374085885790134],[32.245608452541312,30.374096365396632],[32.245617045530771,30.374106361037455],[32.245626403270066,30.374115826350529],[32.245636482353895,30.374124717429567],[32.245647236030976,30.374132993033982],[32.245658614420719,30.374140614778298],[32.245670564744984,30.374147547307832],[32.245683031572582,30.374153758467902],[32.245695957076528,30.374159219447264],[32.245709281302396,30.374163904915303],[32.245722942446037,30.374167793139712],[32.245736877140629,30.374170866082324],[32.245751020750433,30.374173109491924],[32.245765307670787,30.374174512962401],[32.246219701062586,30.37420664597003],[32.246228936266455,30.37420914999608],[32.246238348791046,30.374211095297845],[32.246247893732487,30.374212472593985],[32.24625752555486,30.37421327531429],[32.246267198308047,30.37421349962932],[32.246276865846539,30.374213144468293],[32.246286482049868,30.374212211526192],[32.246296001042204,30.374210705253276],[32.246305377411815,30.37420863283694],[32.246314566426953,30.374206004162076],[32.24632352425013,30.374202831769328],[32.246332208146434,30.374199130794931],[32.246340576688063,30.374194918893352],[32.246348589951509,30.374190216158869],[32.246356209708203,30.374185045026607],[32.246363399607041,30.374179430166041],[32.24637012534744,30.374173398363578],[32.246376354843292,30.374166978394545],[32.246382058375858,30.374160200888401],[32.24638720873557,30.374153098175846],[32.246391781352294,30.374145704143189],[32.246395754411303,30.374138054063081],[32.24639910895894,30.374130184433223],[32.246401828991935,30.374122132795762],[32.246403901533952,30.374113937564143],[32.246407245205027,30.3736610684882],[32.246401609952045,30.373647571191885],[32.246394871760486,30.373634459485974],[32.24638706540027,30.37362180102884],[32.246378231153443,30.373609661138776],[32.246368414605861,30.373598102457297],[32.246357666412152,30.373587184630782],[32.246346042034389,30.373576963994342],[32.246333601455355,30.37356749328832],[32.246320408869863,30.373558821381106],[32.246306532353124,30.373550993022018],[32.246292043509129,30.373544048605833],[32.246277017101583,30.3735380239652],[32.246261530667944,30.373532950188761],[32.246245664119812,30.373528853457504],[32.24622949932958,30.373525754909558],[32.24621311970899,30.373523670535235],[32.246196609778288,30.373522611090557]]]]}},
{"type":"Feature","properties":{"اسم_المحور":"2","اسم_القطاع":"10","اسم_المسطح":"ابار مياه","مساحة_كم2":0.024073188559056716,"GlobalID":"{7D3A0C45-B715-4094-9D2A-7798636EFB91}","Shape_Length":694.73257918918875,"Shape_Area":24073.184267995541},"geometry":{"type":"MultiPolygon","coordinates":[[[[32.262082311911506,30.396896347125544],[32.262047594738206,30.397115139850506],[32.261697172547741,30.397073772983958],[32.261516876952413,30.398210017220453],[32.263710679091069,30.398467472279386],[32.263788686227144,30.397721569287871],[32.263099163123456,30.397579610362143],[32.263060408004513,30.397570496524008],[32.263022468905554,30.3975590908098],[32.262985525959344,30.397545447374295],[32.262949754568027,30.397529630993244],[32.262915324571466,30.397511716764363],[32.262882399440095,30.397491789741309],[32.262851135499638,30.397469944537164],[32.262821681187589,30.397446284872665],[32.262794176349772,30.397420923079604],[32.262768751575216,30.397393979575284],[32.262745527577032,30.397365582285627],[32.262724614618747,30.397335866038464],[32.262706111991392,30.397304971922676],[32.262690107540848,30.397273046622807],[32.262676677252564,30.397240241715402],[32.262665884889614,30.397206712954759],[32.262657781689974,30.39717261953221],[32.262652406123919,30.397138123319671],[32.262649783711218,30.397103388101453],[32.262649926899897,30.397068578794926],[32.26265283500701,30.397033860671808],[32.262658494222613,30.396999398567662],[32.262666877674256,30.396965356104904],[32.262082311911506,30.396896347125544]]]]}},
{"type":"Feature","properties":{"اسم_المحور":"2","اسم_القطاع":"10","اسم_المسطح":"ابار مياه","مساحة_كم2":0.0072129889484315764,"GlobalID":"{600660EB-5343-4AAF-8BA5-C835DE74BD37}","Shape_Length":340.1492808204253,"Shape_Area":7212.9932778159337},"geometry":{"type":"MultiPolygon","coordinates":[[[[32.228455918961167,30.372529170142279],[32.227643143634026,30.37251917400431],[32.22761560537208,30.372518835280701],[32.227599835312226,30.373323734043755],[32.228440110528801,30.373335988196921],[32.228455918961167,30.372529170142279]]]]}},
{"type":"Feature","properties":{"اسم_المحور":"2","اسم_القطاع":"10","اسم_المسطح":"ابار مياه","مساحة_كم2":0.035167066880443583,"GlobalID":"{BC5D0BA8-3120-48CD-90F5-6893CA534555}","Shape_Length":1094.078978516698,"Shape_Area":35167.073358378155},"geometry":{"type":"MultiPolygon","coordinates":[[[[32.166610539085497,30.369232826795251],[32.166588467957027,30.370214255035055],[32.168791528828919,30.370251140108255],[32.168800178922908,30.369866567254128],[32.169063332533931,30.369870972176088],[32.169054683461113,30.370255545968849],[32.170177545477571,30.3702743428837],[32.170199617265034,30.369292908197185],[32.169076755004696,30.369274111604931],[32.169066476075365,30.369731209751933],[32.168803320757043,30.369726804829938],[32.16881359986855,30.369269706719479],[32.166610539085497,30.369232826795251]]]]}},
{"type":"Feature","properties":{"اسم_المحور":"2","اسم_القطاع":"10","اسم_المسطح":"ابار مياه","مساحة_كم2":0.039219911511634821,"GlobalID":"{9F55FDB8-1F84-49FC-9CE5-1E2088E5F803}","Shape_Length":925.88071481491352,"Shape_Area":39219.918554519769},"geometry":{"type":"MultiPolygon","coordinates":[[[[32.23010008191725,30.360089147085741],[32.230089998249035,30.358979734810855],[32.229045662396501,30.358972776395426],[32.229056450880769,30.357767337596108],[32.228634306972218,30.357764524160462],[32.228007383605188,30.357752384208741],[32.227946122813385,30.360107958636053],[32.23010008191725,30.360089147085741]]]]}},
{"type":"Feature","properties":{"اسم_المحور":"2","اسم_القطاع":"10","اسم_المسطح":"ابار مياه","مساحة_كم2":0.010753289745811613,"GlobalID":"{892F1C43-E1AA-4985-AE57-FFF74D7205B5}","Shape_Length":415.2904790043757,"Shape_Area":10753.297953208206},"geometry":{"type":"MultiPolygon","coordinates":[[[[32.187957881866424,30.355789448261465],[32.186912540760517,30.355814016251134],[32.18694301569861,30.356779488798558],[32.18742827903187,30.356781860071305],[32.18795730398795,30.356784444552126],[32.187957881866424,30.355789448261465]]]]}},
{"type":"Feature","properties":{"اسم_المحور":"2","اسم_القطاع":"10","اسم_المسطح":"ابار مياه","مساحة_كم2":0.009059084751902988,"GlobalID":"{8D1A9696-F86E-47DD-B8A9-D9C16731613E}","Shape_Length":381.20030966624608,"Shape_Area":9059.0825169133095},"geometry":{"type":"MultiPolygon","coordinates":[[[[32.172914681537982,30.383574610746113],[32.1718729963006,30.383588123157523],[32.171887227664591,30.384404664023563],[32.172928915338375,30.38439114981648],[32.172914681537982,30.383574610746113]]]]}},
{"type":"Feature","properties":{"اسم_المحور":"2","اسم_القطاع":"10","اسم_المسطح":"ابار مياه","مساحة_كم2":0.008916919244579817,"GlobalID":"{DD90CBCE-354A-4E94-BD4D-24DC49F88813}","Shape_Length":377.77420471030013,"Shape_Area":8916.9224262275293},"geometry":{"type":"MultiPolygon","coordinates":[[[[32.20821450499286,30.394048501706045],[32.208229842564911,30.393753011658887],[32.208256068975793,30.393247801374798],[32.20725706827556,30.393209217698978],[32.207213636980782,30.394045891676527],[32.20729088763904,30.394048875389974],[32.207610681314137,30.394061225365022],[32.20821263679575,30.394084475773358],[32.20821450499286,30.394048501706045]]]]}},
{"type":"Feature","properties":{"اسم_المحور":"2","اسم_القطاع":"10","اسم_المسطح":"ابار مياه","مساحة_كم2":0.0056224527304984473,"GlobalID":"{2409A1B6-8136-4E42-B555-0703C1FF7031}","Shape_Length":299.93501032096867,"Shape_Area":5622.4448494844319},"geometry":{"type":"MultiPolygon","coordinates":[[[[32.226782117730266,30.399139122649807],[32.226005223230125,30.399148302110738],[32.226016015160319,30.399827952924525],[32.226792911927141,30.399818772572548],[32.226782117730266,30.399139122649807]]]]}},
{"type":"Feature","properties":{"اسم_المحور":"2","اسم_القطاع":"10","اسم_المسطح":"ابار مياه","مساحة_كم2":0.062863143014861164,"GlobalID":"{F54283E2-1220-4035-B4B1-D63A351EBAFE}","Shape_Length":1054.8929374883276,"Shape_Area":62863.120865517296},"geometry":{"type":"MultiPolygon","coordinates":[[[[32.214264814426919,30.356900317407927],[32.214264761355373,30.356900317991304],[32.212363494403597,30.356896648077111],[32.212363491756193,30.360009720691437],[32.214248641917109,30.360022300972695],[32.214264814426919,30.356900317407927]]]]}},
{"type":"Feature","properties":{"اسم_المحور":"2","اسم_القطاع":"10","اسم_المسطح":"ابار مياه","مساحة_كم2":0.0049458028142688511,"GlobalID":"{C2292AEE-0352-4AE4-A409-DBB7EDBC6438}","Shape_Length":281.31284731969487,"Shape_Area":4945.8073658521362},"geometry":{"type":"MultiPolygon","coordinates":[[[[32.153782675126159,30.390615074124696],[32.153782675528298,30.391245157013163],[32.154519892474426,30.391245157981309],[32.154519890470745,30.390615074121275],[32.153782675126159,30.390615074124696]]]]}},
{"type":"Feature","properties":{"اسم_المحور":"2","اسم_القطاع":"10","اسم_المسطح":"ابار مياه","مساحة_كم2":0.035626649316260375,"GlobalID":"{C74D06BE-7B4C-4B7C-B771-18C7D52A1BAE}","Shape_Length":758.35215246283849,"Shape_Area":35626.638406155755},"geometry":{"type":"MultiPolygon","coordinates":[[[[32.137536528046596,30.407475245806715],[32.136197524347487,30.408943108674432],[32.137605806779561,30.409898628215057],[32.138944811260053,30.408430779892292],[32.137536528046596,30.407475245806715]]]]}},
{"type":"Feature","properties":{"اسم_المحور":"2","اسم_القطاع":"10","اسم_المسطح":"ابار مياه","مساحة_كم2":0.0062097852178449762,"GlobalID":"{09E50C62-595A-4489-A615-82F2397F50B9}","Shape_Length":315.45256975032117,"Shape_Area":6209.7863611727025},"geometry":{"type":"MultiPolygon","coordinates":[[[[32.12401611191239,30.411586729635264],[32.123203501860417,30.411812235567158],[32.123446215592281,30.412462735003231],[32.124258826365541,30.412237230356446],[32.12401611191239,30.411586729635264]]]]}},
{"type":"Feature","properties":{"اسم_المحور":"2","اسم_القطاع":"10","اسم_المسطح":"ابار مياه","مساحة_كم2":0.028393573557445369,"GlobalID":"{ADD9F006-4C7E-4D67-9866-976C0F7B0336}","Shape_Length":674.02658248841863,"Shape_Area":28393.574194495559},"geometry":{"type":"MultiPolygon","coordinates":[[[[32.084072149497601,30.41675576242244],[32.082381137080347,30.417190139934849],[32.082881583504253,30.418638956694615],[32.084572593953382,30.418204583913067],[32.084072149497601,30.41675576242244]]]]}},
{"type":"Feature","properties":{"اسم_المحور":"2","اسم_القطاع":"10","اسم_المسطح":"ابار مياه","مساحة_كم2":0.011939360555720126,"GlobalID":"{7E12C8E0-2AEE-4809-A7F5-DFD76F79131E}","Shape_Length":444.36508972069225,"Shape_Area":11939.35430965681},"geometry":{"type":"MultiPolygon","coordinates":[[[[32.109087269428649,30.416589151129472],[32.109020068358852,30.416373039909804],[32.108952738152162,30.416156505471264],[32.108031324641459,30.416351380397515],[32.10838912357071,30.417502026690475],[32.109305256251972,30.41729017356133],[32.109087269428649,30.416589151129472]]]]}},
{"type":"Feature","properties":{"اسم_المحور":"2","اسم_القطاع":"10","اسم_المسطح":"ابار مياه","مساحة_كم2":0.0014138004460428684,"GlobalID":"{ECE2363C-AA43-4DD3-AE71-3E28C9C2E121}","Shape_Length":152.6768550683027,"Shape_Area":1413.8011181447232},"geometry":{"type":"MultiPolygon","coordinates":[[[[32.11616512404327,30.393524794194825],[32.115982673522389,30.393762108590302],[32.116371299047081,30.393984408971821],[32.116553750094575,30.393747095842695],[32.11616512404327,30.393524794194825]]]]}},
{"type":"Feature","properties":{"اسم_المحور":"2","اسم_القطاع":"10","اسم_المسطح":"ابار مياه","مساحة_كم2":0.016524906571559122,"GlobalID":"{C2D90110-08D5-4E45-9902-6F6C3E4E4AEF}","Shape_Length":509.06716669286408,"Shape_Area":16524.903254321329},"geometry":{"type":"MultiPolygon","coordinates":[[[[32.106682279702362,30.40484062281606],[32.105697367963387,30.405075431492655],[32.105682837306894,30.405082250737824],[32.105668901670064,30.405089946719237],[32.105655631341705,30.405098480621522],[32.105643093254592,30.405107809400221],[32.105631350648707,30.405117886002987],[32.105620462751745,30.405128659605001],[32.10561048448038,30.405140075867784],[32.10560146616362,30.405152077208353],[32.105593453288236,30.405164603095461],[32.105586486270155,30.405177590349204],[32.105580600250121,30.405190973465494],[32.105575824916684,30.40520468494309],[32.105572184356191,30.405218655622274],[32.105569696931333,30.405232815038058],[32.105568375188781,30.405247091771834],[32.105568225795672,30.405261413816664],[32.105569249506267,30.405275708932614],[32.10593758974597,30.406359966152269],[32.106938515265803,30.406132063696639],[32.106947749829395,30.40613310308953],[32.106957046026608,30.406133574522766],[32.106966357422024,30.406133475643486],[32.106975637504256,30.406132806942722],[32.106984839918212,30.406131571761374],[32.106993918696844,30.406129776270447],[32.107002828490693,30.406127429437628],[32.107011524794231,30.406124542985925],[32.107019964168749,30.406121131333695],[32.107028104458593,30.406117211522059],[32.107035905002036,30.40611280313129],[32.107043326834884,30.406107928181079],[32.107050332883979,30.406102611023265],[32.107056888153728,30.406096878217202],[32.107062959899771,30.406090758398655],[32.107068517793344,30.406084282137847],[32.1070735340722,30.406077481782422],[32.107077983679673,30.406070391302304],[32.107081844389711,30.406063046115328],[32.107085096917686,30.406055482909352],[32.107087725016981,30.406047739465482],[32.107089715560328,30.406039854462826],[32.107091058604958,30.406031867287446],[32.107091747442055,30.406023817834825],[32.107091778631414,30.406015746314296],[32.107091152017105,30.406007693042572],[32.107089870729276,30.405999698248095],[32.107087941168466,30.405991801864264],[32.107085372972968,30.405984043334641],[32.107082178971446,30.405976461413527],[32.107078375118164,30.405969093973013],[32.107073980413965,30.405961977815259],[32.107069016810797,30.40595514848582],[32.107063509102474,30.405948640096316],[32.107057484800428,30.40594248515815],[32.107050973996863,30.405936714415713],[32.107044009213737,30.405931356692239],[32.107036625240696,30.405926438752825],[32.107028858961272,30.405921985162184],[32.106682279702362,30.40484062281606]]]]}},
{"type":"Feature","properties":{"اسم_المحور":"2","اسم_القطاع":"10","اسم_المسطح":"ابار مياه","مساحة_كم2":0.0040417489705475108,"GlobalID":"{1FD0FA92-8479-4D42-847B-34A7EC86C182}","Shape_Length":249.4641787927963,"Shape_Area":4041.7452226379924},"geometry":{"type":"MultiPolygon","coordinates":[[[[32.116032865417594,30.438164376419099],[32.115912808232224,30.437811183657999],[32.115884185671767,30.437726974844036],[32.115371140905502,30.437588154297398],[32.11518161721466,30.438108817403503],[32.115765434381565,30.438266786907068],[32.116032865417594,30.438164376419099]]]]}},
{"type":"Feature","properties":{"اسم_المحور":"2","اسم_القطاع":"10","اسم_المسطح":"ابار مياه","مساحة_كم2":0.016656687490828707,"GlobalID":"{4F11FB82-BE0F-4EF4-9129-11F9FCE40888}","Shape_Length":517.39064883041874,"Shape_Area":16656.688609450783},"geometry":{"type":"MultiPolygon","coordinates":[[[[32.141432211917582,30.429939991863368],[32.140206993314273,30.430184293551385],[32.140248381802373,30.430338612080227],[32.140394099881121,30.430881946642771],[32.140532176305747,30.431396779549189],[32.141757395835022,30.431152479550825],[32.141432211917582,30.429939991863368]]]]}},
{"type":"Feature","properties":{"اسم_المحور":"2","اسم_القطاع":"10","اسم_المسطح":"بركة","مساحة_كم2":0.054023504147921286,"GlobalID":"{7C74C9F1-EC15-4847-B6D9-CB0BB5B76C9E}","Shape_Length":1126.7224388805696,"Shape_Area":54023.494964521917},"geometry":{"type":"MultiPolygon","coordinates":[[[[32.07487106002926,30.494058389291162],[32.073393911781139,30.492984219546571],[32.073218713509796,30.492856816005592],[32.072936389095844,30.493151118538513],[32.073415226833546,30.493502532639869],[32.07123436136132,30.495708970009929],[32.07242073425958,30.496452600385172],[32.07487106002926,30.494058389291162]]]]}},
{"type":"Feature","properties":{"اسم_المحور":"2","اسم_القطاع":"10","اسم_المسطح":"ابار مياه","مساحة_كم2":0.011528492486177462,"GlobalID":"{AD37670C-1CD6-4170-B576-0EB8C6BCFDD4}","Shape_Length":471.93653581350839,"Shape_Area":11528.487192618497},"geometry":{"type":"MultiPolygon","coordinates":[[[[32.078434228329677,30.502634506270827],[32.078247786525814,30.503253596339697],[32.079948527371535,30.503583741065359],[32.080118202568372,30.502994456975085],[32.078434228329677,30.502634506270827]]]]}},
{"type":"Feature","properties":{"اسم_المحور":"2","اسم_القطاع":"10","اسم_المسطح":"ابار مياه","مساحة_كم2":0.0034724159580344785,"GlobalID":"{6E5A8A2C-2BC4-4011-887B-B2613A72DE40}","Shape_Length":236.02142684816607,"Shape_Area":3472.4174759370262},"geometry":{"type":"MultiPolygon","coordinates":[[[[32.110330083053746,30.505491983749149],[32.110230633240107,30.505989615767742],[32.110867846433088,30.506084148331507],[32.110967295215595,30.505586514883554],[32.110330083053746,30.505491983749149]]]]}},
{"type":"Feature","properties":{"اسم_المحور":"2","اسم_القطاع":"10","اسم_المسطح":"ابار مياه","مساحة_كم2":0.0073583198050537497,"GlobalID":"{E8A6B6FD-76CC-4F47-B331-78BF74F695EE}","Shape_Length":351.24707824819109,"Shape_Area":7358.32059194254},"geometry":{"type":"MultiPolygon","coordinates":[[[[32.117286636662563,30.507419739272102],[32.117318909888454,30.507325828558589],[32.116638120174535,30.507171389254609],[32.116326160873186,30.50809447492669],[32.117059310075355,30.508244476503432],[32.117286636662563,30.507419739272102]]]]}},
{"type":"Feature","properties":{"اسم_المحور":"2","اسم_القطاع":"10","اسم_المسطح":"احواض مياه","مساحة_كم2":0.017683407275967161,"GlobalID":"{BF40DDF6-71EF-4A4C-946D-6BB9EE58289F}","Shape_Length":536.24488029524878,"Shape_Area":17683.407205807045},"geometry":{"type":"MultiPolygon","coordinates":[[[[32.06534575854684,30.520708108320452],[32.064598066518435,30.520585006927821],[32.063828089854304,30.520458235609443],[32.063544975912563,30.52149070325444],[32.065115572958049,30.52174561161323],[32.06534575854684,30.520708108320452]]]]}},
{"type":"Feature","properties":{"اسم_المحور":"2","اسم_القطاع":"10","اسم_المسطح":"بركة","مساحة_كم2":0.0026301963025453677,"GlobalID":"{87491081-EE69-451F-A9C8-F60BD82F753E}","Shape_Length":240.06642695067401,"Shape_Area":2630.1962388395691},"geometry":{"type":"MultiPolygon","coordinates":[[[[31.551219164187671,30.272804835708865],[31.551214534681858,30.27281888261102],[31.551214534351182,30.272819895868519],[31.551213361774892,30.272819895524002],[31.551212187815285,30.272820909327567],[31.55121101385566,30.272821923131154],[31.551209840239984,30.272821922775108],[31.551209839896014,30.272822936934727],[31.551208666280324,30.272822936578649],[31.55120749369074,30.272822937136201],[31.551206319035696,30.272822936768598],[31.551205146459367,30.272822936423985],[31.551203971791075,30.272822936958505],[31.551202799214739,30.272822936613867],[31.551201625585808,30.272822937159859],[31.551200451970125,30.272822936803713],[31.551198104030252,30.272821922822384],[31.551196931453937,30.272821922477696],[31.551194584209338,30.27282192266744],[31.551193410580417,30.272821923213346],[31.551192236256298,30.272820909588138],[31.551191063680001,30.272820909243396],[31.551189890051095,30.272820909789274],[31.551188716435444,30.27282090943303],[31.55118636919088,30.27282090962261],[31.551185195575229,30.272820909266329],[31.55118402194632,30.272820909812165],[31.551182848330669,30.272820909455845],[31.551181674701763,30.272820910001666],[31.551179327801499,30.27281989603151],[31.551175807272408,30.272818882607066],[31.551173460027901,30.272818882796429],[31.551173460358996,30.272817869538951],[31.551169939498909,30.272817869371824],[31.551167592254433,30.272817869561091],[31.551166418638832,30.272817869204623],[31.551165245023221,30.272817868848179],[31.551164071394357,30.272817869393826],[31.551162897778749,30.272817869037333],[31.551161724149885,30.272817869582983],[31.551159376918672,30.272817868869939],[31.551153509190897,30.272819895417935],[31.551151161946382,30.272819895606887],[31.551148815741229,30.272819895807306],[31.55114412126547,30.272819895282868],[31.551142947636595,30.272819895828334],[31.551141774020969,30.272819895471674],[31.551140600392099,30.272819896017118],[31.551139426431771,30.27282090982003],[31.551137079187249,30.27282091000874],[31.55113473299534,30.272820909306766],[31.551131211790398,30.272821923298228],[31.551130038174755,30.272821922941432],[31.551127690930226,30.272821923129964],[31.551126518009095,30.272822936944269],[31.551125343354087,30.272822936575945],[31.55112182353324,30.272822936419026],[31.55111947628868,30.27282293660743],[31.551118302659773,30.272822937152657],[31.551115955428472,30.27282293643886],[31.551112434555019,30.272822937172332],[31.551111261978729,30.272822936826881],[31.551110087323714,30.272822936458418],[31.551108914734176,30.272822937015086],[31.551106567489629,30.272822937203241],[31.551105393873986,30.272822936846229],[31.551101872681961,30.27282394993475],[31.551100699053052,30.27282395047984],[31.551096004939481,30.272825977382247],[31.551093658402312,30.272826990839125],[31.551091311170932,30.272826990124862],[31.551087789965386,30.272828004115141],[31.551085443428086,30.272829017571869],[31.55108192223566,30.272830030659829],[31.551079574990968,30.272830030847508],[31.551077227746269,30.272830031035117],[31.551076054824552,30.272831044848942],[31.55107370724771,30.272832058293954],[31.551072533631974,30.272832057936675],[31.551071360002979,30.272832058481477],[31.551069012426066,30.272833071926406],[31.551065491940484,30.272835098282883],[31.551061971441509,30.272837125541376],[31.551059624890492,30.272838139899772],[31.551053757159629,30.272840166443149],[31.55105140958236,30.272841179887759],[31.551047889082888,30.272843207145865],[31.551043193928031,30.27284523403479],[31.55103850050595,30.272848275106131],[31.55103615330265,30.272851315076817],[31.551036152970124,30.272852328334242],[31.551032632469951,30.272854355591917],[31.551031459214919,30.272856382662738],[31.551029112330546,30.272858410277991],[31.551025591136543,30.272859423364384],[31.551023244251979,30.272861450979519],[31.551022070635906,30.272861450621754],[31.551019723751214,30.272863478236832],[31.551018550135119,30.272863477879024],[31.551016202556951,30.272864491322959],[31.551013855685326,30.272866518035766],[31.551009161554799,30.272868545837053],[31.551004466771627,30.272872599250871],[31.551002120219199,30.272873613608173],[31.550997426128657,30.272878681192772],[31.550995079256307,30.27288070790523],[31.550992731344518,30.272882734606135],[31.550991558421305,30.272883748419147],[31.550990384125722,30.272885775478048],[31.550990384499055,30.272887802004373],[31.550989210882683,30.272887801646306],[31.550988037613092,30.272889829618819],[31.550988038319417,30.272890842887744],[31.550985690407227,30.2728928695885],[31.550985690060916,30.272893883748068],[31.550983343187958,30.272895910460267],[31.550982170264501,30.272896924273187],[31.550980995968548,30.272898951331985],[31.550980996328434,30.272900978760447],[31.550980995995321,30.272901992017864],[31.550980995662215,30.272903005275271],[31.550980996368452,30.2729040185442],[31.550980996035339,30.272905031801596],[31.550980996395211,30.272907059230057],[31.550980996062105,30.272908072487461],[31.550980995715729,30.272909086647008],[31.550978648509172,30.272912126616532],[31.550978648869002,30.272914154044997],[31.550978648189464,30.272916181461945],[31.550977475985153,30.27291820764157],[31.55097747530559,30.272920235058518],[31.550976302754794,30.27292327539767],[31.550976302075206,30.272925302814613],[31.550975128111943,30.272926316615955],[31.550975128484946,30.272928343142258],[31.550975128138504,30.272929357301788],[31.550975127805319,30.272930370559216],[31.550973954548155,30.272932397629425],[31.550973954907857,30.272934425057876],[31.550973955280821,30.272936451584187],[31.550973954947622,30.272937464841576],[31.550973954614424,30.272938478098972],[31.550973954974122,30.272940505527423],[31.550973954627668,30.272941519686963],[31.550973955333816,30.272942532955859],[31.550973954654157,30.272944560372789],[31.550973955027114,30.272946586899099],[31.550973954693909,30.272947600156513],[31.55097395540006,30.272948613425417],[31.55097395505361,30.272949627584939],[31.550973954720394,30.272950640842346],[31.550973955413291,30.272951655013383],[31.550973954746883,30.272953681528186],[31.550975128030835,30.272954695143813],[31.550975127697644,30.272955708401227],[31.550975128057352,30.272957735829664],[31.550975127724158,30.272958749087067],[31.550975128417068,30.272959763258104],[31.550975128097118,30.272960775613367],[31.550976302407275,30.272961790142634],[31.550976302780253,30.272963816668931],[31.550977475024986,30.272964830273047],[31.550977475731173,30.272965843541954],[31.550977475384748,30.272966857701483],[31.550978649002058,30.272966858059689],[31.550978648668888,30.272967871317086],[31.550979823005665,30.272968884042051],[31.550979822326109,30.272970911458987],[31.550980996316532,30.272972938343486],[31.550982169600793,30.272973951959063],[31.550982170293754,30.272974966130096],[31.550983343244923,30.272976993003063],[31.550984516542506,30.272978005716489],[31.55098451620939,30.272979018973889],[31.550984516902385,30.272980033144933],[31.550985690186764,30.272981046760471],[31.550986864177421,30.27298307364493],[31.55098686349799,30.272985101061849],[31.550986864204265,30.272986114330756],[31.550988038195005,30.272988141215198],[31.550989211479504,30.272989154830725],[31.550989211133185,30.272990168990241],[31.550990384430971,30.27299118170362],[31.550991558741639,30.27299219623276],[31.550992731706444,30.272994222203526],[31.550992731360164,30.272995236363045],[31.550993905697403,30.272996249087903],[31.550995078968811,30.272997263605522],[31.550996251933743,30.272999289576248],[31.550996251587488,30.273000303735788],[31.550997426617947,30.273002330631641],[31.550997426284955,30.273003343889052],[31.550998599223497,30.273005371664009],[31.550998598890526,30.273006384921423],[31.550998599583657,30.27300739909246],[31.550999773921092,30.273008411817258],[31.551000946166603,30.273009425421183],[31.551002119451482,30.273010439036607],[31.551002119811695,30.273012466465048],[31.551002119478753,30.273013479722444],[31.551002120185167,30.27301449299134],[31.551003294176542,30.273016519875661],[31.551003293830359,30.273017534035191],[31.551004467488866,30.273020574176876],[31.551004467155945,30.273021587434297],[31.551005640801289,30.273024628478119],[31.551006814792842,30.273026655362393],[31.551007987398947,30.273029696394712],[31.551009161736751,30.273030709119439],[31.551009161403879,30.273031722376835],[31.551011509013705,30.273033749619024],[31.551011509041238,30.273036790304872],[31.551013855944714,30.273037804278101],[31.551013855265793,30.273039831695037],[31.551016202889162,30.273041858035036],[31.55101855015333,30.273044899436631],[31.551019723452058,30.273045912149769],[31.551022070369104,30.273046925220751],[31.551023244347991,30.273048953007038],[31.55102324504136,30.273049967178061],[31.551025590919163,30.273050980237485],[31.551025590586452,30.273051993494903],[31.551026764911438,30.273053007121618],[31.551027937851146,30.273055034896341],[31.55102911218945,30.273056047620905],[31.551030285475161,30.273057061236099],[31.551031458760907,30.273058074851267],[31.551033806371816,30.273060102093091],[31.55103498069699,30.273061115719734],[31.551037326242593,30.273063142036346],[31.55103967418632,30.273064156020663],[31.551042020758189,30.273066183250837],[31.55104436836951,30.273068210492486],[31.551046715980927,30.273070237734085],[31.551049062191957,30.273070237535688],[31.551051409471064,30.273073278034627],[31.55105258380982,30.273074290758981],[31.551053756389081,30.273074291105061],[31.551054930020953,30.273074290560487],[31.551056103639574,30.273074290918032],[31.551057277258199,30.273074291275584],[31.551058451929425,30.2730742907425],[31.551060798140561,30.273074290543899],[31.551063145377807,30.273074291258894],[31.551067839878794,30.273074290884484],[31.551072533340445,30.273074290498403],[31.551077227828202,30.273074291025782],[31.551081922329214,30.273074290650879],[31.551083095947842,30.273074291008182],[31.551086615777635,30.273074291166434],[31.551090136978843,30.273073278078659],[31.55109483147983,30.273073277703261],[31.551100698905309,30.273072263513807],[31.551103046155784,30.273072263325968],[31.551104219774398,30.273072263683076],[31.551105393393001,30.273072264040195],[31.551107740643488,30.273072263852267],[31.551110087186476,30.273071250395336],[31.551112434436938,30.273071250207323],[31.551117129601437,30.273069223316277],[31.551119475812502,30.273069223116622],[31.551121823394656,30.273068209670988],[31.551124169937413,30.273067196213809],[31.551126517187793,30.273067196025526],[31.551128864769826,30.273066182579765],[31.551130037680672,30.273065169667728],[31.551132385275896,30.273064155319751],[31.551134732844552,30.273063142776003],[31.551135905436968,30.273063142219229],[31.551138253713354,30.273063142944356],[31.55113942630577,30.273063142387517],[31.55114294821394,30.273063142567239],[31.551144120793094,30.273063142912491],[31.551146468043392,30.27306314272386],[31.551147641675168,30.273063142178454],[31.551148815293686,30.273063142535179],[31.551149988912211,30.273063142891875],[31.551151162543984,30.273063142346444],[31.551152336162509,30.273063142703144],[31.551153509462871,30.273064155415117],[31.551154683776115,30.273065169942871],[31.551155856368563,30.273065169385898],[31.551157029987113,30.273065169742527],[31.551158203605667,30.273065170099176],[31.551158204326899,30.273066182465978],[31.55115937690611,30.2730661828111],[31.551159377614116,30.273067196080067],[31.551160551232691,30.273067196436664],[31.551161724188614,30.273069223308166],[31.551162897475891,30.273070236922212],[31.551164071802557,30.273071250547744],[31.551165245089884,30.273072264161762],[31.551166419416599,30.273073277787262],[31.55116641908532,30.273074291044733],[31.551166418740774,30.273075305204305],[31.551166419448855,30.273076318473258],[31.551166419117564,30.273077331730708],[31.551166418786284,30.273078344988157],[31.551166419494358,30.273079358257093],[31.551165244478472,30.273080372950744],[31.551164071236474,30.273082399120561],[31.551164071599967,30.273084426549079],[31.551164071976697,30.273086453075479],[31.551164071645385,30.273087466332914],[31.551161724757925,30.273089493950398],[31.551161724413337,30.273090508109956],[31.551161724790017,30.273092534636344],[31.551161724458673,30.273093547893783],[31.551147536061873,30.273119087820106],[31.551147536087907,30.273121562776048],[31.551147536166486,30.273126510883671],[31.551147536192509,30.273128985839616],[31.551141806395467,30.273133934595339],[31.551141806460464,30.273138883605082],[31.551141806499597,30.273141357658872],[31.551136075687879,30.273148781358749],[31.551130345863509,30.273151255157973],[31.551130345902337,30.273153729211788],[31.551124615011677,30.273156204803509],[31.551124615075768,30.273161153813195],[31.551118884211043,30.273163627600404],[31.551116020343578,30.273166102440165],[31.551116020382025,30.273168576493941],[31.551110289503409,30.273171051182874],[31.551104559702026,30.27317599993679],[31.551098828784689,30.273176000571439],[31.551095963914946,30.273180949452986],[31.551093098982442,30.273180949324846],[31.551090234087738,30.273183423250376],[31.551087368153532,30.273185897164318],[31.551087368177981,30.273188372120188],[31.551084503245278,30.273188371991846],[31.551075907431979,30.27319084655079],[31.551073042523306,30.273193321378034],[31.551070177590468,30.273193321249387],[31.551070177627743,30.273195795303106],[31.55106444782292,30.273200744055146],[31.551064447846791,30.273203219011005],[31.5510673128171,30.273205693193503],[31.551067312841024,30.273208168149374],[31.551067312878203,30.273210642203086],[31.551067311876029,30.273213116245294],[31.551067311913204,30.273215590298999],[31.551067311950373,30.273218064352704],[31.551067311974304,30.273220539308557],[31.551067312011465,30.273223013362252],[31.551067312035382,30.273225488318097],[31.551067312072544,30.273227962371802],[31.55107017706759,30.273232911510114],[31.551073043064985,30.273235386606171],[31.551073043102274,30.273237860659886],[31.551073043139571,30.273240334713584],[31.551073043200898,30.273245283723142],[31.551075907109141,30.273245282938149],[31.551075907133246,30.273247757894008],[31.55107877314445,30.273250232087801],[31.551081638140694,30.273255181225881],[31.551081638164924,30.273257656181741],[31.551084503137201,30.27326013036393],[31.55108736810962,30.273262604546041],[31.551087368147254,30.273265078599746],[31.551087368184874,30.273267552653472],[31.551090234159243,30.273267552793321],[31.551090234183675,30.273270027749174],[31.551095964053854,30.273270028005697],[31.551098829026852,30.273272502187599],[31.551098829051494,30.273274977143458],[31.55110169398673,30.273274977271569],[31.551104558973265,30.273277450551213],[31.551107423933441,30.273279925635062],[31.551110289971302,30.273284874784068],[31.551113153905725,30.273287348954177],[31.551113153930718,30.273289823910023],[31.551116019919014,30.273289823147209],[31.551118884854699,30.273289823274961],[31.551121749790379,30.273289823402639],[31.551124614700793,30.27328734857441],[31.551130345572709,30.273284874787237],[31.551136075443818,30.273284875042055],[31.551138940392637,30.273284874267233],[31.551150401109137,30.273279925777704],[31.551153267057916,30.27327745096029],[31.551156131953931,30.273274977033466],[31.551161861798288,30.273272502331235],[31.551167592681715,30.273270027640219],[31.551170456551059,30.273267552799421],[31.551181917184046,30.273257656199405],[31.55118764809303,30.273257656463418],[31.551190514080453,30.273257655698945],[31.551199108857741,30.27325518112109],[31.551207703593953,30.273250232488849],[31.551213434515812,30.27325023184958],[31.551219164385063,30.273250232100672],[31.55123349011086,30.273250231836702],[31.551250680758127,30.273250232598144],[31.551270736353427,30.273250232579571],[31.5512764672754,30.273250231937531],[31.55127933324944,30.273250232073245],[31.551282197144769,30.27325023218588],[31.551287928053519,30.273250232445484],[31.551290792988212,30.273250232569424],[31.551293657922916,30.273250232693325],[31.551296522870867,30.273250231915018],[31.551305118714346,30.273250232297613],[31.551316579505826,30.273250231900921],[31.55133663510156,30.273250231872247],[31.551339500036303,30.273250231995149],[31.551342366010399,30.27325023212947],[31.551345230945156,30.273250232252227],[31.551350960889909,30.273255181507555],[31.551356690804106,30.273257655806589],[31.551359556778444,30.273257655940547],[31.551362421757958,30.273260130116878],[31.551365286693017,30.273260130239194],[31.551371016563131,30.273260130483685],[31.551373882550802,30.273260129715197],[31.551379612452653,30.273262604915384],[31.551382477432824,30.273265079091278],[31.551388207348438,30.273267553388969],[31.551391073368329,30.273270027576206],[31.551393938303701,30.273270027697922],[31.551396802245094,30.273272501862046],[31.55139966825211,30.273274976951232],[31.551402533233148,30.27327745112672],[31.551408263195661,30.273282399477523],[31.551413994139068,30.273284874687775],[31.551413994184863,30.273287348741736],[31.551416859153367,30.27328982381907],[31.551419724135279,30.273292297994217],[31.551422590169938,30.27329477127866],[31.551422590202691,30.27329724623478],[31.551425454145598,30.273299720398292],[31.551425454178407,30.273302195354411],[31.551428319114745,30.273302195475406],[31.551431185169616,30.273307144617917],[31.551434049113023,30.273309618781262],[31.551436915102197,30.273309618011428],[31.551436915135287,30.273312092967554],[31.551439780118336,30.273314567142279],[31.551445510025069,30.27331704233972],[31.55144551007162,30.273319516393705],[31.551448376081208,30.273321991481883],[31.551451241078084,30.273324464754246],[31.551454106061865,30.273326938928687],[31.551456971032525,30.273329414005197],[31.551459835969673,30.273329414125538],[31.551462700987528,30.273334363255923],[31.551465565924829,30.273334363376129],[31.551468431961869,30.273336836659627],[31.55147129693318,30.273339311735835],[31.551475022128955,30.27334252898202],[31.551501551703126,30.273302199141298],[31.551528530762354,30.273261061312883],[31.551555442584768,30.273219899274935],[31.551574441782829,30.273190751976685],[31.55157444234715,30.273183422757093],[31.551574442160643,30.273173525638398],[31.551574442073989,30.273168576627988],[31.551574441987327,30.273163627617546],[31.551568712036051,30.273158678371729],[31.551565845878638,30.273148781123751],[31.551562980761119,30.27313888388721],[31.551560115707009,30.27313145980262],[31.551554386599637,30.273116614351171],[31.551554386563385,30.273114139394899],[31.551554386513871,30.273111665340743],[31.551554386428098,30.273106716330293],[31.55155438634231,30.273101767319869],[31.551554386206984,30.273094344255281],[31.551554386084888,30.273086920288531],[31.551548656040143,30.273077022933656],[31.551548655905172,30.273069599869054],[31.551548655733995,30.273059701848151],[31.551545789679775,30.27305475270807],[31.551545790548186,30.273044854698629],[31.551545790462693,30.273039905688169],[31.551545790363946,30.273034957579839],[31.551545790278439,30.273030008569357],[31.55154579017967,30.273025060461009],[31.551545790143532,30.273022585504709],[31.551545790057993,30.273017636494213],[31.551545790008586,30.273015162440043],[31.551545789972444,30.273012687483728],[31.551545789873629,30.27300773937538],[31.551545789751898,30.273000315408559],[31.551545789702484,30.272997841354375],[31.55154578966631,30.27299536639806],[31.551545790620075,30.272990417399061],[31.551545790570643,30.272987943344869],[31.551545790485033,30.272982994334352],[31.551545790435597,30.272980520280168],[31.551545790349962,30.272975571269658],[31.551545790300523,30.272973097215459],[31.551545790264328,30.272970622259137],[31.55154579021487,30.272968148204949],[31.551545790165427,30.27296567415075],[31.551542925117101,30.272958250065813],[31.551542925067714,30.272955776011589],[31.551542924982169,30.272950827001065],[31.551542924932775,30.27294835294688],[31.551542925886572,30.272943403947846],[31.551542925850416,30.27294092899151],[31.551540059799681,30.27293597985134],[31.551537194775328,30.272931031624751],[31.551537194676783,30.272926083516332],[31.551534329666097,30.272921134387563],[31.551534329580907,30.272916185376999],[31.551531464619792,30.272913710302355],[31.551531464485578,30.272906287237621],[31.551528599524815,30.272903812162916],[31.551528599475727,30.272901338108714],[31.551528599328439,30.272893915946106],[31.551528599207625,30.272886491979197],[31.551525734234232,30.272884017806607],[31.551522869309959,30.272884017688131],[31.551517139292599,30.272874119429947],[31.551517139243757,30.272871645375737],[31.551517139208173,30.272869170419376],[31.551517139110487,30.272864222310965],[31.551511409130242,30.272856799008892],[31.551508543083383,30.27285184986809],[31.551505679031607,30.272841951739704],[31.55150567893444,30.272837003631288],[31.551502812839882,30.27282958043617],[31.551502812804618,30.272827105479827],[31.55150281275608,30.272824631425618],[31.551499947798344,30.272822156350376],[31.551499947749885,30.272819682296149],[31.551499947714678,30.272817207339795],[31.551499948705558,30.272814733297093],[31.551499948657092,30.272812259242869],[31.551499948621878,30.27280978428653],[31.551499948573401,30.272807310232313],[31.55149708261202,30.272807310101854],[31.551497082528467,30.272802361091305],[31.551494217509905,30.27279741286387],[31.551491352588172,30.272797412744783],[31.551488487583292,30.272792463615097],[31.551488487500126,30.272787514604538],[31.551485622495665,30.272782565474799],[31.551485622412621,30.272777616464243],[31.551482757395313,30.272772668236573],[31.551482757347234,30.272770194182353],[31.551479892343533,30.272765245052501],[31.551477026383392,30.272765244921647],[31.551474162419449,30.272760295803174],[31.551471296424911,30.272757820715842],[31.551468431456613,30.272755346542116],[31.551465566475205,30.272752873270431],[31.551459835513224,30.27274792400901],[31.551454106630523,30.272742974770363],[31.551451240623727,30.272740500584781],[31.551448375656438,30.272738026410625],[31.551445510736478,30.272738026290604],[31.551442645782654,30.27273555121419],[31.551442645735534,30.272733077160002],[31.551439779776363,30.272733077028359],[31.551436914856556,30.272733076908146],[31.551434049936741,30.272733076787883],[31.551428318964266,30.27272812842731],[31.551422590164297,30.272728128197841],[31.551419724205299,30.272728128065769],[31.551416859239165,30.272725653890948],[31.551413994319603,30.272725653770266],[31.551411129386775,30.272725654551632],[31.551408263394841,30.272723179463004],[31.551405398429154,30.272720705287949],[31.55139966859031,30.272720705045998],[31.551393937712138,30.272720704792302],[31.551391073786242,30.272718230628467],[31.551382476949534,30.272718230241502],[31.551376747065412,30.272715755944414],[31.551373882146159,30.272715755822851],[31.551371016174308,30.272715756591847],[31.551368152294422,30.272715756481659],[31.551365286335827,30.272715756348415],[31.551359556497353,30.27271575610472],[31.551356691578128,30.27271575598277],[31.55135096068706,30.272715756629346],[31.551345230848618,30.272715756385008],[31.551336635051609,30.272715756006566],[31.551328039241383,30.272715756529674],[31.551322310442334,30.272715756295856],[31.551319444483784,30.272715756161599],[31.551316579608564,30.272718230092863],[31.55131371364995,30.272718229958482],[31.551310849756781,30.272718230749181],[31.551305118878922,30.272718230491581],[31.551302252920316,30.272718230356951],[31.55130225295067,30.272720705313162],[31.551296523112033,30.272720705066703],[31.551293658192716,30.272720704943385],[31.551290793273406,30.272720704819985],[31.551287927344731,30.272723179641236],[31.551285063464714,30.272723179529237],[31.551285063494628,30.272725654485438],[31.551279332616375,30.272725654226708],[31.551276466657576,30.272725654091495],[31.551267871942006,30.272728127774062],[31.551267871984738,30.272730601828112],[31.551262142132341,30.272730602482262],[31.551259277242025,30.272733077314353],[31.551256411325483,30.272735551232746],[31.551253546405768,30.272735551108521],[31.551250681515107,30.27273802594042],[31.551247816595332,30.272738025816071],[31.551247816637556,30.272740499870103],[31.55124495067836,30.272740499734184],[31.55124495070725,30.272742974690349],[31.55124208581616,30.272745449522045],[31.551239219885566,30.272747924342156],[31.551239219969556,30.272752872450191],[31.551236355148603,30.272760296291921],[31.551233490298618,30.272765245177393],[31.55123062544833,30.272770194062815],[31.551227760569319,30.272772667991998],[31.551224894679169,30.272777616865746],[31.551222029869606,30.272785039804923],[31.551219165018139,30.272789988690025],[31.551219164048419,30.272794937688662],[31.551219164118049,30.272799886698767],[31.551219164146239,30.272802361654879],[31.551219164187671,30.272804835708865]]]]}}
]
}
