{
"type": "FeatureCollection",
"name": "LRT_Line",
"crs": { "type": "name", "properties": { "name": "urn:ogc:def:crs:OGC:1.3:CRS84" } },
"features": [
{"type":"Feature","properties":{"Shape_Length":84859.557818205038},"geometry":{"type":"MultiLineString","coordinates":[[[31.696657700401957,29.891101951176523],[31.696661633799874,29.891098663947528]],[[31.696657700401957,29.891101951176523],[31.696652993468778,29.891105792931771],[31.696598282107779,29.891151574907777],[31.696657700401957,29.891101951176523]],[[31.696657700401957,29.891101951176523],[31.696590397198396,29.891158267391518],[31.696520104988601,29.891218981904853],[31.69644406581028,29.891286897251931],[31.69636948197957,29.891355889911427],[31.696305819447396,29.891416745616137],[31.69625920826282,29.891462506429033],[31.696213123497664,29.891508793989665],[31.696165274455744,29.891557995854999],[31.696118024722363,29.891607773012808],[31.69605710948391,29.891673781133509],[31.696020162787743,29.891714870229514],[31.695983624538247,29.891756321587724],[31.695930570268004,29.891818026405829],[31.695867093226962,29.891894338391936],[31.695809997706302,29.891965449984802],[31.695777036932988,29.892007636878411],[31.695744493409546,29.892050146420434],[31.69568741576083,29.892126869891943],[31.695629891459767,29.892207189325351],[31.695583085381397,29.892274939302631],[31.69555182520314,29.892321470655393],[31.695521059850023,29.892368331741647],[31.695485159925799,29.89242442639793],[31.695452265456751,29.892477242723295],[31.695419910723327,29.89253059767017],[31.695389232017462,29.892582563310977],[31.695344435929357,29.892661025101692],[31.695317650580609,29.892709519961866],[31.695282445612982,29.892775208973649],[31.695241339951476,29.892854959695949],[31.695213417103339,29.892911190016605],[31.695201264862124,29.892936441391907]],[[31.695201264862124,29.892936441391907],[31.695186192945869,29.8929677611134],[31.69520658908251,29.892925211883735],[31.695201264862124,29.892936441391907]],[[31.695201264862124,29.892936441391907],[31.695167923433949,29.8930067679666],[31.69514678310366,29.893053020320192],[31.695115723229577,29.893123328841281],[31.695086761245626,29.893191662994646],[31.695064042965591,29.893247345596571],[31.695039489277985,29.893309808394818],[31.695017245465838,29.89336865302764],[31.694992039672478,29.893438239788868],[31.694971147901676,29.893498544265633],[31.694949346562115,29.893564354945426],[31.694928343080417,29.893630923372651],[31.694911296696446,29.893687548170046],[31.694892543344586,29.893752936911728],[31.694888435932782,29.893767737338965],[31.694872063781531,29.893828645069579],[31.69485547496971,29.893893859407946],[31.694839648267056,29.893959952960429],[31.694823052187978,29.894034144769673],[31.694805433468325,29.894119736760103],[31.694791607970739,29.894193181753916],[31.694781063561443,29.894253966658628],[31.694771727350496,29.894312154802851],[31.694761218099359,29.894383986704995],[31.69475522339842,29.894428852126513],[31.694745673853919,29.894509842517966]],[[31.694745673853919,29.894509842517966],[31.694743322041855,29.894529783891794],[31.69474852777455,29.894483318005051],[31.694745673853919,29.894509842517966]],[[31.694745673853919,29.894509842517966],[31.694739088340597,29.894571035652561],[31.694738228517956,29.894579876557984],[31.694737385227363,29.894588720334045],[31.694736557480379,29.894597563361543],[31.694735747312667,29.894606408367672],[31.694734952688584,29.89461525262524],[31.694734173549339,29.894624100645441],[31.694733410989183,29.894632947927313],[31.694732664984606,29.894641796275351],[31.694731933464695,29.894650645669049],[31.69473121640592,29.894659497912908],[31.694730514890789,29.894668349408182],[31.694729828895785,29.894677201959375],[31.694729159468157,29.894686054674494],[31.694728502430728,29.894694910219247],[31.694727860936982,29.894703765015461],[31.69472723599884,29.894712620877833],[31.694726623486194,29.894721476863129],[31.694726025446485,29.894730334796343],[31.694725441903227,29.894739192872979],[31.694724871797433,29.894748052887294],[31.694724316199846,29.894756912142785],[31.694723776134193,29.894765771551953],[31.694723249506023,29.894774632898788],[31.694722734267906,29.894783494358315],[31.694722233514501,29.894792356863498],[31.69472174621033,29.894801220404144],[31.694721271343468,29.894810083165453],[31.694720807878426,29.894818945137231],[31.694720359910068,29.894827809969421],[31.694719922308064,29.894836674001791],[31.694719499179048,29.894845539982082],[31.694719088499095,29.894854404280846],[31.694718691233142,29.894863272321729],[31.694718303321604,29.894872137748131],[31.694717928859337,29.894881004209928],[31.694717565787176,29.894889870784439],[31.694717216152526,29.894898739296604],[31.694716874813331,29.894907606988511],[31.694716546923409,29.894916475715835],[31.694716232518065,29.894925342771845],[31.694715925337423,29.894934211704065],[31.69471563161785,29.894943080769469],[31.694715348229384,29.894951951741799],[31.694715076254568,29.894960821022348],[31.694713523402935,29.895019496745533],[31.694711969489131,29.895078174262377],[31.694710218056798,29.895144378186533],[31.694708464549453,29.895210582089444],[31.694709899948474,29.895295755308069],[31.694711334323355,29.895380927613186],[31.694712801754701,29.895468092648027],[31.69471427023284,29.895555256789809],[31.694714410386545,29.895564129245383],[31.694714549540038,29.895572998984008],[31.694714695894852,29.895581872403287],[31.694714845379604,29.895590744048825],[31.694714993840645,29.895599614781851],[31.694715142278149,29.895608487319357],[31.694715289680186,29.895617359846604],[31.694715441224126,29.895626232414827],[31.694715588637902,29.895635104039801],[31.694715738146151,29.895643973880809],[31.6947158855364,29.895652847310245],[31.694716353603461,29.895680658965592],[31.694717239611528,29.895733374386712],[31.694718124607466,29.895786087992732],[31.694719309325727,29.895856566552791],[31.694720415087055,29.895922376439874],[31.694721520859872,29.895988185424116],[31.694722908495894,29.89607066643104],[31.694724294084057,29.896153145612054],[31.694725680683771,29.896235626606817],[31.694726125794116,29.896262100740255],[31.694727464244362,29.896341681083193],[31.694728800623249,29.896421261404765],[31.694729531375586,29.89646467379248],[31.694731018473551,29.896553110429181],[31.694732503511833,29.89664154614205],[31.694733990632379,29.896729980972115],[31.694735476705201,29.896818416693048],[31.694735526842727,29.896821323679596],[31.694735576628045,29.896824337140732],[31.694735626106993,29.896827294652734],[31.69473577654427,29.896836172622645],[31.694735926958021,29.896845052397033],[31.69473607741881,29.896853928562447],[31.694736227844313,29.896862807434569],[31.694736379340583,29.896871683610197],[31.694736528742336,29.896880561569823],[31.694736680203317,29.896889440452156],[31.694736829628592,29.89689831660727],[31.694736981113081,29.896907193685095],[31.694737131550315,29.896916071654932],[31.694737296496204,29.896924948865951],[31.694737453146388,29.896933826897218],[31.69473761186757,29.896942704948977],[31.69473777060049,29.896951582098485],[31.694737932439892,29.896960459278723],[31.694738095303027,29.896969337371431],[31.694738260260664,29.896978213680143],[31.694738425206545,29.896987090891091],[31.694738594282629,29.896995969045246],[31.694738763370477,29.897004846297165],[31.694738933493824,29.897013723559308],[31.694739109830131,29.897022600882913],[31.694739285119176,29.89703147909853],[31.694739464573722,29.897040355550619],[31.694739647123001,29.897049232935686],[31.694739829660506,29.897058111222972],[31.694740016363525,29.897066987746758],[31.694740206149493,29.897075866105759],[31.694740397018009,29.897084740866035],[31.694740594064218,29.8970936183945],[31.69474073809409,29.897100127614845],[31.694740790074931,29.897102495912712],[31.694740878674633,29.897106424747307],[31.694740992310379,29.897111372590143],[31.694741184245501,29.897119688802249],[31.694741195569573,29.897120250180055],[31.694741208481268,29.897120689755422],[31.694741405053492,29.897129126929194],[31.694741606179317,29.897137532565516],[31.694741615596435,29.897138001884077],[31.694741625224648,29.897138375554945],[31.694741832317085,29.89714687960716],[31.694742017386464,29.897154451307195],[31.694742049037728,29.897155757330243],[31.694742092494639,29.897157508331869],[31.694742272006639,29.897164632408074],[31.694742499094019,29.897173509331353],[31.694742728252404,29.897182386275123],[31.694742870956208,29.897187805435646],[31.694742961588062,29.89719126055315],[31.6947430307149,29.89719382302728],[31.694743201101417,29.897200137599359],[31.694743399488782,29.897207402629906],[31.69474344269754,29.897209013763824],[31.694743489813082,29.897210642983513],[31.694743690494892,29.897217890891991],[31.694743943493254,29.897226766266883],[31.694744140053633,29.897233615292976],[31.694744196503397,29.897235640739552],[31.694744264640004,29.897237961372316],[31.694744458797743,29.897244518011135],[31.694744721020335,29.897253241881394],[31.694744724233857,29.897253392606743],[31.694744729212609,29.897253566810793],[31.694744993800231,29.897262268145536],[31.694745268555845,29.897271142833343],[31.694745324662783,29.897272956222722],[31.694745549500951,29.89728001938709],[31.694745834623344,29.89728889327511],[31.694746123875976,29.897297768106313],[31.694746420353596,29.897306644813735],[31.694746722055754,29.897315517963428],[31.694747029947408,29.897324392979041],[31.694747340945568,29.897333268025413],[31.694747660251256,29.897342141349245],[31.694747981616192,29.897351015595824],[31.694748313324382,29.897359890847095],[31.694748650233606,29.897368764345096],[31.694748991284843,29.897377637884091],[31.69474933959636,29.897386510592547],[31.694749693073639,29.89739538425448],[31.69475005484669,29.897404257096124],[31.694750422832765,29.89741312999924],[31.694750794972624,29.897422002041122],[31.694751178491241,29.897430875097911],[31.694751564092652,29.897439747272948],[31.694751959001824,29.897448620442443],[31.694752360159306,29.897457490966691],[31.694752769600825,29.897466361572896],[31.694753185231843,29.897475234045054],[31.694753609170419,29.897484104794707],[31.694754039322039,29.897492975605829],[31.694754476733959,29.897501845586415],[31.694754921394409,29.89751071563872],[31.694755375386165,29.897519584881],[31.694755835567445,29.897528455989224],[31.694756305115313,29.897537323580714],[31.694756781888202,29.897546193048392],[31.694757266956906,29.897555061695769],[31.69475776030967,29.897563930425132],[31.694758260922736,29.897572798323978],[31.694758771902617,29.897581665423051],[31.6947592647698,29.897590094699972],[31.694759289119087,29.897590530779087],[31.694759322400394,29.897591076131718],[31.69475980367481,29.897599203004507],[31.694759815608073,29.897599399836302],[31.694759824799405,29.897599568667911],[31.694760352487407,29.897608266289261],[31.694760851400716,29.897616390629508],[31.694760894567821,29.897617130988959],[31.694760937487359,29.897617810888072],[31.694761450098042,29.897625996724098],[31.694762011853093,29.89763486161846],[31.694762238265913,29.897638387560818],[31.694762582939479,29.897643725702782],[31.694763162298177,29.897652590771337],[31.694763754094723,29.897661455060575],[31.694764351104123,29.89767031669432],[31.694764960516085,29.897679180255512],[31.694765578223887,29.897688042996407],[31.694766206298546,29.897696904937533],[31.694766842680817,29.897705765156143],[31.694767491477414,29.897714626399942],[31.694768101061381,29.897722841168495],[31.694768148581627,29.897723485921226],[31.69476881498192,29.897732347339183],[31.694769492819866,29.897741205260886],[31.694770179965644,29.89775006417705],[31.694773036383001,29.897785490080373],[31.694788099090239,29.897944763368749],[31.694789723733692,29.897959721564852],[31.694791383608177,29.89797467830482],[31.694793078772541,29.897989629077461],[31.694794810238761,29.898004575697495],[31.694796574876843,29.898019519938646],[31.694798375828576,29.898034459124961],[31.694800211022983,29.898049393235944],[31.69480208250754,29.898064324096538],[31.694803988234806,29.898079249881803],[31.694805928204783,29.898094170591715],[31.694807904464984,29.898109088051239],[31.694809914956153,29.898124001337688],[31.694811960749107,29.898138907754518],[31.694814041796828,29.898153810910738],[31.694816157099094,29.898168708089383],[31.694818307667909,29.898183601105149],[31.694820493515049,29.898198489055819],[31.69482271465229,29.89821337103912],[31.694824970032382,29.898228247947081],[31.694827260690836,29.898243119789928],[31.694829585603944,29.898257985655182],[31.694831946819189,29.898272847367789],[31.694834342289113,29.898287703102806],[31.694836772025479,29.898302551957997],[31.694839237040291,29.898317395748052],[31.694841737345335,29.898332233570748],[31.694844271893345,29.89834706631807],[31.694846840696105,29.898361893087795],[31.694849445836386,29.898376712998168],[31.694852085231457,29.898391526930926],[31.694854758893079,29.898406333983825],[31.694857466797746,29.898421135961346],[31.694860211040012,29.898435931079522],[31.694862988513368,29.898450719307576],[31.694865802324351,29.898465500676256],[31.694868649354689,29.898480276057068],[31.694871531687188,29.898495044568282],[31.694874449310088,29.898509807112109],[31.694877400187661,29.898524560961345],[31.694880386355674,29.898539308843205],[31.694883406790396,29.898554049845181],[31.694886462527339,29.898568783977527],[31.694889552542765,29.898583510327772],[31.694892676824942,29.898598229798136],[31.694895837468415,29.898612940604625],[31.694899030284123,29.898627646315227],[31.694902259461166,29.898642343361974],[31.694905520857507,29.898657031703852],[31.694908817556179,29.898671713176064],[31.694912149568957,29.898686386876438],[31.694915515860334,29.898701052794664],[31.694918917465852,29.898715710940998],[31.694922352314499,29.898730361294938],[31.694925821465301,29.898745002062306],[31.694929324883024,29.898759635949727],[31.694932862591173,29.898774261152784],[31.694936435625298,29.898788877681692],[31.694940041890856,29.898803487320475],[31.69494368349417,29.89881808738285],[31.694947359399741,29.898832677858604],[31.694951067501272,29.898847261433961],[31.694954811976118,29.898861835443171],[31.69495858971775,29.898876399855475],[31.694962401749937,29.898890955583397],[31.694966249084686,29.898905504441647],[31.69497012867426,29.898920041888271],[31.694974043589951,29.898934570660746],[31.694977991760744,29.89894909073853],[31.694981975269425,29.898963601239938],[31.694985992044995,29.898978102144451],[31.694990043111208,29.898992594364515],[31.694994128491611,29.899007076095696],[31.694998247138944,29.899021548229946],[31.695002400088718,29.899036010777568],[31.69500658734097,29.899050463738494],[31.695010807860179,29.89906490710251],[31.69501506165814,29.899079339967354],[31.695019350794105,29.899093763255792],[31.695023674244364,29.899108176055279],[31.695028029926121,29.89912257924761],[31.695032419922189,29.899136971951009],[31.695036844232575,29.899151354165475],[31.695041300786269,29.899165725870532],[31.695045792689829,29.899180087096877],[31.69505031787223,29.899194437824061],[31.69505487736901,29.899208778062299],[31.695059469120906,29.899223106888837],[31.695064095187199,29.89923742522646],[31.695068754532389,29.899251733064865],[31.695073448215524,29.899266028609855],[31.695078175165833,29.899280314557881],[31.69508293540683,29.899294589104468],[31.695087728938542,29.899308852249572],[31.695092555760979,29.899323103993261],[31.695097416897905,29.899337345247947],[31.695102311337333,29.899351574198977],[31.695107239079295,29.899365790846264],[31.695112200100258,29.899379996994366],[31.695117194423769,29.899394190838738],[31.695122222038083,29.899408373281638],[31.695127282943215,29.89942254432307],[31.695130318820613,29.899431018607263],[31.695133368183775,29.899439491220093],[31.695136427949649,29.899447960326331],[31.695139500201034,29.899456425044249],[31.695142583867142,29.899464888070302],[31.695145678983248,29.899473346697782],[31.695148784490321,29.899481802720896],[31.695151903494928,29.89949025617042],[31.695155031878492,29.899498705200877],[31.695158171688558,29.899507151637227],[31.695161322936876,29.899515594577231],[31.695164484564419,29.89952403581513],[31.695167657641974,29.899532472654432],[31.695170841110521,29.899540906889417],[31.695174034958292,29.899549339422265],[31.695177239232329,29.899557766644051],[31.695180453885591,29.899566192163732],[31.695183678941621,29.899574614176824],[31.695186915435912,29.899583032693542],[31.695190160226652,29.899591450389917],[31.695193416479189,29.899599862785472],[31.695196681051677,29.899608272556165],[31.695199956003421,29.899616680624757],[31.695203241346171,29.899625086088982],[31.695206536067925,29.899633487134139],[31.695209840145179,29.899641885564687],[31.695213152530634,29.899650282272646],[31.695216476342637,29.89965867638648],[31.695219808498127,29.899667066070972],[31.695223149997368,29.899675454043123],[31.695226499816584,29.899683839390406],[31.69522985900306,29.89969222122086],[31.695233226497763,29.899700601328703],[31.695236604395252,29.899708977929944],[31.695239988541683,29.899717351885855],[31.695243384102923,29.899725724149864],[31.695246785924866,29.899734092866307],[31.695250197102322,29.899742458968152],[31.695253615552495,29.899750823337126],[31.69525704439371,29.899759185101743],[31.695260479495644,29.899767543318774],[31.695263921870293,29.89977589980295],[31.695267373600473,29.8997842536725],[31.695270832615126,29.899792604906956],[31.695274299938031,29.899800954418815],[31.695277773521664,29.899809300383083],[31.695281256449075,29.899817644634982],[31.695284745613684,29.89982598714375],[31.695288242074543,29.899834326115208],[31.695291745808152,29.899842663353784],[31.695295256826238,29.899850997957277],[31.695298776152594,29.899859330838122],[31.695302300692401,29.899867661063404],[31.695305832504943,29.899875989555806],[31.69530937055471,29.899884316305098],[31.6953129169245,29.899892640429552],[31.695316468519511,29.899900960996145],[31.695320027375498,29.899909280732135],[31.695323592468718,29.899917598724997],[31.695327162775396,29.899925914062283],[31.695330740354834,29.899934227666677],[31.695334324183257,29.899942538625744],[31.69533791320162,29.899950848733678],[31.695341508468978,29.899959156196271],[31.695345108938046,29.899967461905515],[31.695348715644354,29.899975765871613],[31.695352328587894,29.899984068094636],[31.695355946744897,29.899992367662044],[31.695359570080104,29.90000066728058],[31.695363198640543,29.900008963341271],[31.695366833438225,29.900017257658867],[31.695370472390344,29.900025551115071],[31.695374116555929,29.900033841915711],[31.695377765911481,29.900042131865209],[31.695381420468756,29.900050420061358],[31.695385079180472,29.900058707396141],[31.695388743105667,29.900066992075313],[31.695392411197062,29.9000752749909],[31.695396084478414,29.900083557055343],[31.695399760890457,29.900091837345968],[31.695403442504215,29.900100115883216],[31.695407128272432,29.900108393559101],[31.695410818195079,29.900116670373599],[31.695414512283943,29.900124945424533],[31.695418209515235,29.900133217799347],[31.69542191192475,29.900141490225302],[31.695425617464949,29.900149760877394],[31.695429326135823,29.900158029755641],[31.6954330389494,29.900166298674762],[31.695436755929176,29.900174565830262],[31.695440474992353,29.900182832103933],[31.695444198221747,29.900191096613977],[31.695447923534537,29.900199360242187],[31.695451654037321,29.900207623019252],[31.695455385587969,29.900215884904238],[31.695459122340363,29.90022414503585],[31.695462860128885,29.900232405177615],[31.695466601036326,29.900240664447761],[31.695470344050698,29.900248921031569],[31.69547409017223,29.900257177646012],[31.695477839400947,29.900265434291093],[31.695481589689305,29.900273689141809],[31.695485343084833,29.900281944023185],[31.695489098575528,29.900290197120448],[31.695492857173406,29.900298450248346],[31.695496615771876,29.900306703376135],[31.695500377512793,29.900314953827838],[31.695504141313616,29.900323205202159],[31.695507906174075,29.900331454782155],[31.695511673094437,29.900339705284757],[31.695515442109951,29.900347954003283],[31.695519211126069,29.90035620272171],[31.695522983261128,29.900364450568521],[31.695526755385039,29.900372699317476],[31.695530528568582,29.900380946272083],[31.695534303823777,29.90038919324709],[31.69553808011511,29.900397440232204],[31.695541856418789,29.900405686315001],[31.695545633758599,29.900413932407957],[31.695549412146288,29.900422177608789],[31.695553190522833,29.900430423711772],[31.695556969947251,29.900438668922639],[31.695560750407807,29.900446914143679],[31.695564530868968,29.90045515936459],[31.695568311342477,29.90046340368319],[31.695572091804827,29.900471648903899],[31.695575873303312,29.900479894134765],[31.695664074233662,29.900672231956456],[31.695894524347299,29.901174760784134],[31.696278669159522,29.902012435795793],[31.696537433561868,29.90257669656912],[31.696569022147916,29.902645574286176],[31.696662821180364,29.9028501115924],[31.696801677489745,29.903152893216493],[31.697046979386421,29.903687787261362],[31.697431143836788,29.904525458291349],[31.69781531549696,29.905363130105915],[31.697925504865157,29.905603389319012],[31.697979659507656,29.905721472993687],[31.698027549813961,29.905825892689077],[31.698199495426437,29.906200800910661],[31.698583679494977,29.907038469762377],[31.698662825931837,29.907211036794578],[31.698745201663723,29.907390645145334],[31.698967870821452,29.907876135789337],[31.699253492536236,29.908498879035474],[31.699352068323748,29.90871380259016],[31.699563651596328,29.909175111669228],[31.699597252551495,29.909248371413931],[31.699736272025699,29.909551468360299],[31.700120482998472,29.910389130403093],[31.700434915116048,29.911074648696086],[31.700479054295357,29.911170877771109],[31.700483271693397,29.911180072829243],[31.700487041860448,29.911188293447484],[31.700490812039817,29.911196513163407],[31.700494582219779,29.911204732879224],[31.700498352400324,29.911212952594923],[31.700502121522412,29.911221174104821],[31.700505890668513,29.911229393810125],[31.70050965875615,29.91123761530962],[31.700513427903442,29.911245835014725],[31.700517196003986,29.911254055611764],[31.700520963057766,29.911262277100743],[31.700524729076495,29.911270498579412],[31.700528495095824,29.911278720057986],[31.700532260068389,29.911286942428504],[31.700536025053257,29.911295163896675],[31.700539787944013,29.911303387148809],[31.700543550835363,29.911311610400869],[31.700547311667737,29.91131983273015],[31.700551072488985,29.91132805596158],[31.700554832263482,29.911336280084956],[31.700558591002924,29.911344504198023],[31.700562347659954,29.911352729192807],[31.700566104317588,29.911360954187511],[31.700569857857165,29.911369180053736],[31.700573611397328,29.91137740591984],[31.700577362866809,29.911385631765473],[31.700581113277796,29.911393859405255],[31.700584861618097,29.911402087024548],[31.700588608923347,29.911410314633535],[31.700592354134464,29.911418544026478],[31.700596098310534,29.911426773409133],[31.700599840415912,29.911435002771285],[31.700603580427153,29.911443233917378],[31.700607318367712,29.911451465042973],[31.700611054225842,29.911459697050315],[31.700614788013279,29.911467929037155],[31.700618519706588,29.911476162807951],[31.700622250364834,29.91148439656844],[31.70062597790503,29.911492631200485],[31.700629703362797,29.911500866714242],[31.70063342570252,29.911509103099515],[31.700637146983748,29.911517341278984],[31.700640866194277,29.911525579437953],[31.700644581274524,29.911533816653758],[31.700648295284573,29.911542056565974],[31.700652006164834,29.911550298251967],[31.700655713950464,29.911558539005021],[31.700659418594601,29.911566782434072],[31.700663122215392,29.911575024950565],[31.700666821670751,29.911583269230661],[31.700670519031981,29.91159151529472],[31.70067421328686,29.911599761328041],[31.70067790442366,29.911608008232928],[31.700681592430676,29.911616256911575],[31.70068527628397,29.911624506451542],[31.700688958054858,29.911632756873257],[31.700692635672009,29.911641008156288],[31.700696312230676,29.911649261233514],[31.700699982564334,29.911657515151646],[31.700703651851203,29.911665769961733],[31.700707316984349,29.911674025633129],[31.700710977940354,29.911682283970343],[31.700714635789986,29.911690542276844],[31.70071829050983,29.911698802357144],[31.700721940040303,29.911707063288546],[31.700725587488339,29.911715325101692],[31.700729229735288,29.911723588668202],[31.700732868852445,29.911731854008494],[31.700736503815875,29.911740120210101],[31.700740134625569,29.91174838727304],[31.700743762305471,29.911756656109773],[31.700747384784279,29.911764926699878],[31.700751004145001,29.911773198161498],[31.700754618304625,29.911781471376504],[31.700758228298803,29.911789746355058],[31.70076183415096,29.911798021292732],[31.700765435825947,29.911806298896209],[31.700769033335497,29.911814578263243],[31.700772624631703,29.911822857568996],[31.700776212786408,29.911831139550745],[31.700779795740001,29.91183942328588],[31.700783374539853,29.91184770788232],[31.700786949174248,29.911855994242352],[31.700790517571892,29.911864282345562],[31.700794081804073,29.911872572212353],[31.700797640846861,29.911880862930246],[31.700801195712479,29.911889156313993],[31.700804745400404,29.911897449646595],[31.700808288839863,29.911905745624626],[31.700811828102136,29.911914044268489],[31.700815361139362,29.911922343753272],[31.700818890011128,29.911930645001611],[31.700822412646112,29.911938947993153],[31.700825930079986,29.911947252738056],[31.700829443348397,29.911955559246547],[31.700832949356091,29.911963866585758],[31.700836450150955,29.91197217658058],[31.700839945732977,29.911980489231034],[31.700843435101657,29.911988801820183],[31.700846919245777,29.911997117967186],[31.700850398200494,29.912005434965316],[31.700853869882771,29.912013753696428],[31.700857336352218,29.912022075083161],[31.700860795549222,29.91203039820288],[31.70086425058075,29.912038723086159],[31.700867699375497,29.912047049712623],[31.700871140897799,29.912055378072051],[31.700898979905141,29.912122706390498],[31.700926406604431,29.912190202088812],[31.700953419947574,29.912257866059278],[31.70098002001583,29.912325691986442],[31.701006203689786,29.912393680742145],[31.701031973098541,29.912461827835831],[31.701057324122186,29.912530131422411],[31.701082256806767,29.912598587893143],[31.701106771163232,29.912667196346018],[31.701130866202011,29.912735953162059],[31.70115453885046,29.912804855604136],[31.701177791202529,29.912873901888378],[31.701200621221247,29.912943089287875],[31.701223026881312,29.913012414173437],[31.701245009241006,29.913081874750979],[31.701266566251597,29.913151469195796],[31.701287696923448,29.913221193888916],[31.701308401290852,29.913291046123788],[31.701328678340722,29.913361024085926],[31.701348527083404,29.913431124156293],[31.701367946494077,29.913501345422663],[31.701386936653861,29.913571681569461],[31.701405497526753,29.913642135303629],[31.701423626086868,29.913712700278989],[31.701441324439788,29.913783373809395],[31.701458589489331,29.913854154962127],[31.701475421281451,29.913925040128412],[31.701491818814723,29.91399602659142],[31.701507783147328,29.914067112557017],[31.70152331224218,29.914138295298223],[31.701538406156878,29.914209570303928],[31.701553063866584,29.914280936661878],[31.701567285417187,29.914352390763156],[31.701581068748165,29.914423931685278],[31.70159441598846,29.91449555493756],[31.701607324053555,29.914567258684979],[31.701619794013311,29.91463904023114],[31.70163182487795,29.914710895957001],[31.701643415634283,29.91478282404794],[31.701654568387845,29.914854821817727],[31.701665279041812,29.914926885616687],[31.701675548642612,29.914999014552876],[31.701685379307509,29.915071205037808],[31.701694765892256,29.915143454313778],[31.701703711549779,29.915215758802557],[31.701712216302521,29.915288116699696],[31.701720277065913,29.915360526170168],[31.701727895968887,29.915432982723239],[31.701735070950807,29.915505485436302],[31.701741804140628,29.915578029818601],[31.701748092453727,29.915650614035098],[31.701753936959957,29.915723235389308],[31.701759336657773,29.915795891164347],[31.701764293652705,29.915868578673923],[31.701768805907527,29.915941295190891],[31.701772873456367,29.916014038008608],[31.701776496333387,29.916086804420345],[31.701779672513059,29.916159590796745],[31.701782406148887,29.916232396276346],[31.701784694191325,29.916305216317404],[31.701786535627139,29.91637804910518],[31.701787932561842,29.916450891953378],[31.701788885029604,29.916523742155224],[31.701789392040563,29.916596596091583],[31.701789452581462,29.91666945194773],[31.70178906771044,29.916742307929354],[31.701788238532451,29.916815158633185],[31.701786964010832,29.916888004048975],[31.701785244203144,29.916960839665506],[31.701783078096117,29.91703366366804],[31.701780466747898,29.917106474262251],[31.701777412299176,29.917179266055022],[31.701773910617849,29.917252038103289],[31.701769965892623,29.917324786838797],[31.701765576062815,29.91739751133888],[31.701760741186,29.917470207092205],[31.701755463367739,29.917542871412422],[31.701749739535096,29.917615501562125],[31.701743572805924,29.917688096669565],[31.701736963226114,29.917760653125708],[31.701729908770115,29.917833167301104],[31.701722411555224,29.917905635607081],[31.701714471568799,29.917978058945803],[31.701706088891825,29.918050431001458],[31.701697264570807,29.918122750881906],[31.70168799761592,29.918195014967864],[31.70167829010936,29.918267222377374],[31.701668141084742,29.918339367686688],[31.701657549517115,29.918411449983232],[31.701646519583548,29.91848346660095],[31.701635049258531,29.91855541391034],[31.701623137528848,29.918627290096588],[31.701610788583299,29.918699091591392],[31.701598001408662,29.918770816579922],[31.701584773956029,29.918842463237151],[31.701571110437623,29.918914026190286],[31.701557008781123,29.918985505418753],[31.701542471115634,29.91905689643162],[31.701527497463669,29.9191281974242],[31.701512086835489,29.919199404777181],[31.701496242360811,29.919270516716519],[31.701494274420902,29.91927920144963],[31.701492299242247,29.919287885209048],[31.701490317872278,29.919296567102734],[31.701488331335003,29.919305248043141],[31.701486336523256,29.919313927999621],[31.701484336544187,29.919322607002819],[31.701482331397834,29.919331285052721],[31.701480319012713,29.919339962128927],[31.701478301471997,29.919348637349596],[31.701476276692517,29.919357311596588],[31.701474246745736,29.919365984890248],[31.701472211619922,29.919374658132877],[31.701470170291081,29.919383330411979],[31.701468122782607,29.91939199992315],[31.701466070083399,29.919400670285473],[31.701464012240301,29.91940933789002],[31.701461948170728,29.919418006335555],[31.701459878957266,29.919426672023302],[31.701457803529049,29.919435337649805],[31.701455723969222,29.919444002333204],[31.701453638206363,29.919452666053083],[31.701451548311901,29.919461328829879],[31.70144945222609,29.919469989740936],[31.701447350961249,29.91947865060094],[31.70144524451737,29.919487311409867],[31.701443133953596,29.919495970373482],[31.701441019258233,29.91950462839397],[31.7014388983598,29.919513285450964],[31.701436773341474,29.919521940662626],[31.701434642096665,29.919530596715258],[31.701432507767695,29.919539250932736],[31.701430368259672,29.919547905099165],[31.701428223596025,29.919556557410061],[31.701426075836505,29.919565208788029],[31.701423922897934,29.919573860114966],[31.701421765816026,29.919582511401021],[31.70141960359021,29.919591159929315],[31.701417439280828,29.91959980933937],[31.701415268780078,29.919608456883676],[31.701413095171727,29.919617104397332],[31.701410917443475,29.919625750065638],[31.701408733512142,29.919634394770426],[31.701406547497236,29.91964304035702],[31.701404359433884,29.919651684118666],[31.701402165155731,29.919660327819045],[31.701399966757684,29.919668969674053],[31.701397766276042,29.919677612410865],[31.701395560638758,29.919686253292138],[31.701393352929607,29.919694894152926],[31.701391141100547,29.919703533168377],[31.701388926163876,29.919712172153172],[31.701386707083874,29.919720811097093],[31.701384484907972,29.919729449108111],[31.70138225963618,29.919738086186236],[31.701380031268485,29.919746722331439],[31.701377799793182,29.919755358445993],[31.70137556522198,29.919763993627623],[31.701373326519157,29.919772627866159],[31.701371086768461,29.919781262996672],[31.701368842897857,29.91978989628182],[31.701366596967073,29.919798528644293],[31.701364346881235,29.919807161868125],[31.701362095782681,29.919815793277202],[31.701359840540768,29.919824424645437],[31.701357584262713,29.919833056003394],[31.701355323853011,29.919841686418238],[31.701353062418882,29.919850315920591],[31.7013507968414,29.919858945382064],[31.701348530239468,29.919867573931032],[31.701346260518214,29.919876203351588],[31.701343988748498,29.91988483094719],[31.701341715954346,29.919893457630273],[31.701339440029145,29.919902086087191],[31.70133716206718,29.919910711816925],[31.701334882009913,29.919919339330665],[31.701332599904184,29.919927965019458],[31.701330316774015,29.919936589795746],[31.7013280305245,29.919945215443608],[31.701325744286279,29.919953840189169],[31.701323454940436,29.919962464904049],[31.701321164570142,29.919971088706429],[31.701318872116257,29.919979713390592],[31.701316578637918,29.919988337162245],[31.701314284135137,29.919996960021393],[31.701311986524725,29.920005582849875],[31.701309689949628,29.920014205688489],[31.701307391314344,29.920022827604406],[31.701305089559732,29.920031450391871],[31.701302788852129,29.920040072287261],[31.701300486072633,29.920048694162173],[31.701298183292725,29.920057316037017],[31.701295878452626,29.920065936989168],[31.701293572576358,29.920074557931059],[31.701291266699673,29.920083178872861],[31.701288959786822,29.92009179980441],[31.701286651837822,29.920100420725699],[31.701284343888386,29.92010904164691],[31.701282034914506,29.920117661655627],[31.701279724904467,29.920126281654063],[31.701277414882284,29.920134902554704],[31.701275103823946,29.920143523445041],[31.701272793812624,29.920152143443307],[31.701270481729402,29.920160763421098],[31.701268170681498,29.920169383409025],[31.701265859633164,29.920178003396884],[31.70126354754866,29.920186623374494],[31.70126123649948,29.920195243362219],[31.701254099502162,29.920222841959198],[31.701246957333641,29.920250439602285],[31.701239809982226,29.92027803719375],[31.701232658507035,29.920305632939307],[31.701225500836625,29.920333226818542],[31.701218339030738,29.920360819754105],[31.701211172053636,29.920388411735804],[31.701204000952771,29.920416001871573],[31.701196823644942,29.92044359104327],[31.701189642201616,29.920471179271292],[31.7011824556105,29.920498764740952],[31.701175263824723,29.92052635106123],[31.701168067926865,29.92055393463334],[31.701160865822033,29.920581517241366],[31.701153659581692,29.920609098905704],[31.701146448181817,29.92063667871393],[31.701139231622392,29.920664256666036],[31.70113201091575,29.92069183457669],[31.701124785049561,29.920719410631214],[31.70111755297636,29.920746985721657],[31.701110316779346,29.920774558966187],[31.701103076435089,29.920802132169246],[31.701095829907246,29.920829702603765],[31.701088579243866,29.920857272094583],[31.701081323409195,29.920884840631491],[31.701074063438984,29.920912408224737],[31.701066797285161,29.920939973049389],[31.701059525948338,29.920967537822392],[31.70105225048767,29.920995100749469],[31.701044969855694,29.921022662722642],[31.701037684064133,29.921050222839693],[31.701030394125279,29.921077782915294],[31.701023097991101,29.921105341124516],[31.701015797744759,29.921132896585586],[31.701008492315399,29.921160451995004],[31.701001181726408,29.921188005548267],[31.700993866990132,29.921215559060069],[31.700986546070201,29.921243109803299],[31.700979220991261,29.921270661407299],[31.700971890776113,29.92129820935067],[31.700964556413648,29.921325757252589],[31.700957215855816,29.92135330328815],[31.700949871162376,29.92138084838],[31.700942521321,29.92140839071347],[31.700935166296556,29.921435932995262],[31.700927807136495,29.921463474333368],[31.700920441792746,29.921491012902869],[31.700913072289953,29.921518552333147],[31.700905697650921,29.921546088102779],[31.700898317828806,29.921573623820741],[31.70089093284701,29.921601157682549],[31.700883543729589,29.921628690600635],[31.700876150476518,29.921656222575017],[31.700868749992271,29.921683752672838],[31.700861346408129,29.921711281837151],[31.700853936628555,29.9217388091351],[31.700846522701603,29.921766336391553],[31.700839103638398,29.921793859987375],[31.700831680416091,29.921821384443977],[31.700824251010044,29.921848906131924],[31.700816817468336,29.921876426876196],[31.700809377719448,29.921903946656315],[31.700801933846609,29.921931464590489],[31.70079448480233,29.921958981570722],[31.700787031634086,29.92198649670501],[31.700779573282688,29.922014011787589],[31.70077210978328,29.922041524111762],[31.700764641100704,29.92206903638424],[31.700757168305866,29.922096545908516],[31.700749689292103,29.922124055370897],[31.700742206154352,29.922151562987288],[31.700734717856854,29.922179068747543],[31.700727225423652,29.922206573564036],[31.700719725747451,29.922234077406184],[31.700712222983025,29.922261579412588],[31.700704715058833,29.922289079562781],[31.700697201963155,29.922316578759059],[31.700689684731753,29.922344077011587],[31.700682162328871,29.922371574310191],[31.700674633730436,29.922399069742387],[31.700667100996274,29.922426564230847],[31.700659564149802,29.922454055971102],[31.700652021084355,29.922481547649429],[31.700644473883152,29.922509038384021],[31.700636920498123,29.922536526349987],[31.700629364013086,29.92256401338242],[31.70062180236825,29.922591498558656],[31.700614234504425,29.922618983672976],[31.700606662516535,29.922646466941316],[31.700599085357119,29.922673949255696],[31.700591503049615,29.922701428811653],[31.700583915558848,29.922728908315886],[31.700576324979778,29.922756385984329],[31.700568728193403,29.922783862688622],[31.700561126235471,29.922811338438962],[31.700553519129436,29.922838811430854],[31.700545907875874,29.922866284381236],[31.70053829148592,29.922893753670941],[31.70053066990096,29.922921223811169],[31.700523043156146,29.922948692095193],[31.700515412275529,29.922976159435432],[31.700514275745569,29.922980397418634],[31.700513139238939,29.922984633597327],[31.700512001673005,29.922988871570279],[31.700510865142729,29.922993109553417],[31.700509728600636,29.922997348438781],[31.70050859207015,29.923001586421893],[31.700507454503811,29.923005824394775],[31.700506317973122,29.923010062377855],[31.700505181442338,29.923014300360908],[31.700504043875679,29.923018538333761],[31.700502907344688,29.923022776316785],[31.700501769789543,29.923027013387362],[31.700500633258347,29.923031251370357],[31.700499495691275,29.923035489343146],[31.700498359159873,29.92303972732611],[31.70049722055683,29.923043965288656],[31.70049608300117,29.923048202359148],[31.700494946469455,29.923052440342055],[31.70049380786611,29.923056678304562],[31.700492670310148,29.923060915375],[31.700491531706589,29.923065153337465],[31.70049039413869,29.923069391310111],[31.700489255534929,29.923073629272551],[31.70048811694279,29.923077866332722],[31.700486979374585,29.923082104305326],[31.700485839746467,29.923086341355276],[31.700484701142294,29.92309057931763],[31.700483560478201,29.923094816357338],[31.700482421885539,29.923099053417427],[31.700481282268733,29.923103289565059],[31.700480141580893,29.92310752840919],[31.700479001963878,29.923111764556793],[31.700477862335035,29.92311600160664],[31.700476721670324,29.923120238646234],[31.70047558100552,29.923124475685803],[31.700474440340599,29.923128712725397],[31.700473297604045,29.92313294974452],[31.700472156938922,29.923137186784054],[31.700471016273703,29.923141423823591],[31.700469873536829,29.923145660842678],[31.700468731835631,29.923149897871951],[31.700467589098562,29.923154134891025],[31.700466446361396,29.923158371910059],[31.700465302600065,29.923162608016657],[31.70046415986269,29.923166845035659],[31.700463016101157,29.923171081142208],[31.700461872327804,29.923175318150982],[31.700460727530299,29.923179554247284],[31.700459582732702,29.923183790343575],[31.700458437934987,29.923188026439842],[31.70045729314889,29.92319226163389],[31.700456147315204,29.923196497719921],[31.700455001481419,29.923200733805928],[31.700453853575986,29.923204969871513],[31.700452706706223,29.923209205947302],[31.70045155983636,29.923213442023062],[31.700450411930614,29.923217678088591],[31.700449265072262,29.92322191326209],[31.700448117166314,29.923226149327608],[31.700446968247938,29.923230383578414],[31.700445819306012,29.923234619633671],[31.700444669339948,29.923238854776464],[31.700443519373767,29.923243089919243],[31.70044236940748,29.923247325062036],[31.700441218405331,29.923251560194572],[31.700440066367307,29.923255795316887],[31.700438914329176,29.923260030439192],[31.700437762302666,29.923264264659242],[31.700436609228557,29.923268499771293],[31.700435456166069,29.923272733981115],[31.700434302055985,29.923276969082938],[31.700433148993287,29.923281203292714],[31.700431993870673,29.923285436579807],[31.700430838736235,29.923289670769133],[31.700429682565918,29.923293904948231],[31.700428527431267,29.923298139137522],[31.700427370224975,29.923302373306385],[31.700426213030301,29.923306606572982],[31.700425054788031,29.923310840731602],[31.700423896557375,29.923315073987951],[31.700422738326619,29.923319307244302],[31.700421579071712,29.923323539588175],[31.700420418757485,29.923327773726314],[31.700419259490644,29.923332006972402],[31.700418098152163,29.923336240198047],[31.70041693580125,29.923340471608999],[31.700415774462559,29.923344704834619],[31.700414611063945,29.923348937137572],[31.700413446617731,29.923353170332529],[31.700412283230627,29.923357401733202],[31.700411117760169,29.923361634015681],[31.700409953325359,29.923365866308345],[31.700408786830639,29.923370097678347],[31.700407621359854,29.923374329960783],[31.700406453817429,29.923378562222751],[31.700405286298334,29.923382792680258],[31.700404116695889,29.923387024019561],[31.700402948117375,29.923391256271298],[31.700401777490665,29.923395486698112],[31.700400607887889,29.923399718037363],[31.70039943621348,29.923403949356171],[31.700398263526637,29.923408178860299],[31.700397091852,29.923412410179072],[31.700395919164944,29.92341663968315],[31.700394745430291,29.923420870079237],[31.700393569635718,29.923425099552663],[31.700392393829311,29.923429329928286],[31.700391218022794,29.923433560303927],[31.700390041192129,29.923437789767075],[31.700388863325593,29.923442019219998],[31.700387684434887,29.923446247760467],[31.700386505532368,29.923450477203165],[31.700385325605687,29.923454705733384],[31.700384144631414,29.923458935155619],[31.700364477938187,29.923528468887628],[31.700344609932049,29.923597947391965],[31.700324542731025,29.923667367079982],[31.700304276334766,29.923736727951606],[31.70028380864791,29.923806031790747],[31.700263142812563,29.923875275921262],[31.700242277792583,29.923944460332791],[31.700221213599331,29.924013584123028],[31.700199952303997,29.924082647312282],[31.700178489774821,29.924151648957373],[31.700156830154569,29.924220589099008],[31.70013497243054,29.924289465922421],[31.700112915566592,29.924358279417298],[31.700090660598153,29.924427029593726],[31.700068209619872,29.924495714667536],[31.700045559500605,29.924564336412473],[31.700022713382509,29.924632892152367],[31.699999669205411,29.924701380964393],[31.699976427993015,29.924769803760917],[31.699952989768409,29.92483815873738],[31.699929355555312,29.924906446806084],[31.699905525365118,29.924974667064664],[31.699881498185139,29.925042817698355],[31.699857275050821,29.925110898717236],[31.699832855961827,29.925178910121179],[31.699808241965332,29.92524685101808],[31.699783432025221,29.925314721397559],[31.69975842721211,29.925382518563033],[31.699733227490505,29.925450245221079],[31.699707832906981,29.925517897762639],[31.699682243449473,29.925585477089836],[31.699656460153456,29.925652983212721],[31.699630481994525,29.925720415218787],[31.699604310031621,29.925787771313583],[31.699577945311944,29.925855050605016],[31.699551385728398,29.92592225577922],[31.699524634423227,29.925989384160005],[31.699497689348004,29.926056433922348],[31.699470550478939,29.926123406870598],[31.699443219910783,29.926190301220569],[31.699415696607403,29.926257116961953],[31.699387981616056,29.92632385320255],[31.699360074948142,29.926390509040043],[31.699331975579305,29.926457083561811],[31.699303685557364,29.926523578592672],[31.699275203881427,29.926589991415572],[31.699246531598714,29.926656321138289],[31.699217668697202,29.926722568663017],[31.699188615188334,29.926788733087324],[31.699159371071804,29.926854814411108],[31.699129937418338,29.926920809937727],[31.699100313180107,29.926986720559071],[31.699070500428423,29.927052546295467],[31.699040498150676,29.927118285332071],[31.69901030634659,29.927183937668723],[31.698979926039936,29.927249504217784],[31.698949357265644,29.927314982272375],[31.698918598987639,29.92738037182216],[31.698887654313069,29.927445672897633],[31.698856521193512,29.92751088367379],[31.698825200641046,29.927576005965147],[31.698793692690593,29.927641037064866],[31.698761998365974,29.927705977885289],[31.698730116654581,29.927770826611525],[31.698698048580241,29.92783558415595],[31.698665794177888,29.927900247811664],[31.698633354447875,29.927964820295514],[31.69860072943689,29.928029297998343],[31.698567917073067,29.928093680899622],[31.69853492148766,29.928157969942323],[31.698501739584717,29.928222164193357],[31.698468374494926,29.928286261878814],[31.698434824146407,29.9283502629781],[31.698401089562989,29.928414168403535],[31.698367171803724,29.9284779763607],[31.698333070880128,29.928541685947224],[31.698298786791966,29.928605297162953],[31.698264318514919,29.92866880909531],[31.698229669156227,29.928732221774787],[31.698194836644003,29.928795535180807],[31.698159823061413,29.928858748431438],[31.698124627407648,29.928921858809588],[31.698089248611417,29.928984869011568],[31.698053689803462,29.929047777263477],[31.698017951007074,29.929110581760657],[31.69798203115095,29.929173285199468],[31.69794593029361,29.929235883068564],[31.697909650471274,29.929298378094977],[31.697873189647296,29.929360767551351],[31.69783655091722,29.929423052370478],[31.697799732232674,29.929485230727266],[31.697762734605789,29.929547304436294],[31.697725559119185,29.929609269898659],[31.697688204713341,29.929671128908467],[31.697650673483221,29.929732879681552],[31.69761296438104,29.929794523109756],[31.697575078465942,29.92985605739868],[31.697537013689583,29.929917480723251],[31.697498774159865,29.929978795830934],[31.697460357828408,29.930040000896632],[31.697421765742646,29.930101095028213],[31.69741936026843,29.930104908963795],[31.697416952722349,29.930108722878838],[31.697414544140248,29.930112536783607],[31.697412135569703,29.930116349786083],[31.697409726998973,29.930120162788505],[31.697407317403965,29.930123974878409],[31.697404906772942,29.93012778695801],[31.697402496141731,29.930131599037569],[31.697400084486237,29.930135410204617],[31.697397671794718,29.930139221361351],[31.697395259114771,29.93014303161582],[31.697392845387046,29.930146842762216],[31.697390430635036,29.930150652996112],[31.697388015882847,29.930154463229929],[31.697385600106379,29.930158272551243],[31.69738318432973,29.930162081872496],[31.697380766481213,29.930165891173235],[31.697378349680093,29.930169699581917],[31.697375931831203,29.930173508882525],[31.697373512958034,29.930177317270637],[31.697371094096436,29.930181124756448],[31.697368674198799,29.930184932231967],[31.697366254300981,29.930188739707436],[31.697363833367138,29.930192547172631],[31.697361412444852,29.930196353735518],[31.697358990486542,29.930200160288123],[31.697356567503959,29.930203965928207],[31.697354144521196,29.930207771568227],[31.697351720490648,29.930211578100209],[31.697349296471653,29.930215383729895],[31.697346872452474,29.930219189359523],[31.69734444740903,29.930222994076637],[31.697342021329554,29.930226798783458],[31.69733959523813,29.93023060439247],[31.697337168134194,29.930234408186713],[31.697334741030062,29.930238211980907],[31.697332313925745,29.930242015775047],[31.69732988579716,29.930245818656662],[31.697327456620783,29.930249622430214],[31.697325028480062,29.930253426213948],[31.697322599315065,29.930257229085175],[31.697320169114036,29.930261031946106],[31.697317738912826,29.930264834806991],[31.69731530768733,29.930268636755329],[31.697312877497495,29.930272438713864],[31.697310445235793,29.930276240651892],[31.697308012973895,29.930280042589825],[31.697305580723565,29.93028384362551],[31.697303148473043,29.930287644661131],[31.697300714150654,29.930291445676207],[31.697298280863908,29.930295246701483],[31.697295846541152,29.930299047716456],[31.697293413254041,29.930302848741633],[31.697290977906807,29.930306648844049],[31.697288542559388,29.930310448946386],[31.697286107211777,29.930314249048688],[31.697283670828135,29.930318049140688],[31.697281235480151,29.930321849242901],[31.697278798072052,29.930325648422325],[31.697276360675517,29.930329446699464],[31.697273923255281,29.930333246781029],[31.697271485846613,29.930337045960286],[31.69726904843775,29.930340845139515],[31.697266610004622,29.930344643406208],[31.697264171571298,29.930348441672844],[31.697261733137779,29.930352239939438],[31.697259293656494,29.930356039097973],[31.697256854186758,29.930359837354207],[31.697254414728587,29.930363634708179],[31.697251975270234,29.930367432062077],[31.697249534764094,29.930371230307916],[31.697247094269521,29.930375027651472],[31.697244652727157,29.93037882588699],[31.697242212232212,29.930382623230432],[31.697239770712983,29.930386419661357],[31.697237330217646,29.930390217004696],[31.697234887650453,29.930394014327511],[31.697232446130645,29.930397810758294],[31.697230003574816,29.930401607178769],[31.697227561018806,29.930405403599202],[31.697225118450834,29.930409200921801],[31.697222675894448,29.930412997342106],[31.697220233337863,29.93041679376238],[31.697217789745245,29.930420590172375],[31.697215346164199,29.930424385680045],[31.697212902571199,29.930428182089919],[31.697210458989776,29.930431977597497],[31.697208015396395,29.930435774007254],[31.697205570766993,29.930439570406726],[31.697203127184995,29.930443365914144],[31.697200682555213,29.930447162313502],[31.697198237948747,29.930450956908341],[31.697195794354432,29.930454753317846],[31.69719334871175,29.930458547902344],[31.6971909040812,29.930462344301485],[31.697188459473985,29.930466138896122],[31.697186013807226,29.930469935284947],[31.697183569199623,29.930473729879466],[31.697181123544237,29.930477525365937],[31.697178677900414,29.930481319950108],[31.697176233280498,29.930485115446711],[31.697173786600445,29.93048891002055],[31.697171341968396,29.930492706419269],[31.697168896323817,29.93049650100324],[31.697166449643206,29.930500295576916],[31.69716400398649,29.93050409106301],[31.697161558341346,29.930507885646815],[31.697159111660167,29.930511680220324],[31.697156666014635,29.930515474804025],[31.697154220357163,29.93051927028991],[31.697151773675415,29.930523064863273],[31.697149328017563,29.930526860349044],[31.697146882371278,29.930530654932522],[31.697144435677206,29.930534450407961],[31.689431281845639,29.942497555089602],[31.689428804931232,29.94250139702504],[31.689426328016644,29.942505238960411],[31.689423851090023,29.942509081797983],[31.689421374175048,29.942512923733233],[31.689418896223902,29.942516765658141],[31.689416419284871,29.942520609397768],[31.68941394236931,29.942524451332879],[31.689411465453556,29.94252829326792],[31.689408987489809,29.942532136094847],[31.689406510573654,29.942535978029795],[31.689404033645484,29.942539820866891],[31.689401556728946,29.942543662801732],[31.689399079800388,29.942547505638746],[31.689396603895762,29.942551349388232],[31.689394126978648,29.94255519132291],[31.689391651085462,29.942559034170053],[31.689389174156119,29.942562877006846],[31.689386698274379,29.942566718951646],[31.689384222380614,29.942570561798629],[31.689381746486649,29.942574404645555],[31.689379269544709,29.942578248384361],[31.689376793650357,29.942582091231191],[31.689374317755817,29.94258593407795],[31.689371842897042,29.942589776934973],[31.689369366990274,29.942593620683866],[31.689366892119292,29.942597464443008],[31.689364417259931,29.942601307299864],[31.689361942388548,29.942605151058896],[31.689359466492839,29.942608993905321],[31.689356992657032,29.942612837674549],[31.689354517773239,29.942616682335657],[31.689352043937042,29.94262052610474],[31.689349570112476,29.942624368971583],[31.689347096275899,29.942628212740583],[31.689344623451422,29.942632058324307],[31.689342148578479,29.942635902082909],[31.689339675777283,29.942639745862053],[31.689337202952224,29.942643591445623],[31.689334731186591,29.942647435234967],[31.689332258372975,29.942651279916184],[31.689329785559163,29.942655124597344],[31.689327313769294,29.942658970190983],[31.689324841991059,29.94266281488234],[31.689322371248597,29.942666659583935],[31.689319900494105,29.942670505187728],[31.68931742870345,29.942674350781147],[31.689314957948572,29.942678196384819],[31.689312488229458,29.942682041998761],[31.689310018510156,29.942685887612619],[31.689307547742864,29.94268973411836],[31.689305079059142,29.942693579742432],[31.689302610363395,29.942697426268669],[31.689300140631481,29.942701272784568],[31.689297672959469,29.942705120223227],[31.689295205310938,29.942708965857378],[31.689292736602578,29.942712813285642],[31.689290269977789,29.942716659832222],[31.68928780332914,29.942720508183207],[31.689285335667993,29.942724354719367],[31.689282870054925,29.942728203080559],[31.689280404441657,29.942732051441684],[31.689277937804057,29.942735898890241],[31.68927547322637,29.942739747261555],[31.689273007624358,29.942743594720294],[31.689270544070414,29.942747444004052],[31.689268079480307,29.942751293277443],[31.689265615937806,29.942755141658868],[31.689263153419258,29.942758990952754],[31.68926069088867,29.942762841148841],[31.689258228369727,29.942766690442625],[31.689255765850582,29.942770539736351],[31.68925330539135,29.942774389952884],[31.689250843895948,29.94277824015904],[31.689248383424502,29.942782091277699],[31.689245922976518,29.942785940591826],[31.689243463540645,29.942789791720653],[31.689241005128711,29.942793643761991],[31.689238545692444,29.942797494890719],[31.689236088316086,29.942801346942247],[31.689233629915403,29.942805198081167],[31.689231172538655,29.942809050132578],[31.689228716185855,29.942812903096481],[31.689226259844688,29.942816755158091],[31.689223803491501,29.942820608121878],[31.689221349210051,29.942824461106198],[31.689218894916564,29.942828314992727],[31.689216440634731,29.942832167976974],[31.689213987376835,29.942836021873685],[31.689211534118737,29.94283987577035],[31.689209081884584,29.942843730579501],[31.689206629650254,29.942847585388595],[31.689204178451675,29.942851440207942],[31.689201728288886,29.94285529503755],[31.689199278114057,29.942859150769312],[31.689196827927208,29.942863007403275],[31.689194378787963,29.942866863145245],[31.68919193068449,29.942870718897456],[31.689189482568999,29.942874575551876],[31.689187036513417,29.942878433129049],[31.689184589433502,29.942882289793662],[31.689182143377526,29.942886147370729],[31.689179698357329,29.94289000495808],[31.689177253325102,29.94289386344758],[31.689174809328655,29.94289772194735],[31.689172366356139,29.942901581359592],[31.689169923395266,29.942905439869559],[31.689167481458338,29.942909299292019],[31.689165039521217,29.942913158714397],[31.689162598608043,29.942917019049272],[31.689160158730637,29.942920879394411],[31.689157718853036,29.942924739739492],[31.689155281035351,29.942928601007335],[31.689152843217467,29.942932462275149],[31.689150405387565,29.942936324445139],[31.689147968605269,29.942940185723153],[31.689145532846911,29.942944047913638],[31.689143098112488,29.942947911016628],[31.689140663377881,29.942951774119546],[31.689138229679052,29.942955637232732],[31.689135797004159,29.942959501258393],[31.689133365365045,29.9429633652943],[31.689130932677937,29.942967230222095],[31.689128502062573,29.942971095170428],[31.689126072482978,29.942974960129028],[31.689123642903194,29.942978825087572],[31.689121215383327,29.942982690968893],[31.689118786815456,29.942986557742127],[31.689116361367134,29.942990423643959],[31.689113934858991,29.942994291339897],[31.689111509386624,29.942998159046091],[31.689109084950029,29.943002026762549],[31.689106661537373,29.943005895391487],[31.68910423917233,29.943009763128448],[31.689101816795262,29.94301363176757],[31.689099396466275,29.943017502231736],[31.689096976148925,29.943021371793598],[31.689094555819558,29.943025242257669],[31.689092137573759,29.943029111840019],[31.689089720328234,29.943032984139364],[31.689087303106199,29.943036854634187],[31.689084886896261,29.94304072694371],[31.689082471722102,29.94304459926348],[31.689080057583723,29.943048471593521],[31.689077645505247,29.943052344846357],[31.689075232390632,29.943056218088827],[31.689072821335909,29.943060092254075],[31.689070410269174,29.943063967321525],[31.689068001274173,29.943067842409523],[31.689065592290824,29.943071716595234],[31.689063184319579,29.943075592595658],[31.689060777384125,29.943079468606346],[31.689058372520396,29.943083344637607],[31.689055966608695,29.943087221560727],[31.689053562745052,29.943091100308866],[31.689051159929036,29.943094978165036],[31.68904875814879,29.943098856031451],[31.689046356356535,29.943102734800039],[31.689043955600042,29.943106613578912],[31.689041556891635,29.943110494182775],[31.68903915923083,29.943114373894684],[31.689036761546181,29.943118255411004],[31.689034365945108,29.943122136045638],[31.689031971367982,29.943126017592764],[31.689029576778825,29.943129900042084],[31.689027184273254,29.943133781609713],[31.689024791731995,29.943137665883995],[31.689022401274308,29.943141549276593],[31.689020010816435,29.943145432669155],[31.689017622406652,29.943149317886736],[31.68901523399667,29.943153203104263],[31.689012846622468,29.943157088332068],[31.689010462355984,29.943160973590718],[31.689008077029673,29.943164860643471],[31.689005692739141,29.943168747706494],[31.688533259142893,29.943988959372419],[31.688109314718428,29.944829027972432],[31.687734960272572,29.945686782167471],[31.687411162664997,29.946560003225112],[31.687138761951626,29.947446432303934],[31.686918464046517,29.948343775789322],[31.686750840599011,29.949249713408971],[31.686636326869021,29.950161900915035],[31.686575218482481,29.951077979072377],[31.686567677569851,29.951995578229283],[31.68661372438774,29.952912323646739],[31.686614074864298,29.952916719769416],[31.686614426376945,29.952921115902406],[31.686614778925687,29.952925512045745],[31.686615132522384,29.952929907297165],[31.686615488191233,29.952934302569219],[31.686615843848255,29.952938698743527],[31.686616200553232,29.952943094025933],[31.68661656035458,29.952947490241538],[31.686616920179663,29.952951884652681],[31.686617281017135,29.95295628087861],[31.686617642902547,29.952960676212637],[31.686618006871988,29.952965070665094],[31.686618370817733,29.952969466921996],[31.68661873684751,29.952973862297316],[31.686619102889161,29.952978256770404],[31.686619470991122,29.952982652166394],[31.6866198401529,29.952987045768239],[31.686620210327046,29.952991441184881],[31.686620581549146,29.952995835709576],[31.68662095379549,29.953000231146863],[31.686621327101644,29.953004624790015],[31.686621702456243,29.953009020258271],[31.686622076798514,29.953013413911737],[31.686622454225315,29.953017809400631],[31.686622831675848,29.95302220308508],[31.686623210162484,29.953026596779868],[31.686623589673356,29.953030991387187],[31.686623971268261,29.953035385112933],[31.686624352851318,29.953039779740894],[31.686624735494192,29.953044172574749],[31.686625120185525,29.953048567233683],[31.686625504888731,29.953052960990409],[31.686625890628044,29.953057354757455],[31.686626278427671,29.953061749447379],[31.68662666625103,29.953066142332837],[31.686627054062569,29.953070536120538],[31.686627443958116,29.953074929026638],[31.686627834877918,29.953079322845312],[31.686628226845677,29.953083715772092],[31.686628619837666,29.953088109611397],[31.686629013877617,29.953092502558818],[31.686629407905741,29.953096896408464],[31.686629804017887,29.953101289376519],[31.686630200130065,29.953105682344589],[31.686630598314409,29.953110075333285],[31.686630996498774,29.953114468322006],[31.686631395719257,29.953118861321041],[31.686631795975817,29.953123254330404],[31.686632197280353,29.953127646447864],[31.686632598584911,29.953132038565307],[31.686633001949776,29.95313643160565],[31.686633405326532,29.953140823743745],[31.686633809727532,29.953145216794407],[31.686634215176483,29.953149608953176],[31.686634621649677,29.953154002024473],[31.686635029170837,29.953158394203882],[31.686635436692018,29.95316278638327],[31.686635845261161,29.953167177670771],[31.686636254842682,29.953171570773044],[31.686636665472165,29.953175962983423],[31.686637077137757,29.953180355204104],[31.686637488803374,29.95318474742481],[31.686637901516939,29.953189138753601],[31.686638315266613,29.953193530092705],[31.686638730040535,29.953197922344383],[31.686639144826341,29.953202313693811],[31.68663956063638,29.953206705955814],[31.686639977494391,29.953211097325891],[31.686640395388498,29.953215488706313],[31.686640813282636,29.953219880086714],[31.686641232201016,29.953224272379696],[31.686641651143148,29.953228662868185],[31.686642072133726,29.953233055181794],[31.686642493148057,29.953237445690945],[31.686642915186638,29.953241837112653],[31.686643337213376,29.953246229436594],[31.686643760299951,29.953250619966372],[31.686644184410763,29.953255011408721],[31.686644608533459,29.953259401948849],[31.686645033680399,29.953263793401526],[31.686645459875304,29.953268183962301],[31.686645886058379,29.953272575425284],[31.686646313289408,29.953276965996373],[31.686646740532346,29.953281355665219],[31.686647169823718,29.953285747159203],[31.686647599126996,29.953290137750926],[31.686648029454517,29.953294529255231],[31.68664845876971,29.953298918944732],[31.686648890145221,29.953303309557096],[31.686649320484687,29.953307700159169],[31.686649753932404,29.953312090792188],[31.686650186344085,29.953316481414884],[31.686650619791859,29.953320872047911],[31.686651054287605,29.95332526178905],[31.68665148772358,29.953329653324278],[31.686651923255461,29.953334043075724],[31.68665235878737,29.95333843282717],[31.686652795355382,29.953342822588933],[31.686653230875496,29.953347213242594],[31.68665366846778,29.953351603916904],[31.686654106071959,29.953355993688991],[31.686654543664307,29.953360384363293],[31.686654983340699,29.953364774156025],[31.68665542198104,29.953369163938415],[31.686655861657496,29.953373553731154],[31.686656302358188,29.953377944436433],[31.686656743082636,29.953382333337242],[31.686657183795255,29.95338672314028],[31.686657625543976,29.953391112953661],[31.686658068328811,29.953395502777347],[31.686658510089458,29.953399891688477],[31.686658952862484,29.953404282414397],[31.686659396683485,29.953408672248415],[31.686659840516366,29.953413061180193],[31.686660285373506,29.953417451024517],[31.686660730230667,29.953421840868849],[31.686661175099729,29.953426229810944],[31.686661619956954,29.953430619655276],[31.686662065862158,29.953435008607684],[31.686662512803458,29.953439397570435],[31.686662958684995,29.953443788327299],[31.686663405626359,29.953448177290024],[31.686663853591973,29.953452567165339],[31.686664301569472,29.953456956138375],[31.686664749547006,29.953461345111446],[31.686665197524576,29.953465734084489],[31.686665646526389,29.953470123970089],[31.686666095540101,29.953474512953456],[31.686666545589912,29.953478901947154],[31.686666994603677,29.953483290930542],[31.686667445689636,29.95348767993455],[31.686667895739539,29.953492068928227],[31.686668346825563,29.953496457932243],[31.686668797899742,29.95350084783848],[31.686669248985829,29.953505236842478],[31.686669701108016,29.953509625856825],[31.686670152194154,29.953514014860815],[31.686670605352486,29.953518403885472],[31.686671057474772,29.953522792899786],[31.686671509608946,29.953527181011872],[31.686671961731289,29.953531570026186],[31.686672414889749,29.953535959050818],[31.686672869084312,29.953540348085781],[31.686673322242836,29.95354473711043],[31.686673776437463,29.953549126145386],[31.686674229596047,29.953553515170011],[31.686674683790738,29.95355790420496],[31.686675137997323,29.953562292337676],[31.686675593228163,29.953566681382945],[31.686676048459027,29.953571070428211],[31.686676502665708,29.953575458560906],[31.686676957908499,29.953579846703946],[31.686677413139464,29.953584235749219],[31.686677868370463,29.953588624794467],[31.686678323601484,29.953593013839715],[31.68667877884441,29.953597401982737],[31.686679235111576,29.953601791038309],[31.686679691378785,29.953606180093875],[31.6866801466218,29.95361056823689],[31.686680602889066,29.953614957292448],[31.686681059156371,29.95361934634802],[31.686681515447415,29.953623733599105],[31.686681971714783,29.953628122654671],[31.686682427982177,29.953632511710225],[31.686682884261476,29.953636899863543],[31.686683340528933,29.953641288919076],[31.686683797844363,29.953645677082715],[31.686684254111885,29.953650066138255],[31.686684711415531,29.95365445520412],[31.686685167694971,29.953658843357417],[31.6866856239626,29.953663232412939],[31.686686081290048,29.953667619674331],[31.686686994861553,29.953676397795707],[31.687397784068306,29.9605043961459],[31.687398244175558,29.960508812304568],[31.687398704306556,29.960513226658755],[31.687399163389582,29.960517641904865],[31.687399623508792,29.960522057161295],[31.687400082591882,29.960526472407388],[31.687400542723019,29.960530886761575],[31.687401001806183,29.960535302007671],[31.687401461925521,29.96053971726408],[31.68740192205675,29.960544131618263],[31.687402382176153,29.960548546874652],[31.687402843331746,29.960552962141378],[31.687403303451219,29.960557377397787],[31.68740376358258,29.960561791751957],[31.687404223702117,29.960566207008334],[31.687404684857846,29.96057062227505],[31.687405146025448,29.960575036639536],[31.68740560718123,29.960579451906238],[31.687406068337058,29.960583867172932],[31.687406529492907,29.960588282439645],[31.687406990660648,29.960592696804113],[31.687407452852721,29.960597112081132],[31.687407915044826,29.960601527358143],[31.687408378284957,29.960605941743243],[31.687408840488985,29.960610356118025],[31.687409302681186,29.960614771395033],[31.687409765921423,29.960619185780118],[31.687410230185993,29.960623601077771],[31.687410693414446,29.960628016365082],[31.687411156666649,29.960632429847951],[31.687411620931311,29.960636845145572],[31.68741208624402,29.960641259551306],[31.687412550520609,29.960645673946718],[31.68741301582153,29.960650089254674],[31.687413482170481,29.960654503670696],[31.687413947483321,29.960658918076415],[31.687414413820484,29.960663333394692],[31.687414881217556,29.960667746918794],[31.687415347554783,29.960672162237064],[31.687415815988075,29.960676575771522],[31.68741628440953,29.960680990208168],[31.687416751794871,29.960685404634521],[31.687417221252549,29.960689819081512],[31.687417689662244,29.960694234420394],[31.687418160168001,29.960698647975473],[31.687418629625775,29.96070306242245],[31.687419101167748,29.960707475987842],[31.687419571661746,29.960711890445136],[31.687420043191928,29.960716304912768],[31.687420515758287,29.960720719390704],[31.687420988336552,29.960725132966402],[31.687421460902975,29.96072954744433],[31.687421934517459,29.960733961030346],[31.687422410216115,29.960738373734799],[31.687422883818805,29.96074278822304],[31.687423359505686,29.960747201829694],[31.68742383621689,29.960751616348901],[31.687424312939992,29.960756029965889],[31.687424789674978,29.960760442680634],[31.687425268458597,29.960764857220482],[31.687425746229803,29.960769269945533],[31.687426225025352,29.960773683583149],[31.687426704857067,29.960778097231092],[31.687427184688829,29.960782510879014],[31.687427666604783,29.960786923645365],[31.687428148508918,29.960791337313921],[31.687428631449233,29.960795750992826],[31.687429114401443,29.960800163769477],[31.687429598389844,29.960804576556466],[31.687430083402564,29.96080899025598],[31.687430568427185,29.960813403053287],[31.687431054487991,29.960817815860892],[31.687431540548825,29.960822228668516],[31.687432028670155,29.960826642399017],[31.687432516815225,29.960831054325048],[31.687433005984623,29.96083546716363],[31.687433496190216,29.960839880012522],[31.687433987443846,29.96084429196949],[31.687434478685663,29.960848704828717],[31.687434970975517,29.96085311679602],[31.687435464301561,29.960857528773651],[31.687435957615783,29.960861941653487],[31.687436453014204,29.960866353651774],[31.687436949448816,29.960870765660353],[31.687437445883454,29.960875177668953],[31.687437944390442,29.960879589698166],[31.68743844186131,29.960884001717066],[31.687438942440675,29.960888413766945],[31.687439441995789,29.960892824904256],[31.687439942575217,29.960897236954125],[31.687440446275005,29.960901648132726],[31.687440948926813,29.960906060203218],[31.687441452626679,29.960910471381826],[31.687441958398878,29.960914882581065],[31.687442465207273,29.960919293790617],[31.687442972015702,29.960923705000191],[31.687443479860327,29.960928116220064],[31.687443988752996,29.960932526548032],[31.68744449866999,29.960936937788556],[31.687445010659332,29.960941349049726],[31.687445522660564,29.960945759408641],[31.687446035697995,29.960950169777899],[31.687446550807771,29.960954580167797],[31.687447065917571,29.960958990557693],[31.687447583099729,29.960963400968218],[31.687448101318068,29.960967811389079],[31.687448619548313,29.960972220907699],[31.687449139839032,29.960976631349205],[31.687449661177805,29.96098104089879],[31.687450182504765,29.960985451350609],[31.687450706952081,29.960989860931164],[31.687451231411284,29.960994269609483],[31.687451756882975,29.960998680102591],[31.687452284450714,29.961003088811871],[31.687452811994792,29.961007499325618],[31.687453341634917,29.961011908055532],[31.687453872311242,29.961016316795789],[31.687454404011902,29.961020726448574],[31.687454936772468,29.961025134307235],[31.68745547159352,29.961029543088774],[31.687456007450781,29.961033951880623],[31.687456544356067,29.961038359780563],[31.687457082285704,29.961042768593053],[31.687457622287702,29.961047177426206],[31.68745816333773,29.961051585367429],[31.687458705423964,29.961055993318976],[31.68745924751023,29.961060401270508],[31.687459792716854,29.961064808350805],[31.687460338947826,29.961069216343642],[31.687460887251135,29.961073624357113],[31.687461434542055,29.961078030555811],[31.687461985965776,29.961082437698021],[31.687462537389525,29.961086844840221],[31.687463089849487,29.961091251992752],[31.687463645417946,29.961095659176241],[31.687464200986444,29.961100066359741],[31.687464757614855,29.961104471749103],[31.687465317328058,29.961108878973885],[31.687465877053146,29.961113285296427],[31.687466438862458,29.961117690737385],[31.68746700169611,29.961122097090907],[31.687467565577808,29.961126502552517],[31.687468132556159,29.961130908947297],[31.687468699546407,29.961135314439868],[31.687469268609007,29.961139719953092],[31.687469839755821,29.961144124584699],[31.687470411926974,29.961148530128884],[31.687470986182337,29.961152934791478],[31.687471562498196,29.961157340376928],[31.687472138837812,29.961161744157938],[31.687472717237927,29.961166148861803],[31.687473296686093,29.961170552673774],[31.687473879230904,29.961174957418947],[31.687474461787627,29.961179361261859],[31.687475047452857,29.961183765135768],[31.687475634154296,29.961188169019973],[31.687476221903783,29.96119257201229],[31.687476811713768,29.961196975927457],[31.687477402571805,29.961201378950722],[31.687477996538352,29.961205782004964],[31.687478591541108,29.961210185069518],[31.687479187591915,29.961214587242182],[31.687479786739384,29.961218990348009],[31.68748038694677,29.961223391659718],[31.687480988178493,29.961227793883985],[31.687481591482573,29.961232196128872],[31.687482196859012,29.961236598394418],[31.687482804331523,29.961240998876143],[31.687483412816515,29.961245401172654],[31.687484024433747,29.961249801695665],[31.687484636039166,29.961254203120898],[31.687485249728795,29.961258603664554],[31.687485865490789,29.96126300422884],[31.687486484361294,29.961267404824127],[31.687487104268005,29.9612718054297],[31.687487725222777,29.961276205143385],[31.687488349286063,29.961280604888028],[31.687488974397407,29.961285003740752],[31.687489600521243,29.961289404408262],[31.68749022977731,29.961293803302269],[31.68749086110574,29.961298202216948],[31.687491494506524,29.961302601152255],[31.687492128943525,29.961307000097875],[31.687492765464732,29.961311398161904],[31.687493404058316,29.961315796246588],[31.687494043688094,29.961320194341582],[31.687494687474402,29.961324591575647],[31.68749533126077,29.961328988809715],[31.687495978143797,29.961333386976968],[31.687496626074886,29.961337784252319],[31.687497277126351,29.961342180656384],[31.687497929214025,29.961346577070788],[31.687498584398355,29.961350974418398],[31.687499240642616,29.961355369971848],[31.68749989894738,29.961359766448183],[31.687500560372523,29.961364162053261],[31.687501222845736,29.961368556766406],[31.687501887379447,29.961372952402442],[31.687502553997394,29.961377347156869],[31.687503222687699,29.961381741931977],[31.687503894486529,29.961386136738017],[31.68750456836958,29.961390530662509],[31.687505243288843,29.961394924597275],[31.687505920280472,29.961399318552701],[31.687506600392478,29.96140371163688],[31.6875072815407,29.961408104731355],[31.687507965797455,29.961412497856802],[31.687508652126571,29.961416891002905],[31.687509339491896,29.961421284159318],[31.687510031025614,29.961425675552569],[31.687510723583692,29.961430067858348],[31.687511419262151,29.961434459292892],[31.687512115976826,29.961438850737736],[31.687512814763867,29.961443242203234],[31.687513516671302,29.961447632797455],[31.687514220639237,29.96145202431455],[31.687514927739429,29.961456414058159],[31.687515635875819,29.961460803812098],[31.687516347120752,29.96146519359699],[31.687517060438044,29.961469583402526],[31.687517775839567,29.961473972326473],[31.687518493313473,29.96147836127107],[31.687519213895904,29.961482750246617],[31.687519935526399,29.961487138330263],[31.687520661313453,29.961491525552972],[31.687521388124857,29.961495913688232],[31.687522118056656,29.96150030095221],[31.687522850048968,29.961504689139076],[31.687523584149218,29.961509074639917],[31.687524321334298,29.961513461976132],[31.687525059567449,29.961517848420467],[31.687525801957147,29.961522234003855],[31.687526546419221,29.961526619607902],[31.687527292953664,29.961531005232565],[31.687528041572346,29.961535389975662],[31.687646934855984,29.962104405084602],[31.687807462925694,29.962665616236531],[31.688008964514694,29.963216715724158],[31.688250613993787,29.963755439285752],[31.68853141715476,29.96427957057838],[31.688850221359189,29.96478695662292],[31.689205715504592,29.965275509613431],[31.68959643810383,29.965743222342596],[31.690020784496113,29.966188170986431],[31.690477009808244,29.966608525967892],[31.690963239206884,29.967002560186437],[31.691477473030833,29.967368652684851],[31.692017597035441,29.967705297781126],[31.692581391614741,29.968011113287609],[31.693166538046693,29.968284838774643],[31.693770631769553,29.968525351048267],[31.694391186581971,29.968731660588105],[31.695025654246539,29.968902918965682],[31.695671424441677,29.969038423360356],[31.695676409065765,29.969039321831133],[31.695681395797788,29.969040217615564],[31.695686382529914,29.969041113399776],[31.695691370357302,29.96904200468293],[31.695696358184787,29.969042895965895],[31.695701346059494,29.969043783639751],[31.695706334970559,29.969044671323701],[31.695711324965096,29.969045555408773],[31.695716313958844,29.969046436776718],[31.695721305036944,29.96904731726277],[31.695726296150514,29.969048195041946],[31.695731287287732,29.96904907101646],[31.695736279484873,29.969049945196616],[31.695741270681207,29.969050816659603],[31.69574626292567,29.969051687230447],[31.695751257278065,29.969052555114942],[31.695756249581649,29.969053421174245],[31.695761243981369,29.969054285449445],[31.69576623945278,29.969055147028019],[31.695771233911611,29.969056006791668],[31.695776229430351,29.969056864760944],[31.695781224972748,29.969057720925576],[31.695786220538807,29.969058575285541],[31.695791218201023,29.969059427861403],[31.695796214862433,29.969060277720118],[31.695801211547501,29.969061125774179],[31.695806210316938,29.969061972946353],[31.695811209110033,29.969062818313859],[31.695816206914117,29.969063660062012],[31.695821206802556,29.969064500928262],[31.695826205678422,29.969065339979597],[31.695831205614187,29.969066177236538],[31.695836206609847,29.96906701269911],[31.695841207629172,29.969067846357024],[31.695846208672155,29.969068678210288],[31.695851210775036,29.969069508269165],[31.695856212913366,29.969070335621176],[31.695861215063562,29.969071162070744],[31.695866218285445,29.969071985823703],[31.695871221519205,29.969072808674259],[31.695876224776615,29.96907362972015],[31.695881229093935,29.969074448971636],[31.695886233434916,29.9690752664185],[31.695891237799533,29.969076082060706],[31.695896243224059,29.969076895908533],[31.695901247636005,29.969077707941437],[31.695906254144088,29.969078518190209],[31.695911259639583,29.969079326624076],[31.695916267219431,29.96908013417605],[31.695921273798479,29.969080939010873],[31.695926281425635,29.969081742953552],[31.695931289076455,29.969082545091574],[31.695936296750915,29.969083345424931],[31.695941305485292,29.969084143963919],[31.695946314243308,29.969084940698259],[31.695951323024978,29.969085735627942],[31.695956331818525,29.9690865296552],[31.695961341671961,29.969087321888072],[31.69596635154906,29.969088112316289],[31.695971362486045,29.969088900950133],[31.695976373446676,29.969089687779313],[31.695981384419191,29.969090473706085],[31.695986396451591,29.969091257838453],[31.695991407459626,29.96909204105814],[31.695996418503086,29.96909282157096],[31.696001431630901,29.96909360120188],[31.696006443746125,29.969094379017871],[31.696011456921244,29.969095155039494],[31.696016471144482,29.969095930168937],[31.696021484343333,29.969096704385709],[31.696026497589401,29.969097474993383],[31.696031511871798,29.969098245611111],[31.696036527202306,29.969099015336692],[31.696041541531997,29.969099782345118],[31.696046556921583,29.969100547559169],[31.696051572323039,29.969101311870791],[31.696056587736358,29.969102075279995],[31.696061604209568,29.969102836894809],[31.696066619670184,29.969103596694705],[31.69607163617891,29.969104355602443],[31.696076652711287,29.969105112705535],[31.696081670291761,29.969105868916461],[31.696086687895889,29.969106623322748],[31.696091704487426,29.969107375914113],[31.696096723163311,29.969108127623581],[31.696101741851056,29.969108878430621],[31.696106759526213,29.969109627422768],[31.696111779297489,29.969110374630784],[31.696116798044393,29.96911112092609],[31.696121816803164,29.969111866318997],[31.696126835585574,29.969112609907274],[31.696131856464117,29.969113351711382],[31.696136876318292,29.969114092602823],[31.696141896184315,29.969114832591845],[31.696146917098449,29.969115571688711],[31.696151938036223,29.969116308980922],[31.69615695898587,29.969117045370716],[31.696161979970935,29.969117779053619],[31.696167000956091,29.969118512736333],[31.696172023001122,29.969119244624661],[31.696177045058018,29.969119975610578],[31.69618206712677,29.969120705694067],[31.696187090255421,29.969121433983155],[31.696192112359689,29.969122161359572],[31.696197134487594,29.969122886931331],[31.696202157663603,29.969123611610932],[31.696207181875938,29.969124336300602],[31.696212205075661,29.969125059175351],[31.696217229335279,29.969125780255716],[31.696222252570518,29.969126500423414],[31.696227276853854,29.969127219698947],[31.696232302185294,29.969127938082302],[31.696237326515917,29.969128653748541],[31.696242350834837,29.969129370316793],[31.696247376213641,29.969130085090665],[31.696252401616086,29.969130798059876],[31.696257427018601,29.969131511028905],[31.696262453481015,29.969132222203552],[31.696267478907256,29.969132933367742],[31.696272505405155,29.969133641835292],[31.696277530866897,29.969134350292425],[31.696282557388518,29.969135056955135],[31.696287583910223,29.969135763617675],[31.696292611480022,29.969136469388033],[31.696297638037223,29.969137173343501],[31.696302664606286,29.969137876396548],[31.696307692235216,29.96913857765518],[31.696312719864238,29.969139278913641],[31.696317747505105,29.969139979269681],[31.696322776194084,29.969140678733538],[31.696327803858669,29.969141377284743],[31.696332831546901,29.969142074031275],[31.696337860271445,29.969142770787897],[31.696342889019633,29.969143465739844],[31.696347917767898,29.969144160691602],[31.696352946539786,29.969144853838721],[31.696357976348004,29.9691455469959],[31.696363005131847,29.969146239240402],[31.696368033939308,29.969146929680264],[31.696373063783096,29.96914762013018],[31.69637809365052,29.969148308775445],[31.696383123518022,29.969148997420525],[31.696388154433624,29.969149685173427],[31.696393184336618,29.969150371111443],[31.696398214239675,29.969151057049242],[31.696403245190844,29.969151742094894],[31.696408275105853,29.969152427130091],[31.696413306080725,29.9691531103709],[31.69641833706746,29.969153792709282],[31.69642336806605,29.969154474145256],[31.696428399076495,29.969155154678806],[31.69643343111149,29.969155836124632],[31.696438462145643,29.969156514853335],[31.696443494216112,29.969157193592107],[31.696448525250421,29.969157872320416],[31.696453557344604,29.969158549254342],[31.696458589438855,29.969159226188079],[31.696463620508727,29.969159902209118],[31.69646865366294,29.96916057734828],[31.696473685792757,29.969161251574754],[31.696478718958893,29.969161925811292],[31.69648375110064,29.969162599135142],[31.696488784302272,29.969163270664609],[31.69649381749219,29.969163943096106],[31.696498849669499,29.969164613712703],[31.696503882871355,29.969165285241584],[31.696508916096835,29.969165954965831],[31.696513949334165,29.969166623787626],[31.696518982571579,29.969167292609271],[31.696524015809064,29.96916796143071],[31.696529050118205,29.969168627555522],[31.69653408337939,29.969169294572101],[31.69653911664065,29.969169961588513],[31.696544150950022,29.969170627712739],[31.696549185271234,29.969171292934561],[31.69655421855628,29.969171958145925],[31.696559252901189,29.969172621562898],[31.696564287246186,29.969173284979679],[31.696569321579481,29.96917394929849],[31.696574355948172,29.969174610910432],[31.696579391341412,29.969175273434665],[31.696584424674015,29.969175935035981],[31.696589460090955,29.969176595755375],[31.696594495496189,29.96917725737681],[31.696599529888807,29.969177917183316],[31.696604565317749,29.969178576999909],[31.696609599722301,29.969179235903812],[31.696614635163158,29.969179894817792],[31.696619669567863,29.969180553721333],[31.696624705020653,29.969181211732685],[31.696629740485289,29.96918186884163],[31.696634775938225,29.969182526852613],[31.696639811403013,29.969183183961171],[31.696644846879661,29.969183840167318],[31.696649882356361,29.969184496373266],[31.696654917844928,29.969185151676786],[31.69665995436981,29.969185806990374],[31.696664988822285,29.969186462283268],[31.696670025359079,29.969187116694258],[31.696675060847937,29.96918777199701],[31.696680097384892,29.969188426407609],[31.69668513289745,29.969189079905533],[31.696690169446324,29.969189733413522],[31.696695204970805,29.969190386008822],[31.696700240495357,29.969191038603945],[31.696705277044455,29.969191692111359],[31.696710312569156,29.969192344706091],[31.696715350166411,29.969192997321155],[31.696720385703042,29.96919364901326],[31.696725422287763,29.969194299813225],[31.696730458848997,29.96919495241745],[31.69673549543386,29.969195603217031],[31.696740530982545,29.969196254006164],[31.696745567567557,29.969196904805337],[31.696750604152641,29.969197555604346],[31.696755640737798,29.96919820640316],[31.696760677323024,29.969198857201764],[31.696765713920104,29.969199507097983],[31.69677075051726,29.969200156993988],[31.696775787114483,29.969200806889805],[31.696780823711777,29.969201456785438],[31.696785861357167,29.969202105788892],[31.696790896918372,29.969202755673884],[31.69679593352765,29.969203404666715],[31.696800971161487,29.969204054571819],[31.696806006734676,29.969204703554009],[31.696811044380429,29.969205352556529],[31.696816080978238,29.969206002450804],[31.696821117576118,29.969206652344909],[31.69682615418585,29.969207301336585],[31.696831190795656,29.96920795032808],[31.696836228441772,29.969208599329637],[31.696846300637279,29.969209896399182],[31.699954977406364,29.969610385561186],[31.699960009916463,29.969611034393267],[31.699965043462871,29.969611683235371],[31.699970075984872,29.969612331164846],[31.699975108495185,29.969612979996342],[31.699980141017321,29.969613627925444],[31.699985173539527,29.96961427585433],[31.699990207086316,29.969614924695506],[31.699995239608665,29.969615572624008],[31.700000273143843,29.969616222367033],[31.700005305654596,29.969616871197381],[31.700010339213424,29.969617519135568],[31.700015370688071,29.969618167955314],[31.700020404235286,29.969618816795336],[31.700025436746323,29.969619465624938],[31.700030470281945,29.969620115366816],[31.70003550278139,29.969620765098274],[31.700040535292651,29.9696214139273],[31.700045567792234,29.969622063658381],[31.700050601328151,29.969622713399495],[31.700055632791635,29.96962336311995],[31.70006066632769,29.969624012860688],[31.700065698827565,29.969624662590995],[31.700070731304024,29.96962531412558],[31.700075763804058,29.969625963855513],[31.700080796280659,29.969626615389728],[31.700085828769083,29.969627266021504],[31.700090861257582,29.969627916653085],[31.700095892698158,29.969628568176489],[31.700100926211309,29.969629219720169],[31.700105957640286,29.969629872145436],[31.700110990117331,29.9696305236785],[31.700116022582694,29.969631176113602],[31.700121055036394,29.969631829450741],[31.700126087513656,29.969632480983218],[31.700131118931253,29.969633134309753],[31.700136151385177,29.969633787646352],[31.70014118280292,29.969634440972502],[31.70014621524524,29.969635095210922],[31.700151246639635,29.969635750341162],[31.700156279093846,29.969636403676979],[31.70016131048839,29.969637058806835],[31.700166341883008,29.969637713936503],[31.700171374302201,29.969638369978448],[31.700176405685223,29.969639026009968],[31.700181437068316,29.969639682041297],[31.700186469487729,29.969640338082652],[31.700191499822978,29.96964099500563],[31.700196532219046,29.969641652851067],[31.70020156255444,29.969642309773651],[31.700206593914409,29.969642967608493],[31.700211625250965,29.969643627247621],[31.700216655563089,29.969644285974077],[31.70022168691154,29.969644944710581],[31.700226718236571,29.969645605251372],[31.700231748537174,29.969646264879486],[31.700236779850606,29.969646926322117],[31.700241811175854,29.969647586862333],[31.700246842489438,29.969648248304583],[31.7002518717306,29.969648909726182],[31.70025690302084,29.969649572972518],[31.700261933286644,29.969650235306197],[31.700266962492794,29.969650899433947],[31.700271993783257,29.969651562679708],[31.700277024025798,29.969652226817285],[31.700282054256672,29.969652891856907],[31.70028708448762,29.969653556896336],[31.700292113670649,29.969654222827575],[31.700297142842011,29.969654889660873],[31.700302173037947,29.96965555740643],[31.700307203233965,29.969656225151805],[31.700312232393792,29.969656892886736],[31.70031726155371,29.969657560621499],[31.700322290678464,29.969658231062752],[31.700327319815035,29.969658900601615],[31.700332348939948,29.969659571042506],[31.700337378053174,29.969660242385434],[31.700342407166492,29.969660913728163],[31.700347436268135,29.969661585972947],[31.700352464321856,29.969662259109541],[31.700357493411907,29.969662932256174],[31.700362521454032,29.96966360629462],[31.700367549484504,29.969664281235129],[31.700372577503295,29.969664957077654],[31.700377605522171,29.969665632919991],[31.700382633529365,29.969666309664404],[31.7003876615249,29.969666987310813],[31.700392689520505,29.969667664957054],[31.700397717492709,29.969668344407577],[31.700402745464977,29.96966902385789],[31.700407772389333,29.969669704200044],[31.700412799302029,29.969670385444221],[31.700417826226534,29.969671065785974],[31.700422853115885,29.969671748834244],[31.700427880005311,29.969672431882323],[31.700432906883087,29.969673115832443],[31.70043793271293,29.969673800674386],[31.700442959567361,29.969674486428584],[31.70044798642186,29.969675172182598],[31.700453012228454,29.969675858828438],[31.700458038011639,29.969676547278539],[31.700463063794896,29.969677235728472],[31.700468089566492,29.969677925080404],[31.700473115326417,29.969678615334427],[31.700478141086418,29.969679305588237],[31.700483165786764,29.969679997636096],[31.700488191511688,29.969680690596231],[31.700493216188704,29.969681384448176],[31.700498240854053,29.969682079202169],[31.700503264483235,29.969682773945731],[31.700508290173243,29.96968346961182],[31.700513313767335,29.969684167061704],[31.700518338386026,29.969684865423876],[31.700523361968543,29.96968556377562],[31.700528385539396,29.969686263029402],[31.700533410123096,29.969686964097697],[31.70053843263436,29.969687665145358],[31.700543457194726,29.969688368017728],[31.700548479682674,29.969689070869467],[31.700553503195199,29.969689774633455],[31.700558525648077,29.96969048019151],[31.700563548089296,29.96969118665162],[31.700568570518836,29.969691894013764],[31.700573592936728,29.969692602277942],[31.700578615342941,29.969693311444164],[31.700583636712999,29.969694020599981],[31.700588659095885,29.969694731570289],[31.700593680419125,29.969695444334647],[31.70059870174245,29.969696157098831],[31.700603723054101,29.969696870765048],[31.700608744342361,29.969697586235537],[31.700613764582702,29.969698302597866],[31.700618784811379,29.969699019862201],[31.700623805028396,29.969699738028609],[31.700628826270005,29.969700457107262],[31.700633846451954,29.969701177979985],[31.700638864561494,29.969701898832067],[31.700643884708381,29.969702622411095],[31.700648903830835,29.969703345077487],[31.700653922918153,29.969704070450398],[31.700658942005553,29.969704795823098],[31.700663961069544,29.969705523000073],[31.700668980121883,29.969706251079106],[31.700673998126302,29.969706980049963],[31.700679016119057,29.969707709922837],[31.700684034088422,29.969708441600009],[31.700689050998143,29.969709175071241],[31.700694068955922,29.969709907650259],[31.700699085842309,29.969710642925559],[31.700704102717047,29.969711379102911],[31.700709119568383,29.969712117084537],[31.700714136419791,29.969712855065968],[31.700719152211562,29.969713594841462],[31.700724167979921,29.969714336421227],[31.700729183748372,29.969715078000807],[31.700734199493418,29.96971582138465],[31.700739215226815,29.969716565670545],[31.700744229900554,29.969717311750507],[31.70074924456263,29.969718058732489],[31.700754259213056,29.969718806616527],[31.700759273828346,29.969719557207082],[31.700764288443715,29.969720307797441],[31.700769301999436,29.969721060181847],[31.700774314518991,29.969721812555857],[31.700779329075907,29.969722567656788],[31.700784341548669,29.969723323639332],[31.700789353998037,29.969724081426186],[31.700794367471993,29.96972484012527],[31.700799378861795,29.969725599705971],[31.700804391264452,29.969726361101138],[31.700809402607455,29.969727124290404],[31.700814413938811,29.969727888381684],[31.70081942524677,29.969728654277251],[31.700824435518559,29.969729420162416],[31.700829446803205,29.969730187862059],[31.700834457016473,29.969730958257998],[31.700839467229816,29.969731728653752],[31.700844477419771,29.969732500853787],[31.700849486550077,29.969733274847869],[31.700854495668739,29.969734049743998],[31.700859504752252,29.969734827346631],[31.700864512811354,29.969735604036639],[31.700869521859822,29.969736384345588],[31.700874529872134,29.969737164644119],[31.700879536824804,29.96973794673676],[31.700884544790327,29.969738730643847],[31.700889551696214,29.96973951634499],[31.700894558590441,29.9697403029482],[31.700899565461281,29.969741091355662],[31.700904571284216,29.969741880654968],[31.700909577083749,29.969742671758553],[31.700914582871643,29.969743463764171],[31.700919587576418,29.969744259368323],[31.700924593329265,29.969745054080271],[31.700929597998996,29.96974585239073],[31.700934601644306,29.969746649788554],[31.700939606278986,29.969747450805336],[31.700944609865779,29.969748252713952],[31.700949613429174,29.969749056426842],[31.700954615944674,29.969749861031545],[31.700959618425042,29.969750668342762],[31.700964620905502,29.969751475653805],[31.700969623350826,29.969752285671358],[31.70097462371201,29.969753096570489],[31.70097962611057,29.969753910196587],[31.700984627461224,29.96975472471453],[31.700989626715984,29.969755541016273],[31.700994626983615,29.969756359132532],[31.7009996272396,29.969757178150843],[31.701004627460456,29.969757999875643],[31.701009625608904,29.969758821579827],[31.701014624746733,29.969759646902972],[31.701019622836672,29.969760473117947],[31.701024620903212,29.969761301137183],[31.70102961895812,29.969762130058484],[31.701034615941644,29.969762961676057],[31.701039612913533,29.969763794195689],[31.701044609850285,29.969764629421832],[31.701049605750882,29.96976546463755],[31.70105460159288,29.969766304364278],[31.701059597446722,29.969767143188552],[31.701064592229176,29.969767984709136],[31.70106958698825,29.969768828033988],[31.701074580687688,29.969769673152907],[31.701079575399991,29.969770520086318],[31.701846706404499,29.969922755850497],[31.702601291178684,29.970116793026968],[31.703340326798585,29.970351858746767],[31.704060876581512,29.97062702023484],[31.704760072178694,29.970941182117741],[31.705435133157188,29.971293093828468],[31.706083374137211,29.971681357790416],[31.706702216217206,29.972104426814909],[31.706706115635644,29.972107272313391],[31.706710015054323,29.972110117811756],[31.706713912365608,29.972112965996374],[31.70671780759287,29.972115815062782],[31.706721701772398,29.972118665021117],[31.706725595928763,29.972121516783805],[31.706729487989438,29.972124370330519],[31.706733377966081,29.972127224758985],[31.706737267931267,29.972130080089585],[31.706741155800749,29.972132937204201],[31.706745042610798,29.972135796112994],[31.706748928384805,29.972138655011495],[31.706752812063101,29.972141515694009],[31.706756694670283,29.972144379072951],[31.706760577277677,29.972147242451765],[31.706764457801068,29.97215010671237],[31.706768337265025,29.972152972767162],[31.706772214633279,29.972155840605943],[31.706776091990076,29.97215870934685],[31.706779967262854,29.972161578969544],[31.706783842512476,29.972164450396605],[31.706787714641802,29.972167322695242],[31.706791586747979,29.97217019679827],[31.706795457806418,29.972173071793215],[31.706799326780839,29.972175947669957],[31.706803194695841,29.972178825340873],[31.70680706156309,29.972181703903743],[31.706810928418886,29.97218458336873],[31.706814793190659,29.972187463715525],[31.706818656891315,29.972190346758708],[31.706822518519644,29.972193229781464],[31.706826380136519,29.97219611370631],[31.706830239645988,29.972199000317413],[31.706834099155689,29.972201886928403],[31.706837956569693,29.972204775323412],[31.70684181398391,29.972207663718333],[31.706845669290736,29.972210554799481],[31.706849523561516,29.972213445870331],[31.70685337677287,29.9722163387354],[31.70685722892479,29.972219233394632],[31.706861080052352,29.972222127141343],[31.706864930120481,29.972225022682245],[31.706868779117499,29.972227920919579],[31.706872627078472,29.972230819146624],[31.706876472955408,29.972233718255453],[31.706880318809219,29.97223661916864],[31.706884162590686,29.972239520061368],[31.706888007385285,29.972242422768637],[31.706891849059584,29.972245326347501],[31.706895689686146,29.97224823081833],[31.706899530289565,29.972251137093515],[31.706903368808959,29.97225404425048],[31.706907208364857,29.972256951417503],[31.706911044788775,29.972259860358374],[31.706914881201232,29.972262770201393],[31.706918715529682,29.97226568092616],[31.706922549846652,29.972268592553053],[31.706926383104204,29.972271505974156],[31.70693021427774,29.972274420277028],[31.706934045451501,29.972277334579807],[31.706937874529558,29.972280250666582],[31.706941703596151,29.97228316765549],[31.706945531603317,29.97228608643859],[31.706949358574441,29.972289005211401],[31.70695318449782,29.972291924876174],[31.706957010398042,29.972294846345314],[31.706960834225939,29.972297767793982],[31.706964656994419,29.972300691036853],[31.706968479751421,29.972303615181865],[31.70697230147238,29.97230653931657],[31.706976121097636,29.972309465235313],[31.706979939686843,29.972312391143756],[31.706983759289173,29.972315318866752],[31.706987575782893,29.972318246559116],[31.70699139327807,29.972321176968254],[31.706995207664622,29.972324107346765],[31.70699902308769,29.972327037735351],[31.707002837451327,29.972329969918107],[31.707006649730943,29.972332902982664],[31.707010462010786,29.972335836047119],[31.707014273231209,29.972338770905733],[31.707018083403891,29.972341706656326],[31.707021892528832,29.972344643298889],[31.707025700617724,29.972347579931142],[31.707029508683465,29.972350518367787],[31.707033315713147,29.972353456794142],[31.707037121683417,29.972356397014675],[31.707040926617623,29.972359337224947],[31.707044730492409,29.972362279229394],[31.707048535403704,29.972365221243933],[31.707052337194689,29.97236816413006],[31.707056138985909,29.972371107016095],[31.707059939717709,29.97237405169632],[31.707063741474325,29.972376997288855],[31.707067540122324,29.972379942850758],[31.707071338747181,29.972382890217006],[31.707075136335977,29.972385837572997],[31.707078932877042,29.972388785820939],[31.707082730431239,29.972391735883431],[31.707086524876829,29.97239468591528],[31.707090320358915,29.972397635957218],[31.70709411374531,29.972400587783163],[31.707097907131921,29.972403539609019],[31.707101700495382,29.972406493239209],[31.707105490750241,29.9724094468388],[31.707109282029915,29.972412401350692],[31.707113073309817,29.972415355862466],[31.707116862494015,29.972418312158279],[31.70712065064215,29.972421268443814],[31.707124438790526,29.972424224729245],[31.707128226915749,29.972427182819018],[31.707132012956951,29.972430141790586],[31.707135798998383,29.972433100762068],[31.707139585028358,29.972436060635662],[31.707143368974311,29.972439021391061],[31.707147152920495,29.972441982146336],[31.707150936855207,29.972444943803758],[31.70715471869423,29.97244790724519],[31.707158500545152,29.972450869784282],[31.707162283420892,29.972453833235697],[31.707166063176345,29.972456797558706],[31.707169842920337,29.972459762783856],[31.707173622664548,29.9724627280089],[31.707177402397303,29.97246569413608],[31.707181180046046,29.972468661145019],[31.707184956658729,29.972471628143715],[31.707188734296238,29.972474596054699],[31.707192510885996,29.972477564857634],[31.707196287475995,29.972480533660491],[31.70720006197028,29.972483504247361],[31.707203836476474,29.972486473931898],[31.707207609923252,29.972489445410602],[31.707211384418219,29.972492415997184],[31.707215156817476,29.972495388367747],[31.707218929228645,29.972498359836003],[31.707222700580399,29.972501333098439],[31.707226471920688,29.972504307263002],[31.707230243261208,29.972507281427458],[31.707234012541072,29.972510254669242],[31.707237781797794,29.972513229715396],[31.707241552079331,29.972516205673848],[31.707245320288539,29.972519181611858],[31.707249088486293,29.972522158452001],[31.70725285564799,29.972525135281856],[31.70725662279823,29.972528113013862],[31.707260388912406,29.97253109073559],[31.707264155015135,29.972534069359437],[31.707267921118074,29.972537047983177],[31.707271686184978,29.972540026596683],[31.707275451228728,29.972543007014515],[31.707279215236422,29.972545987422098],[31.707282979244354,29.972548967829557],[31.707286742204538,29.972551949129002],[31.707290505153267,29.972554931330553],[31.707294267077625,29.972557912619603],[31.707298028990511,29.972560894810794],[31.70730179089195,29.972563877904115],[31.70730555175734,29.972566860987143],[31.707309312622954,29.972569844070097],[31.707313073477103,29.972572828055178],[31.707316833295202,29.972575812029969],[31.707320593101834,29.972578796906916],[31.707324351872426,29.972581781773581],[31.707328110619869,29.972584768444602],[31.707331869390902,29.972587753311057],[31.707335627114194,29.972590739069478],[31.707339384826042,29.972593725730029],[31.707343141490131,29.972596713282538],[31.707346899202431,29.972599699942879],[31.707350655878667,29.972602686592943],[31.707354411495473,29.972605675037236],[31.707358168160471,29.972608662589334],[31.707361923766054,29.972611651935619],[31.707365679383546,29.972614640379607],[31.707369433964978,29.972617628813296],[31.707373188523277,29.972620619051355],[31.707376943093479,29.972623608387082],[31.707380696627627,29.972626597712516],[31.707384451186599,29.97262958795028],[31.707388203661548,29.97263257906982],[31.707391958220963,29.972635569307378],[31.707395710696371,29.972638560426734],[31.707399463183684,29.972641550643718],[31.707403215647851,29.972644542665105],[31.70740696812393,29.972647533784123],[31.707410719552268,29.972650525795128],[31.70741447201711,29.972653517816209],[31.707418223434232,29.972656510729227],[31.707421974863244,29.972659502739923],[31.70742572628081,29.972662495652759],[31.707429476662298,29.972665488555307],[31.707433227032354,29.97266848236001],[31.707436978450588,29.97267147527252],[31.707440727784807,29.972674469066831],[31.707444478155534,29.972677462871218],[31.7074482274902,29.97268045666533],[31.70745197784969,29.972683451371754],[31.707455727184815,29.972686445165664],[31.707459475483883,29.972689438949303],[31.707463225844045,29.972692433655421],[31.70746697516816,29.972695428351233],[31.707470724492502,29.972698423046978],[31.707474471744501,29.972701417722277],[31.70747822105761,29.972704413320045],[31.707481970382624,29.972707408015484],[31.707485717635304,29.97271040269047],[31.707489465901123,29.972713399180002],[31.707493215226823,29.972716393875135],[31.707496963493092,29.972719390364471],[31.707500710734994,29.972722385941303],[31.707504459025078,29.972725380625953],[31.707508206255746,29.972728377104797],[31.707511953498322,29.97273137268132],[31.707515701765722,29.972734369170141],[31.707519450045037,29.972737364756611],[31.707523197276604,29.972740361235072],[31.707526944520076,29.972743356811176],[31.707530691752105,29.972746353289416],[31.70753444002063,29.972749349777732],[31.7075381872531,29.972752346255788],[31.707541934497488,29.972755341831498],[31.707545681730409,29.97275833830933],[31.707553177233223,29.97276433127487],[31.718627254719902,29.981617623031873],[31.718631005706367,29.981620621044634],[31.718634756681464,29.98162361995951],[31.718638507668377,29.981626617972051],[31.718642258655517,29.981629615984517],[31.7186460096313,29.981632614899095],[31.718649760618888,29.98163561291133],[31.718653510570331,29.981638610913386],[31.718657261546781,29.981641609827665],[31.718661012535051,29.981644607839602],[31.718664763511967,29.981647606753683],[31.718668514489107,29.98165060566765],[31.718672265478059,29.981653603679273],[31.718676015419259,29.981656602582969],[31.718679765349115,29.981659602388788],[31.718683516327157,29.981662601302354],[31.71868726626905,29.981665600205737],[31.71869101621116,29.98166859910901],[31.718694766153501,29.981671598012188],[31.718698515048107,29.981674597807416],[31.718702264990892,29.981677596710387],[31.718706014910747,29.981680597417739],[31.718709763817607,29.981683596310422],[31.718713512713116,29.981686596105231],[31.718717261608845,29.981689595899958],[31.718721010504805,29.981692595694568],[31.718724760414201,29.981695597303656],[31.718728509310612,29.981698597098077],[31.718732257159282,29.981701597784536],[31.71873600603298,29.981704599383228],[31.718739753882097,29.98170760006948],[31.718743501731449,29.981710600755648],[31.718747248533067,29.981713602333869],[31.71875099740766,29.981716603932142],[31.718754744221307,29.981719604607925],[31.718758491012014,29.981722607088077],[31.718762237802945,29.981725609568127],[31.71876598355772,29.981728612037973],[31.718769731373911,29.981731615430142],[31.718773477129137,29.981734617899804],[31.718777222873008,29.981737621271598],[31.718780967592306,29.981740623730975],[31.718784713325046,29.981743628004804],[31.718788458021631,29.98174663226845],[31.718792202730032,29.981749635629736],[31.718795948463452,29.98175263990327],[31.718799692112746,29.981755645058758],[31.718803435762275,29.98175865021415],[31.718807179412018,29.981761655369453],[31.71881092201404,29.981764661416804],[31.718814664627857,29.981767666561808],[31.718818408266706,29.981770672619021],[31.718822149833017,29.981773678655983],[31.718825892424341,29.981776685605155],[31.718829632931559,29.981779693436309],[31.718833375511771,29.981782701287514],[31.718837114983057,29.981785709108372],[31.718840855490946,29.981788716939214],[31.718844595999062,29.981791724769948],[31.718848336484243,29.981794734405064],[31.718852074908465,29.981797743117689],[31.718855814357713,29.981800752742505],[31.718859551722847,29.981803763249314],[31.71886329117255,29.981806772873931],[31.718867027490163,29.981809784272688],[31.718870765892355,29.981812794789274],[31.71887450219884,29.981815807090044],[31.71887823850555,29.981818819390735],[31.718881974824072,29.981821830789094],[31.718885710083278,29.981824843981734],[31.7188894453427,29.981827857174274],[31.718893179554389,29.981830871258868],[31.718896913766304,29.981833885343349],[31.718900647966862,29.981836900329988],[31.71890438113126,29.981839915306423],[31.718908114295893,29.981842930282767],[31.71891184641278,29.981845946151157],[31.718915578518313,29.981848962921699],[31.718919308562885,29.981851978769729],[31.718923038572949,29.981854997324376],[31.718926769631196,29.981858014986752],[31.718930498616903,29.981861032628874],[31.718934227579673,29.981864052075377],[31.71893795655425,29.981867070619526],[31.718941685505889,29.981870090968069],[31.718945412384997,29.981873111296316],[31.718949139264318,29.981876131624489],[31.718952866120709,29.981879153757038],[31.718956590904561,29.981882175869316],[31.718960316725024,29.981885197991563],[31.718964041497745,29.981888221005871],[31.718967765222729,29.981891244912241],[31.718971488947933,29.981894268818497],[31.718975210589022,29.981897293606735],[31.718978934291524,29.981900319317276],[31.718982654885103,29.981903344997473],[31.718986376503704,29.981906371589901],[31.718990096038183,29.981909399064275],[31.718993815584472,29.981912425636327],[31.71899753509625,29.98191545491499],[31.719001252535481,29.981918484173377],[31.719004971011319,29.981921513441762],[31.719008688450998,29.981924542699957],[31.719012403794984,29.981927573742361],[31.719016120175567,29.981930604794766],[31.719019835508419,29.9819336367392],[31.719023548757146,29.98193666956562],[31.719027263030913,29.981939703304256],[31.71903097626851,29.981942737032718],[31.719034688458372,29.981945771653226],[31.719038398564116,29.981948807155714],[31.719042109706468,29.981951842668188],[31.719045819789496,29.98195487997495],[31.719049528836365,29.981957917271526],[31.719053236847085,29.981960954557938],[31.719056944834868,29.981963993648705],[31.719060651774903,29.981967033631552],[31.719064357678786,29.981970073604188],[31.719068063559739,29.981973115381226],[31.719071768416111,29.981976156245839],[31.719075472213166,29.981979198904739],[31.719079174974059,29.981982241553464],[31.719082876675632,29.981985285996469],[31.719086579413826,29.981988330449482],[31.719090279043083,29.981991374872131],[31.719093978649411,29.981994421099156],[31.719097678244385,29.981997468228336],[31.719101375755226,29.982000516239481],[31.719105073266306,29.982003564250512],[31.719108769718058,29.982006614055869],[31.719112465133659,29.982009663851027],[31.719116159513096,29.982012713636006],[31.719119853858022,29.982015766127613],[31.71912354717837,29.982018817706788],[31.719127239439402,29.982021871080267],[31.719130929616309,29.982024925335711],[31.71913461979344,29.982027979591063],[31.719138308911251,29.982031035640706],[31.719141998029293,29.982034091690242],[31.719145685040051,29.982037150426262],[31.719149372062613,29.982040208259921],[31.719153057001051,29.982043266975563],[31.719156741928145,29.982046326593334],[31.719160425795909,29.982049388005422],[31.71916410862752,29.982052449407323],[31.719167790411394,29.982055511701276],[31.719171471147522,29.98205857488729],[31.719175150824338,29.982061639867609],[31.719178830501381,29.982064704847811],[31.719182508094292,29.982067770710003],[31.719186184627898,29.982070838366496],[31.719189861161723,29.982073906022887],[31.719193534575037,29.982076974551184],[31.719197209013394,29.982080043991683],[31.719200882392421,29.982083115226494],[31.719204553687327,29.982086187343274],[31.719208224994038,29.982089258557732],[31.719211894181896,29.982092333360864],[31.719215563381553,29.982095407261667],[31.719219230485507,29.982098482946693],[31.719222896553298,29.982101558621547],[31.719226562598163,29.982104636100761],[31.719230226547324,29.982107715364219],[31.719233890508285,29.982110793725319],[31.719237552373549,29.982113873870645],[31.71924121317949,29.982116955810262],[31.719244872949279,29.982120037739701],[31.719248531671326,29.982123120561205],[31.719252190358855,29.98212620608933],[31.719255846985426,29.982129290694953],[31.719259501516294,29.982132377084781],[31.719263156024226,29.982135465279018],[31.71926680950758,29.982138552560823],[31.719270460872067,29.982141643431319],[31.719274112248367,29.982144733399494],[31.719277761528964,29.982147825151877],[31.719281409773401,29.982150916894096],[31.719285057983328,29.982154011342917],[31.719288704120707,29.982157105771488],[31.719292349198764,29.982160201994354],[31.719295992204284,29.982163298196973],[31.719299635186864,29.982166396203951],[31.719303276073752,29.98216949599518],[31.719306915924481,29.982172595776209],[31.719310554715879,29.982175697351547],[31.719314192471124,29.98217879891671],[31.719317828119092,29.982181903168325],[31.719321462719307,29.982185008311998],[31.719325097331343,29.982188112553342],[31.71932872878812,29.982191220373309],[31.719332361281513,29.982194328203249],[31.719335989618013,29.982197436895028],[31.719339618956397,29.982200548303503],[31.719343246233802,29.982203658789476],[31.719346872440312,29.982206771971988],[31.719350496562697,29.982209886036479],[31.719354119637341,29.982213000993042],[31.719357741664261,29.982216116841652],[31.719361362643426,29.982219233582352],[31.719364981515316,29.982222353009504],[31.719368600387437,29.98222547243655],[31.719372216139028,29.982228592735503],[31.719375831867705,29.982231714838836],[31.719379445500675,29.982234838726395],[31.719383058097485,29.982237962603776],[31.71938666858702,29.982241089167626],[31.719390278040386,29.982244215721298],[31.719393887470819,29.982247344079354],[31.719397492744363,29.982250473299235],[31.719401099031352,29.982253604333582],[31.719404703234229,29.982256736249912],[31.719408305352975,29.982259869048217],[31.719411906412397,29.982263003640821],[31.719415506424088,29.982266139125493],[31.719419104340073,29.982269276394401],[31.71942270120832,29.982272414555375],[31.719426295992445,29.982275553598313],[31.719429889705662,29.982278695337804],[31.719433482382733,29.982281837067127],[31.719437072975676,29.982284979678443],[31.719440662497714,29.982288124986297],[31.719444249935641,29.982291271176127],[31.719447836325816,29.982294418258036],[31.719451420620295,29.982297567124149],[31.719455003867026,29.982300716882346],[31.719458585018074,29.982303868424758],[31.719462165121367,29.982307020859245],[31.719465744165348,29.982310175088053],[31.719469321125192,29.982313330198803],[31.719472895989348,29.982316487093815],[31.719476469805755,29.982319644880885],[31.719480041538034,29.982322803549948],[31.719483613235816,29.982325964925618],[31.719487181813083,29.982329127173205],[31.71949074933103,29.98233229121508],[31.719656794254362,29.982482721365791],[31.719819182769758,29.982636145856461],[31.7198225931838,29.982639438300641],[31.719826001513713,29.982642731626818],[31.719829408795889,29.982646025845089],[31.719832813982357,29.982649321847571],[31.719836218109521,29.982652619644391],[31.719839620152541,29.9826559183232],[31.719843020111426,29.982659217884024],[31.719846418999417,29.982662520141403],[31.719849815814857,29.982665822378532],[31.719853211570985,29.982669126409998],[31.719856606279365,29.98267243133354],[31.719859997867221,29.982675737128989],[31.719863389443734,29.982679043826614],[31.719866777876565,29.98268235320063],[31.719870165273232,29.982685662564506],[31.719873550574185,29.982688973712598],[31.719876935852223,29.982692286665092],[31.71988031802131,29.982695599587291],[31.719883700155904,29.982698915216115],[31.719887079181536,29.982702230814606],[31.719890457147851,29.982705548207434],[31.719893834054851,29.982708867394589],[31.7198972088893,29.982712186561507],[31.71990058163961,29.982715506610425],[31.719903954355424,29.982718829365965],[31.719907324998676,29.982722152101285],[31.719910693546218,29.982725476620857],[31.719914061046016,29.982728802032483],[31.719917427486507,29.982732129238443],[31.719920791854424,29.982735456424169],[31.719924155163039,29.982738785404237],[31.719927516387514,29.982742115266287],[31.719930875527847,29.982745446010334],[31.719934234645269,29.982748778558808],[31.719937591678548,29.982752111989253],[31.71994094765251,29.982755447214036],[31.719944301553916,29.982758782418589],[31.719947654396016,29.982762119417455],[31.719951006190353,29.982765457308414],[31.719954355912144,29.98276879517913],[31.719957703538221,29.982772134834086],[31.719961051141372,29.982775476293451],[31.719964396671958,29.982778817732576],[31.719967741143243,29.982782160966035],[31.7199710835188,29.982785505983706],[31.719974425894591,29.982788851001335],[31.719977766186243,29.982792196900959],[31.719981105430158,29.982795543692664],[31.719984441530389,29.982798893160776],[31.719987777642423,29.982802241726585],[31.719991112695137,29.982805592086699],[31.719994445652148,29.98280894423106],[31.719997777572988,29.982812296365275],[31.720001109482475,29.982815649401651],[31.720004439296254,29.98281900422224],[31.720007767037472,29.982822359022641],[31.720011093730946,29.982825714715105],[31.720014419353529,29.982829073104128],[31.720017742915115,29.982832430570681],[31.720021066453782,29.982835789841666],[31.720024387908321,29.982839149994632],[31.720027708315104,29.982842511039664],[31.720031026637763,29.982845872966742],[31.720034344949063,29.982849235795946],[31.720037662201051,29.982852600419498],[31.720040977380474,29.982855965022818],[31.720044291500585,29.98285933142045],[31.720047603548117,29.982862697797863],[31.720050915584309,29.982866065077427],[31.720054225524787,29.982869434141243],[31.720057536501894,29.982872803215074],[31.720060844346882,29.982876174063048],[31.720064151155711,29.9828795449009],[31.720067455880393,29.982882916620728],[31.720070760582157,29.982886290144972],[31.720074064247751,29.982889663659066],[31.720077365829205,29.982893038055167],[31.720080667387734,29.982896414255656],[31.720083966873709,29.982899790435933],[31.720087266336748,29.982903168420606],[31.720090562690839,29.982906546374991],[31.720093860069959,29.982909925241593],[31.720097155376521,29.982913304087969],[31.720100448587374,29.982916684718607],[31.720103742823266,29.982920066261457],[31.720107034975022,29.982923448686343],[31.720110325042647,29.982926831993218],[31.720113615098921,29.98293021620227],[31.720116904119013,29.982933600401164],[31.720120192079793,29.982936986394385],[31.720123477968009,29.982940372367381],[31.720126763844874,29.982943759242531],[31.720130047649171,29.982947146097466],[31.72013333246694,29.982950534766864],[31.720136614164169,29.982953924308219],[31.720139895861628,29.982957313849475],[31.720143176499771,29.982960705185075],[31.720146455053779,29.982964097402668],[31.720149733619575,29.982967488717978],[31.720153011126051,29.98297088182759],[31.720156286548395,29.982974275819192],[31.720159563007346,29.98297766982083],[31.720162837382166,29.982981064704479],[31.720166110697672,29.982984461382436],[31.720169382976994,29.982987858050244],[31.720172654220153,29.982991254707915],[31.720175925440383,29.982994653169985],[31.720179194588049,29.982998051611823],[31.720182462687966,29.98300145094575],[31.720185730776532,29.983004851181846],[31.72018899781736,29.983008252310011],[31.720192263822007,29.983011653428061],[31.72019552877892,29.983015055438148],[31.720198792688077,29.983018458340364],[31.720202055561067,29.98302186123242],[31.720205318422696,29.98302526502664],[31.720208580248158,29.983028668810707],[31.720211839966336,29.983032075281265],[31.720215099696315,29.983035480849509],[31.720218359414933,29.983038887319911],[31.720221617060986,29.983042293770101],[31.720224873647723,29.983045702014611],[31.720228130234677,29.983049110259042],[31.720231385773893,29.983052519395571],[31.720234641324897,29.983055927629778],[31.720237893720657,29.983059339442651],[31.720241147187735,29.983062748558794],[31.720244399583933,29.983066160371518],[31.720247650943957,29.983069572174074],[31.720250902292626,29.98307298487881],[31.720254151568728,29.983076397563323],[31.720257400833486,29.983079811149974],[31.720260649062055,29.983083224726499],[31.720263897267706,29.98308664010743],[31.720267144448762,29.98309005457596],[31.720270389545671,29.983093469926519],[31.720273634619666,29.983096887081459],[31.720276879705448,29.983100303334098],[31.720280123731911,29.983103721381088],[31.720283366745345,29.983107137613434],[31.720286609735854,29.983110555650168],[31.720289851678611,29.983113974578998],[31.72029309257363,29.98311739439994],[31.720296334505264,29.983120814230855],[31.720299573327935,29.983124234031489],[31.72030281317565,29.983127654744347],[31.720306050939218,29.983131076339241],[31.720309288703014,29.983134497934053],[31.720312526455455,29.983137920431009],[31.720315763183297,29.983141342015607],[31.720318998851813,29.983144765394524],[31.720322234520552,29.983148188773367],[31.720325469141553,29.983151613044296],[31.720328702726373,29.983155037305089],[31.720331936311403,29.983158461565779],[31.720335168848703,29.983161886718573],[31.720338402422612,29.983165311881375],[31.720341632875979,29.983168737916142],[31.720344865390793,29.983172164873178],[31.720348094808209,29.983175590897712],[31.720351325239108,29.983179018736692],[31.72035455464539,29.983182445663303],[31.720357784028756,29.983185874394337],[31.720361012387507,29.983189302212953],[31.720364239698522,29.983192730923673],[31.720367468046152,29.9831961596444],[31.720370695334474,29.983199590159437],[31.72037392056178,29.983203019752033],[31.720377146814133,29.983206450256855],[31.720380372041884,29.983209879849312],[31.720383597246713,29.983213311246136],[31.720386822463336,29.98321674174068],[31.720390045584246,29.983220174019472],[31.72039326974177,29.983223606308236],[31.720396492874688,29.983227037684653],[31.720399714959857,29.983230469953153],[31.72040293807008,29.983233903133879],[31.720406159107714,29.983237336294376],[31.720409381193551,29.983240768562659],[31.720412602220073,29.983244202625272],[31.720415822210406,29.983247636677724],[31.720419042200955,29.983251070730102],[31.720422262180172,29.983254505684656],[31.720425482159598,29.983257940639128],[31.720428701102847,29.983261375583449],[31.720431918998347,29.983264811419875],[31.72043513793048,29.983268247266285],[31.720438355837995,29.983271682200321],[31.720441572697755,29.983275118026437],[31.720444789546171,29.983278554754737],[31.72044800744278,29.983281990590786],[31.720451224280065,29.98328542822118],[31.720454440092748,29.983288864939158],[31.720457655905644,29.983292301657084],[31.720460871695632,29.983295740179404],[31.720464087508969,29.983299176897194],[31.720467302262989,29.983302615409293],[31.720470517028804,29.983306053019088],[31.720473731794836,29.983309490628812],[31.720476945501552,29.983312930032863],[31.72048016024489,29.983316369446911],[31.720483373975178,29.983319807046342],[31.720486587694129,29.983323245547925],[31.72048980140173,29.983326684951688],[31.720493014061578,29.98333012524753],[31.720496226744785,29.983333563738849],[31.720499439405074,29.983337004034542],[31.720502652077148,29.983340443427942],[31.720505863713051,29.983343882811173],[31.720509076374,29.983347323106663],[31.720512287998769,29.983350763391989],[31.720515499635326,29.983354202775022],[31.720518712285365,29.983357643972514],[31.720521922874401,29.983361084247576],[31.720525134488483,29.983364525434833],[31.720528345077952,29.98336796570975],[31.720531555667641,29.983371405984581],[31.720534767282384,29.983374847171618],[31.72053797786095,29.983378288348543],[31.7205411884513,29.98338172862314],[31.720544399030299,29.983385169799909],[31.720547608573128,29.983388610966539],[31.720550820177401,29.98339205305545],[31.720554029720656,29.983395494221934],[31.720557240300543,29.983398935398416],[31.72056044984425,29.98340237656474],[31.720563660424563,29.983405817741069],[31.720566869957139,29.983409259809491],[31.720570079501496,29.983412700975599],[31.720573290070913,29.983416143053947],[31.720576499615721,29.983419584219906],[31.720579710185575,29.983423026298084],[31.720586129276278,29.983429908629667],[31.720940420742622,29.98380977762023],[31.720943572035488,29.983813155949541],[31.720946723317006,29.983816535181031],[31.720949873585454,29.983819912597902],[31.720953024867399,29.983823291829257],[31.720956176149546,29.98382667106052],[31.720959327443481,29.983830049389468],[31.720962477701214,29.983833427708312],[31.720965628995568,29.983836806037129],[31.720968780278561,29.983840185268104],[31.720971930536933,29.983843563586717],[31.72097508182036,29.983846942817564],[31.720978232067587,29.983850322038272],[31.720981383362997,29.983853700366726],[31.720984533622222,29.983857078685055],[31.720987683870085,29.983860457905561],[31.720990834118162,29.98386383712598],[31.720993985402856,29.983867216356401],[31.720997134614958,29.983870595566614],[31.721000284863674,29.983873974786832],[31.7210034351126,29.983877354006975],[31.721006585361732,29.983880733227046],[31.721009734563118,29.983884113339212],[31.721012884824244,29.98388749165689],[31.721016034026039,29.983890871768931],[31.721019184264463,29.983894251890945],[31.721022333466692,29.983897632002833],[31.721025481632729,29.983901012104592],[31.721028630835388,29.983904392216331],[31.721031780038242,29.98390777232801],[31.721034929241323,29.983911152439603],[31.721038078456175,29.983914531648907],[31.721041225575298,29.983917912642468],[31.721044373742608,29.983921292743794],[31.721047521898562,29.983924673747278],[31.72105067005473,29.983928054750702],[31.721053818211111,29.983931435754052],[31.721056965331293,29.983934816747251],[31.721060112451688,29.983938197740407],[31.721063259560733,29.983941579635712],[31.721066405645143,29.983944960618647],[31.721069552743053,29.983948343416046],[31.721072698816329,29.983951725301093],[31.721075845926212,29.983955107196099],[31.72107899096352,29.983958489070929],[31.72108213702586,29.983961871857982],[31.721085283099978,29.983965253742735],[31.721088428114779,29.983968637421828],[31.721091573141361,29.983972020198589],[31.721094717131741,29.983975402965239],[31.721097862158739,29.983978785741879],[31.721101006126425,29.983982170312849],[31.721104150105877,29.983985553981519],[31.721107293060705,29.983988936737816],[31.721110437029008,29.983992321308584],[31.721113579961131,29.983995705869201],[31.721116721857065,29.983999090419694],[31.721119864789603,29.984002474980183],[31.721123006674393,29.98400586043277],[31.721126147534545,29.984009244972981],[31.721129290444601,29.984012631337723],[31.721132431305175,29.984016015877799],[31.721135572142845,29.98401940222227],[31.721138711955877,29.984022787654371],[31.721141851757558,29.984026173988639],[31.721144991547884,29.984029561225096],[31.721148131349985,29.984032947559218],[31.721151270104333,29.984036334785436],[31.721154408858894,29.984039722011595],[31.721157546565696,29.984043110129875],[31.721160685309115,29.984046498258131],[31.72116382301634,29.984049886376244],[31.721166959698927,29.984053273582003],[31.721170096358605,29.984056662592145],[31.72117323301849,29.984060051602238],[31.72117636864219,29.984063440602185],[31.721179504242969,29.984066831406544],[31.721182638819119,29.984070221298516],[31.721185774431881,29.984073611200486],[31.721188907972049,29.984077001082266],[31.721192041500863,29.984080391866208],[31.721195175029884,29.984083782650067],[31.721198307511148,29.984087174326039],[31.721201441029034,29.984090566012014],[31.721204573510725,29.98409395768785],[31.721207703908245,29.984097350245705],[31.72121083534239,29.984100742813581],[31.721213965728783,29.984104136273544],[31.721217096126932,29.984107528831206],[31.721220226502187,29.984110923193278],[31.721223354816384,29.984114316632894],[31.721226484155643,29.984117710984762],[31.721229612447143,29.984121106228724],[31.721232738677607,29.984124500550244],[31.721235866969529,29.984127895794067],[31.721238993177291,29.984131291919919],[31.721242119385266,29.984134688045707],[31.721245244545475,29.984138085063616],[31.721248369717465,29.984141481179197],[31.721251493830124,29.984144879089122],[31.721254617954571,29.984148276096739],[31.72125774206765,29.984151674006526],[31.721260865132979,29.98415507280842],[31.721263987173671,29.984158470697956],[31.721267109179895,29.984161871294102],[31.72127023017304,29.98416527007566],[31.721273350118437,29.984168669749312],[31.721276470052477,29.984172070325144],[31.721279589986715,29.984175470900905],[31.721282708873215,29.984178872368744],[31.721285826723502,29.984182273826473],[31.721288944562456,29.984185676186371],[31.72129206241317,29.984189077643933],[31.721295178168159,29.984192480885799],[31.721298293911794,29.984195885029823],[31.722334000043521,29.985393904382359],[31.723292025984311,29.986639951820788],[31.724169435574222,29.98793021517562],[31.72496354165909,29.989260744750414],[31.725671910084973,29.990627467774154],[31.726292368881101,29.992026202905389],[31.726823016492951,29.993452668412868],[31.726824422783288,29.993456843649984],[31.726825830098729,29.993461019799334],[31.726827236377769,29.993465195938665],[31.726828641608915,29.993469372970189],[31.726830046851678,29.99347354909947],[31.726831450010028,29.9934777261109],[31.726832854204982,29.993481903132359],[31.726834256327045,29.99348608013376],[31.726835658437714,29.99349025803739],[31.726837058486975,29.993494435018711],[31.726838458524846,29.993498612902258],[31.726839858562823,29.993502790785772],[31.726841257564406,29.993506968659258],[31.726842655506562,29.99351114832719],[31.726844054508359,29.993515326200658],[31.726845450389238,29.993519504946274],[31.726846847306735,29.993523683701898],[31.726848242151323,29.99352786243746],[31.726849636984515,29.993532042075255],[31.726851030792822,29.993536220800756],[31.726852424589719,29.993540400428497],[31.726853818386736,29.993544580056227],[31.726855211147342,29.99354875967391],[31.726856601823535,29.993552940173782],[31.726857993547867,29.993557119781418],[31.726859384224284,29.993561300281247],[31.726860773875821,29.993565479868806],[31.726862163504435,29.99356966126081],[31.726863552108153,29.993573841740556],[31.726864940700487,29.993578023122549],[31.726866328279435,29.993582202689996],[31.72686771478746,29.993586384954128],[31.726869102343599,29.993590566326031],[31.726870487838369,29.993594746775617],[31.726871873310202,29.993598929029705],[31.726873257757159,29.993603110371495],[31.726874643240727,29.993607291723293],[31.726876026639879,29.99361147395728],[31.72687741003914,29.993615656191235],[31.726878793438505,29.99361983842519],[31.726880174764975,29.993624020639079],[31.726881557128049,29.993628202862979],[31.726882938443222,29.993632385979065],[31.726884318733497,29.993636568182907],[31.726885700048893,29.993640751298969],[31.726887080327877,29.993644934405026],[31.726888458545474,29.993649116588752],[31.726889837788171,29.993653299684727],[31.726891217030978,29.993657482780709],[31.726892595225873,29.99366166676888],[31.726893973432389,29.993665849854807],[31.726895349554479,29.993670033822902],[31.726896726713193,29.993674217801004],[31.726898102847017,29.993678400866838],[31.726899478969443,29.993682584834907],[31.726900855091973,29.993686768802938],[31.726902230178109,29.99369095276095],[31.726903605264344,29.993695136718934],[31.726904980339178,29.993699321579161],[31.726906354377622,29.993703506429345],[31.726907728416162,29.993707691279504],[31.726909101429818,29.993711875217414],[31.726910474432078,29.993716060057515],[31.726911847445951,29.993720243995377],[31.726913219411912,29.993724428825459],[31.726914591377977,29.993728613655495],[31.726915963332644,29.993732799387775],[31.726917334262424,29.993736984207793],[31.726918705192304,29.993741169027768],[31.726920076122305,29.99374535384775],[31.726921447040905,29.99374953956994],[31.726922816923089,29.993753725282108],[31.726924186805388,29.993757910994262],[31.726925555662795,29.993762095794136],[31.726926925533792,29.993766282408483],[31.726928295427943,29.993770467218368],[31.726929664274163,29.993774652920447],[31.726931032083979,29.993778838612457],[31.726932400930416,29.99378302431451],[31.726933768740455,29.99378721000652],[31.726935136550605,29.993791395698516],[31.726936504349347,29.99379558229273],[31.726937872159706,29.993799767984711],[31.726939238933674,29.993803953666642],[31.726940605696232,29.993808140250788],[31.726941973495407,29.993812326844953],[31.726943339221673,29.993816513419059],[31.726944705996068,29.993820699100933],[31.726946071734066,29.993824884772788],[31.726947438485656,29.993829072259096],[31.726948804223859,29.99383325793092],[31.726950169939155,29.993837445407205],[31.726951535677586,29.99384163107899],[31.726952901404605,29.993845817653007],[31.726954267131738,29.993850004226989],[31.726955631822474,29.993854190790962],[31.726956996513305,29.993858377354911],[31.726958362240762,29.993862563928872],[31.726959726920299,29.993866751395032],[31.726961091622982,29.993870937056688],[31.726962456314247,29.99387512362058],[31.726963820994111,29.993879311086708],[31.726965184660603,29.993883496738327],[31.726966550377195,29.993887684214439],[31.726967914032386,29.993891870768241],[31.726969278712691,29.993896058234306],[31.726970643404606,29.993900244798134],[31.72697200706013,29.993904431351911],[31.726973370715754,29.993908617905674],[31.726974735396492,29.993912805371689],[31.726976100088837,29.993916991935446],[31.726977463733274,29.993921179391407],[31.726980192070496,29.993929553411075],[31.727669918897806,29.996046531913947],[31.727671310572941,29.996050801747298],[31.727672702225156,29.996055073385111],[31.727674093889,29.99605934412066],[31.727675484516418,29.996063614846175],[31.727676877228525,29.996067884689477],[31.727678268881203,29.996072156327241],[31.727679659508954,29.99607642705271],[31.727681052209903,29.99608069779822],[31.727682443885925,29.996084967631433],[31.727683835539054,29.996089239269143],[31.727685228251829,29.996093509112367],[31.727686619916692,29.996097779847787],[31.727688012618191,29.996102050593233],[31.727689405319815,29.99610632133864],[31.727690798021545,29.996110592084037],[31.727692190734889,29.99611486192719],[31.727693584484889,29.996119131780343],[31.727694977175457,29.996123403427955],[31.727696370925681,29.99612767328108],[31.727697764676005,29.996131943134184],[31.727699159462997,29.9961362129973],[31.727700553213559,29.996140482850404],[31.727701946964238,29.996144752703472],[31.72770334175156,29.996149022566545],[31.727704736527489,29.996153293331844],[31.727706133388104,29.996157563214918],[31.72770752817577,29.99616183307797],[31.727708924011598,29.996166102048768],[31.72771032087255,29.996170371931807],[31.72771171669709,29.996174641804814],[31.727713113569777,29.996178910785591],[31.727714512515661,29.996183179786389],[31.727715909388586,29.99618744876712],[31.727717307286643,29.996191718660121],[31.727718706232864,29.996195987660879],[31.727720105179198,29.99620025666162],[31.727721504137147,29.996204524760113],[31.727722904120242,29.996208793770833],[31.727724305139979,29.996213062791565],[31.727725705134809,29.996217330900024],[31.727727107202821,29.996221599028516],[31.727728508222917,29.996225868049198],[31.727729910291156,29.996230136177651],[31.727731313396042,29.996234404316123],[31.727732716501052,29.996238672454563],[31.727734119629179,29.996242938788523],[31.727735524807489,29.996247206946983],[31.72773692896088,29.996251474193162],[31.727738335175946,29.996255742361608],[31.727739741414148,29.996260008725564],[31.727741147640952,29.996264275991738],[31.727742554904406,29.996268543267917],[31.727743963227525,29.996272808749616],[31.727745370491199,29.99627707602577],[31.727746779839585,29.996281342419699],[31.727748190224609,29.996285608823644],[31.727749599573212,29.996289875217542],[31.727751012043047,29.996294140739245],[31.727752423476471,29.996298406250922],[31.727753835946537,29.996302671772614],[31.72775524945326,29.996306937304297],[31.727756662971597,29.996311201933707],[31.72775807752658,29.996315466573147],[31.727759493106721,29.996319732124824],[31.727760908698482,29.996323996774223],[31.727762326363429,29.996328261443683],[31.727763744039994,29.996332525210857],[31.727765162753215,29.996336788988049],[31.72776658250309,29.996341052775257],[31.727768002253082,29.996345316562419],[31.727769423039714,29.996349580359606],[31.72777084487452,29.996353843264551],[31.727772267745976,29.99635810617951],[31.727773690617543,29.996362369094435],[31.727775115562299,29.9963666320294],[31.727776540518676,29.996370894062096],[31.727777966511713,29.996375156104794],[31.7277793935414,29.996379418157517],[31.727780821607741,29.996383680220212],[31.727782250722242,29.996387941390683],[31.727783680884901,29.996392201668936],[31.727785112072716,29.996396462859416],[31.727786544297174,29.996400724059896],[31.727787976533261,29.996404984358133],[31.727789410854051,29.996409243774131],[31.727790846199984,29.996413504102403],[31.72779228154603,29.996417764430635],[31.727793718988291,29.996422022974429],[31.727795157455688,29.996426282430438],[31.727796595934716,29.996430540984214],[31.727798036486934,29.996434799557999],[31.72779947703927,29.996439058131774],[31.727800918639769,29.996443315813316],[31.727802362301954,29.996447574417122],[31.727803807023808,29.99645183122643],[31.727805252782314,29.99645608804574],[31.727806698540942,29.99646034486506],[31.727808147409309,29.996464601714418],[31.727809596289291,29.996468857661512],[31.727811046205936,29.996473113618588],[31.727812498207275,29.996477368693473],[31.727813950197227,29.996481624670572],[31.727815404271873,29.996485879765444],[31.7278168593947,29.996490133968098],[31.727818315542667,29.996494389082983],[31.727819772738801,29.996498643305625],[31.727821232019632,29.996502896646064],[31.727822692337124,29.996507149996489],[31.727824152654737,29.996511403346908],[31.727825616093593,29.996515655825117],[31.727827079532563,29.996519908303313],[31.727828545056234,29.996524159899288],[31.727830010568532,29.996528412397499],[31.727831479213567,29.996532663121251],[31.727832947858722,29.996536913844988],[31.727834418577071,29.996541164588777],[31.727835891368631,29.996545415352543],[31.727837364171801,29.996549665214076],[31.727838839048179,29.996553915095618],[31.727840314972727,29.996558164084931],[31.727841792970466,29.996562413094257],[31.727843272016372,29.996566661211354],[31.727844752098939,29.996570909338455],[31.72784623426621,29.996575156583322],[31.727847717470151,29.996579403838183],[31.727849201710733,29.996583651103069],[31.727850688024525,29.996587898387961],[31.727852176434538,29.996592143888403],[31.727853665869688,29.996596390301068],[31.727855156364523,29.996600634919272],[31.727856648932562,29.996604879557481],[31.727858142537265,29.996609124205705],[31.727859638226661,29.996613367971701],[31.727861134952729,29.996617611747695],[31.7278626337635,29.996621854641475],[31.727864133610936,29.996626097545267],[31.727865635543083,29.996630339566813],[31.72786713851189,29.996634581598382],[31.727868643553894,29.996638823649949],[31.727870150680616,29.99664306481931],[31.727871659892042,29.996647305106439],[31.727873170128618,29.996651546305813],[31.727874681436379,29.996655784808478],[31.727876194794341,29.996660025135615],[31.727877710260017,29.996664262776072],[31.727879226739354,29.996668502231],[31.727880745314891,29.996672739901481],[31.727882264938614,29.996676976679701],[31.727883787660573,29.996681214390208],[31.727885311442204,29.996685450306259],[31.727886837297042,29.996689686242284],[31.727888364188541,29.996693922188346],[31.727889893164761,29.996698157252172],[31.727891424225689,29.996702391433768],[31.727892957371331,29.99670662473314],[31.727894490505587,29.996710858934748],[31.727896027797641,29.996715092274169],[31.727897566149366,29.9967193238191],[31.727899105526266,29.99672355627629],[31.727900648024413,29.996727787861257],[31.727902191582235,29.996732017651745],[31.727903738226793,29.996736249276754],[31.727905284894494,29.996740479097259],[31.727906834683449,29.996744708045565],[31.727908386545618,29.996748937013884],[31.727909940492495,29.996753165099982],[31.72791149547604,29.996757393196066],[31.727913052544299,29.996761620409938],[31.727914611697273,29.996765846741603],[31.727916172923457,29.996770073093263],[31.727917737282414,29.996774297670488],[31.727919301629992,29.996778523149924],[31.727920869098817,29.996782747757166],[31.727922438663878,29.996786970579937],[31.727924010279121,29.996791195227193],[31.727925584002101,29.996795417187776],[31.727927158761744,29.996799639158347],[31.727928736631164,29.996803861158941],[31.727930316585276,29.996808082277315],[31.727931898635628,29.996812301611225],[31.72793348274768,29.996816521867395],[31.727935068944451,29.996820741241333],[31.727936657237457,29.996824958830832],[31.727938246555613,29.996829177332529],[31.727939840043081,29.996833394069821],[31.727941433530685,29.996837610807102],[31.727943031176096,29.996841826682171],[31.727944629869683,29.996846041665027],[31.727946231673023,29.996850256677885],[31.727947834524532,29.99685447079851],[31.727949440485812,29.996858684949178],[31.727951048543325,29.996862897315371],[31.727952658674045,29.996867109701586],[31.727954270889484,29.996871321205571],[31.727955886226184,29.99687553183735],[31.727957502611069,29.996879741576894],[31.727959123130759,29.996883952258717],[31.727960743685085,29.996888160233816],[31.727962368385729,29.99689236824895],[31.72796399412303,29.996896576274068],[31.727965622981607,29.996900783427009],[31.727967253936416,29.996904988795457],[31.727968886964437,29.996909194183939],[31.727970523113736,29.996913398700197],[31.727972161336233,29.996917603236476],[31.727973801654976,29.996921805988297],[31.72797544404694,29.996926008760123],[31.727977089560174,29.996930210659748],[31.727978738194668,29.996934411687153],[31.727980387877345,29.996938611822326],[31.72798203963325,29.996942811977512],[31.727983695546968,29.996947011270485],[31.727985352520367,29.996951208768998],[31.727987012592028,29.996955407199767],[31.727988675807975,29.996959602953861],[31.727990341097144,29.996963798727972],[31.727992009507584,29.996967993629845],[31.727993678943193,29.996972189443973],[31.727995350498045,29.996976381669164],[31.727997027224255,29.996980574846649],[31.727998703962101,29.996984767121862],[31.728000384846254,29.996988959437132],[31.728002067838165,29.996993149065698],[31.728003752903287,29.996997338714273],[31.728005442114714,29.997001528402894],[31.728007132385844,29.997005716297025],[31.728008825766739,29.997009904221191],[31.728010522280417,29.997014090370911],[31.728012220878835,29.997018275638396],[31.728013921550463,29.997022460925898],[31.728015626379921,29.997026645351205],[31.728017333305612,29.997030827992042],[31.728019042316035,29.997035009750658],[31.728020755461269,29.997039192451549],[31.7280224696662,29.99704337335795],[31.728024186992414,29.997047553392154],[31.728025908487947,29.997051731661909],[31.728027631020154,29.997055909941675],[31.728029356673659,29.997060087349208],[31.728031085448439,29.997064263884557],[31.728032817355999,29.997068438645435],[31.728034551325287,29.997072614328562],[31.728036288427361,29.997076788237248],[31.728038027625661,29.99708096036148],[31.728039770981802,29.997085131623468],[31.72804151743621,29.997089303817749],[31.728043264950308,29.997093474217547],[31.728045015597207,29.997097642842906],[31.728046770401928,29.997101810606051],[31.72804852830491,29.997105979301462],[31.72805028831565,29.997110145310163],[31.728052050399622,29.997114311338891],[31.728053815616381,29.997118475593151],[31.728055584990972,29.997122638985221],[31.728312652844437,29.997659654584105],[31.728618585519119,29.998176900150209],[31.728971395597235,29.998671012963854],[31.729368789811552,29.999138783427124],[31.729808186491464,29.99957716787662],[31.7298116919678,29.999580392410333],[31.729815200588551,29.999583614267241],[31.729818711305658,29.999586834339588],[31.729822224130604,29.999590051725143],[31.72982574007699,29.999593268238367],[31.72982925708315,29.999596482957021],[31.729832777222246,29.999599695901118],[31.729836298421109,29.999602907050654],[31.729839822752904,29.999606116425639],[31.729843349192539,29.999609323113813],[31.729846876691958,29.999612528007436],[31.729850408349382,29.99961573203873],[31.72985394106658,29.999618934275457],[31.729857474855056,29.9996221338154],[31.729861011776464,29.999625331580749],[31.729864551830786,29.999628527571545],[31.729868092933401,29.999631722670031],[31.729871636132376,29.999634915983943],[31.729875182475755,29.99963810662106],[31.729878728830862,29.999641296355843],[31.729882279355461,29.999644484326065],[31.729885830951329,29.999647669599483],[31.729889383595491,29.999650853980594],[31.729892940420637,29.999654035694885],[31.729896498282585,29.999657217419077],[31.729900058263866,29.99966039555424],[31.729903620330013,29.999663572807059],[31.729907184481018,29.999666749177589],[31.729910748666732,29.999669922841282],[31.729914317021937,29.999673094740412],[31.729917887473487,29.999676264854994],[31.729921458973333,29.999679434077237],[31.729925032581026,29.999682600612694],[31.729928608262089,29.999685767168032],[31.729932186062491,29.999688930134337],[31.729935765936265,29.999692093120554],[31.729939346881306,29.999695253409957],[31.729942930959275,29.999698411924818],[31.729946516097019,29.999701568645104],[31.729950103308141,29.999704725385282],[31.729953691590524,29.999707879428652],[31.729957283017338,29.999711030795233],[31.729960875480945,29.99971418217174],[31.729964471088973,29.999717330871398],[31.729968066708718,29.999720478668749],[31.729971665461377,29.999723624691526],[31.729975266310394,29.999726768929758],[31.729978867171141,29.999729912265639],[31.729982471176292,29.999733052924714],[31.729986077266322,29.999736192701452],[31.729989684416111,29.999739330683635],[31.7299932926142,29.99974246777348],[31.729996903945224,29.999745603088751],[31.730000517384077,29.999748735717212],[31.730004130823168,29.999751868345587],[31.730007747395181,29.999754999199393],[31.730011365026979,29.999758128258637],[31.730014983730044,29.999761254621049],[31.730018605543052,29.999764381013396],[31.730022229452423,29.999767505621154],[31.730025853373501,29.999770629326576],[31.730029480438997,29.99977375035521],[31.730033106491131,29.999776869569256],[31.730036736689783,29.999779988823217],[31.730040367948224,29.999783106282596],[31.730044001303003,29.999786221957411],[31.730047635717572,29.999789335837665],[31.730051272217004,29.999792448835567],[31.730054909776211,29.999795560038915],[31.730058549420299,29.999798670359908],[31.730062190124148,29.99980177888634],[31.730065832924353,29.999804885628212],[31.730069476761365,29.999807992379978],[31.730073121669644,29.999811096434929],[31.730076769710855,29.999814198715306],[31.730080417752291,29.999817300995595],[31.730084068938133,29.999820400599074],[31.730087721160793,29.999823500212461],[31.730091374443219,29.999826598031259],[31.730095028785431,29.999829694055485],[31.730098685212514,29.999832789197402],[31.730102342710854,29.999835881642486],[31.730106002271093,29.999838975009713],[31.730109662914085,29.999842064777884],[31.730113324593873,29.99984515455597],[31.730116989406593,29.999848242559487],[31.730120654231023,29.999851329660657],[31.73012432114033,29.99985441587949],[31.730127989109409,29.999857500303754],[31.730131658138262,29.999860582933447],[31.73013532925199,29.999863664680806],[31.730139002439085,29.999866746448038],[31.7301426746358,29.999869824596257],[31.730146349942459,29.999872902774353],[31.730150027333984,29.999875980070133],[31.73015370371213,29.999879055551322],[31.730157383211736,29.999882130160188],[31.730161063771099,29.999885202974465],[31.730164746415344,29.999888274906411],[31.730168429071298,29.999891345936025],[31.730172112787027,29.999894415171063],[31.730175798576134,29.999897484425986],[31.730179486473091,29.99990055099412],[31.730183174381764,29.9999036166599],[31.730186864363809,29.999906682345578],[31.730190555405628,29.999909746236682],[31.730194247507225,29.999912808333221],[31.730197939609063,29.99991587042965],[31.730201634855309,29.999918929849269],[31.730205331138357,29.999921989278789],[31.730209028481177,29.999925046913742],[31.730212725835731,29.999928103646344],[31.730216425263645,29.999931160398845],[31.73022012577432,29.999934213552287],[31.730223828346894,29.999937267627878],[31.730227530942656,29.999940319898894],[31.730231234575221,29.999943372179807],[31.730234941352212,29.999946421783903],[31.730238647092854,29.999949471377903],[31.73024235491836,29.999952520089575],[31.730246063803648,29.999955567006641],[31.730249773737217,29.999958613031378],[31.730253484719086,29.999961658163773],[31.730257196749243,29.999964702403862],[31.730260909839174,29.999967744849318],[31.730264625002491,29.999970787314709],[31.730268340189006,29.999973827975516],[31.73027205746039,29.999976867753997],[31.730275773706907,29.999979906620119],[31.730279493051896,29.999982946418385],[31.73028321347963,29.999985982617588],[31.730286933907603,29.999989018816695],[31.730290655383858,29.99999205412346],[31.730294377919897,29.999995087635654],[31.730298101481246,29.999998122059978],[31.730301827150438,30.000001153797491],[31.730305552831339,30.000004184632669],[31.730309278500993,30.000007216369966],[31.730313007303572,30.000010246332682],[31.730316736140825,30.000013273588607],[31.730320466003413,30.000016301756649],[31.730324195877706,30.000019329022347],[31.730327927836875,30.000022355405729],[31.730331660855807,30.000025379994515],[31.730335393874981,30.000028404583198],[31.73033912794244,30.000031428279542],[31.730342864094759,30.000034451093519],[31.730346600270281,30.000037472102953],[31.730350337482609,30.000040493122285],[31.730354074706661,30.000043513239248],[31.730357814004076,30.000046533376139],[31.730361554372763,30.000049550816183],[31.73036529369362,30.000052569148391],[31.730369036147394,30.000055585705994],[31.730372777564828,30.00005860225351],[31.730376521078604,30.000061617016442],[31.730380264592622,30.000064631779271],[31.730384010202993,30.000067644757518],[31.730387754777002,30.000070657725669],[31.7303915014244,30.000073670713711],[31.730395249131565,30.000076681907178],[31.730398995802393,30.000079693090534],[31.730402744558077,30.000082703391556],[31.730406495410126,30.000085711907978],[31.730410245214337,30.000088721316565],[31.730413996078319,30.000091728930553],[31.730417746954018,30.000094735642204],[31.730421499903095,30.000097742373764],[31.730425252863885,30.000100748202957],[31.730429006872964,30.000103753139825],[31.730432760882273,30.000106758076594],[31.730436515939878,30.000109762121003],[31.730440272045762,30.000112765273087],[31.730444029188458,30.000115768435052],[31.73044778636584,30.000118768890196],[31.730451543520473,30.000121771149729],[31.73045530278295,30.000124770722422],[31.730459062034161,30.00012777119727],[31.730462822333667,30.00013077077978],[31.730466581596815,30.000133770352157],[31.73047034295633,30.000136768139974],[31.730474105352645,30.0001397659377],[31.730477866724083,30.000142762823064],[31.730481630180403,30.000145758826086],[31.730485392600368,30.000148754819005],[31.730489157093714,30.000151750831829],[31.730492921598774,30.000154745942293],[31.730496687152122,30.000157740160425],[31.730500452705691,30.000160734378461],[31.730504219319055,30.000163726801908],[31.73050798592114,30.000166720127488],[31.730511752534937,30.000169712550736],[31.730515521222131,30.000172704993847],[31.730519289932523,30.000175695632411],[31.730523057595072,30.00017868716311],[31.730526828390552,30.000181676919205],[31.730530598149681,30.000184666665209],[31.730534367897558,30.000187657313347],[31.730538138705199,30.000190646166896],[31.730541909524558,30.000193634118112],[31.730545681369232,30.000196622981445],[31.730549454273689,30.000199610050224],[31.730553226130304,30.000202598011125],[31.730556999035212,30.000205585079676],[31.730560771951833,30.000208571245881],[31.73056454590526,30.000211557421988],[31.730568319870386,30.000214542695755],[31.730572094860847,30.000217528881667],[31.73057586986301,30.000220514165228],[31.73057964488838,30.000223497644203],[31.730583420927577,30.000226482937567],[31.73058719697849,30.000229467328541],[31.7305909730526,30.000232449914972],[31.73059475014054,30.000235434315769],[31.73059852725169,30.000238416911984],[31.730602305411114,30.000241398615866],[31.730606082511219,30.000244382114118],[31.730609859634527,30.000247363807773],[31.73061363881973,30.000250346423574],[31.730617416991546,30.000253327224804],[31.730621196200179,30.000256308035905],[31.730624975409039,30.000259288846912],[31.730628754618113,30.000262269657803],[31.730632533815943,30.000265251370855],[31.730636314073543,30.000268231289297],[31.730640094331356,30.000271211207668],[31.730643874589411,30.000274191125904],[31.730647654859172,30.000277170141825],[31.730651436154258,30.000280150069852],[31.730655217461049,30.000283129095564],[31.730658998768071,30.000286108121145],[31.730662780075324,30.000289087146648],[31.730666562430859,30.00029206527978],[31.730670343738563,30.000295044305055],[31.73067412505797,30.000298022428012],[31.730677908462251,30.000300999668603],[31.730681689782116,30.000303977791329],[31.730685472138784,30.000306955923953],[31.730689254495683,30.000309934056482],[31.730693037889399,30.000312912198893],[31.730696820258228,30.000315889428958],[31.730700602627291,30.000318866658947],[31.730704386033153,30.000321843898806],[31.730708169439261,30.000324821138566],[31.730711951808999,30.000327798368225],[31.730715736263608,30.00033077471554],[31.730719518633808,30.000333751945],[31.730723302040811,30.000336729184351],[31.73072708648461,30.000339706433575],[31.730730868866978,30.000342682760483],[31.730734653311234,30.000345660009522],[31.730738435682568,30.000348637238467],[31.730746002522029,30.000354589911552],[31.731320282655833,30.000806413836134],[31.731324064048621,30.000809389234579],[31.731327845453116,30.000812363730692],[31.731331625821252,30.000815338216707],[31.731335407226197,30.000818312712607],[31.731339187583295,30.00082128810066],[31.731342968988692,30.00082426259635],[31.731346749334772,30.00082723888643],[31.731350529692566,30.000830214274163],[31.731354310062056,30.000833188759568],[31.731358091445404,30.000836165059315],[31.731361870755801,30.000839141338986],[31.731365651125973,30.000842115824071],[31.731369431461935,30.000845093015766],[31.731373209736432,30.000848069285151],[31.7313769900958,30.000851044672142],[31.731380769395862,30.000854021853556],[31.731384546622969,30.000856999014871],[31.731388325912,30.00085997709829],[31.731392104176155,30.000862954269387],[31.731395882429052,30.000865932342638],[31.731399658609007,30.00086891039577],[31.731403436850883,30.00087188937103],[31.731407213019814,30.000874868326228],[31.731410990225548,30.000877847291282],[31.731414766383459,30.000880827148503],[31.731418541505001,30.000883806995624],[31.731422315578715,30.000886787734888],[31.731426090677747,30.000889769386273],[31.731429864751917,30.000892750125342],[31.731433638814824,30.000895731766544],[31.731437411818415,30.000898715202137],[31.73144118483372,30.000901697735358],[31.731444956801184,30.000904681160744],[31.731448727732282,30.000907664576037],[31.73145249864066,30.000910649795706],[31.73145626851268,30.000913635005276],[31.731460039410038,30.000916621126976],[31.731463808234434,30.000919607228603],[31.731467577047589,30.000922594232367],[31.731471343787803,30.000925581216038],[31.731475111541865,30.000928570014072],[31.731478878259583,30.000931558802016],[31.731482643940929,30.000934547579867],[31.731486408551483,30.000937539054359],[31.731490173173746,30.00094052962648],[31.731493935711576,30.000943521080782],[31.731497699263276,30.000946514349447],[31.73150145971692,30.000949506685785],[31.73150522118442,30.000952500836515],[31.731508981604076,30.000955495879367],[31.731512740975916,30.00095849181438],[31.731516499311379,30.000961487739293],[31.731520256576051,30.000964486360829],[31.731524012815846,30.000967484070053],[31.731527769044387,30.000970482681396],[31.731531524213619,30.000973483087144],[31.731535278335016,30.000976484385021],[31.731539030383459,30.000979485662821],[31.731542782420657,30.000982487842766],[31.731546533398536,30.000985491817097],[31.731550283328591,30.000988496683565],[31.731554031162737,30.000991503334443],[31.731557779008579,30.000994509082982],[31.731561524758533,30.000997516615922],[31.73156527048576,30.00100052595322],[31.731569015165139,30.001003536182679],[31.731572757760109,30.001006547294288],[31.731576500343824,30.001009559308052],[31.731580240843112,30.001012572203965],[31.731583981331152,30.001015586002019],[31.731587718686711,30.001018601574479],[31.731591456031012,30.001021618049084],[31.731595192316,30.001024636318082],[31.731598926528047,30.00102765456699],[31.731602660717371,30.001030674620285],[31.731606392822261,30.001033695555719],[31.731610123867839,30.001036718285558],[31.731613852829,30.001039741897557],[31.731617580730848,30.001042767303947],[31.731621307584856,30.00104579360249],[31.731625033391033,30.001048820793184],[31.731628757101294,30.00105184976826],[31.731632479763736,30.001054879635504],[31.731636201355386,30.001057912199379],[31.731639919837505,30.001060944733176],[31.731643639333473,30.001063979081344],[31.731647354660375,30.001067015193936],[31.731651069976024,30.001070052208672],[31.731654784232362,30.001073091017798],[31.731658496404279,30.001076130709091],[31.731662206480298,30.001079172184756],[31.731665915497004,30.00108221545484],[31.731669623477341,30.001085258714834],[31.731673328313722,30.001088304651489],[31.731677032090786,30.001091352382513],[31.731680734820024,30.001094401005695],[31.731684435441881,30.001097452315527],[31.731688133990783,30.001100503605297],[31.731691832516969,30.001103556699416],[31.731695526874081,30.001106611557972],[31.73169922119698,30.00110966912316],[31.73170291343547,30.001112727570494],[31.731706602541468,30.001115787792262],[31.731710291636215,30.001118848916153],[31.731713977586995,30.001121912716719],[31.731717662478466,30.001124978311658],[31.731721346333579,30.001128043896514],[31.731725027033256,30.001131113060275],[31.731728705648504,30.00113418310621],[31.731732383204445,30.00113725494651],[31.731736058675953,30.001140327668981],[31.731739732028615,30.001143403980361],[31.731743403296854,30.001146481173873],[31.731747073505783,30.00114956016181],[31.731750739545639,30.001152640914171],[31.731754404537643,30.00115572255865],[31.731758068447398,30.001158807802053],[31.731761730272723,30.001161893927591],[31.73176538896557,30.001164981827568],[31.731769045539558,30.001168073316421],[31.731772701077183,30.001171164795171],[31.731776353470853,30.001174258950606],[31.731780003780095,30.001177353988194],[31.73178365198196,30.001180451712425],[31.731787298076448,30.001183552123326],[31.731790942075037,30.001186654318619],[31.731794583989206,30.001189757396062],[31.731798222759412,30.001192863150198],[31.731801861506892,30.0011959707087],[31.731805495037229,30.001199080923897],[31.73180912750826,30.001202192933476],[31.73181275788339,30.001205306727474],[31.731816386151142,30.001208423208119],[31.731820011297884,30.001211540560938],[31.731823635373843,30.001214660610408],[31.731827255269248,30.001217783326531],[31.731830873068748,30.001220907827083],[31.73183448877235,30.001224034112045],[31.731838102368584,30.001227163083637],[31.73184171283232,30.001230293829668],[31.731845322225276,30.00123342727235],[31.731848927437682,30.001236563381674],[31.731852530565661,30.001239700373191],[31.731856130549666,30.00124284004135],[31.731859729462897,30.001245982406164],[31.731863325232165,30.00124912744765],[31.731866916843828,30.001252273351309],[31.731870508421292,30.001255421961616],[31.73187409478161,30.001258573228601],[31.731877680071147,30.00126172719223],[31.731881262228196,30.001264882930297],[31.731884841241278,30.001268041345007],[31.73188841814699,30.001271202446368],[31.731891991920214,30.001274365322192],[31.731895562560936,30.001277529972395],[31.731899131082823,30.001280698211517],[31.731902696472222,30.001283868225062],[31.731906258717643,30.001287040915269],[31.731909817819112,30.001290216282129],[31.731913374824678,30.001293393433432],[31.731916928686278,30.001296573261389],[31.731920480440508,30.001299755776],[31.731924028025645,30.001302940055051],[31.731927573491951,30.001306127922987],[31.731931114789163,30.001309317555386],[31.731934652942424,30.001312509864437],[31.731938188976827,30.001315705762394],[31.731941721878748,30.001318903434775],[31.73194525164817,30.001322102881588],[31.731948779298747,30.001325305917291],[31.731952301732189,30.001328511609682],[31.731955823094836,30.001331719998728],[31.731959340288405,30.001334930152218],[31.731962854326529,30.001338143884631],[31.731966365232172,30.001341359391446],[31.731969871957258,30.001344577564971],[31.731973376563495,30.001347799327377],[31.731976878037241,30.001351022864235],[31.731980376355548,30.00135424997999],[31.73198387050477,30.001357478860172],[31.731987361487086,30.001360712221526],[31.731990849359853,30.001363945552839],[31.731994333017656,30.00136718425755],[31.731997813554425,30.001370423834452],[31.732001291960877,30.001373667902509],[31.732004766198258,30.001376913734976],[31.732008237291669,30.001380162244157],[31.732011704193042,30.001383414322248],[31.732015167961933,30.001386668174778],[31.732018627538789,30.001389925596225],[31.732022085008268,30.001393185704334],[31.732025538285722,30.001396449381389],[31.732028987394095,30.001399714822877],[31.732032433358501,30.001402982941038],[31.73203587513088,30.001406254628151],[31.732039313747816,30.001409529894158],[31.732042749232257,30.001412806934614],[31.732046179499555,30.001416086631764],[31.732049607636526,30.001419370820074],[31.732053030567833,30.001422656762841],[31.732056451380281,30.001425946294511],[31.732059866964111,30.001429239385104],[31.732063280452039,30.001432534260147],[31.732066687686231,30.001435831781915],[31.732070092790103,30.001439133794811],[31.732073493724883,30.00144243757217],[31.732076890467635,30.001445744918456],[31.732080283018362,30.001449055833668],[31.732083672425112,30.001452369425589],[31.73208705661472,30.001455685674195],[31.732090437660364,30.001459004599493],[31.732093814502495,30.001462327995931],[31.732097188200669,30.001465654069094],[31.732100556681686,30.00146898279894],[31.732103922007269,30.001472315107733],[31.732107283152285,30.001475650083218],[31.73211063906869,30.001478988617627],[31.732113991841114,30.001482329828743],[31.732117340421514,30.001485674608787],[31.732120683773282,30.00148902294778],[31.732124023981083,30.001492373963462],[31.732127360008331,30.001495727645832],[31.732130690795483,30.001499085789415],[31.732134018450132,30.00150244570742],[31.732137340864689,30.001505810086631],[31.732140659098693,30.001509177132537],[31.732143973140651,30.001512547747382],[31.732147282990585,30.001515921931166],[31.732150587623362,30.001519298771669],[31.732153888064104,30.001522679181122],[31.732157185360887,30.001526062267235],[31.732160477429041,30.001529448912319],[31.732163764257088,30.001532840018598],[31.732167046916054,30.001536232889357],[31.732170325371506,30.001539630231271],[31.732173598609815,30.001543030229904],[31.732176867656083,30.001546433797497],[31.732180132510322,30.001549840934025],[31.732183392147398,30.001553250727273],[31.732186646555849,30.001556664079487],[31.73218989676079,30.00156008190288],[31.732193142785174,30.001563502392958],[31.732196383580931,30.001566926442017],[31.732199620196123,30.001570353157785],[31.732449595491577,30.001864344968212],[31.732664453963963,30.002178664721974],[31.732842034636203,30.002510147994759],[31.7329805467302,30.002855453435721],[31.733078595081309,30.003211103610631],[31.733135191158457,30.003573516684234],[31.733149765065853,30.003939042625802],[31.733122169253551,30.004303999336436],[31.733052681180446,30.004664709670848],[31.732941999722989,30.005017541107971],[31.732791240614759,30.005358939999873],[31.732601921517574,30.005685465722962],[31.732375949082694,30.00599383116597],[31.73211559895832,30.006280926909238],[31.731823494503843,30.006543865244065],[31.731819770268988,30.00654689283347],[31.731816040885093,30.006549917666081],[31.731812308448433,30.006552937957441],[31.731808570874239,30.006555954589789],[31.731804830235781,30.006558967583093],[31.731801084459782,30.006561976917389],[31.731797334594368,30.006564981700414],[31.73179358062805,30.006567982834433],[31.731789823597488,30.006570980329396],[31.731786062466025,30.006573974175353],[31.731782296197018,30.006576964362292],[31.731778526875242,30.006579950007957],[31.731774753452562,30.006582932004591],[31.731770974892342,30.006585910342213],[31.731767194304521,30.006588885050785],[31.731763407553984,30.006591855188127],[31.731759618775847,30.006594821696417],[31.731755825873858,30.00659778636015],[31.731752028905394,30.006600744668148],[31.731748227813089,30.006603701131588],[31.731744422631365,30.00660665304375],[31.731740615410558,30.00660960222913],[31.731736803075172,30.006612545951],[31.731732986615921,30.00661548782832],[31.731729167103911,30.006618425164358],[31.731725343491,30.006621358851362],[31.731721516813835,30.006624288899335],[31.731717687060947,30.0066272162105],[31.731713852181997,30.006630138960428],[31.731710015275432,30.00663305808127],[31.731706173219859,30.006635974445359],[31.731702328111513,30.006638886268163],[31.731698479927442,30.006641795354149],[31.731694627642472,30.006644700791107],[31.731690772304731,30.006647601686783],[31.731686913891266,30.006650499845662],[31.731683051365437,30.006653395257739],[31.731679184738699,30.006656287020792],[31.731675316095846,30.006659174252544],[31.731671443340616,30.006662058737501],[31.731667567521143,30.006664939583416],[31.731663687600779,30.006667816780315],[31.731659804604682,30.006670691240384],[31.731655918544334,30.006673562061412],[31.731652030456392,30.006676429253382],[31.731648137230902,30.00667929278633],[31.73164424196635,30.006682153592454],[31.73164034260089,30.00668501074955],[31.731636440159708,30.00668786516983],[31.731632534654285,30.006690715951066],[31.731628626084611,30.006693563093261],[31.731624714427731,30.006696408400884],[31.731620799729569,30.006699248264987],[31.731616881944195,30.006702086294514],[31.731612961106055,30.006704919782756],[31.731609036132596,30.006707752328655],[31.731605109143015,30.006710580343285],[31.731601179100654,30.006713403816615],[31.731597245959623,30.006716226357618],[31.73159330872917,30.006719044347321],[31.731589370496305,30.006721859620228],[31.73158542815106,30.006724672146298],[31.731581482741564,30.006727481033337],[31.731577535293003,30.006730287193541],[31.73157358374354,30.006733089704714],[31.731569630166479,30.006735888586828],[31.731565673502214,30.006738685634375],[31.73156171376224,30.006741479945088],[31.73155775200614,30.006744269724521],[31.731553787162838,30.006747057669351],[31.731549819243817,30.006749842877401],[31.731545848260549,30.006752624446378],[31.731541875238207,30.00675540328854],[31.731537899140143,30.006758179393884],[31.731533919989321,30.006760950957929],[31.73152993878794,30.006763720697396],[31.731525954510833,30.006766487700048],[31.731521968194656,30.006769251975879],[31.731517977754631,30.006772014407126],[31.731513986335134,30.006774772317062],[31.731509991851397,30.006777526587964],[31.731505994268975,30.00678027992652],[31.731501994658974,30.006783029636001],[31.731497991973239,30.00678577660867],[31.73149398828507,30.006788520864493],[31.731489980473068,30.006791263275751],[31.731485969596825,30.006794002047958],[31.731481957718152,30.00679673810334],[31.731477943800403,30.006799471431883],[31.731473925770292,30.006802202013617],[31.73146990673775,30.006804929878506],[31.7314658846295,30.006807655006586],[31.731461860482167,30.006810377407835],[31.731457834295767,30.006813097082244],[31.731453805022159,30.006815814922096],[31.731449773720971,30.006818529132868],[31.731445740357739,30.006821242421271],[31.731441703941751,30.006823951168407],[31.731437666511866,30.006826658100934],[31.731433625994779,30.006829363198879],[31.731429583450097,30.006832064667751],[31.731425537818218,30.006834764302045],[31.731421491183923,30.006837461219483],[31.731417442510544,30.006840155410121],[31.731413389724803,30.006842846853932],[31.731409336950332,30.00684553739535],[31.731405281111627,30.006848224297737],[31.73140122322236,30.006850909375522],[31.731397163305509,30.006853590824228],[31.731393101326624,30.006856271350603],[31.73138903730867,30.006858949150125],[31.731384971251657,30.006861624222822],[31.731380903155557,30.006864296568693],[31.73137683300892,30.006866967089955],[31.731372760823206,30.00686963488441],[31.731368686586951,30.006872300854248],[31.73136461133679,30.006874965009484],[31.731360532999428,30.006877627330145],[31.731356452634479,30.006880286021723],[31.731352372292278,30.006882942908689],[31.731348287826233,30.006885597951108],[31.731344202357768,30.00688825027666],[31.731340114838758,30.006890900777609],[31.731336026317315,30.006893548561724],[31.731331934697206,30.00689619541351],[31.731327842086156,30.00689883864618],[31.731323747413079,30.006901480956515],[31.73131965068945,30.006904121442247],[31.731315552963402,30.006906759211134],[31.731311453186809,30.006909395155436],[31.731307351359661,30.006912029275131],[31.731303247493454,30.006914660667995],[31.731299142613338,30.006917290246257],[31.731295035682685,30.006919917999912],[31.731290927738129,30.006922543938973],[31.731286817743026,30.006925168053424],[31.731282705697367,30.006927790343287],[31.7312785926493,30.006930409916308],[31.731274477550684,30.006933027664726],[31.731270362474817,30.006935643608536],[31.731266244300279,30.006938258619986],[31.731262124086669,30.006940870904607],[31.731258002847675,30.00694348227686],[31.731253880606271,30.006946090932271],[31.731249757350966,30.006948697773058],[31.731245631008466,30.006951302779278],[31.731241503640593,30.006953906873111],[31.731237376295468,30.00695650916235],[31.731233245874627,30.006959108714746],[31.731229115465055,30.006961707364752],[31.731224981968293,30.006964304180194],[31.731220848494271,30.00696689919101],[31.731216712958229,30.006969493279456],[31.731212576419782,30.006972084651071],[31.731208437819291,30.006974675100309],[31.731204298216397,30.006977262832716],[31.731200157588113,30.006979849652748],[31.731196015934454,30.00698243556041],[31.731191872230252,30.006985019643476],[31.731187727512161,30.006987601911923],[31.731183581768679,30.006990183268016],[31.731179435022788,30.006992761907227],[31.731175287251517,30.006995339634113],[31.73117113740674,30.00699791734084],[31.731166986559554,30.007000492330754],[31.731162834709949,30.007003064603801],[31.73115868182348,30.007005636866719],[31.731154527911642,30.007008208217261],[31.731150372997384,30.007010776850965],[31.731146216021099,30.007013344562306],[31.731142059044611,30.007015912273506],[31.731137900017572,30.007018478160095],[31.731133741013288,30.007021042242073],[31.731129579969938,30.007023603597208],[31.731125418914896,30.007026165854452],[31.731121255809313,30.007028726287093],[31.731117092726489,30.007031284915119],[31.731112927581638,30.007033842620761],[31.731108762436573,30.007036400326292],[31.731104596289086,30.00703895531495],[31.73110042806811,30.007041510283489],[31.731096259869872,30.00704406344741],[31.73109209065775,30.007046614796732],[31.731087921445422,30.007049166145901],[31.731083750182535,30.007051715670485],[31.731079577882802,30.007054265184927],[31.731075404580658,30.007056811982505],[31.731071231278293,30.007059358779966],[31.731067056950554,30.007061904665033],[31.731062881608938,30.007064448735505],[31.731058706267099,30.007066992805825],[31.731054528863222,30.007069535953796],[31.731050351470639,30.007072078199378],[31.731046173064158,30.007074618630345],[31.73104199362081,30.007077159051192],[31.731037814200228,30.007079697667411],[31.731033633742776,30.007082236273515],[31.731029453308089,30.007084773074972],[31.731025270799893,30.007087309856303],[31.731021089339613,30.007089845745266],[31.73101690581732,30.007092380711853],[31.731012722306282,30.007094914776062],[31.731008537769885,30.007097447927897],[31.731004353233267,30.007099981079616],[31.73100016663463,30.007102513308951],[31.730995981095404,30.007105043743639],[31.730991794519312,30.007107574168209],[31.7309876079545,30.007110103690408],[31.730983420352825,30.007112633202482],[31.730979231725776,30.007115161802158],[31.730975043098507,30.007117690401696],[31.730970854494007,30.007120217196629],[31.730966663815998,30.007122743971429],[31.730962474185905,30.007125269853841],[31.730958283518966,30.007127795726131],[31.730954092863289,30.007130320696024],[31.730949902218892,30.007132844763547],[31.7309457094895,30.007135369713165],[31.730941517819527,30.00713789286819],[31.730937325112688,30.007140416013058],[31.730933133442282,30.007142939167782],[31.730928939709859,30.007145461400135],[31.730924745988702,30.007147982730107],[31.730920552255856,30.007150504962176],[31.730916357497641,30.007153026281884],[31.730912163787348,30.007155546709189],[31.730907970076846,30.007158067136356],[31.730903775329477,30.007160587553404],[31.730899579556741,30.007163107058069],[31.730895383783793,30.007165626562603],[31.730891189047288,30.00716814607696],[31.730886993273916,30.007170665581214],[31.730882797500346,30.007173185085307],[31.730878601749531,30.007175702784785],[31.730874404938891,30.007178222278608],[31.73087020918765,30.007180739977827],[31.730866013436216,30.007183257676878],[31.730861815599777,30.007185776258051],[31.73085761984791,30.007188293956816],[31.730853423059198,30.007190811645462],[31.73084922625878,30.007193330236195],[31.730845030506284,30.007195847934547],[31.730836635890729,30.007200883300854],[31.730260472213132,30.007546529959544],[31.730256298373394,30.007549034314586],[31.730252123508283,30.007551537757251],[31.730247949668136,30.007554042112034],[31.730243775839266,30.007556545564434],[31.730239601998694,30.007559049918921],[31.730235428157929,30.007561554273263],[31.730231253291787,30.007564057715239],[31.730227079462086,30.007566561167078],[31.730222904595525,30.007569064608766],[31.730218729728758,30.007571568050327],[31.73021455588696,30.007574072403994],[31.730210381031274,30.00757657494303],[31.730206206163885,30.007579078384172],[31.730202032344437,30.007581580932936],[31.730197857476632,30.007584084373779],[31.730193680558301,30.007586585990033],[31.730189505690085,30.007589089430599],[31.730185330844648,30.007591591066575],[31.730181154962352,30.007594092692393],[31.730176979068354,30.00759659522031],[31.730172803197132,30.007599095943629],[31.730168627325703,30.007601596666781],[31.73016445144258,30.007604098292042],[31.730160273497432,30.007606598994936],[31.730156096600226,30.007609098805446],[31.730151919702802,30.007611598615828],[31.730147742793687,30.007614099328279],[31.730143564859201,30.007616599128365],[31.730139386935999,30.00761909802608],[31.730135209012591,30.007621596923645],[31.730131031100463,30.007624094918835],[31.730126852151486,30.007626592903875],[31.730122673202288,30.007629090888802],[31.730118494264392,30.007631587971325],[31.730114314289626,30.007634085043726],[31.730110134326143,30.007636581213735],[31.730105954362447,30.007639077383626],[31.730101773373395,30.007641572641113],[31.73009759238413,30.007644067898458],[31.730093410369495,30.007646562243441],[31.730089229391311,30.007649056598289],[31.730085046351103,30.00765155003074],[31.73008086435884,30.007654042570824],[31.730076681318213,30.007656536003001],[31.730072498300373,30.007659027630556],[31.730068314234178,30.007661520150219],[31.730064129154105,30.007664010855244],[31.730059945121972,30.007666500667909],[31.730055760041491,30.007668991372668],[31.730051573947126,30.007671480262815],[31.730047387852554,30.007673969152805],[31.73004320073262,30.007676457130426],[31.730039013623969,30.007678944205665],[31.730034826515116,30.007681431280773],[31.730030639417546,30.007683917453488],[31.730026450257952,30.007686402703822],[31.730022261109649,30.007688887051774],[31.73001807091298,30.007691372291852],[31.730013880750601,30.007693854825039],[31.730009689539855,30.007696338250351],[31.730005499388547,30.007698819881025],[31.730001307175218,30.007701300589328],[31.729997113925027,30.007703781287475],[31.729992920686129,30.007706261083257],[31.729988728495169,30.007708739986668],[31.729984533205521,30.007711217957659],[31.729980337915681,30.007713695928537],[31.729976142648614,30.007716172094796],[31.729971947381351,30.007718648260905],[31.729967750063551,30.007721122602412],[31.729963551708892,30.007723596933754],[31.729959354402176,30.007726070372737],[31.729955155044927,30.007728541987078],[31.729950955687478,30.007731013601301],[31.729946755304653,30.007733484303134],[31.729942553896464,30.007735954092556],[31.729938352499573,30.007738422979635],[31.729934150077309,30.00774089095431],[31.729929946641171,30.007743357114382],[31.729925744241481,30.007745823284306],[31.729921538754613,30.007748287619606],[31.72991733430419,30.007750751964764],[31.72991312675509,30.007753215377551],[31.729908921302087,30.007755677005701],[31.729904712750404,30.007758137701472],[31.729900504198515,30.007760598397109],[31.729896294632752,30.007763057278126],[31.729892085078284,30.007765515256743],[31.729887874509945,30.007767971420758],[31.729883661879573,30.007770426662375],[31.729879450285665,30.007772881913862],[31.729875235604563,30.007775335330717],[31.729871021982902,30.00777778695295],[31.729866807324385,30.007780238565051],[31.72986259060384,30.007782689254761],[31.729858373906087,30.007785138139848],[31.729854156194463,30.00778758521032],[31.72984993848263,30.007790032280656],[31.729845717695113,30.007792476614103],[31.729841496895887,30.007794921849669],[31.729837276119458,30.007797365280606],[31.729833053303992,30.007799805984675],[31.729828830488319,30.007802246688588],[31.729824605622124,30.007804685567908],[31.729820380755719,30.007807124447073],[31.72981615385029,30.00780956059937],[31.729811926956156,30.007811995849284],[31.729807699036652,30.007814430186812],[31.729803470103274,30.007816862709713],[31.729799239096376,30.007819295212474],[31.729795008123769,30.00782172500838],[31.729790776125792,30.007824153891903],[31.72978654311396,30.007826580960792],[31.729782308040086,30.007829007107286],[31.729778072977521,30.007831432351423],[31.729773836912575,30.00783385487869],[31.729769598774112,30.007836277385803],[31.729765359633273,30.00783869717603],[31.729761120503731,30.007841116063901],[31.729756880348823,30.00784353403937],[31.729752638143385,30.007845950190234],[31.729748394912594,30.007848365428696],[31.729744150679423,30.007850777950299],[31.729739906469053,30.007853188667291],[31.729735660185153,30.00785559936412],[31.729731411850736,30.007858008236319],[31.729727162502446,30.007860415293894],[31.729722914225107,30.00786281965463],[31.729718662837584,30.007865223985192],[31.729714410424712,30.007867627403364],[31.729710157020953,30.007870027202454],[31.729705901555171,30.007872426079121],[31.729701647137347,30.007874824063443],[31.729697389632346,30.0078772202131],[31.729693132161625,30.007879613655923],[31.729688871580738,30.007882007068581],[31.729684612070791,30.007884397784387],[31.729680350510332,30.007886786675556],[31.729676086899332,30.007889173742097],[31.729671822262983,30.007891559896244],[31.72966755661276,30.007893944235757],[31.729663289948672,30.007896326760665],[31.72965902124557,30.007898706558702],[31.729654751505599,30.007901086346589],[31.729650480763258,30.007903463417598],[31.729646209007058,30.007905838673985],[31.729641935200334,30.007908212105754],[31.729637661416408,30.007910583732883],[31.729633384533805,30.007912954427614],[31.729629106648822,30.007915322405498],[31.729624827761487,30.007917687666499],[31.729620547848779,30.00792005201512],[31.729616266922214,30.007922414549114],[31.729611983933633,30.007924776160703],[31.729607699954187,30.007927134153189],[31.729603413912709,30.007929491223294],[31.729599126868877,30.007931845576522],[31.729594837763027,30.007934199007366],[31.729590547654805,30.007936549721332],[31.72958625653273,30.007938898620662],[31.729581964396782,30.007941245705386],[31.729577670210311,30.007943590965457],[31.729573375009995,30.007945934410905],[31.729569077770641,30.007948275129486],[31.729564779517432,30.00795061403343],[31.729560479213706,30.007952951112756],[31.729556177896125,30.007955286377431],[31.72955187453951,30.007957618915245],[31.729547570169039,30.007959949638426],[31.729543264796199,30.007962277644733],[31.729538957361353,30.00796460472867],[31.72953464788748,30.007966929085704],[31.729530338436401,30.007969251638119],[31.729526025898164,30.007971572355892],[31.729521712357545,30.007973890356809],[31.729517396777915,30.007976205630847],[31.729513081221082,30.007978519100256],[31.729508762577066,30.007980830735026],[31.729504442930693,30.007983139652932],[31.729500122270469,30.007985446756194],[31.729495798523065,30.007987752024817],[31.729491473784798,30.007990053674341],[31.729487148021175,30.007992354411474],[31.729482821255196,30.007994652431726],[31.72919374364637,30.00814120190719],[31.728898141363185,30.008277533588164],[31.728893614295274,30.008279520148491],[31.728889086236549,30.008281503089695],[31.728884556127333,30.008283484206228],[31.728880025015791,30.008285462605894],[31.728875492878913,30.008287440093138],[31.728870958714555,30.008289413951253],[31.728866423536363,30.00829138599472],[31.728861888381012,30.008293356233544],[31.728857350161523,30.00829532283322],[31.728852810928199,30.008297287618252],[31.728848270681041,30.008299250588635],[31.728843730468231,30.008301210852146],[31.728839187156762,30.008303170183215],[31.72883464285448,30.008305125895152],[31.72883009651321,30.008307078880211],[31.728825551219938,30.008309030972882],[31.728821002851017,30.008310980328616],[31.728816454516441,30.008312926977492],[31.728811903094709,30.008314871791683],[31.728807351695821,30.008316814801251],[31.728802799283098,30.008318755996175],[31.728798244819892,30.008320695366407],[31.728793690402544,30.008322631127562],[31.728789133934697,30.008324565064029],[31.72878457644153,30.008326498088074],[31.728780016909372,30.008328428385255],[31.728775457411562,30.008330355975538],[31.728770895863263,30.008332281741154],[31.728766334337813,30.008334205702145],[31.728761770761867,30.008336127838472],[31.728757207208769,30.008338048170135],[31.72875264059153,30.00833996486266],[31.728748075022285,30.008341880662826],[31.728743507402548,30.008343794638282],[31.728738937732341,30.0083457067891],[31.728734368084968,30.008347617135275],[31.728729797435278,30.008349524764554],[31.728725224735108,30.008351430569178],[31.72872065203477,30.008353336373631],[31.728716078355124,30.008355237656733],[31.728711502613493,30.008357138017381],[31.728706926894695,30.008359036573424],[31.72870234912542,30.008360933304772],[31.72869777137899,30.008362828231487],[31.728693191582067,30.008364721333546],[31.728688611819504,30.008366611728714],[31.728684029994952,30.00836850120147],[31.728679448193237,30.008370388869572],[31.728674865377698,30.008372274723037],[31.7286702805232,30.008374157849584],[31.728665695668528,30.008376040975971],[31.728661109811533,30.008377921385456],[31.728656522940728,30.0083797999803],[31.728651935067607,30.00838167585826],[31.728647346157658,30.008383551726034],[31.728642756245403,30.008385424876902],[31.728638165307817,30.00838729711537],[31.728633574404586,30.008389166646971],[31.728628981439368,30.008391035256128],[31.728624388496989,30.008392902060631],[31.728619793504141,30.008394767040482],[31.728615197485968,30.008396631107914],[31.728610601490637,30.008398493370706],[31.728606004492999,30.008400352916599],[31.728601407506694,30.008402211560092],[31.72859680949507,30.008404069291192],[31.728592210469643,30.008405925207615],[31.72858760939372,30.008407779299372],[31.72858300835216,30.008409630684234],[31.728578407310433,30.008411482068958],[31.728573804218222,30.008413331628983],[31.728569201137358,30.008415180286633],[31.72856459601752,30.008417026217373],[31.728559990909023,30.008418871245699],[31.728555385811877,30.008420715371621],[31.728550778675761,30.008422556770636],[31.72854617155097,30.008424397267252],[31.728541564437535,30.00842623686145],[31.728536955273619,30.008428074630991],[31.728532345095889,30.008429910585864],[31.728527734929504,30.008431745638351],[31.728523123737798,30.008433579778412],[31.728518511532283,30.008435412103832],[31.728513900386275,30.008437242634592],[31.728509287166773,30.008439073145183],[31.728504672944979,30.008440900938865],[31.728500058734518,30.00844272783015],[31.728495443498741,30.008444553809003],[31.728490828274307,30.008446378885477],[31.72848621203606,30.008448202147282],[31.728481593747343,30.008450023584416],[31.728476976495124,30.008451845031395],[31.728474277647756,30.008452908090952],[31.728471577763688,30.008453971140451],[31.728469659393145,30.008454726820958],[31.728467738937741,30.008455483383621],[31.728463119669236,30.008457300298872],[31.728458500412088,30.008459116311737],[31.728453879115964,30.008460929597689],[31.728449256771516,30.008462743775688],[31.728444635475064,30.008464557061302],[31.728440013176307,30.00846636763001],[31.728435388804076,30.008468178178543],[31.72843076549135,30.008469986932433],[31.72842614115331,30.008471794773886],[31.72842151578995,30.008473601702949],[31.728416891474605,30.008475407739606],[31.728412265097276,30.00847721285383],[31.728407637694627,30.008479017055649],[31.728403011339989,30.008480820365065],[31.728398383983055,30.00848262095759],[31.728393755577784,30.008484422442159],[31.728389127195371,30.008486222122098],[31.72838449778763,30.008488020889601],[31.728379869427911,30.008489818764716],[31.728375239006208,30.008491615717414],[31.728370607559189,30.008493411757673],[31.728365977160177,30.008495206905547],[31.728361345735848,30.008497001140988],[31.728356714334382,30.008498793571814],[31.728352080859423,30.008500585982425],[31.728347448420966,30.00850237840287],[31.728342814968698,30.008504169008681],[31.728338180502629,30.008505957799816],[31.72833354707306,30.008507746600802],[31.72832891259516,30.008509536293843],[31.728324278151618,30.00851132328],[31.728319642671263,30.008513110255972],[31.728315007213748,30.008514895427314],[31.728310370730938,30.008516679686227],[31.728305734236443,30.008518464847203],[31.728301096728146,30.008520248193527],[31.72829646026786,30.008522030647441],[31.72829182277076,30.008523813091195],[31.728287185285001,30.008525594632552],[31.728282545725754,30.008527376153673],[31.72827790826269,30.008529155890212],[31.728273268737649,30.008530934704297],[31.72826862920094,30.008532714420443],[31.728263989687086,30.008534492331954],[31.728259350173083,30.008536270243319],[31.728254709633749,30.008538047242233],[31.728250069105776,30.008539823338754],[31.728245427540973,30.008541599425076],[31.728240787035698,30.008543373716783],[31.728236146518753,30.008545148910557],[31.728231503939824,30.008546923181903],[31.72822686240891,30.008548696560826],[31.728222219841172,30.008550469929588],[31.728217578321456,30.008552242405965],[31.728212934728244,30.008554014862121],[31.728208292183048,30.008555786425905],[31.728203648601031,30.008557557979508],[31.72819900607853,30.008559327738457],[31.72819436249619,30.008561099291715],[31.728189718936708,30.008562869040318],[31.728185075388584,30.008564637886511],[31.728180430803633,30.008566406722547],[31.728175786218522,30.008568175558384],[31.72817114162174,30.008569945296291],[31.728166497047823,30.008571713229582],[31.72816185248525,30.008573480260441],[31.728157206874346,30.008575248183345],[31.728152562311458,30.008577015213884],[31.728147916711748,30.008578782234217],[31.72814327112339,30.00858054835215],[31.728138624486686,30.00858231536213],[31.728133979946183,30.008584080587511],[31.728129334368855,30.008585845802699],[31.728124687743186,30.008587611909938],[31.728120042165543,30.008589377124785],[31.728115395551068,30.00859114232945],[31.728110748947952,30.008592906631712],[31.728106103369829,30.008594671846055],[31.728101456754874,30.008596437050215],[31.728096810151285,30.008598201351962],[31.728092162510855,30.008599965643523],[31.728087516943603,30.008601729954965],[31.728082870339524,30.008603494256189],[31.728078222710135,30.008605257645009],[31.728073577142403,30.008607021955928],[31.728068929501184,30.008608786246644],[31.728064282907987,30.008610549644978],[31.728059636314619,30.008612313043123],[31.728050342079246,30.008615840731157],[31.727433982139733,30.008849778792356],[31.72742938448997,30.008851523691707],[31.727424787876711,30.008853268600912],[31.727420191251792,30.008855014412191],[31.72741559463822,30.008856759321059],[31.727410998024496,30.008858504229782],[31.727406401410615,30.008860249138312],[31.727401804785071,30.008861994948919],[31.727397208159356,30.00886374075937],[31.727392611510457,30.00886548837412],[31.727388015921107,30.00886723419427],[31.727383421356741,30.008868980926497],[31.727378824695851,30.008870729443004],[31.727374230119661,30.008872477077148],[31.727369634495126,30.008874225603332],[31.727365039884074,30.008875975943841],[31.727360446309529,30.00887772629423],[31.727355851698153,30.008879476634419],[31.727351259148442,30.00888122789673],[31.727346665538871,30.008882980953302],[31.727342072965815,30.008884734019752],[31.727337481417742,30.008886487998307],[31.72733288882133,30.008888242868899],[31.72732829828659,30.008889998661608],[31.72732370669198,30.008891756248605],[31.727319117170534,30.008893513855476],[31.72731452658925,30.008895273256641],[31.727309938069606,30.008897033579906],[31.727305348501631,30.00889879479525],[31.727300762020455,30.008900557844971],[31.727296174490942,30.00890232178671],[31.727291587963382,30.008904088445032],[31.727287002472323,30.008905855113237],[31.727282416969601,30.008907622683495],[31.727277833505486,30.008909392980332],[31.72727324899304,30.008911164169231],[31.727268665494055,30.008912937172468],[31.727264084056731,30.00891471109782],[31.727259502596212,30.008916486827484],[31.727254923174321,30.008918265283736],[31.727250343740739,30.008920044642064],[31.727245765320621,30.008921825814731],[31.72724118791399,30.008923608801727],[31.727236611520826,30.008925393603057],[31.727232036129607,30.00892718112096],[31.727227460715199,30.008928970443154],[31.727222887373962,30.008930759785244],[31.727218315023148,30.008932552746145],[31.727213743674287,30.008934348423633],[31.72720917335042,30.008936145013198],[31.727204604028501,30.008937944319328],[31.727200035708535,30.00893974634204],[31.727195469438691,30.008941550189125],[31.727190904182322,30.008943355850537],[31.727186338891233,30.008945164218481],[31.727181775638762,30.00894697531302],[31.727177214436423,30.008948788231933],[31.727172654236039,30.008950603867415],[31.727168094000927,30.008952422209443],[31.727163535804429,30.008954243278072],[31.727158979658061,30.008956066171049],[31.72715442451365,30.008957891780607],[31.727149871396321,30.008959721019021],[31.727145319292468,30.008961552071735],[31.727140768190555,30.008963385841032],[31.727136219115732,30.008965223239173],[31.727131671042855,30.008967063353886],[31.72712712500859,30.008968906195186],[31.727122579976271,30.008970751753065],[31.727118036971042,30.008972600939792],[31.727113496004417,30.008974452853099],[31.727108956051261,30.008976306580752],[31.727104418102154,30.008978165741716],[31.72709988220317,30.008980026727052],[31.727095347294625,30.008981891331182],[31.727090815461345,30.008983758671945],[31.727086283581819,30.008985629621488],[31.727081754766047,30.008987504209898],[31.727077226940697,30.008989382417134],[31.727072702190622,30.008991263360965],[31.727068178430965,30.008993147923647],[31.727063656698402,30.008995036115127],[31.727059137004431,30.008996927033241],[31.727054619314519,30.008998823384641],[31.727050103674735,30.009000721560419],[31.727045590050505,30.009002624267271],[31.727041079501554,30.009004529710751],[31.727036568894821,30.009006439665253],[31.727032062376999,30.009008354170881],[31.727027556849578,30.009010272295342],[31.727023054385928,30.009012194058634],[31.727018552912678,30.009014119440753],[31.727014054491658,30.009016049363996],[31.727009559145905,30.009017982023849],[31.727005064767539,30.009019920106994],[31.727000573452909,30.009021861828998],[31.726996084165361,30.009023807179858],[31.726991596893377,30.009025757061792],[31.726987112662091,30.009027712387066],[31.726982631506075,30.009029670448975],[31.726978151328961,30.00903163303192],[31.726973674204054,30.009033600155984],[31.726969200131382,30.009035571821155],[31.726964728085782,30.00903754711516],[31.726960259080894,30.009039527852508],[31.726955793128209,30.009041513130963],[31.72695132920262,30.009043502038278],[31.726946868317722,30.0090454963889],[31.72694240944838,30.009047495270639],[31.726937952606118,30.009049497781213],[31.726933500866362,30.009051506657411],[31.726929051153686,30.009053519162482],[31.726924603445035,30.009055537100842],[31.726920158800123,30.009057558678091],[31.726915718221065,30.009059586610924],[31.726911278620875,30.009061619064834],[31.726906844146257,30.009063656079892],[31.726902411687174,30.009065697626053],[31.726897983282417,30.009067746430045],[31.726893555879577,30.00906979795063],[31.726889132554099,30.009071854924581],[31.726884713294467,30.00907391825416],[31.726880297087053,30.009075986124824],[31.7268758829067,30.009078057624365],[31.726871472769147,30.009080137283959],[31.726530375254512,30.009263041118583],[31.726214530154902,30.009477565783495],[31.725927792417011,30.00972109497086],[31.725673656692155,30.009990656986833],[31.725455225718786,30.010282965039028],[31.725275164242873,30.010594452872489],[31.725135665210725,30.010921323157611],[31.72503843369514,30.011259587027968],[31.724984655070376,30.01160511880677],[31.724984261411734,30.011609469719534],[31.724983873961683,30.011613821594786],[31.724983492720217,30.011618174432524],[31.724983118735572,30.011622527340595],[31.724982752007744,30.011626880318946],[31.724982391500046,30.011631233357548],[31.724982037200942,30.011635587358676],[31.724981690147118,30.011639942332312],[31.72498134933651,30.011644295561769],[31.724981013686264,30.011648650645874],[31.724980686317991,30.011653006712606],[31.724980364144699,30.011657361927281],[31.724980049205161,30.011661719016757],[31.724979739460604,30.01166607525419],[31.724979435936174,30.011670431551899],[31.724979138620352,30.011674788812098],[31.724978847524664,30.011679146132558],[31.724978561600878,30.011683504405468],[31.724978282945465,30.011687861846454],[31.724978010498656,30.011692220249941],[31.724977742198597,30.011696578693577],[31.724977480107135,30.011700938099725],[31.724977224247365,30.011705296663898],[31.724976972522796,30.011709656170478],[31.724976729091768,30.011714015757409],[31.7249764887708,30.011718375374461],[31.724976254658433,30.011722735954006],[31.724976026777757,30.011727095691572],[31.724975803032301,30.011731456371567],[31.724975585506979,30.01173581711182],[31.724975373165126,30.011740177902279],[31.724975166006711,30.011744538742953],[31.724974962995063,30.011748899623818],[31.724974766203559,30.011753260564927],[31.724974573535739,30.011757623350675],[31.724974387099614,30.01176198529447],[31.724974204810252,30.011766347278424],[31.724974026667653,30.011770709302553],[31.724973853708494,30.011775071376899],[31.724973686981045,30.011779432609273],[31.724973523352119,30.011783794774001],[31.724973364895114,30.011788157891189],[31.724973210584874,30.011792521048566],[31.724973062494794,30.011796884266197],[31.724972916489627,30.011801246601657],[31.724972775656376,30.011805609889588],[31.724972640006591,30.011809973227724],[31.724972508515119,30.011814335703814],[31.724972381158864,30.011818699122308],[31.72497225691269,30.011823062570915],[31.724972137849981,30.011827426069772],[31.724972022934029,30.011831789608785],[31.724971911116629,30.011836154080164],[31.724971804505763,30.011840516797282],[31.724971700981889,30.011844881348996],[31.724971600579643,30.011849245028614],[31.724971506397559,30.011853608768504],[31.724971414277302,30.011857973430704],[31.724971326315373,30.011862337230841],[31.724971241463518,30.011866701061116],[31.724971159721729,30.011871064921511],[31.724971083151878,30.011875429734349],[31.724971008666952,30.011879793665052],[31.724970938328795,30.011884157635947],[31.724970871077641,30.01188852344141],[31.724970806971186,30.011892886570308],[31.724970745963269,30.01189725063157],[31.724970689090593,30.011901615635239],[31.724970634302835,30.011905979756765],[31.724970582613619,30.011910344810655],[31.724970535071179,30.011914709904719],[31.724970488576972,30.011919074106576],[31.724970447254695,30.011923439260897],[31.724970406992195,30.011927802620786],[31.724970370853388,30.011932167825321],[31.724970336787969,30.011936533049955],[31.724970304807474,30.011940897392432],[31.724970276973764,30.011945261775068],[31.724970251201896,30.011949627080039],[31.724970226489795,30.011953990590573],[31.7249702059014,30.011958355945751],[31.724970187386386,30.01196272132103],[31.72497017096785,30.011967084911912],[31.724970155562922,30.011971450317301],[31.724970145353009,30.011975814870681],[31.724970135131553,30.01198018032629],[31.724970127006571,30.011984543997517],[31.724970121980132,30.011988908601126],[31.724970117978842,30.011993274116971],[31.724970117099176,30.011997638760739],[31.724970117256206,30.012002003414537],[31.724970119486628,30.012006368088429],[31.724970122753746,30.012010732772357],[31.724970129119402,30.012015098388659],[31.724970135508137,30.012019462200488],[31.724970144995414,30.012023826944674],[31.724970155519394,30.012028191698896],[31.724970168128301,30.012032555570983],[31.72497018175082,30.012036921257575],[31.724970197458276,30.012041286062022],[31.724970213165712,30.012045650866444],[31.724970230958093,30.012050014788731],[31.724970248738924,30.012054379613261],[31.724970268581618,30.012058745360108],[31.724970290520766,30.012063109322572],[31.72497031348508,30.012067474197302],[31.724970336449385,30.012071839072028],[31.724970360461924,30.012076203054569],[31.724970385499621,30.012080567949383],[31.724970410537303,30.012084932844193],[31.724970437659934,30.012089296856857],[31.724970464771015,30.012093661771768],[31.724970492918786,30.012098026696702],[31.724970522114788,30.012102390729446],[31.724970551299251,30.012106755664416],[31.724970581520406,30.012111120609429],[31.724970610716401,30.012115484642173],[31.724970640937556,30.012119849587183],[31.724970672183861,30.012124215444455],[31.724970703464773,30.012128578595046],[31.724970734722618,30.012132943550082],[31.724970765968902,30.012137309407379],[31.72497082953279,30.012146038425275],[31.725024792494814,30.019564856282852],[31.725024824871742,30.019569295236494],[31.725024857248648,30.019573734190153],[31.725024889625569,30.019578173143799],[31.725024921990933,30.019582612999663],[31.725024954367832,30.019587051953309],[31.725024985707957,30.019591490896886],[31.725025018084853,30.019595929850521],[31.725025050461735,30.019600368804156],[31.725025081801846,30.019604807747726],[31.725025114178727,30.019609246701361],[31.725025145518821,30.01961368564492],[31.725025176858917,30.019618124588511],[31.725025208187457,30.019622564434314],[31.725025238479212,30.01962700427007],[31.725025269819298,30.019631443213633],[31.725025301159366,30.019635882157193],[31.725025332499438,30.019640321100745],[31.725025361765947,30.01964476002421],[31.725025392069224,30.019649198957723],[31.725025422372504,30.019653637891224],[31.725025451638995,30.019658076814675],[31.725025481942257,30.01966251574817],[31.725025511208738,30.019666954671621],[31.725025540452123,30.019671395399534],[31.725025567645044,30.019675834302884],[31.725025596911511,30.019680273226317],[31.725025625141193,30.019684712139728],[31.725025652334097,30.019689151043046],[31.725025679526993,30.019693589946396],[31.725025705683098,30.019698028839692],[31.725025732875988,30.01970246774302],[31.725025759032093,30.019706906636294],[31.725025785165091,30.019711347334056],[31.725025810284411,30.019715786217272],[31.725025835403713,30.019720225100517],[31.72502585948623,30.01972466397369],[31.725025883568755,30.019729102846874],[31.725025907651258,30.019733541720054],[31.725025930696987,30.019737980583169],[31.725025953731159,30.019742420348539],[31.725025975728549,30.019746860103851],[31.725025997737486,30.019751298956908],[31.725026018709624,30.019755737799944],[31.725026038644987,30.019760176632893],[31.725026059605579,30.019764616378151],[31.725026078504147,30.019769055201071],[31.725026098439482,30.019773494034034],[31.725026116289719,30.019777933749143],[31.725026134151495,30.01978237256202],[31.725026152001718,30.019786812277104],[31.72502616778992,30.019791251069879],[31.725026183578105,30.019795689862647],[31.725026200403072,30.019800128665448],[31.725026214106155,30.019804568340355],[31.725026227809227,30.019809008015258],[31.725026241523828,30.019813446787911],[31.725026254190116,30.019817886452763],[31.725026265831154,30.019822325205336],[31.72502627850896,30.019826763967931],[31.725026288076425,30.019831202700402],[31.725026297620786,30.019835643237332],[31.725026307188244,30.019840081969782],[31.725026314682122,30.019844520682152],[31.725026323201238,30.01984896030681],[31.725026328621546,30.019853398999054],[31.725026335078624,30.019857837701373],[31.725026340475832,30.019862278198108],[31.725026344859344,30.019866716880301],[31.725026348206057,30.019871155552472],[31.725026350504439,30.019875595116805],[31.725026352814371,30.019880033778929],[31.725026353027634,30.019884474225414],[31.725026353263978,30.019888912867408],[31.725026353488776,30.01989335241166],[31.725026350614762,30.019897791023546],[31.725026347740748,30.019902229635395],[31.725026343818392,30.019906669139438],[31.725026339896043,30.019911108643495],[31.725026333900114,30.019915548127461],[31.725026327915714,30.019919986709159],[31.725026319846208,30.019924426173013],[31.725026310751453,30.019928864724562],[31.725026301645155,30.019933304178384],[31.725026291502061,30.01993774362214],[31.725026280322176,30.019942183055846],[31.725026267080267,30.019946621567215],[31.725026252790016,30.019951060970769],[31.725026238499769,30.01995550037433],[31.725026223184262,30.0199599388656],[31.725026205783649,30.019964378239006],[31.725026188383026,30.01996881761243],[31.725026168908819,30.01997325696572],[31.725026148397838,30.019977696308985],[31.7250261268616,30.019982134739969],[31.725026104277028,30.019986574063122],[31.725026080655667,30.019991013376249],[31.725026056009053,30.019995451777088],[31.725026030314115,30.019999891070082],[31.72502600149727,30.020004331235203],[31.725025973740284,30.020008769605891],[31.725025943898181,30.020013208858703],[31.725025913019277,30.020017648101486],[31.725025881103601,30.020022087334208],[31.725025847125881,30.020026525644603],[31.725025812099819,30.020030964847184],[31.725025776036972,30.020035404039717],[31.725025738937337,30.0200398432222],[31.725025699764117,30.020044282384571],[31.725025659565652,30.020048720634687],[31.725025618318845,30.020053159776978],[31.725025576035254,30.020057598909197],[31.725025531678074,30.020062038021351],[31.72502548628411,30.020066477123457],[31.725025438816569,30.020070916205434],[31.725025391349007,30.020075355287442],[31.725025340771086,30.020079794339292],[31.72502529019317,30.020084233391142],[31.725025237541654,30.020088672422883],[31.725025183853358,30.020093111444602],[31.725025128091481,30.020097550446213],[31.725025071292801,30.020101989437752],[31.725025013457337,30.020106428419286],[31.725024952511504,30.020110867370651],[31.725024890540418,30.020115305409721],[31.725024827520997,30.020119744340999],[31.725024764501562,30.02012418327228],[31.725024698371755,30.020128622173402],[31.725024630168381,30.02013306105442],[31.725024560939751,30.020137499023168],[31.725024489625998,30.020141937874058],[31.725024418312223,30.020146376724924],[31.725024343876544,30.020150816447913],[31.725024268427159,30.020155254356368],[31.72502419089264,30.020159693146947],[31.725024112332871,30.020164131025261],[31.725024030651202,30.02016856977567],[31.725023948957961,30.020173009428291],[31.725023865214236,30.020177447256366],[31.725023780422163,30.02018188597663],[31.725023691494481,30.020186323754452],[31.725023602543693,30.020190763336739],[31.725023512579209,30.020195201104531],[31.725023419492796,30.020199639744384],[31.725023326406376,30.020204078384257],[31.725023230221137,30.02020851609177],[31.725023131950763,30.020212954681394],[31.725023031606806,30.020217393250906],[31.725022931274371,30.020221830918224],[31.725022827808484,30.020226270359846],[31.725022723328891,30.020230707986933],[31.725022615738919,30.020235145583907],[31.725022507100604,30.020239584073053],[31.725022396400242,30.020244021639865],[31.725022283614752,30.020248460088823],[31.72502216874414,30.020252899419919],[31.72502205285981,30.020257336936478],[31.725021934901893,30.020261774432971],[31.725021814870384,30.020266211909352],[31.725021692753739,30.020270650267868],[31.725021567538278,30.020275087694021],[31.725021442311245,30.020279526022385],[31.725021313973848,30.020283964320615],[31.725021183585948,30.020288400794286],[31.72502105213815,30.020292839062371],[31.725020917579982,30.020297277300312],[31.725020782008094,30.02030171372375],[31.725020644339534,30.020306151931539],[31.725020503572136,30.020310589206971],[31.725020361756393,30.020315027374572],[31.725020217890151,30.020319463717613],[31.725020070890444,30.020323901834985],[31.725019922865471,30.02032833904007],[31.725019771730118,30.020332776215007],[31.725019619557958,30.020337213379889],[31.725019465323761,30.020341649622456],[31.725019307967642,30.020346086737106],[31.725019148537932,30.020350523831663],[31.725018987034613,30.020354960906111],[31.725018824494502,30.020359397970541],[31.725018657807215,30.02036383499475],[31.725018490083134,30.020368272008927],[31.725018320296989,30.020372708100748],[31.725018148425718,30.020377145074736],[31.725017973444061,30.020381582018576],[31.725017796400355,30.020386018040071],[31.725017617271501,30.020390454943715],[31.725017435043817,30.020394890914975],[31.725017251779327,30.020399326876205],[31.725017066441229,30.020403762817313],[31.72501687694443,30.020408199620487],[31.725016686410815,30.020412636413603],[31.725016492778366,30.020417072274324],[31.725016298120654,30.020421507222789],[31.725016100341001,30.020425943043321],[31.725015900487758,30.020430378843781],[31.725015696487343,30.020434814604023],[31.725015492486904,30.020439250364284],[31.725015285376085,30.020443686094382],[31.725015075166418,30.020448120892127],[31.725014862883146,30.020452555669767],[31.725014648503194,30.020456992231779],[31.725014431035937,30.020461426959169],[31.725014211495097,30.020465861666477],[31.725013988832313,30.020470297245861],[31.725013764107466,30.020474731902901],[31.725013537320571,30.020479165637653],[31.725013308436985,30.020483601156741],[31.72501307541777,30.020488035733429],[31.72501284032494,30.020492470289991],[31.725012603170072,30.020496903924261],[31.72501236288171,30.020501339332824],[31.725012120542846,30.020505772916831],[31.725011875082036,30.020510207372933],[31.725011627559173,30.020514640906697],[31.72501137691437,30.02051907531256],[31.725011124219048,30.020523507893849],[31.725010868390253,30.020527942249458],[31.725010610510946,30.020532374780522],[31.725010349498152,30.020536809085897],[31.725010085398058,30.020541241556657],[31.725009819212808,30.020545674909563],[31.725009549917157,30.020550108232317],[31.725009277522666,30.020554540622701],[31.72500900305457,30.020558972992976],[31.725008726501311,30.020563406245401],[31.725008445812424,30.020567838555404],[31.725008163049925,30.020572270845292],[31.725007877177035,30.020576703105043],[31.725007589230529,30.020581135344706],[31.725007298185176,30.020585566651992],[31.725007002981091,30.020589998821315],[31.72500670571495,30.020594430068297],[31.725006407400425,30.020598862207486],[31.725006103913483,30.020603293394188],[31.725005799401256,30.020607723668604],[31.725005489693515,30.020612154795014],[31.725005178948948,30.020616585911373],[31.725004865093979,30.020621016997598],[31.725004547091824,30.02062544804361],[31.7250042270276,30.020629878167313],[31.725003903852979,30.020634308260885],[31.725003577567946,30.020638738324287],[31.725003250246097,30.020643168377642],[31.725002917740262,30.020647598380766],[31.725002583160816,30.020652028363791],[31.725002245482518,30.020656457414432],[31.725001903657024,30.020660886424874],[31.725001559757906,30.020665315415236],[31.725001212748392,30.02066974437545],[31.72500086262847,30.020674173305515],[31.725000510446474,30.020678601313243],[31.725000154105746,30.020683030183026],[31.724999793629365,30.020687458110363],[31.72499943211616,30.020691886027663],[31.724931676539228,30.021231484627883],[31.724817733299858,30.021765163681842],[31.724658238297685,30.022289930726291],[31.724454083961405,30.022802847175821],[31.7244522329513,30.02280698362933],[31.724450379878963,30.02281111916049],[31.724448523707586,30.022815253759216],[31.724446665462434,30.02281938833778],[31.724444803092965,30.022823521071679],[31.724442938661277,30.022827652883183],[31.724441071130549,30.022831783762268],[31.724439200500768,30.022835913708931],[31.724437327808758,30.022840042733225],[31.724435452017705,30.022844170825088],[31.724433573116066,30.022848298886778],[31.72443169216373,30.022852425123855],[31.724429808112362,30.022856550428507],[31.724427920973497,30.022860673898496],[31.724426030712479,30.022864798240548],[31.724424138412346,30.022868919855753],[31.724422243001602,30.022873041440779],[31.724420344491815,30.022877162093362],[31.724418444956605,30.022881281833634],[31.724416541297085,30.022885399729198],[31.724414634526973,30.022889517594578],[31.72441272673144,30.022893634547628],[31.724410815848408,30.022897749666015],[31.724408901854783,30.022901864754218],[31.724406984762105,30.022905978909996],[31.72440506560719,30.022910092143398],[31.724403144390038,30.022914204454445],[31.72440122007384,30.022918315833039],[31.724399292658589,30.022922426279241],[31.724397364229471,30.022926534910859],[31.72439543164138,30.022930644404479],[31.724393497014162,30.022934751171263],[31.724391560313155,30.0229388579179],[31.724389620513094,30.022942963732113],[31.724387678650789,30.02294706862396],[31.724385733689452,30.022951172583358],[31.724383786665857,30.022955275620415],[31.724381837580037,30.02295937773507],[31.724379886431976,30.022963478927373],[31.724377932173297,30.022967580089471],[31.724375974827129,30.022971679416926],[31.724374016455538,30.022975777832041],[31.724372053936523,30.022979876206907],[31.724370090403635,30.022983972767232],[31.72436812272333,30.022988069287308],[31.724366155065962,30.022992164002879],[31.724364184297983,30.022996258688238],[31.72436221043095,30.023000352441191],[31.724360234501685,30.02300444527177],[31.724358256510168,30.023008537179955],[31.724356276456419,30.023012628165795],[31.724354293303616,30.023016718219175],[31.724352308088562,30.023020807350193],[31.724350320811265,30.023024895558841],[31.724348331471738,30.023028982845101],[31.724346339021583,30.023033070101178],[31.724344344509209,30.023037156434871],[31.72434234898294,30.023041240954026],[31.724340350346072,30.023045325442961],[31.724338349646953,30.023049409009548],[31.724336346885593,30.023053491653727],[31.724334342061983,30.023057573375542],[31.724332334127769,30.023061655067171],[31.724330325179679,30.023065734944222],[31.724328313132524,30.023069813888874],[31.724326300048389,30.023073892823401],[31.724324283865201,30.023077970825522],[31.724322265619758,30.023082047905248],[31.724320246348888,30.023086124072666],[31.724318223967416,30.023090200209889],[31.724316198509968,30.023094273610209],[31.72431417304081,30.023098347912722],[31.724312145509405,30.023102421292855],[31.724310113842126,30.023106493730513],[31.724308082174666,30.023110566168118],[31.72430604846808,30.023114635878898],[31.724304010590956,30.023118707353888],[31.724301972748307,30.023122776122129],[31.724299931806602,30.023126843957954],[31.724297889827916,30.023130911783682],[31.724295845786983,30.023134978687015],[31.724293798635433,30.023139045560171],[31.724291751506815,30.023143110628819],[31.724289701267587,30.023147175667262],[31.724287648966104,30.023151239783321],[31.724285594590825,30.023155303879243],[31.724283539190104,30.023159367062849],[31.724281480690319,30.023163429313989],[31.724279422213474,30.02316748976067],[31.724277359589202,30.02317155016706],[31.724275296976298,30.023175609671188],[31.724273232289598,30.023179669155184],[31.724271164503826,30.023183727706737],[31.724269095681073,30.023187786248197],[31.724267025844437,30.023191842975098],[31.724264952908733,30.023195898769561],[31.724262878936031,30.023199954553935],[31.724260802889543,30.023204010318164],[31.724258725829166,30.023208064267845],[31.724256645658162,30.023212118187313],[31.724254565498551,30.023216171204496],[31.724252482239859,30.023220223289258],[31.724250397944186,30.023224275363916],[31.724248311597812,30.023228325613978],[31.724246224214451,30.023232375853937],[31.724244133720461,30.023236426063708],[31.724242043237858,30.023240475371189],[31.724239949667737,30.023244522843999],[31.724237856085882,30.023248571219003],[31.724235759416526,30.023252617759344],[31.724233661710166,30.023256664289597],[31.724231561941565,30.023260709897471],[31.724229461147509,30.023264754593001],[31.724227359304923,30.023268800180688],[31.724225255411632,30.023272843943751],[31.724223149456083,30.023276886784437],[31.724221042463551,30.023280929615016],[31.724218933397204,30.023284972425458],[31.724216823305422,30.023289014323584],[31.724214711151379,30.023293055299302],[31.724212597971913,30.02329709536269],[31.724210482718629,30.023301135405958],[31.72420836748827,30.023305173644697],[31.72420624914729,30.023309211853238],[31.72420412976933,30.023313250051672],[31.724202009354361,30.02331728824004],[31.724199886888691,30.023321324603778],[31.724197764422851,30.023325360967462],[31.724195638846375,30.023329397300959],[31.724193513292846,30.023333431829933],[31.724191384617125,30.023337467230963],[31.724189255964333,30.023341500827449],[31.724187126274551,30.023345534413856],[31.724184993485697,30.023349567067832],[31.724182860696665,30.023353599721752],[31.724180725833826,30.023357632355541],[31.724178590993908,30.023361663184826],[31.724176454080194,30.023365693993927],[31.7241743151042,30.02336972388068],[31.724172176128043,30.02337375376737],[31.724170035089635,30.023377782731675],[31.724167893014222,30.023381811685901],[31.724165748864994,30.023385840619962],[31.724163604738706,30.023389867749508],[31.724161458527039,30.023393895761149],[31.724159312326762,30.023397922870505],[31.724157164064216,30.023401949057483],[31.724155013727863,30.023405975224318],[31.724152863414439,30.023409999586637],[31.72415071205246,30.023414024841088],[31.72414855861668,30.023418050075396],[31.724146405192258,30.023422074407431],[31.724144248680329,30.023426096904785],[31.724142093193482,30.023430120314384],[31.72413993460755,30.023434142791537],[31.72413777705825,30.023438165278723],[31.724135617446709,30.023442186843504],[31.724133455761336,30.023446208388151],[31.724131294087353,30.023450229030495],[31.724129132424739,30.023454248770605],[31.724126967639936,30.023458269382694],[31.724124802866516,30.023462289092546],[31.724122637067648,30.02346630789005],[31.724120470231785,30.023470326677444],[31.724118302370471,30.023474344552529],[31.724116133460612,30.02347836331975],[31.724113962500045,30.023482380262326],[31.724111791539293,30.023486397204884],[31.724109619541558,30.023490414137331],[31.72410744650681,30.023494431059682],[31.724105273483445,30.023498447079756],[31.724103098397816,30.023502462177451],[31.724100923312012,30.023506477275102],[31.724098746152386,30.023510492352607],[31.724096568992575,30.023514507430058],[31.724094389782064,30.023518520682895],[31.72409221055981,30.023522534837912],[31.724090031348936,30.023526548090651],[31.724087850064244,30.023530561323245],[31.724085668790931,30.023534573653563],[31.724083486480612,30.023538585973771],[31.7240813031333,30.023542598283893],[31.724079118760539,30.023546609681695],[31.724076934387593,30.023550621079419],[31.724074747952393,30.023554631554788],[31.724072561505455,30.023558642932322],[31.724070374021526,30.023562654299774],[31.724068185523691,30.023566663852662],[31.724065998062503,30.023570673415556],[31.724063807490676,30.023574682948237],[31.724061617967042,30.023578691588686],[31.724059427394845,30.023582701121303],[31.724057235797211,30.023586709741561],[31.724055043162579,30.023590718351716],[31.724052850539312,30.023594726059628],[31.724050656879058,30.023598733757407],[31.724048463207058,30.023602742357376],[31.724046267484354,30.023606749132735],[31.724044072798289,30.023610755918096],[31.724041877075209,30.023614762693374],[31.724039680326698,30.023618768556297],[31.724037482518064,30.023622776213625],[31.724035284732377,30.023626782066415],[31.724033086946491,30.02363078791916],[31.724030888135168,30.023634792859575],[31.724028688275293,30.023638798692129],[31.724026488426787,30.023642803622401],[31.724024287529726,30.023646809444802],[31.724022086667137,30.023650812560454],[31.724019884732893,30.023654818372716],[31.724017682821579,30.023658822380465],[31.724015480910079,30.023662826388172],[31.724013277961575,30.023666830385775],[31.724011073976069,30.023670834373299],[31.724008869990392,30.023674838360762],[31.724006666016077,30.023678841445928],[31.724004461016317,30.023682843618786],[31.72400225600482,30.023686846693838],[31.724000050993155,30.023690849768833],[31.723997844944467,30.023694852833721],[31.723995637870342,30.023698854986286],[31.723993431821299,30.023702858051102],[31.723991224746815,30.023706860203557],[31.723989016635329,30.023710862345943],[31.723986809572018,30.023714863596098],[31.723984602496984,30.023718865748432],[31.723982393359694,30.023722866978385],[31.723980185247463,30.023726869120569],[31.723977976109801,30.023730870350438],[31.72397576697195,30.023734871580263],[31.723973556797098,30.023738872799971],[31.723971347658889,30.023742874029704],[31.723969137483667,30.023746875249323],[31.723966927319825,30.023750875566677],[31.723964717144248,30.023754876786199],[31.723962505931663,30.023758877995657],[31.723960295767274,30.023762878312866],[31.723958084565879,30.023766878619988],[31.723955873364307,30.023770878927056],[31.72395366215099,30.023774880136312],[31.723951450949052,30.023778880443285],[31.723949238721669,30.023782879837945],[31.723947027507805,30.023786881047059],[31.723944815268499,30.023790881343853],[31.723942603040566,30.023794880738368],[31.723940390800891,30.023798881035081],[31.723938178561038,30.023802881331726],[31.723935967369382,30.023806880736171],[31.723933754092332,30.023810881022676],[31.723931541851929,30.023814881319197],[31.723929328586081,30.023818880703374],[31.723927117382136,30.023822881009863],[31.723922691874787,30.023830880690312],[31.723648587308343,30.024326423785766],[31.723646374007597,30.024330424066459],[31.723644161743501,30.024334424357161],[31.72364194949078,30.024338423745597],[31.723639737226303,30.024342424036202],[31.723637523924832,30.024346424316732],[31.723635311671561,30.024350423705023],[31.723633100443372,30.024354424005569],[31.723630888178178,30.024358424295997],[31.723628674887539,30.024362423674106],[31.723626462621969,30.024366423964455],[31.723624251381505,30.024370425167056],[31.723622040163963,30.024374424565142],[31.723619827897846,30.024378424855342],[31.723617615619997,30.024382426047755],[31.723615405427186,30.02438642635801],[31.723613194208916,30.024390425755904],[31.723610982967351,30.024394426958224],[31.723608771725598,30.024398428160524],[31.723606560506781,30.024402427558282],[31.723604351338313,30.024406428780598],[31.723602141132851,30.024410429992813],[31.72359993092719,30.024414431204967],[31.723597720721354,30.024418432417086],[31.723595511563719,30.024422432736969],[31.723593302382788,30.024426434861311],[31.723591094250057,30.02443043609339],[31.723588885068764,30.024434438217643],[31.723586676924107,30.024438440351886],[31.72358446880239,30.024442440681618],[31.723582260657381,30.02444644281578],[31.723580052512173,30.024450444949888],[31.723577846428888,30.024454448006292],[31.723575640356984,30.024458450160445],[31.72357343427333,30.024462453216785],[31.723571228201063,30.024466455370824],[31.723569022117044,30.024470458427075],[31.723566817081231,30.024474460591094],[31.72356461203368,30.02447846365731],[31.723562408011222,30.024482467635757],[31.723560204000133,30.024486470711935],[31.723558001014137,30.024490474700357],[31.723555798027952,30.024494478688744],[31.723553595041594,30.024498482677092],[31.723551393080307,30.024502487577678],[31.723549192167237,30.024506491586031],[31.723546991230865,30.024510497398815],[31.723544790305866,30.02451450230933],[31.723542590417519,30.02451850722986],[31.723540390528989,30.024522512150341],[31.723538191665543,30.024526517983073],[31.723535993838748,30.024530523825817],[31.723533796011772,30.024534529668514],[31.723531599209878,30.024538536423474],[31.723529402407806,30.024542543178391],[31.723527205605546,30.024546549933248],[31.72352501087677,30.024550556708178],[31.723522816136249,30.024554564385301],[31.723520622432375,30.024558572072443],[31.723518427691488,30.024562579749471],[31.723516235012529,30.024566588348829],[31.723514043381762,30.024570596055955],[31.723511851739264,30.024574604665268],[31.723509661121845,30.02457861418684],[31.723507470515813,30.024582622806125],[31.723505281960133,30.024586633249939],[31.723503093415832,30.024590642791498],[31.723500904859787,30.024594653235226],[31.72349871838879,30.024598662796837],[31.723496530857656,30.024602674152764],[31.723494346448387,30.024606684636623],[31.723492160978982,30.024610696914809],[31.723489976546233,30.024614709203043],[31.723487794198519,30.024618720609126],[31.723485610802239,30.024622732907311],[31.723483430504711,30.02462674613788],[31.72348124917016,30.024630759358349],[31.723479068883826,30.024634771686575],[31.723476889611021,30.02463878582931],[31.72347471240013,30.024642800894348],[31.723472534163783,30.024646815047049],[31.723470357989367,30.024650830122059],[31.723468181814763,30.024654845197016],[31.723466007702083,30.0246588611943],[31.723463833589214,30.024662877191524],[31.723461660512999,30.024666893198784],[31.723459489498701,30.024670910128332],[31.723457318484225,30.024674927057848],[31.723455148494839,30.024678944899605],[31.723452979542103,30.024682962751399],[31.723450811602895,30.024686982417652],[31.723448644723458,30.024691000289472],[31.723446479894378,30.024695019985835],[31.72344431507668,30.024699038779907],[31.723442151272518,30.024703059388468],[31.723439988505007,30.024707080007065],[31.723437826774131,30.024711100635642],[31.723435666068351,30.024715122176506],[31.723433507436059,30.024719143737425],[31.723431347755191,30.02472316619048],[31.723429191184646,30.024727188673669],[31.723427034602341,30.024731212059052],[31.723424880081968,30.024735236366755],[31.723422725572988,30.024739259772161],[31.72342057311435,30.024743285002124],[31.723418420655534,30.024747310232044],[31.723416271318591,30.024751334589865],[31.723414121958356,30.02475536075212],[31.723411973623218,30.024759387826606],[31.72340982736155,30.024763414921189],[31.723407681099708,30.024767442015715],[31.723405536899786,30.024771470032576],[31.723403393724954,30.024775498961663],[31.723401251586779,30.024779527900769],[31.723399110485261,30.024783556849915],[31.723396972482487,30.024787586731414],[31.723394834456418,30.02479161841735],[31.723392697478559,30.024795649211043],[31.72339056153735,30.024799680014794],[31.723388427658069,30.024803711740823],[31.723386294792316,30.024807745281368],[31.723384164011609,30.024811777939739],[31.723382034244441,30.024815812412577],[31.723379904488649,30.024819845983171],[31.723377777820048,30.024823881388357],[31.723375652199667,30.024827915901341],[31.723373526555982,30.024831952218737],[31.723371404022625,30.02483598856627],[31.723369282514355,30.024840025826073],[31.723367162042734,30.024844063095873],[31.723365043621481,30.024848102190237],[31.723362926248441,30.024852140392369],[31.723360810925769,30.024856180419057],[31.723358695602915,30.024860220445717],[31.723356583401952,30.024864259600264],[31.723354472214513,30.024868300569295],[31.723352362040607,30.024872343352822],[31.723350253940186,30.024876386156439],[31.723348146887975,30.024880428067814],[31.723346041886142,30.024884471803752],[31.723343937920962,30.024888515549712],[31.723341836006149,30.024892561120232],[31.723339736164814,30.024896606710815],[31.723337637348578,30.02490065321366],[31.723335539580571,30.02490469882428],[31.723333443851352,30.024908747161689],[31.723331350207197,30.024912794616938],[31.723329257588123,30.024916842984442],[31.723327167019423,30.0249208931765],[31.723325077510502,30.024924941574106],[31.723322990040387,30.024928992698491],[31.72332090464376,30.024933043842978],[31.723318821309064,30.024937095909767],[31.723316737962634,30.024941148878735],[31.723314657726519,30.024945201877859],[31.723312578515504,30.024949255789231],[31.723310502414808,30.024953309730744],[31.723308427316084,30.024957366388982],[31.723306353265595,30.024961422155005],[31.723304282325408,30.024965477951181],[31.723302212398778,30.024969535561841],[31.723300143497234,30.02497359408477],[31.72329807666917,30.024977652627754],[31.72329601293988,30.024981712103113],[31.72329395024726,30.024985771588526],[31.723291888568159,30.024989832888398],[31.723289829987831,30.024993895120659],[31.723287773480994,30.024997957372992],[31.723285718010814,30.025002019635355],[31.723283664591005,30.025006083722275],[31.723281614281525,30.025010147839321],[31.7232795639603,30.025014212858572],[31.723277516737856,30.025018278810208],[31.723275470540507,30.025022345674088],[31.723273428467184,30.025026414382634],[31.723271386405258,30.025030482188942],[31.723269346405264,30.025034550917542],[31.723267309515592,30.02503861967628],[31.723265272591071,30.025042691141699],[31.72326323878843,30.025046761735009],[31.723261208073005,30.025050834162947],[31.723259178394237,30.025054906600896],[31.723257150777403,30.025058979961177],[31.723255125210944,30.025063055145992],[31.723253101717972,30.025067130350905],[31.723251081335341,30.025071205585949],[31.723249061977803,30.025075281733248],[31.723247043633808,30.025079359695063],[31.723245030473809,30.025083437707139],[31.723243017302075,30.025087516621404],[31.723241006180725,30.025091597360202],[31.723238998169695,30.025095678129176],[31.723236991195332,30.025099758908169],[31.723234987319731,30.025103840619536],[31.723232985482959,30.025107925057675],[31.72323098470596,30.025112007701395],[31.723228988041452,30.02511609309202],[31.723226992402033,30.025120179394893],[31.723224998847694,30.025124264815627],[31.723223009417389,30.02512835208103],[31.723221019975345,30.02513244024863],[31.723219033632081,30.0251365293486],[31.723217050387586,30.025140619380966],[31.723215068168201,30.025144710325606],[31.723213089059143,30.025148801300368],[31.723211112012024,30.025152893197461],[31.723209137026849,30.025156986016857],[31.723207165140451,30.025161079768665],[31.723205194267582,30.025165175334951],[31.723203226505056,30.025169270931382],[31.72320126182974,30.025173368362427],[31.723199299239493,30.02517746491133],[31.723197337662786,30.025181563274732],[31.723195380221686,30.025185662580565],[31.723193424842524,30.025189762808733],[31.723191470488477,30.025193863949152],[31.723189521318435,30.025197965139832],[31.723187572125102,30.02520206813497],[31.723185627067377,30.025206172072547],[31.723183683046319,30.025210276020125],[31.723181743149311,30.025214381812404],[31.723179804288979,30.025218487614705],[31.723177868515858,30.02522259525162],[31.723175934816236,30.025226702908633],[31.723174005240676,30.025230812410314],[31.723172076701776,30.025234921922042],[31.723170151250102,30.025239033268353],[31.723168227871927,30.025243144634793],[31.723166307580964,30.025247257835826],[31.723164390400349,30.025251371067014],[31.723162475270115,30.02525548612277],[31.723160562213383,30.025259601198595],[31.723158653280709,30.02526371811911],[31.72315674538471,30.025267835049664],[31.723154840587487,30.025271952912583],[31.723152938889051,30.025276071707889],[31.723151040277823,30.025280192337846],[31.723149143728548,30.025284313890094],[31.723147250278046,30.025288436374751],[31.723145358901053,30.025292558879478],[31.723143470622855,30.025296682316601],[31.723141585443429,30.025300806686111],[31.72313970335124,30.025304932890219],[31.723137823320979,30.025309060016664],[31.723135946389505,30.025313188075522],[31.723134070494716,30.025317316144395],[31.723132199760808,30.025321446067998],[31.723130331088857,30.025325576913929],[31.723128464490415,30.025329707779953],[31.723126602004463,30.0253338413929],[31.72312474159202,30.025337975025952],[31.723122885326774,30.025342108699189],[31.72312103006351,30.025346245089178],[31.723119178959003,30.025350380617137],[31.723117329893309,30.025354518871904],[31.722929296036892,30.025822865990325],[31.722778684473361,30.026301346667847],[31.722666206971741,30.026787703066173],[31.722592396503632,30.027279634074187],[31.722557600755142,30.027774815094027],[31.722561987193739,30.028270906209627],[31.722605534632535,30.028765562029562],[31.722688038215665,30.029256446172795],[31.722809107249773,30.029741237564664],[31.722810361821569,30.029745540391762],[31.722811620552559,30.029749842356889],[31.722812883431185,30.029754144362251],[31.722814147381499,30.029758443670978],[31.722815415467874,30.029762743922213],[31.722816685628114,30.029767044193537],[31.72281795893382,30.029771341788372],[31.722819236375585,30.029775640325695],[31.722820514865912,30.029779937970847],[31.722821797527001,30.029784233851764],[31.722823083298852,30.029788529762879],[31.722824371144569,30.029792825694134],[31.722825662124183,30.0297971198511],[31.722826956214536,30.029801414038264],[31.72282825341566,30.029805708255605],[31.722829552725351,30.029809999786352],[31.72283085513423,30.02981429224954],[31.72283216066544,30.029818583840679],[31.722833469318957,30.029822874559752],[31.722834780046369,30.029827165298986],[31.722836093907649,30.029831454263913],[31.722837410879709,30.029835743259031],[31.722838729937191,30.029840031372057],[31.722840052117014,30.029844318613023],[31.722841377407587,30.029848605884165],[31.722842704783613,30.029852892273208],[31.722844035281948,30.029857177790209],[31.72284536785417,30.029861463327322],[31.72284670356029,30.029865747090174],[31.722848042377166,30.029870030883185],[31.722849383279488,30.02987431379411],[31.722850727304138,30.029878595832962],[31.722852073402656,30.029882877891957],[31.722853421586635,30.029887159068821],[31.722854773918243,30.029891440285944],[31.722856128346876,30.029895719718731],[31.722857484849378,30.02989999917164],[31.722858845511102,30.029904277762551],[31.722860207209827,30.029908556363523],[31.722861571005556,30.029912833180155],[31.722862937912051,30.029917110026975],[31.722864307940885,30.029921386001735],[31.722865680043594,30.029925661996618],[31.722867055268626,30.029929937119448],[31.722868431542231,30.029934211350124],[31.722869811975052,30.029938484718802],[31.722871194481755,30.029942758107584],[31.722872578037023,30.029947030604223],[31.722873964703066,30.029951303131014],[31.722875354502996,30.029955573883527],[31.722876747413707,30.029959844666248],[31.722878141372963,30.029964114556773],[31.722879538431442,30.029968385379718],[31.722880936550037,30.029972654408255],[31.722882337802542,30.029976921662506],[31.722883742154256,30.029981189849178],[31.722885148591413,30.029985457153732],[31.722886557114023,30.029989723576186],[31.72288796771052,30.029993990018742],[31.722889381440918,30.029998254687012],[31.722890797233639,30.030002520277645],[31.722892214074925,30.030006784976099],[31.722893635087001,30.030011047910325],[31.722895057124514,30.030015311756856],[31.722896481259042,30.030019573819022],[31.722897908504347,30.030023835911368],[31.722899336786657,30.030028098013783],[31.722900769228183,30.030032359254211],[31.722902201692971,30.030036618690151],[31.722903638293836,30.030040879068572],[31.722905075954856,30.030045137652596],[31.722906515678179,30.030049397158955],[31.722907957498538,30.03005365488097],[31.722909402441225,30.030057911730932],[31.722910849457808,30.030062168601024],[31.722912297499843,30.030066426383396],[31.722913747638877,30.030070682381417],[31.722915200911839,30.030074936605146],[31.722916656247111,30.030079191751241],[31.7229181126194,30.030083446907373],[31.722919572125587,30.030087700289233],[31.72292103266879,30.03009195368114],[31.722922496334338,30.030096206201016],[31.722923961048448,30.030100457828681],[31.72292542782489,30.030104710378701],[31.722926896698358,30.030108961144386],[31.722928367645707,30.030113211930171],[31.722929840678528,30.03011746183385],[31.722931315785239,30.030121711757641],[31.722932792977403,30.030125960799325],[31.722934272255031,30.030130208958894],[31.722935752569668,30.030134457128501],[31.722937235995079,30.030138705328287],[31.722938721517533,30.030142951743734],[31.722940207028529,30.030147199061386],[31.722941695673438,30.03015144460478],[31.722943186392243,30.030155690168257],[31.722944678159632,30.030159934839588],[31.722946171989335,30.030164180433243],[31.722947667916074,30.030168424242554],[31.722949165928277,30.03017266716974],[31.722950664965918,30.030176911009221],[31.722952167137478,30.030181153074409],[31.722953670346048,30.030185395149648],[31.722955174591622,30.030189637234955],[31.722956680922671,30.030193878438126],[31.722958189339174,30.030198118759181],[31.722959699829577,30.030202359100361],[31.722961211356981,30.030206599451578],[31.722962724981429,30.030210838018451],[31.722964239642881,30.030215076595383],[31.722965757403557,30.030219316104709],[31.722967276224367,30.030223553819638],[31.722968796093763,30.030227790642382],[31.722970318025489,30.030232028387445],[31.722971841005798,30.030236265240362],[31.722973366071564,30.030240501211143],[31.72297489321123,30.030244737202029],[31.722976422436361,30.030248972310815],[31.722977950624738,30.030253207409515],[31.722979482983916,30.030257440744005],[31.722981016368539,30.030261674990758],[31.722982550790174,30.030265909247579],[31.722984087308852,30.030270141720035],[31.722985624852964,30.030274375104764],[31.722987164494125,30.030278606705163],[31.722988705160716,30.030282839217829],[31.722990246875899,30.030287070838313],[31.722991790676542,30.030291301576678],[31.722993335514197,30.030295532325098],[31.722994883462647,30.030299763103699],[31.722996431422789,30.030303992980048],[31.722997980431519,30.030308221964205],[31.722999531514141,30.030312450968491],[31.723001083633783,30.030316679982818],[31.723002637838892,30.030320908115023],[31.72300419308101,30.030325136257286],[31.72300574938328,30.030329362605116],[31.723007306699429,30.030333590767462],[31.723008867149506,30.030337817155537],[31.723010426551255,30.030342044435738],[31.723011989086938,30.030346269941681],[31.723013551634303,30.030350494545356],[31.723015117269327,30.030354720983677],[31.723016682927625,30.030358945617518],[31.723018249622921,30.030363170261413],[31.72301981944058,30.030367394033242],[31.723021388221493,30.030371617795005],[31.7230229590763,30.030375841576852],[31.723024530968125,30.030380065368774],[31.723026104945415,30.030384288278587],[31.723027678934404,30.030388510286116],[31.7230292549973,30.030392732313764],[31.723030832097212,30.03039695435147],[31.723032410257279,30.030401174594758],[31.723033990468117,30.030405396662623],[31.723035569665328,30.030409616915936],[31.723037151961766,30.030413838101666],[31.723038734269903,30.030418058385145],[31.723040317626619,30.030422277776438],[31.72304190305724,30.03042649718785],[31.723043488487985,30.030430716599234],[31.723045076004219,30.0304349351285],[31.723046664557462,30.030439153667814],[31.723048254147727,30.030443372217171],[31.723049843749685,30.030447589864291],[31.723051436450874,30.030451808443814],[31.72305302812687,30.030456026111022],[31.72305462085145,30.030460242886026],[31.723056215661508,30.030464458778937],[31.723057811497014,30.030468675584103],[31.723059407332652,30.03047289238927],[31.723061005253772,30.030477108312326],[31.72306260317502,30.030481324235339],[31.723064202144844,30.030485539266188],[31.72306580214012,30.030489755209295],[31.72306740318399,30.030493970260231],[31.723069005276454,30.030498184418967],[31.723070608405926,30.030502398587746],[31.723072211535534,30.03050661275655],[31.723073815702151,30.030510826935352],[31.723075421954256,30.030515040232054],[31.723077028194915,30.030519254430978],[31.723078635495735,30.030523466835465],[31.723080242785123,30.030527680142171],[31.723081852159979,30.030531892566767],[31.723083460498085,30.030536104981259],[31.723085070910088,30.030540317415884],[31.723086683407573,30.030544528968388],[31.723088293819846,30.030548741402963],[31.723089907354499,30.030552952965486],[31.723091519863942,30.030557163615693],[31.723093134435725,30.030561375188242],[31.723094749019221,30.030565585858543],[31.723096364628159,30.030569797441132],[31.723097981285697,30.03057400813152],[31.723099597954928,30.030578217919672],[31.72310121462429,30.030582427707788],[31.723102833355991,30.03058663841826],[31.723104452099392,30.030590848226474],[31.723106071891397,30.030595057142509],[31.723107691671945,30.030599266960738],[31.723109312501094,30.030603475886807],[31.723110934367259,30.030607684822918],[31.723112556233559,30.030611893758991],[31.723114178099991,30.030616102695067],[31.723115801015012,30.030620310738939],[31.72311742495549,30.030624519695092],[31.723119048907659,30.030628727749011],[31.723120672859963,30.030632935802906],[31.723122297849297,30.030637143866826],[31.72312392387564,30.030641351940815],[31.723125549913689,30.030645559112539],[31.723127176977197,30.030649767196536],[31.723128804052404,30.030653974378311],[31.723130431139296,30.030658180657824],[31.723132059251657,30.030662387849596],[31.723133688401038,30.030666595051439],[31.723135316513659,30.030670802243165],[31.723136945663306,30.030675009444963],[31.72313857586154,30.030679215754585],[31.723140206059909,30.030683422064154],[31.723141836246839,30.03068762927596],[31.723143467493923,30.030691834693339],[31.723145097692694,30.030696041002873],[31.723146728928473,30.030700247322443],[31.723148361212857,30.030704452749841],[31.723149993485791,30.030708659079437],[31.72315162575887,30.030712865409026],[31.723153258055198,30.03071706993412],[31.723154891365432,30.030721276273727],[31.723156524687361,30.030725481711087],[31.723158158009426,30.03072968714844],[31.723159792380077,30.030733891693579],[31.723161425690826,30.030738098033105],[31.72316306006174,30.030742302578233],[31.723164694421218,30.030746508025558],[31.723166328792402,30.030750712570647],[31.72316796417747,30.030754918930221],[31.72316959853735,30.030759124377507],[31.723171233945813,30.030763328932593],[31.723172869342847,30.030767534389877],[31.723174504763147,30.030771738042706],[31.723176140172011,30.030775942597735],[31.72317777556944,30.030780148054969],[31.723179412015458,30.030784352620024],[31.723181048450044,30.030788558087288],[31.723182683871009,30.030792761740006],[31.723184320305858,30.030796967207252],[31.723185955715511,30.030801171762153],[31.723187592150627,30.030805377229363],[31.72318922757211,30.030809580882],[31.723192501491464,30.03081799092412],[31.725663170704312,30.037166551401892],[31.725664754124129,30.037170620070917],[31.725666337555626,30.03717468783767],[31.725667920964153,30.037178757408878],[31.725669505432858,30.037182825185642],[31.72567108781621,30.037186893844545],[31.725672672285157,30.037190961621292],[31.725674255705723,30.037195030290182],[31.725675839126414,30.037199098959078],[31.725677422558771,30.037203166725718],[31.725679007005127,30.037207236306848],[31.725680590437729,30.037211304073455],[31.72568217387046,30.037215371840041],[31.725683758317182,30.037219441421115],[31.725685341750154,30.037223509187672],[31.72568692622022,30.037227576964231],[31.725688510678864,30.037231645643033],[31.725690095137626,30.037235714321824],[31.725691678571106,30.037239782088282],[31.725693264078629,30.037243849874844],[31.725694848549299,30.037247917651339],[31.725696434045524,30.037251986340078],[31.725698018516457,30.037256054116543],[31.725699604024474,30.037260121903014],[31.725701188495645,30.03726418967943],[31.725702773992367,30.037268258368123],[31.72570435950075,30.037272326154532],[31.725705946046226,30.037276393951004],[31.72570753155486,30.037280461737392],[31.725709118112121,30.037284528631599],[31.725710703609465,30.037288597320181],[31.725712291192398,30.037292665126603],[31.725713877750035,30.037296732020749],[31.7257154643078,30.03730079891486],[31.72571705189111,30.037304866721236],[31.725718639486079,30.037308933625372],[31.725720227069623,30.037313001431713],[31.725721814653308,30.037317069238032],[31.725723403285606,30.037321136152162],[31.725724990881087,30.037325203056206],[31.725726579513633,30.037329269970297],[31.725728168146315,30.037333336884355],[31.725729757827633,30.037337402906235],[31.725731347497522,30.037341469830306],[31.725732937167535,30.037345536754376],[31.725734526849227,30.037349602776182],[31.725736116519482,30.037353669700202],[31.72573770827535,30.037357735742063],[31.725739298994373,30.037361801773855],[31.725740889701967,30.03736586870788],[31.725742481458209,30.037369934749691],[31.725744073214564,30.037374000791498],[31.725745666008002,30.037378066843303],[31.725747257776153,30.037382131982827],[31.725748850569847,30.037386198034639],[31.725750444400632,30.03739026409643],[31.72575203824308,30.037394329255992],[31.725753632074113,30.037398395317776],[31.725755225928356,30.037402459575073],[31.725756820808151,30.037406524744629],[31.725758415688052,30.037410589914177],[31.725760011605058,30.037414655093738],[31.72576160752218,30.037418720273276],[31.72576320449949,30.037422783658382],[31.725764801453824,30.03742684884795],[31.725766398419832,30.037430913135264],[31.725767996422935,30.037434977432589],[31.725769594426158,30.037439041729904],[31.725771193466468,30.037443106037262],[31.725772792506898,30.037447170344581],[31.725774390533598,30.037451232837377],[31.72577599061124,30.037455297154711],[31.725777591749072,30.037459359677598],[31.725779191826962,30.0374634239949],[31.725780793990463,30.037467487430035],[31.725782396165634,30.037471549962937],[31.725783998329383,30.037475613398033],[31.725785600504803,30.037479675930896],[31.725787203728853,30.037483737571531],[31.725788807966914,30.037487801026685],[31.725790412228179,30.037491862677346],[31.725792017514983,30.037495925240261],[31.725793622813473,30.037499986900933],[31.725795229149043,30.037504048571609],[31.72579683548474,30.037508110242282],[31.726540066098242,30.039241068570956],[31.727384420459028,30.040938605242115],[31.728327682419405,30.042596255652253],[31.729367378784719,30.044209662630092],[31.730500780196003,30.045774584592408],[31.731724909266728,30.047286904674525],[31.733036550697484,30.048742648002872],[31.734432260557035,30.050137983620729],[31.735908372207241,30.051469246234589],[31.737461003629029,30.05273293000208],[31.739086075752049,30.053925714910495],[31.740779317700358,30.055044462349635],[31.742536275954009,30.056086229671511],[31.74435233295657,30.057048276718412],[31.744356614909691,30.057050415561712],[31.74436089685161,30.057052555307123],[31.744365179853673,30.057054693257818],[31.744369462855921,30.057056831208389],[31.744373745858361,30.057058969158817],[31.744378028883755,30.057061105304648],[31.744382312935134,30.05706324236246],[31.744386597009463,30.05706537761569],[31.744390881072597,30.057067513771027],[31.744395165147303,30.057069649023983],[31.744399450259372,30.057071784286702],[31.744403735383024,30.057073918647056],[31.744408020506853,30.057076053007261],[31.744412305630867,30.057078187367352],[31.744416590777845,30.057080319922818],[31.744420876950805,30.057082453390311],[31.744425163135332,30.057084585955419],[31.744429450368614,30.057086717628074],[31.744433736553511,30.057088850192908],[31.744438022749993,30.057090981855374],[31.744442311032387,30.0570931126353],[31.744446598266414,30.057095244307384],[31.744450885512016,30.057097375077117],[31.744455172769186,30.057099504944478],[31.744459461063723,30.057101634821603],[31.744463749358452,30.057103764698596],[31.744468037653359,30.057105894575461],[31.744472325959837,30.057108023549954],[31.744476615292296,30.057110153436444],[31.744480903621923,30.057112280606187],[31.744485192977532,30.057114408687944],[31.744489482333325,30.057116536769545],[31.744493771689303,30.057118664851032],[31.744498061056852,30.057120792030137],[31.744502351461762,30.057122919219019],[31.744506640829695,30.057125046397861],[31.74451093124636,30.057127172684236],[31.744515221663217,30.057129298970484],[31.744519512068894,30.057131426158797],[31.744523802508894,30.057133550640284],[31.744528093963492,30.057135676936035],[31.744532385418271,30.057137803231615],[31.744536675858839,30.057139927712704],[31.744540967325388,30.057142053105803],[31.744545257766323,30.057144177586608],[31.744549550281793,30.057146302087098],[31.74455384176029,30.057148426577534],[31.744558133238961,30.057150551067863],[31.744562424729207,30.057152674655804],[31.744566717245441,30.057154799155743],[31.744571008747442,30.057156921841187],[31.744575302301222,30.057159046350751],[31.744579593803596,30.057161169035929],[31.744583887380522,30.057163291740753],[31.744588178871886,30.05716541532788],[31.744592472449177,30.057167538032445],[31.744596765000871,30.057169659824723],[31.744601056492794,30.057171783411459],[31.74460535008204,30.057173905213372],[31.744609642622898,30.057176027907481],[31.744613937249682,30.057178149719046],[31.744618229790923,30.057180272412886],[31.744622523380905,30.057182394214259],[31.744626815945288,30.05718451510338],[31.744631109535639,30.057186636904472],[31.744635403126182,30.057188758705436],[31.744639696728303,30.057190879604029],[31.744643990307829,30.057193002306978],[31.744648283910323,30.05719512320529],[31.744652577513001,30.057197244103492],[31.74465687215304,30.057199365011442],[31.744661164718909,30.05720148589948],[31.744665459359322,30.05720360680716],[31.744669752962746,30.057205727704808],[31.744674046566356,30.057207848602314],[31.744678341195939,30.057209970411847],[31.744682634799926,30.057212091309083],[31.744686929441272,30.057214212216081],[31.744691223057011,30.057216332210825],[31.744695516661547,30.057218453107645],[31.744699811303455,30.057220574014263],[31.744704104919755,30.05722269400859],[31.74471269316733,30.057226935811205],[31.792685164802915,30.080903833338223],[31.792689591481611,30.080906017084526],[31.79269401817146,30.080908199928434],[31.792698444850554,30.08091038367446],[31.792702870492402,30.080912567410781],[31.792707298209333,30.080914751166059],[31.792711723862524,30.080916933999863],[31.792716150542411,30.080919117745282],[31.79272057723345,30.080921300588336],[31.792725003902778,30.080923485235719],[31.792729429545815,30.080925668971197],[31.792733856237444,30.080927851813808],[31.792738282918311,30.080930035558538],[31.792742708550985,30.080932220195812],[31.792747135232258,30.080934403940237],[31.792751561913729,30.080936587684523],[31.792755987546986,30.080938772321382],[31.792760414228855,30.080940956065376],[31.792764839873477,30.080943139799697],[31.792769265496386,30.080945325338366],[31.792773692178841,30.08094750908192],[31.792778116775647,30.080949693708522],[31.792782543436591,30.080951879256293],[31.792786969071248,30.080954063892133],[31.792791393657691,30.080956249420549],[31.792795820330188,30.08095843406565],[31.792800244927985,30.080960618691538],[31.792804669504083,30.080962805121757],[31.792809095139731,30.080964989756882],[31.792813520753647,30.08096717619636],[31.792817945341294,30.080969361723913],[31.792822369918166,30.080971548153578],[31.792826794495255,30.080973734583097],[31.792831220109967,30.080975921021984],[31.792835643639052,30.080978108343928],[31.792840068216719,30.080980294773006],[31.792844491746195,30.080982482094651],[31.792848917350749,30.080984669435232],[31.79285333984317,30.080986856747064],[31.792857764410684,30.080989044077828],[31.792862187929988,30.080991232301162],[31.792866611460457,30.080993419622086],[31.792871034969206,30.080995608747372],[31.792875458478147,30.080997797872506],[31.792879880949851,30.08099998698799],[31.792884303421747,30.081002176103315],[31.79288872589385,30.081004365218501],[31.792893149392629,30.08100655524531],[31.792897570816724,30.08100874525292],[31.792901993278459,30.081010935269934],[31.792906414691995,30.081013126179496],[31.792910837143168,30.081015317098451],[31.79291525751966,30.081017507998219],[31.792919678933789,30.081019698907358],[31.792924101374606,30.081021890728127],[31.792928520692321,30.081024083422413],[31.792932942085134,30.081026276135621],[31.792937363478153,30.08102846884869],[31.792941782785519,30.081030662444793],[31.792946203141483,30.081032855148056],[31.792950623486686,30.081035048753407],[31.79295504174625,30.081037243241788],[31.792959462091858,30.081039436846869],[31.792963881378295,30.081041632246752],[31.792968299627507,30.081043827636961],[31.7929727178769,30.081046023027039],[31.792977137152988,30.081048219328743],[31.792981555402783,30.081050414718526],[31.792985972593421,30.081052611903143],[31.792990389784258,30.081054809087611],[31.792994806964344,30.081057007174181],[31.792999225182065,30.08105920527013],[31.793003641325097,30.08106140334689],[31.79300805849482,30.081063602335281],[31.793012473589854,30.081065801304462],[31.793016889711573,30.08106800118529],[31.793021305833495,30.08107020106597],[31.793025720907213,30.081072401839219],[31.793030135981134,30.081074602612318],[31.793034551044293,30.081076804287552],[31.793038965070203,30.081079005953093],[31.793043379096321,30.081081207618503],[31.793047793100726,30.081083411088244],[31.79305220710533,30.081085614557864],[31.793056620072683,30.081087818017821],[31.793061033018322,30.081090023282094],[31.793065444937682,30.081092227634485],[31.793069857883722,30.081094432898485],[31.793074269781567,30.081096639055087],[31.793078680642164,30.081098845202003],[31.793083091492004,30.081101052251018],[31.793087503379489,30.081103259309405],[31.793091914218774,30.081105467260407],[31.793096324009859,30.081107676103969],[31.79310073380114,30.081109884947384],[31.793105142555184,30.081112093781137],[31.79310955232496,30.081114304428745],[31.793113961057486,30.081116515066718],[31.793118368752761,30.08111872569501],[31.793122777463786,30.081120938137186],[31.793127184111064,30.081123149657902],[31.793131591774081,30.081125362992516],[31.793135998388895,30.081127577219686],[31.793140405003921,30.081129791446731],[31.793144810581683,30.081132005664113],[31.793149216148699,30.081134220783575],[31.793153620667518,30.081136436795632],[31.793158026213018,30.081138653719314],[31.793162429683839,30.081140870623816],[31.793166834170393,30.081143089342184],[31.793171237630652,30.081145307148656],[31.793175641080165,30.081147525857219],[31.79318004450797,30.081149746370127],[31.793184445861073,30.081151966863843],[31.793188847203428,30.081154188259678],[31.793193248556932,30.081156408753102],[31.793197649877786,30.081158631953155],[31.793202050161383,30.081160855143505],[31.793206450434226,30.081163079235999],[31.793210848632384,30.081165303309284],[31.793215247857233,30.081167528294198],[31.793219647071339,30.0811697541812],[31.793224045237221,30.0811719809608],[31.793228443403322,30.081174207740254],[31.793232840510264,30.081176436314554],[31.793237235542524,30.081178664869654],[31.793241632638907,30.081180894345898],[31.793246027660608,30.081183123802948],[31.793250422660599,30.081185355064367],[31.793254817649839,30.08118758722787],[31.793259211601839,30.081189819381734],[31.793263605532125,30.081192053339922],[31.793267999473571,30.081194286395757],[31.79327239235586,30.081196521246401],[31.793276784189953,30.081198756989625],[31.793281174986802,30.081200992723179],[31.793285565761941,30.081203230261096],[31.793289956537283,30.081205467798863],[31.793294347301881,30.08120770623874],[31.793298735980819,30.081209945561671],[31.793303124649011,30.081212185786722],[31.793307514343908,30.081214426923385],[31.793311900915707,30.081216668933578],[31.793316288514198,30.081218911855427],[31.793320675075446,30.081221154767597],[31.793325060566577,30.081223400376857],[31.793329447106323,30.081225645093213],[31.793333831560428,30.081227890692663],[31.793338215992819,30.081230138096455],[31.793342600414466,30.081232386402373],[31.79334698277237,30.081234633786828],[31.793351366135074,30.081236883887424],[31.793355748460524,30.08123913397834],[31.793360128700328,30.081241384952332],[31.793364509955882,30.081243637740187],[31.793368890163229,30.081245891420643],[31.793373270370786,30.081248145100954],[31.793377648492697,30.081250399664313],[31.793382026603854,30.081252655129795],[31.793386404693319,30.081254912399622],[31.793390781745529,30.081257169659775],[31.793395157749544,30.081259427812526],[31.793399533731858,30.081261687769612],[31.793403908676925,30.081263947717066],[31.793408283611246,30.081266208566603],[31.793412658512914,30.081268472122758],[31.793417031350842,30.081270734757457],[31.793421404167056,30.081272999196536],[31.793425775946034,30.081275263625926],[31.79343014665492,30.081277530752413],[31.793434517363998,30.081279797878757],[31.793438887024884,30.081282065897689],[31.793443256675019,30.081284334818733],[31.793447625276961,30.081286604632339],[31.793451992819744,30.081288876240787],[31.793456360362743,30.081291147849104],[31.793460726835633,30.081293422154506],[31.793465092271294,30.08129569645023],[31.793469456669698,30.08129797073628],[31.793473822083847,30.081300246836232],[31.793478185412358,30.081302523819236],[31.793482547681723,30.081304802597085],[31.793486910977787,30.08130708228656],[31.793491272199155,30.081309361956833],[31.793495633387877,30.081311644333731],[31.793499992512853,30.081313925789196],[31.793504351605183,30.08131620995125],[31.793508709649316,30.081318495005895],[31.793513067693652,30.081320780060395],[31.793517424678846,30.081323066909736],[31.793521780615844,30.081325354651678],[31.793526136531135,30.081327644197966],[31.793530492446639,30.081329933744094],[31.793534846254591,30.08133222597781],[31.7935391990253,30.081334518201864],[31.79354355074782,30.081336811318465],[31.79354790348609,30.081339106248983],[31.793552254138717,30.081341402062552],[31.793556603754102,30.081343697866462],[31.793560953336826,30.081345996376974],[31.793565300833915,30.08134829577056],[31.793569649357714,30.081350596075762],[31.793573995795864,30.081352897264058],[31.793578342212317,30.081355200256688],[31.793582686543125,30.08135750413237],[31.793587030863193,30.081359808910175],[31.793591375172515,30.081362114590096],[31.793595718422687,30.081364422064851],[31.793600058538821,30.081366731315402],[31.793604399703561,30.081369039673074],[31.793608740835648,30.081371350737374],[31.7936130798821,30.081373662684708],[31.793617417858446,30.081375977329149],[31.793621755845965,30.081378291071193],[31.793626092774325,30.081380606608072],[31.794330567757392,30.081780061930967],[31.795009273096671,30.082211951357689],[31.795660233210363,30.082675018256445],[31.796281557489053,30.083167919265836],[31.796871442412073,30.083689220698727],[31.797428171404459,30.084237410265342],[31.797950125277797,30.084810891748418],[31.798435789298352,30.085408001304273],[31.798883749095477,30.086027002907429],[31.799292704034116,30.086666098393074],[31.7996614651139,30.087323430139392],[31.799988958002334,30.087997088308963],[31.800274233386553,30.088685113645592],[31.800516457504408,30.089385509114127],[31.800517790168591,30.089389780370166],[31.80051912179534,30.08939405161674],[31.800520452373775,30.089398323756051],[31.800521779839706,30.089402595866947],[31.800523107294868,30.089406868880083],[31.800524431637513,30.089411141864804],[31.800525755969392,30.089415415751745],[31.800527078237195,30.089419688717491],[31.800528398397368,30.089423964371036],[31.800529716504354,30.089428238201112],[31.80053103460056,30.089432512933438],[31.800532350621797,30.089436787646786],[31.800533664546293,30.089441064145696],[31.800534978481782,30.089445339742348],[31.800536289293884,30.089449616212821],[31.800537599068566,30.089453892673806],[31.80053890779492,30.089458170027555],[31.800540215483842,30.089462447371837],[31.800541520060271,30.089466724687686],[31.800542823588376,30.089471002896289],[31.800544127105702,30.089475282007133],[31.800545427521406,30.089479560187311],[31.800546726888804,30.089483839260261],[31.800548026245401,30.08948811923543],[31.800549322500398,30.08949239827993],[31.800550617707074,30.089496678217209],[31.80055191186543,30.089500959047232],[31.800553203959709,30.089505238956054],[31.800554496043198,30.089509519767134],[31.800555784992408,30.089513802354286],[31.800557073963496,30.089518083136909],[31.800558360848736,30.089522364802846],[31.800559646674756,30.089526648263774],[31.800560931485133,30.089530929910747],[31.800562214198752,30.089535213343254],[31.800563495885839,30.089539495864017],[31.800564776513703,30.089543780179827],[31.800566055088389,30.089548062672161],[31.800567331566313,30.089552346950047],[31.800568609071,30.089556632139651],[31.800569884511599,30.089560916408018],[31.80057115787724,30.089565200657457],[31.800572430183657,30.089569486701897],[31.800573701463531,30.089573771834633],[31.800574970657546,30.089578057850659],[31.800576239851672,30.089582343866656],[31.800577506970829,30.0895866298637],[31.800578773041643,30.089590916753519],[31.80058003807504,30.089595203633863],[31.800581301022575,30.0895994913975],[31.800582563970206,30.089603779161123],[31.800583824853764,30.089608066003546],[31.800585084688983,30.089612353738719],[31.800586344502534,30.089616643278401],[31.800587601225359,30.089620930985152],[31.800588856899854,30.089625219584661],[31.800590112563558,30.089629509086407],[31.800591366152297,30.089633798569228],[31.800592618703597,30.089638088042548],[31.8005938712441,30.089642378418116],[31.800595120682999,30.089646667862997],[31.800596371137754,30.089650959121826],[31.800597618501765,30.089655248547757],[31.800598865844115,30.089659539778154],[31.800600112149016,30.089663830999083],[31.800601356368059,30.089668123103319],[31.800602599560552,30.089672414295801],[31.800603842742259,30.089676706390541],[31.800605083859878,30.089680997564066],[31.80060632392917,30.089685289630367],[31.800607563987676,30.089689582598901],[31.800608801960319,30.089693876450735],[31.800610038906417,30.089698169390829],[31.800611274815068,30.089702462321444],[31.800612509675393,30.089706756144842],[31.800613743509171,30.089711049056508],[31.800614977332163,30.089715342870388],[31.800616209069297,30.089719637567573],[31.800617439768978,30.089723932255275],[31.800618670468772,30.089728226942974],[31.800619899104468,30.089732520709479],[31.800621125643417,30.089736816261514],[31.800622353219989,30.08974111182302],[31.800623578721595,30.089745407365573],[31.800624804223308,30.089749702908112],[31.800626027639144,30.089753999333954],[31.800627251065968,30.089758294857521],[31.800628473444466,30.089762591273868],[31.800629693747975,30.089766887671267],[31.80063091404071,30.08977118497091],[31.800632133306895,30.08977548135881],[31.800633351524741,30.089779778639468],[31.800634568705149,30.08978407591065],[31.800635784848119,30.089788373172361],[31.800637000980299,30.089792671336308],[31.800638215048387,30.089796968579048],[31.800639429105686,30.089801266724031],[31.800640642125543,30.089805564859535],[31.800641854097066,30.089809863887805],[31.800643065031153,30.089814162906588],[31.800644274938694,30.08981846101365],[31.800645484835442,30.089822760022937],[31.80064669264631,30.089827059915521],[31.800647901505712,30.089831358915333],[31.800649108279245,30.089835658798439],[31.800650314026228,30.089839957769811],[31.800651518724873,30.089844257633942],[31.800652724450273,30.089848558409802],[31.800653927074045,30.089852858254975],[31.800655129687009,30.089857159002392],[31.800656332310979,30.08986145884754],[31.8006575338866,30.089865759585475],[31.800658734413897,30.089870061216153],[31.800659933914648,30.089874361935127],[31.800661133415488,30.089878662654083],[31.800662330819573,30.089882965158569],[31.800663529283071,30.08988726586804],[31.800664724612268,30.08989156835359],[31.800665922027527,30.089895869955789],[31.80066711735692,30.089900172441315],[31.800668311659756,30.0899044740151],[31.800669504925153,30.089908775579396],[31.800670699206407,30.089913078957657],[31.800671891423558,30.089917381414732],[31.800673082603275,30.089921683862318],[31.800674273772191,30.089925987212141],[31.800675464952107,30.089930289659694],[31.800676655083677,30.089934593000024],[31.800677844177809,30.089938896330874],[31.800679033272036,30.089943199661715],[31.800680221328818,30.089947502983087],[31.800681408337276,30.089951807197206],[31.800682595345823,30.089956111411322],[31.800683781327823,30.089960414713701],[31.800684966261475,30.089964718908856],[31.800686151195226,30.089969023104004],[31.800687336129084,30.089973327299141],[31.80068851899884,30.089977630573092],[31.800689702884451,30.089981935660965],[31.800690884695076,30.089986240729907],[31.800692066516689,30.089990544896601],[31.800693249365054,30.089994849974989],[31.800694430138435,30.089999155034427],[31.800695609874357,30.09000346008439],[31.800696789599495,30.090007766036589],[31.800697969335609,30.09001207108653],[31.800699148034298,30.090016376126982],[31.800700326722176,30.090020682069692],[31.800701504372608,30.090024988002906],[31.800702682034032,30.090029293033865],[31.800703858647115,30.090033598957607],[31.8007050352603,30.090037904881317],[31.800706210836037,30.090042210795556],[31.80070738744941,30.090046516719244],[31.800708561987793,30.090050822623986],[31.800709736504501,30.090055130333226],[31.800710910005531,30.090059436228479],[31.800712083495778,30.090063743025986],[31.800713256997,30.090068048921218],[31.800714430487439,30.090072355718689],[31.800715602929529,30.090076663408926],[31.800716775382611,30.090080970196894],[31.800717945771588,30.090085276063711],[31.800719118224862,30.090089582851665],[31.800720288603149,30.090093889620672],[31.800721458959742,30.090098198194163],[31.800722629338217,30.090102504963184],[31.800723798679247,30.090106811722684],[31.800724969036121,30.090111120296147],[31.800726138377343,30.090115427055636],[31.800727306681111,30.09011973380564],[31.800728474963194,30.090124042360145],[31.800729643256265,30.090128350012378],[31.800730810522776,30.090132656752889],[31.800731978805139,30.090136965307369],[31.800733146060953,30.090141272950103],[31.800734313316855,30.090145580592829],[31.800735479524423,30.090149889128337],[31.800736645742976,30.090154196761564],[31.800737811950732,30.090158505297044],[31.800738978169484,30.09016281293027],[31.800740144388321,30.090167120563478],[31.800741308521275,30.09017142907998],[31.800742473691862,30.090175737605957],[31.800743638862553,30.090180046131902],[31.800744804044228,30.090184353755593],[31.800745969204215,30.090188663183788],[31.800747133348537,30.09019297079799],[31.800748297482063,30.090197279314449],[31.800749460578132,30.090201587821404],[31.80075062470096,30.090205897240082],[31.800751787808114,30.090210204844784],[31.800752951931134,30.090214514263419],[31.800754115038465,30.090218821868117],[31.800755278124136,30.090223131277277],[31.80075644122077,30.090227439784176],[31.800757604317511,30.090231748291082],[31.800758766376795,30.090236056788488],[31.800759929462838,30.090240366197616],[31.800761091522311,30.090244674695004],[31.800762253570998,30.090248984094647],[31.800763415641548,30.090253291689763],[31.800764577690426,30.090257601089363],[31.800765739750275,30.09026190958674],[31.800766901799335,30.090266218986319],[31.800768063848494,30.090270528385904],[31.800769225908628,30.090274836883211],[31.800770387957975,30.090279146282768],[31.800771550018297,30.090283454780081],[31.800772712067829,30.090287764179617],[31.800773873090804,30.090292072667438],[31.800775035140521,30.090296382066949],[31.800777358213598,30.090304999954245],[31.801931880472797,30.094587262870899],[31.801933012751128,30.094591467315315],[31.801934147115603,30.094595670876366],[31.801935280420821,30.094599876232468],[31.801936413747892,30.094604079784066],[31.801937547064171,30.094608284237896],[31.801938681429018,30.094612487798926],[31.801939813707889,30.094616692243282],[31.801940947024438,30.094620896697091],[31.801942081378666,30.094625101160343],[31.801943213668682,30.094629304702401],[31.801944346985504,30.094633509156179],[31.801945480302408,30.094637713609934],[31.801946612581819,30.094641918054226],[31.801947745909786,30.094646121605727],[31.801948879216081,30.094650326961709],[31.801950011495759,30.094654531405979],[31.801951143786411,30.094658734947977],[31.801952276055388,30.094662940294462],[31.801953409383806,30.094667143845896],[31.80195454061537,30.094671349182917],[31.801955672906381,30.094675552724883],[31.801956805175717,30.094679758071337],[31.801957937466906,30.094683961613278],[31.801959067661237,30.094688166940788],[31.801960199941725,30.094692371384962],[31.80196133118471,30.094696575819672],[31.801962462416906,30.094700781156622],[31.80196359263336,30.094704984679588],[31.801964722828142,30.094709190007062],[31.801965854060612,30.094713395343973],[31.80196698426645,30.094717599769147],[31.801968114461506,30.094721805096587],[31.801969243640812,30.094726008610046],[31.801970373836046,30.09473021393746],[31.801971502982894,30.09473442015765],[31.801972632151596,30.094738624573335],[31.801973761309505,30.094742829891263],[31.801974889429911,30.094747035199724],[31.801976017561287,30.094751239605909],[31.801977145681878,30.094755444914345],[31.801978273791672,30.09475965112501],[31.801979400874849,30.094763856423967],[31.801980527958115,30.094768061722917],[31.801981655041459,30.094772267021838],[31.801982782114024,30.094776473223011],[31.80198390817085,30.094780677610217],[31.801985034205998,30.094784883801914],[31.80198615920364,30.094789089984129],[31.801987285238969,30.094793296175801],[31.801988410236795,30.094797502357999],[31.801989534207998,30.094801707628481],[31.801990658168414,30.094805913801199],[31.801991782128908,30.094810119973928],[31.801992906089502,30.094814326146633],[31.80199402901259,30.094818532309862],[31.80199515088729,30.094822739365878],[31.80199627382143,30.094826944626838],[31.801997395696315,30.094831151682826],[31.801998516544579,30.094835357827098],[31.801999638419648,30.094839564883067],[31.802000759257194,30.094843771929572],[31.802001879057247,30.094847978966612],[31.802002998857393,30.094852186003624],[31.80200411762004,30.094856393031186],[31.802005237420349,30.094860600068188],[31.802006356183174,30.094864807095707],[31.802007473908485,30.094869014113769],[31.802008590585405,30.094873222024628],[31.802009708310905,30.094877429042668],[31.802010824988006,30.094881636953481],[31.802011940627612,30.094885844854833],[31.802013056278181,30.094890051853934],[31.802014170880369,30.094894259745804],[31.802015286520234,30.094898467647123],[31.80201640007413,30.094902676431776],[31.802017512590513,30.094906885206935],[31.802018626155458,30.094911093089305],[31.802019738682898,30.094915300962199],[31.802020851199551,30.094919509737363],[31.802021961630228,30.094923719395819],[31.802023073120338,30.094927927259224],[31.80202418252447,30.094932136005966],[31.802025292966292,30.094936344762147],[31.802026402359722,30.094940554411121],[31.802027509678048,30.094944764041145],[31.802028618044943,30.094948972778365],[31.802029725363461,30.094953182408382],[31.802030831644458,30.094957392028931],[31.802031937925555,30.094961601649469],[31.802033043158261,30.094965812162773],[31.802034148412808,30.094970020871596],[31.802035251559623,30.094974232268203],[31.802036354728287,30.094978441860327],[31.802037457886144,30.094982652354673],[31.802415459625443,30.096626510630696],[31.802692707570746,30.098285484202005],[31.802693290984482,30.098289772067009],[31.802693874398258,30.098294059932012],[31.802694455725952,30.098298348680341],[31.802695037053685,30.098302637428674],[31.802695618381463,30.098306926176992],[31.802696197644902,30.098311214004131],[31.802696776897509,30.098315502733531],[31.802697356139287,30.098319792365174],[31.802697934354356,30.098324081085124],[31.80269851153183,30.098328369795603],[31.802699087682598,30.098332657594366],[31.802699664849293,30.098336947207091],[31.802700240989267,30.098341235908091],[31.802700816069922,30.098345526404135],[31.802701390134732,30.098349815086227],[31.802701964199585,30.098354103768315],[31.802702538253598,30.098358393352644],[31.802703111270034,30.098362682927515],[31.802703683259761,30.098366971590671],[31.802704255238652,30.098371261156071],[31.802704826179955,30.098375550712017],[31.802705397110422,30.098379841170203],[31.802705967025066,30.098384129814441],[31.802706536917992,30.098388420263163],[31.802707105795083,30.098392708897933],[31.802707674650467,30.098396999337179],[31.802708243516765,30.098401288874197],[31.802708811334604,30.098405579303993],[31.802709378125734,30.098409868822078],[31.80270994490602,30.098414159242406],[31.802710510659608,30.098418448751033],[31.802711077439994,30.098422739171376],[31.80271164319365,30.098427028679996],[31.802712207898864,30.098431319081392],[31.802712771577355,30.098435608571084],[31.80271333628264,30.098439898972487],[31.802713899939462,30.098444190266669],[31.80271446258045,30.098448479746892],[31.802715026248233,30.09845277013882],[31.802715588867553,30.098457061423545],[31.802716151508669,30.098461350903754],[31.802716713090451,30.098465642179026],[31.802717273656388,30.098469931640317],[31.802717835238251,30.09847422291557],[31.802718395793388,30.098478513279094],[31.802718956348581,30.098482803642629],[31.802719515866176,30.098487093996702],[31.80272007641058,30.098491385262477],[31.802720634890626,30.098495675607072],[31.802721194408353,30.09849996596116],[31.802721752877613,30.098504257208006],[31.802722312395417,30.098508547562055],[31.802722869827132,30.09851283879944],[31.802723427258883,30.098517130036825],[31.802723984690683,30.098521421274196],[31.802724542144279,30.098525710707086],[31.80272509853852,30.098530001935003],[31.802725655970441,30.098534293172374],[31.802726212364774,30.098538584400281],[31.802726767732395,30.098542874716482],[31.802727324126803,30.098547165944375],[31.802727879483637,30.098551457162824],[31.802728434840493,30.098555748381251],[31.802728991235035,30.098560039609151],[31.802729545554357,30.098564330818117],[31.80273010091134,30.098568622036542],[31.802730655230746,30.098572913245516],[31.802731209561063,30.098577203552232],[31.802731763880544,30.098581494761195],[31.8027323181892,30.098585786872384],[31.802732872508763,30.098590078081333],[31.802733425790734,30.098594369280839],[31.802733979083634,30.098598659578077],[31.802734533392439,30.098602951689266],[31.802735085636908,30.098607242879272],[31.802735638919057,30.098611534078739],[31.80273619220123,30.098615825278223],[31.802736745472576,30.098620117379948],[31.802737297728093,30.098624407667707],[31.802737849972765,30.098628698857702],[31.802738403244234,30.098632990959402],[31.802738955488987,30.098637282149411],[31.802739507722908,30.098641574241647],[31.80274005996775,30.098645865431628],[31.802740612223502,30.098650155719376],[31.802741164457551,30.098654447811608],[31.802741716702506,30.098658739001586],[31.802742268936633,30.098663031093814],[31.802742821181678,30.098667322283767],[31.802743373437647,30.09867161257149],[31.802743924634257,30.098675904654257],[31.802744475841784,30.09868019583476],[31.802745580321375,30.098688779116905],[31.803664609963167,30.105834204136631],[31.803665177423696,30.105838616372921],[31.803665744906002,30.105843026804681],[31.803666312366605,30.105847439040939],[31.803666878800417,30.105851850365514],[31.803667447309689,30.105856261708961],[31.803668013743589,30.105860673033519],[31.803668581204366,30.10586508526977],[31.803669147638356,30.105869496594313],[31.803669715110093,30.105873907928292],[31.803670281533293,30.105878320155089],[31.80367084901599,30.105882730586824],[31.803671416476988,30.105887142823057],[31.803671981862617,30.105891555040376],[31.803672549334568,30.105895966374341],[31.803673114731144,30.105900377689419],[31.803673681154606,30.105904789916185],[31.803674245513573,30.105909201221777],[31.803674811937125,30.105913613448543],[31.803675377333871,30.105918024763589],[31.803675942719799,30.105922436980883],[31.803676507068072,30.105926849188712],[31.803677072475818,30.105931259601512],[31.803677635786467,30.105935671799894],[31.803678200134854,30.105940084007717],[31.803678764483298,30.105944496215539],[31.803679327794057,30.105948908413922],[31.803679891115742,30.105953319710025],[31.803680454426601,30.105957731908408],[31.803681015662082,30.105962144087844],[31.803681577935315,30.105966556276755],[31.803682140219465,30.105970967563408],[31.803682701455074,30.105975379742844],[31.803683261653021,30.105979791912844],[31.803683822877847,30.105984204994517],[31.803684383075879,30.10598861716451],[31.803684943273947,30.105993029334471],[31.803685502423487,30.105997442397257],[31.803686060557087,30.106001853646074],[31.803686619717581,30.106006265806581],[31.803687176791829,30.106010678850446],[31.8036877349147,30.106015091001499],[31.803688291989033,30.106019504045349],[31.803688848025693,30.106023917079742],[31.803689404073271,30.106028329211885],[31.803689959072308,30.106032742236817],[31.803690514071398,30.106037155261767],[31.803691068032812,30.106041568277234],[31.803691622005132,30.106045980390473],[31.80369217492893,30.106050393396476],[31.803692727852752,30.106054806402501],[31.803693278701214,30.106059219389596],[31.803693830576549,30.106063633288418],[31.803694381425082,30.10606804627551],[31.803694931235956,30.10607245925317],[31.803695481046866,30.106076872230798],[31.803696028771537,30.106081286091793],[31.803696576507104,30.106085699050521],[31.803697124242728,30.106090112009259],[31.803697670929797,30.10609452586079],[31.803698216579207,30.106098939702857],[31.803698762239531,30.10610335264268],[31.803699305802738,30.10610776736808],[31.803699850414564,30.10611218120069],[31.803700391913292,30.106116595004949],[31.803700934449783,30.106121008818633],[31.803701475948593,30.106125422622888],[31.803702016398876,30.106129837319916],[31.803702555822351,30.10613425110526],[31.803703094208164,30.106138664881154],[31.803703631545428,30.106143079549813],[31.803704168882732,30.10614749421849],[31.803704706220085,30.106151908887156],[31.803705241492928,30.106156322634668],[31.803705774668646,30.10616073816777],[31.803706308892981,30.106165152808082],[31.803706841031069,30.106169568331733],[31.803707373190939,30.106173982050866],[31.803707904302254,30.106178396662813],[31.803708434354181,30.1061828130698],[31.803708962352452,30.106187227653376],[31.803709490339891,30.106191643139198],[31.803710017300531,30.106196057713323],[31.80371054320177,30.106200474082492],[31.803711068087061,30.106204888637709],[31.803711590875249,30.106209304978499],[31.803712113663458,30.106213721319303],[31.803712636473453,30.106218135855602],[31.803713156148614,30.106222552168067],[31.80371367583469,30.106226967578248],[31.803714194461339,30.106231384783477],[31.803714712061193,30.106235801077002],[31.803715227585659,30.10624021735163],[31.803715743121039,30.106244632724014],[31.803716256559298,30.106249049881967],[31.803716769997585,30.106253467039931],[31.803717282409082,30.106257883286197],[31.803717791696602,30.10626230040635],[31.803718300995037,30.106266716624244],[31.803718810282628,30.106271133744396],[31.803719316457137,30.106275550836177],[31.803719821593955,30.106279967918518],[31.803720325682242,30.106284385893652],[31.803720829781433,30.106288802966532],[31.803721331794357,30.106293220922744],[31.803721831742784,30.106297637957805],[31.803722331680365,30.106302055895117],[31.803722829542561,30.106306473813525],[31.803723326367081,30.10631089172248],[31.803723822153927,30.106315309621973],[31.803724315854517,30.106319728404824],[31.80372480851743,30.106324147178206],[31.803725300153534,30.106328565039892],[31.803725789703378,30.106332983784934],[31.803726279264133,30.106337401627709],[31.803726765690044,30.106341821246616],[31.803727252126862,30.106346239963298],[31.803727736488298,30.106350658661043],[31.803728218763464,30.106355078242153],[31.80372870104954,30.106359496921023],[31.803729181238488,30.106363917385458],[31.803729659373779,30.106368336026499],[31.803730136460526,30.10637275556034],[31.803730612498725,30.106377175986989],[31.803731086483278,30.106381594590221],[31.803731559408401,30.106386014988487],[31.803732030247271,30.106390436270093],[31.803732499032488,30.106394855728333],[31.803732966769161,30.106399276079344],[31.803733434494987,30.106403697332585],[31.803733899129455,30.106408116752995],[31.803734361666788,30.106412537958995],[31.803734823166444,30.106416959155542],[31.803735282590711,30.106421380333177],[31.803735742025879,30.106425800608559],[31.803736199374772,30.106430221767294],[31.803736653599703,30.106434643799922],[31.803737106797815,30.106439064920846],[31.803737558947372,30.106443486934548],[31.803738009021544,30.106447908929383],[31.803738457031187,30.106452330003034],[31.803738903992279,30.106456751969496],[31.803739348867111,30.106461174819277],[31.803739791677415,30.106465596747928],[31.803740233450036,30.106470018667117],[31.80374067312551,30.106474442371905],[31.803741110736478,30.106478865155548],[31.803741547320623,30.106483287027473],[31.803741980780782,30.106487709773294],[31.803742414230111,30.106492133421348],[31.80374284352861,30.106496557031633],[31.803743272838002,30.106500979739636],[31.803743700050273,30.106505404233229],[31.80374412520888,30.106509826903434],[31.803744548270348,30.106514251359236],[31.803744969267278,30.106518674893884],[31.803745389215663,30.106523099321301],[31.803745806061809,30.106527522818141],[31.803746221859384,30.106531947207777],[31.803746635581568,30.106536371578514],[31.803747047228356,30.106540795930311],[31.803747456788873,30.106545221165479],[31.803747865311706,30.106549646391191],[31.803748269694573,30.106554070676854],[31.803748674066593,30.106558495864761],[31.803749076363232,30.106562921033756],[31.803749475535867,30.106567347076652],[31.803749872643969,30.106571772198393],[31.803750268703528,30.106576198212927],[31.803750662687676,30.106580624208554],[31.803751053558706,30.106585050175831],[31.803751444429761,30.106589476143089],[31.803751831149984,30.106593902072561],[31.803752215783938,30.106598328885383],[31.803752599391071,30.106602754786486],[31.803752979874211,30.106607181561497],[31.803753359308793,30.106611609229294],[31.803753735641134,30.106616035966496],[31.803754109898058,30.106620462684777],[31.803754482068719,30.106624890286422],[31.80375485217483,30.106629316966906],[31.803755220183803,30.10663374543298],[31.803755586139111,30.106638172075652],[31.803755948970423,30.106642599592242],[31.80375631075318,30.1066470280016],[31.80375667046053,30.106651456392058],[31.803757026027906,30.106655883842468],[31.803757380535846,30.106660313087904],[31.80375773297926,30.106664741412217],[31.803758082309535,30.106669169708152],[31.803758429553547,30.10667359888744],[31.803758774733012,30.106678027145595],[31.803759117826189,30.106682456287064],[31.803759457795394,30.106686886302441],[31.803759795700035,30.10669131539667],[31.803760131540155,30.10669574356973],[31.803760465272244,30.106700174430646],[31.803760795902075,30.106704604360964],[31.803761124467368,30.106709033370112],[31.803761450946382,30.106713463262626],[31.803761774301393,30.106717894029011],[31.803762094554152,30.106722323864826],[31.803762413769213,30.106726753691149],[31.803762729849399,30.106731185293643],[31.803763043875918,30.106735615072711],[31.80376335477844,30.106740045725704],[31.803763663594676,30.106744477262016],[31.803763970346363,30.106748907877186],[31.803764272936341,30.106753339356789],[31.803764574488611,30.10675777082696],[31.803764872927758,30.106762202268754],[31.803765169291481,30.10676663369167],[31.803765461504366,30.106771065076771],[31.803765752668674,30.106775497354651],[31.803766040730725,30.10677992870195],[31.803766325668761,30.106784360923132],[31.803766608520522,30.106788794027672],[31.803766889307731,30.106793226211042],[31.803767166981803,30.106797658366062],[31.803767440494148,30.106802091385539],[31.80376771296881,30.106806524395552],[31.803767983368047,30.106810957386649],[31.803768249616422,30.106815390339957],[31.803768513789382,30.10681982327436],[31.803768774849207,30.106824256180424],[31.803769032795895,30.106828689058101],[31.803769288656284,30.106833122819136],[31.80376954245213,30.10683755565903],[31.803769792075375,30.106841990265604],[31.803770038596358,30.106846423941587],[31.803770284079629,30.106850857608112],[31.803770526438893,30.106855292148531],[31.803770763620463,30.106859725739451],[31.803770999753443,30.106864160223161],[31.803771233811009,30.106868594687963],[31.803771463717716,30.106873029114968],[31.803771690500405,30.10687746441587],[31.80377191625626,30.106881898805057],[31.803772136823536,30.106886333146996],[31.803772356342233,30.106890768381735],[31.803772571720941,30.106895202676416],[31.803772783964771,30.106899638747233],[31.803772994144033,30.106904073896921],[31.803773201210159,30.106908509018226],[31.80377340515227,30.106912945013438],[31.803773605992102,30.106917380078059],[31.8037738026702,30.106921816007102],[31.803773998310596,30.106926251926716],[31.803774189800123,30.106930687808521],[31.803774379214222,30.106935123671413],[31.803774564466583,30.10693956039874],[31.803774746616661,30.106943996195472],[31.803774925653595,30.106948431963858],[31.80377510260422,30.10695286861559],[31.803775276441712,30.106957305238971],[31.803779936659996,30.107174199036461],[31.803777134538485,30.107391116907547],[31.803777000128651,30.10739555433284],[31.803776860530181,30.107399991710892],[31.803776719893975,30.107404429079452],[31.803776575106841,30.107408866410239],[31.803776428255105,30.107413302819843],[31.803776277230721,30.107417740996166],[31.803776123104004,30.10742217824188],[31.803775966912696,30.107426614566421],[31.803775806570471,30.107431050853187],[31.803775644141904,30.107435488023263],[31.803775477562422,30.107439925155557],[31.803775308918336,30.107444361366689],[31.80377513819878,30.107448797558916],[31.803774963328298,30.107453233713358],[31.803774785333751,30.107457670741667],[31.803774605274604,30.107462106848832],[31.803774421064539,30.107466542918186],[31.803774234778999,30.107470978968642],[31.803774045380262,30.107475414990727],[31.803773852868314,30.107479850984486],[31.80377365828091,30.107484286959316],[31.803773459542573,30.107488722896353],[31.803773258739625,30.10749315791222],[31.803773054812627,30.107497593802002],[31.803772848821005,30.107502028770611],[31.803772638678456,30.107506463701426],[31.803772427476432,30.107510900427275],[31.803772212145208,30.107515335310836],[31.803771994738515,30.107519770175472],[31.803771774218617,30.107524205011764],[31.803771550596387,30.107528638917444],[31.803771324887808,30.107533073706474],[31.803771096055158,30.107537509369404],[31.803770865168769,30.107541943208911],[31.803770631158301,30.107546377922336],[31.803770394045507,30.107550811705135],[31.803770154846351,30.10755524637128],[31.80376991150715,30.107559680097385],[31.803769668167906,30.107564113823468],[31.803769419629141,30.107568548404551],[31.803769170074364,30.107572981171689],[31.803768917395505,30.10757741481271],[31.803768661592567,30.107581849327619],[31.803768403735891,30.107586282019135],[31.803768143803737,30.107590714691739],[31.803767880747497,30.107595148238239],[31.803767614588928,30.107599580854149],[31.803767347381719,30.107604014362835],[31.80376707603445,30.107608446931465],[31.80376680260083,30.107612880383439],[31.803766527113467,30.107617312012028],[31.803766248491147,30.10762174541674],[31.803765967815082,30.107626176998053],[31.803765685063542,30.107630608560445],[31.80376540022564,30.107635041006215],[31.80376511227453,30.1076394734236],[31.80376482122108,30.10764390491039],[31.803764528081263,30.107648337280519],[31.803764232887712,30.107652767827236],[31.8037639345592,30.107657200150111],[31.803763635214676,30.107661630659045],[31.803763332735187,30.107666062944098],[31.803763028191081,30.107670494307992],[31.803762720544636,30.107674924741286],[31.803762410811832,30.107679356057936],[31.803762099025281,30.107683785551171],[31.8037617851415,30.107688216829985],[31.803761469193098,30.107692647187662],[31.803761150120604,30.107697078419235],[31.803760828994367,30.107701507827407],[31.803760505781764,30.107705938118908],[31.803760180493679,30.107710368391512],[31.803759853140967,30.107714797742965],[31.803759522664173,30.107719227968289],[31.803759191149616,30.107723658184177],[31.803758855505848,30.107728086557753],[31.803758519851179,30.107732515833572],[31.803758181072407,30.107736945983273],[31.803757840229029,30.107741375211837],[31.803757497310144,30.107745804421487],[31.80375715232665,30.107750232709986],[31.803756805256782,30.10775466188181],[31.803756455084571,30.107759090123043],[31.803756103863723,30.107763519257073],[31.803755749551385,30.107767946558234],[31.803755395228141,30.107772374761652],[31.803755036753952,30.107776802927258],[31.803754677241987,30.107781231083425],[31.803754315654533,30.107785659220667],[31.803753951991592,30.107790087339005],[31.803753586253144,30.107794515438417],[31.803753218460944,30.107798941714456],[31.803752847533783,30.107803369766632],[31.803752475579717,30.107807796907093],[31.80375210258789,30.107812224038096],[31.803751726482826,30.107816651140745],[31.803751349340001,30.107821078233943],[31.803750970121683,30.107825505308224],[31.803750587811873,30.107829930549666],[31.803750205480281,30.107834357595586],[31.803749820046335,30.10783878371091],[31.803749431499156,30.107843209797863],[31.803749042941071,30.107847636787078],[31.803748653356088,30.10785206286457],[31.803748259620146,30.107856488904261],[31.8037478648573,30.107860914032258],[31.80374746904582,30.107865340053035],[31.803747071169695,30.10786976515266],[31.803746671207215,30.107874191135618],[31.803746269180099,30.107878616197425],[31.803745866115211,30.107883041249782],[31.80374545993709,30.10788746627377],[31.803745052721204,30.107891891288318],[31.803744645505272,30.10789631630286],[31.803744234138378,30.107900741279572],[31.803743821744579,30.107905165344604],[31.803743408302147,30.107909590302398],[31.803742992795076,30.107914014339073],[31.803742576250226,30.107918438366269],[31.803742156592154,30.107922862365118],[31.803741735896295,30.107927286354499],[31.803741314162682,30.10793171033443],[31.803740890353541,30.107936134295457],[31.803740465506642,30.107940558247019],[31.803740037557375,30.107944981267977],[31.803739609608062,30.107949404288934],[31.803739179572375,30.107953828193228],[31.80373874850979,30.107958251185828],[31.803738315371689,30.107962674159502],[31.803737880158089,30.107967097114294],[31.803737443906716,30.107971520059611],[31.803737005590698,30.107975942083762],[31.803736567263769,30.107980365010182],[31.803736125834469,30.107984787005975],[31.803735684394262,30.107989209904016],[31.803735239851683,30.107993631871455],[31.803734795309055,30.107998053838877],[31.80373434869092,30.108002475787409],[31.80373390103502,30.108006897726469],[31.803733451303593,30.108011319646625],[31.8037330005344,30.108015741557338],[31.803732547700573,30.108020162546875],[31.803732094844953,30.108024585340907],[31.80373163993556,30.108029006311547],[31.803731183988404,30.108033427272719],[31.803730725954846,30.108037849117235],[31.803730266894398,30.108042270050042],[31.803729806796174,30.108046690973399],[31.803729345660159,30.108051111887303],[31.803728883497236,30.10805553188948],[31.803728419247939,30.108059952775019],[31.803727952923129,30.108064373641653],[31.803727486609144,30.10806879360603],[31.80372701925738,30.108073213560932],[31.80372654980836,30.108077635301424],[31.80372608038104,30.108082055237421],[31.803725607840466,30.108086475145061],[31.803725136337576,30.108090895062158],[31.80372466172145,30.108095314950887],[31.803724187105271,30.108099734839609],[31.803723711462183,30.108104153816619],[31.803723233732704,30.108108573676976],[31.803722754954592,30.108112994430122],[31.803722276198158,30.108117413378761],[31.803721795366219,30.108121832308512],[31.803721313485614,30.108126252131033],[31.803720830578118,30.108130671041849],[31.803720346632826,30.108135089943215],[31.803719861649753,30.10813950883513],[31.803719375628901,30.108143927717574],[31.803718888581141,30.108148345688321],[31.80371840152246,30.108152764561307],[31.803717912377387,30.108157184317633],[31.803717422216277,30.108161602260004],[31.803716931006512,30.108166021095165],[31.80371643876984,30.108170439018636],[31.803715945484516,30.108174857834882],[31.803715452210007,30.108179275748878],[31.803714957897714,30.10818369365342],[31.803714461499034,30.108188112441297],[31.803713965111175,30.108192530326914],[31.803713467685533,30.108196948203087],[31.803712970259841,30.10820136607925],[31.803712469720896,30.108205783927048],[31.803711970230506,30.108210200882045],[31.803711468653731,30.108214618720385],[31.80371096811464,30.108219036568176],[31.803710465500028,30.108223454397045],[31.803709961858502,30.108227871314217],[31.803709457168313,30.108232289124178],[31.803708952488954,30.108236706031882],[31.803708446771804,30.108241122930114],[31.80370794000601,30.10824554072115],[31.80370743325102,30.108249957609935],[31.803706925447379,30.108254375391514],[31.803706415579097,30.108258792251942],[31.803705906748494,30.108263209121802],[31.803705396890962,30.108267625079954],[31.803704885984793,30.10827204193091],[31.803704375078567,30.108276458781859],[31.803703862096814,30.108280875613868],[31.803703350163612,30.108285291553113],[31.803702836133159,30.108289709277923],[31.803702322124384,30.108294125198249],[31.803701808104694,30.108298542020801],[31.80370129202036,30.108302957922213],[31.803700775935958,30.108307373823582],[31.803700259840642,30.108311790627223],[31.803699742707547,30.108316207421399],[31.803699225585259,30.10832062331334],[31.80369870742518,30.108325039195798],[31.803698189265063,30.108329455078259],[31.803697670067148,30.108333870951245],[31.803697149831446,30.108338286814792],[31.803696629595695,30.108342702678343],[31.803696109349012,30.108347119444115],[31.803695588075417,30.108351535298191],[31.803695066801772,30.108355951152252],[31.803694544490341,30.108360366996866],[31.803694023216586,30.108364782850927],[31.803693499878189,30.10836919778383],[31.803692976528858,30.108373613618959],[31.803692453168598,30.108378030356342],[31.803691928792311,30.108382445279766],[31.803691405442819,30.108386861114891],[31.803690880028679,30.108391276028868],[31.803690354603614,30.108395691845061],[31.803689830227096,30.10840010676846],[31.803689303764195,30.108404522575206],[31.803688778338966,30.108408938391399],[31.803688251875954,30.10841335419812],[31.80368772542376,30.108417769102598],[31.803687197933765,30.108422183997618],[31.80368667147059,30.108426599804332],[31.803686143980499,30.10843101469931],[31.803685616490345,30.108435429594319],[31.803685088978405,30.108439846293809],[31.803684561488158,30.108444261188808],[31.803684032960106,30.108448676074314],[31.803683504432019,30.108453090959838],[31.80368297589299,30.108457506747602],[31.803682447364778,30.108461921633101],[31.80368191778792,30.108466337411397],[31.803681389259602,30.108470752296913],[31.803680859693507,30.108475167172948],[31.803680331154212,30.108479582960662],[31.803679801587993,30.108483997836704],[31.803679272021736,30.108488412712706],[31.803678743493151,30.108492827598191],[31.803678212878165,30.108497243366969],[31.803677684349477,30.108501658252425],[31.803677153745262,30.108506073118974],[31.803676094612133,30.10851490287094],[31.803529164225523,30.10973968896219],[31.803528634643875,30.109744103836405],[31.803528105062171,30.109748518710624],[31.803527575480405,30.109752933584822],[31.803527045887716,30.109757349361278],[31.803526516305851,30.109761764235486],[31.803525986713055,30.109766180011896],[31.803525457131073,30.109770594886079],[31.803524927549052,30.109775009760263],[31.803524399004711,30.109779424643886],[31.803523870449453,30.109783840429749],[31.803523340867258,30.109788255303911],[31.803522812311886,30.109792671089767],[31.803522282729588,30.109797085963912],[31.803521755222725,30.109801500856943],[31.803521225640313,30.109805915731076],[31.803520698133354,30.109810330624125],[31.803520169566845,30.109814747312186],[31.803519642059765,30.109819162205198],[31.803519114552643,30.109823577098215],[31.80351858807234,30.109827992902929],[31.803518059527349,30.109832407786467],[31.803517534095562,30.109836822698366],[31.80351700656648,30.109841239395852],[31.803516481134576,30.109845654307751],[31.80351595465401,30.109850070112405],[31.803515429221999,30.109854485024297],[31.803514903779067,30.109858900838407],[31.803514379384708,30.109863315759728],[31.803513853941666,30.109867731573829],[31.803513329536322,30.109872147397382],[31.803512806168669,30.10987656323038],[31.803512281774101,30.109880978151672],[31.803511759444092,30.109885393994105],[31.803511236076286,30.109889809827088],[31.803510713746171,30.109894225669517],[31.803510192464632,30.109898640619139],[31.803509671161294,30.109903057373277],[31.803509149868763,30.109907473225118],[31.803508628576186,30.109911889076972],[31.803508109359058,30.109916304947731],[31.803507589104125,30.109920720809043],[31.803507069886894,30.109925136679788],[31.803506551707351,30.109929552559962],[31.803506033516896,30.109933969342396],[31.803505516364126,30.109938386134274],[31.803504999222181,30.109942802023905],[31.80350448311793,30.109947217922986],[31.803503967002758,30.109951634724304],[31.803503451936148,30.109956050632803],[31.803502936858628,30.109960467443564],[31.803502422818791,30.109964884263768],[31.803501909816656,30.109969301093418],[31.803501396825336,30.109973717020818],[31.803500884860842,30.109978133859922],[31.803500373934057,30.109982550708452],[31.803499863018093,30.109986966654724],[31.803499353118067,30.109991384414954],[31.80349884426662,30.109995801282391],[31.803498335415121,30.110000218149803],[31.803497826563571,30.110004635017226],[31.803497319787468,30.110009051903543],[31.803496814038194,30.110013469701553],[31.803496308299742,30.110017886597316],[31.803495802550366,30.110022304395311],[31.803495298887313,30.110026721309968],[31.80349479625108,30.110031139136321],[31.803494293625672,30.110035556060396],[31.803493792027091,30.110039973896193],[31.803493291466204,30.110044391741418],[31.803492790916152,30.110048808684414],[31.803492292419786,30.110053227450788],[31.803491793934256,30.110057645314921],[31.80349129648642,30.110062063188501],[31.803490800076286,30.110066481071513],[31.803490304703853,30.110070898963986],[31.803489810369129,30.110075316865903],[31.803489316023466,30.11007973567007],[31.803488823764141,30.110084153590872],[31.803488331493885,30.110088572413925],[31.803487841299081,30.110092991255883],[31.803487351104241,30.110097410097826],[31.803486861957957,30.110101828046982],[31.803486374876268,30.110106246917283],[31.803485887794515,30.110110665787566],[31.803485401750468,30.110115084667328],[31.803484916744122,30.110119503556515],[31.803484433802364,30.110123923366849],[31.803483950871421,30.110128342274933],[31.803483470015941,30.110132761201921],[31.803482989149533,30.110137181031142],[31.803482510369452,30.110141599977023],[31.803482031578458,30.110146019825144],[31.80348155487378,30.110150438789919],[31.803481079195937,30.110154858666391],[31.803480603507179,30.110159279445114],[31.803480130942489,30.110163699349936],[31.803479658377753,30.110168119254745],[31.803479186850726,30.110172539169014],[31.803478717399159,30.110176959102173],[31.803478248974418,30.110181379947054],[31.803477780560499,30.110185799889653],[31.803477315248912,30.11019022076286],[31.803476849948161,30.110194640733823],[31.803476385674237,30.110199061616466],[31.803475923464898,30.110203483420278],[31.803475462304132,30.110207904331293],[31.803475002181077,30.110212325251737],[31.803474544133483,30.110216746191078],[31.80347408712359,30.110221167139905],[31.803473631151402,30.110225588098146],[31.803473176206044,30.110230009968092],[31.803472723347028,30.110234430954677],[31.803472271514831,30.110238852852987],[31.803471820720354,30.110243274760723],[31.803471372001329,30.110247696687388],[31.80347092432001,30.110252118623475],[31.803470477676402,30.110256540569019],[31.803470034135138,30.110260963445178],[31.803469589566937,30.110265385409605],[31.803469149138838,30.110269808314104],[31.803468707683809,30.110274230306903],[31.803468269331123,30.110278653230282],[31.803467832016139,30.110283076163142],[31.80346739573887,30.110287499105425],[31.803466961537062,30.110291922066622],[31.80346652941072,30.11029634504672],[31.80346609832208,30.110300768036261],[31.80346566930891,30.11030519104472],[31.80346524132257,30.110309614964844],[31.803464814384817,30.110314037992207],[31.803464389511642,30.110318461940679],[31.803463965676187,30.110322885898633],[31.803463543916195,30.110327309875476],[31.803463124231669,30.110331733871227],[31.803462705584856,30.110336157876421],[31.80346229005125,30.110340581909984],[31.803461874517613,30.110345005943522],[31.803461461048553,30.110349430898218],[31.803461049654967,30.110353855871807],[31.803460640347726,30.110358279962078],[31.803460232067312,30.110362704964039],[31.803459824824614,30.110367129975426],[31.803459420695141,30.110371555015195],[31.803459017592502,30.110375980966651],[31.803458616576201,30.11038040603475],[31.803458216597615,30.110384831112309],[31.80345781972138,30.110389257120456],[31.80345742388285,30.110393683138078],[31.803457030119802,30.1103981091746],[31.803456638432209,30.110402535230023],[31.803456247782336,30.110406961294874],[31.803455860245684,30.110411387388101],[31.803455472719861,30.110415812579081],[31.803455089323275,30.110420239612345],[31.803454705937522,30.11042466574337],[31.803454324616368,30.110429092795552],[31.803453946408435,30.110433519876075],[31.803453569238219,30.110437946966055],[31.803453194143465,30.110442374074935],[31.803452821124189,30.110446801202727],[31.803452450180384,30.110451228349422],[31.803452081301177,30.110455656417262],[31.803451714519188,30.1104600826995],[31.803451348753164,30.110464510795694],[31.803450986100366,30.110468938920246],[31.803450624485293,30.110473367054244],[31.80345026598345,30.110477795216614],[31.80344990955707,30.110482223397874],[31.803449555206175,30.110486651598034],[31.803449201892985,30.110491079807652],[31.803448850644397,30.110495508938413],[31.803448502519924,30.110499937195275],[31.803448157497794,30.110504366382749],[31.803447812486507,30.110508794667982],[31.803447469539822,30.110513223874356],[31.803447129695492,30.110517654011339],[31.803446791937514,30.110522083264975],[31.80344645730364,30.110526511644728],[31.803446122647983,30.110530941828969],[31.803445792143311,30.110535372051007],[31.803445462676368,30.110539802282524],[31.803445137371277,30.11054423164958],[31.803444812055282,30.110548661918894],[31.803444489852524,30.110553092216552],[31.803444169736114,30.110557521630877],[31.803443851673439,30.110561952868611],[31.803443536734868,30.110566383232442],[31.803443223871771,30.110570813615173],[31.803442913073287,30.110575244919058],[31.803442605388035,30.110579676251309],[31.803442298751389,30.110584106690744],[31.803441995217092,30.110588538060796],[31.803441693747409,30.110592970352009],[31.803441395412708,30.110597400867071],[31.80344109809398,30.110601833196082],[31.803440803910249,30.110606263748956],[31.803440511780245,30.110610696125228],[31.803440222774359,30.110615127627611],[31.803439935833062,30.110619560051148],[31.803439652015904,30.110623991600793],[31.803439370252466,30.110628424973839],[31.803439089548508,30.110632856551838],[31.803438812973795,30.110637289972153],[31.803438538496316,30.110641721606875],[31.803438267110337,30.110646155074434],[31.803437997810704,30.110650587658657],[31.803437730575684,30.110655021164039],[31.803437466464782,30.110659453795531],[31.803437205456259,30.110663887357617],[31.803436945485448,30.110668320929182],[31.803436688638758,30.110672753626837],[31.803436434883569,30.110677188157336],[31.803436184252501,30.11068162181396],[31.803435934670031,30.110686054577791],[31.803435689216812,30.110690489183913],[31.803435444812209,30.110694922897252],[31.803435204558603,30.110699356648389],[31.803434967396498,30.110703792232396],[31.803434731293866,30.110708226021366],[31.803434499331363,30.110712660750362],[31.803434269455227,30.110717094596051],[31.80343404163284,30.110721530265121],[31.803433816934561,30.110725965060315],[31.803433595349539,30.110730399883835],[31.803433375840008,30.110734834726291],[31.803433160481482,30.110739269606555],[31.80343294718757,30.110743705407963],[31.803432735980024,30.110748140326038],[31.803432528912619,30.110752576184165],[31.803432323931585,30.110757011158956],[31.803432122052921,30.110761447064348],[31.803431922260625,30.110765882086405],[31.803431725570707,30.110770318039066],[31.80343153199404,30.110774754020074],[31.803431341530626,30.110779190029444],[31.803431154180473,30.110783626067192],[31.803430968905793,30.110788062123824],[31.803430787771273,30.110792499120539],[31.803430608723119,30.110796935233889],[31.803430432788211,30.110801371375612],[31.80343025995569,30.110805808447942],[31.803430090247303,30.110810244646366],[31.803429922614409,30.110814680863715],[31.803429759121659,30.110819118021112],[31.803429597704405,30.110823555197427],[31.803429440438158,30.11082799241154],[31.803429285258296,30.110832428742324],[31.803429133180813,30.110836866003712],[31.803428984216591,30.110841303293455],[31.803428838365626,30.110845740611563],[31.803428695627925,30.110850177958021],[31.803428556003475,30.110854615332851],[31.803428419492292,30.110859052736028],[31.803428287132132,30.110863490177017],[31.803439695676655,30.111471174363746],[31.803509881545182,30.112075867592171],[31.803638347402838,30.112673281815791],[31.803824180100015,30.113259179266166],[31.803825745204279,30.113263403872431],[31.803827313411151,30.113267629409268],[31.803828883726347,30.113271852258244],[31.803830457155023,30.113276075135559],[31.80383203369718,30.113280298041218],[31.803833614412344,30.113284519180169],[31.803835196176305,30.113288739426295],[31.803836782102408,30.113292958807964],[31.803838370104206,30.113297178208519],[31.803839962279028,30.113301395842374],[31.803841555502618,30.113305612583414],[31.803843152877501,30.113309829362237],[31.803844752338946,30.113314045257706],[31.803846354924755,30.113318260279243],[31.803847960634922,30.113322474426894],[31.803849569480317,30.113326686798359],[31.803851180401423,30.113330899188721],[31.803852794446875,30.113335110705169],[31.803854409541131,30.11333932132883],[31.803856029835305,30.113343531097453],[31.803857652216074,30.1133477399827],[31.803859276672533,30.113351948886852],[31.80386090426423,30.113356156014842],[31.803862534969408,30.113360363171171],[31.80386416672339,30.113364569434662],[31.803865802650385,30.113368773931469],[31.803867440653097,30.113372978447146],[31.80386908178016,30.113377182088929],[31.803870726031587,30.113381384856773],[31.803872372369607,30.113385586741259],[31.803874020794186,30.113389787742392],[31.803875673380922,30.113393987879046],[31.803877327005587,30.113398188025148],[31.803878982716828,30.113402387287881],[31.803880642601086,30.113406584783906],[31.803882304550186,30.113410783201051],[31.803883968607614,30.113414978930336],[31.803885635778535,30.113419174687976],[31.803887305036035,30.113423369562224],[31.803888977396156,30.113427565367079],[31.803890651875477,30.113431757581797],[31.803892328419625,30.113435950717658],[31.803894008088147,30.113440142979609],[31.803895689843266,30.113444334358185],[31.803897373684954,30.113448524853403],[31.803899060640141,30.113452715376958],[31.803900749692783,30.113456904114891],[31.803902441869791,30.113461091978923],[31.803904136122508,30.113465279861817],[31.803905832461815,30.113469466861357],[31.803907530887709,30.113473652977536],[31.803909232427099,30.113477839122034],[31.803910935037031,30.113482022569215],[31.803912640749584,30.113486206946998],[31.803914348537852,30.113490391343653],[31.80391606051003,30.113494573071339],[31.803917773520126,30.113498754808454],[31.803919487579027,30.113502935652761],[31.803921204740558,30.113507117427648],[31.803922925059073,30.113511295621858],[31.803924647442425,30.113515474737234],[31.803926370863714,30.113519653861992],[31.803928097420247,30.113523831210628],[31.803929826063371,30.113528007675878],[31.803931556771335,30.113532185062247],[31.803933289587626,30.113536359760779],[31.803935025506554,30.113540535389863],[31.803936762485147,30.113544709223888],[31.803938501539474,30.113548883076817],[31.803940242680376,30.113553056046349],[31.803941986945652,30.113557228141978],[31.803943733297523,30.113561399354232],[31.803945480698189,30.113565569673675],[31.803947231212359,30.113569740021433],[31.803948983802261,30.113573910388084],[31.803950738489611,30.11357807896912],[31.803952494225772,30.113582246657327],[31.803954253075425,30.11358641437387],[31.803956012973902,30.113590581197599],[31.803957775996743,30.113594747147399],[31.803959540057516,30.113598913106639],[31.80396130724267,30.113603078191947],[31.803963075476634,30.11360724238444],[31.803964845797179,30.113611405693579],[31.803966619231232,30.113615569031058],[31.803968392687182,30.113619730563983],[31.803970170283556,30.113623893036962],[31.803971947901807,30.113628053705408],[31.803973727584921,30.113632215294977],[31.803975510414155,30.113636374206141],[31.803977294270446,30.113640534028985],[31.803979080224209,30.113644692066224],[31.803980868253689,30.113648850122306],[31.803982658358887,30.113653008197289],[31.803984449512896,30.113657165379426],[31.80398624276437,30.113661320775982],[31.8039880380807,30.113665477093644],[31.803989835494487,30.113669631625687],[31.803991633946218,30.113673786167183],[31.803993434484532,30.113677939825283],[31.803995237109458,30.113682092600019],[31.803997041799217,30.113686246295874],[31.803998846510869,30.113690398187209],[31.804000655373834,30.113694550116342],[31.804002465285606,30.113698701152639],[31.804004276246179,30.113702851296114],[31.804006089293342,30.113707000556229],[31.804007903378455,30.113711149825761],[31.804009719539284,30.113715299114176],[31.804011537797582,30.113719446616962],[31.804013357082951,30.113723595031445],[31.804015178465789,30.113727741660284],[31.804017000886553,30.113731888298577],[31.804018826431708,30.113736034062924],[31.804020651977019,30.113740179827246],[31.804022479608918,30.1137443247082],[31.804024309327417,30.113748468705815],[31.804026140083863,30.11375261271283],[31.8040279729269,30.113756755836476],[31.804029806807879,30.113760898969549],[31.804031641737659,30.113765041209792],[31.804033478754036,30.113769182566678],[31.80403531784615,30.113773323942425],[31.804037157976214,30.113777465327601],[31.804039000203726,30.113781604927162],[31.804040843458321,30.113785745438403],[31.804042687772593,30.113789884154585],[31.804044534162585,30.113794022889607],[31.804046380563602,30.113798160722393],[31.804048230078148,30.113802298583476],[31.804050080641499,30.113806435551762],[31.804051933269704,30.113810573441153],[31.804053785908938,30.113814710428262],[31.804055640656507,30.113818844727529],[31.804057497458071,30.113822980850152],[31.804059354270652,30.11382711607051],[31.804061213169842,30.113831250407493],[31.804063073117838,30.113835383851651],[31.804064934092896,30.113839518207495],[31.804066797165429,30.113843650777703],[31.804068661265049,30.113847784259594],[31.80407052746213,30.113851915955845],[31.80407239262157,30.113856047642638],[31.804074260894534,30.113860179357744],[31.804076130216309,30.113864310180048],[31.804078000586902,30.11386844010952],[31.804079873033224,30.113872570057865],[31.80408174651749,30.113876700015627],[31.804083620012776,30.113880829071139],[31.804085494546001,30.113884958136047],[31.804087372203618,30.113889086327053],[31.80408924883448,30.113893213606328],[31.804091127530192,30.113897341806723],[31.804093008312513,30.113901469123746],[31.804094890132784,30.113905596450188],[31.80409677197494,30.113909721972124],[31.804098655881958,30.113913848415173],[31.804100539800004,30.113917973955939],[31.804102425804651,30.113922098613347],[31.804104312836369,30.113926224182432],[31.804106200916905,30.113930348858677],[31.804108090046263,30.113934472642097],[31.804109980213546,30.113938596434956],[31.804111871418794,30.113942720237237],[31.804113762635055,30.113946843137239],[31.804115655927045,30.113950966056112],[31.804117550267854,30.113955088082172],[31.804119444608812,30.113959210108195],[31.804121341036378,30.11396333125084],[31.804123238491023,30.113967453305168],[31.804125135967567,30.113971573554974],[31.804127035519834,30.113975693823651],[31.804128935061396,30.113979814994536],[31.804130835651769,30.113983935272614],[31.804132738339622,30.11398805376508],[31.804134641005877,30.113992174061995],[31.804136543694035,30.113996292554393],[31.804138449495714,30.114000411075104],[31.804140354259761,30.114004529586364],[31.804142260061759,30.114008648107035],[31.804144166912558,30.114012765734891],[31.804146074801309,30.114016883372148],[31.80414798373889,30.114021000116594],[31.804149893714403,30.114025116870472],[31.804151803690065,30.114029233624311],[31.804153714703688,30.114033350387565],[31.80415562675525,30.11403746716028],[31.804157539866495,30.114041582137887],[31.804159452967024,30.11404569801773],[31.804161367116379,30.114049813004733],[31.804163282303673,30.114053928001162],[31.804165197491116,30.114058042997595],[31.804167113716524,30.114062158003428],[31.804169030990725,30.114066272116432],[31.804170949302886,30.114070386238861],[31.804172867615208,30.114074500361273],[31.804174786987204,30.114078612688616],[31.804176706337621,30.114082726820421],[31.804178626736849,30.114086840059397],[31.804180548174028,30.114090953307795],[31.804182468584447,30.114095065644481],[31.804184392108386,30.114099178009461],[31.804186313556905,30.114103290355533],[31.804188238129822,30.114107401827688],[31.804190161654219,30.114111514192604],[31.804192086227449,30.114115625664706],[31.804194011838621,30.114119737146204],[31.804195937449961,30.114123848627695],[31.804197863061443,30.114127960109169],[31.804199789721743,30.11413207069781],[31.804201717419986,30.114136181295862],[31.804203645118399,30.114140291893904],[31.804205572827822,30.114144401589687],[31.804207501564331,30.114148512197104],[31.804209431349658,30.11415262191171],[31.804211360097348,30.114156731616831],[31.804213289872109,30.114160842233638],[31.804215220695692,30.114164951957608],[31.804217150492509,30.114169060769854],[31.804219083402867,30.114173169610446],[31.804221014216047,30.114177280236575],[31.804222946088917,30.114181389067646],[31.804224879010601,30.114185497005884],[31.804226810883776,30.114189605836913],[31.804228743794908,30.114193714677342],[31.804230677754852,30.11419782262497],[31.804232610655422,30.114201932367582],[31.804234544615678,30.114206040315153],[31.804236479613881,30.114210148272139],[31.804238413574456,30.11421425621965],[31.804240348572964,30.114218364176566],[31.804242283571639,30.114222472133463],[31.804244219608261,30.1142265800998],[31.804246154607242,30.11423068805664],[31.804248090644176,30.114234796022917],[31.804250026692134,30.114238903086918],[31.804251962729378,30.114243011053116],[31.804253899815436,30.114247118126528],[31.804255835863859,30.114251225190433],[31.804257772939366,30.114255333166014],[31.804259710025892,30.114259440239337],[31.804261647112575,30.114263547312614],[31.804263585237205,30.114267654395316],[31.804265522335065,30.114271760566304],[31.804267459422221,30.11427586763951],[31.804269396509522,30.11427997471268],[31.804271334634777,30.114284081795287],[31.804273272760184,30.114288188877861],[31.804275209847951,30.114292295950946],[31.804277147973682,30.114296403033482],[31.804279086099555,30.114300510115967],[31.804281024225585,30.114304617198421],[31.804284900478113,30.114312831363286],[31.80449517949409,30.114758432422974],[31.804497116610499,30.11476253859075],[31.804499054754004,30.114766645670215],[31.804500992897669,30.114770752749642],[31.804502931052351,30.114774858926793],[31.804504869196315,30.114778966006163],[31.804506807340442,30.114783073085512],[31.804508745484728,30.114787180164829],[31.80451068259136,30.114791287234677],[31.804512619698151,30.114795394304501],[31.8045145578429,30.114799501383732],[31.804516494960858,30.114803607551256],[31.804518433084194,30.114807716434946],[31.804520370202471,30.114811822602416],[31.804522307310041,30.114815929672091],[31.80452424441776,30.114820036741758],[31.804526180476969,30.11482414470419],[31.8045281165472,30.114828251764347],[31.804530052617586,30.114832358824493],[31.804531988677265,30.114836466786841],[31.804533924737093,30.11484057474917],[31.804535860807945,30.114844681809227],[31.804537795830278,30.114848789762046],[31.804539730852774,30.114852897714865],[31.804541665875423,30.114857005667627],[31.804543600898231,30.114861113620385],[31.804545534883378,30.114865221563651],[31.804547468846966,30.114869331311397],[31.804549402832425,30.114873439254616],[31.804551335780253,30.114877547188353],[31.804553268717356,30.114881656024341],[31.804555201654619,30.114885764860272],[31.804557133554244,30.114889873686746],[31.804559066480945,30.114893983424881],[31.804560998380868,30.114898092251295],[31.804562929243144,30.11490220106824],[31.804564860094711,30.114906310787411],[31.804566790957299,30.114910419604318],[31.804568720760511,30.114914530216208],[31.804570649536942,30.114918639916418],[31.804572579351323,30.114922749626015],[31.804574508117184,30.114926860228408],[31.804576435856283,30.114930969919076],[31.804578363573782,30.114935081414206],[31.804580291313187,30.114939191104828],[31.804582218004068,30.114943301688221],[31.804584143646434,30.114947413164373],[31.804586070326756,30.114951524649964],[31.804587994931627,30.114955636116626],[31.804589919536657,30.114959747583278],[31.804591844141843,30.11496385904989],[31.80459376769851,30.114967971409271],[31.804595691255336,30.114972083768631],[31.8045976127367,30.114976196109069],[31.80459953524517,30.114980309361187],[31.804601455689042,30.114984421692135],[31.804603376122202,30.114988534925299],[31.804605295517717,30.114992648148988],[31.804607214913378,30.114996761372669],[31.804609134309199,30.115000874596308],[31.804611051618711,30.115004988703284],[31.804612968917493,30.115009103712456],[31.804614885189505,30.115013217809935],[31.804616801450795,30.115017332809629],[31.804618715636639,30.115021447790404],[31.804620630860445,30.115025562780602],[31.804622543997919,30.115029678654135],[31.804624457146414,30.11503379362539],[31.804626369235532,30.115037910391656],[31.804628280287002,30.115042027148455],[31.804630191349478,30.115046143002992],[31.804632101363453,30.115050259750294],[31.804634010328904,30.115054377390383],[31.804635918256707,30.115058495021],[31.80463782515772,30.115062611739891],[31.804639730999355,30.115066730253801],[31.80464163684114,30.115070848767694],[31.804643541645277,30.115074967272108],[31.804645445411762,30.11507908576705],[31.804647348118863,30.115083206057026],[31.80464924979918,30.115087325435269],[31.804651151479653,30.115091444813491],[31.804653052111597,30.115095565084491],[31.804654950657234,30.115099686238832],[31.804656849203013,30.11510380739313],[31.804658746722005,30.115107927635719],[31.804660643192484,30.115112048771095],[31.80466253757664,30.115116170789793],[31.804664432998749,30.115120292817902],[31.804666326334537,30.115124415729333],[31.804668217594866,30.115128538621867],[31.804670109882299,30.11513266242606],[31.804672000094254,30.115136786211355],[31.804673889268571,30.115140909987169],[31.804675777405233,30.1151450337535],[31.804677664482504,30.115149159314864],[31.804679550532988,30.115153283964499],[31.804681435524095,30.115157410409164],[31.804683319488408,30.115161535942125],[31.804685202404212,30.115165662367847],[31.804687084293214,30.115169787881857],[31.804688964085027,30.115173915181447],[31.804690842828329,30.115178043373817],[31.804692720544839,30.115182170654453],[31.804694598250638,30.11518629883733],[31.804696473870106,30.115190427903535],[31.804698349489719,30.115194556969705],[31.804700221996079,30.115198686007528],[31.80470209449172,30.115202815947558],[31.804703964901027,30.115206946770932],[31.80470583428356,30.115211076682591],[31.804707702606695,30.115215208389277],[31.804709569892182,30.11521934008648],[31.80471143614,30.115223471774229],[31.804713300290643,30.115227605247537],[31.804715163414489,30.115231737809136],[31.804717025489811,30.115235871263522],[31.804718885489663,30.115240004698975],[31.804720745478818,30.115244139036669],[31.804722603381638,30.115248274257681],[31.804724459219855,30.115252408557534],[31.804726313998692,30.115256544652432],[31.804728167739871,30.115260680737833],[31.804730020432533,30.115264817716024],[31.804731871049725,30.115268954675308],[31.804733720629248,30.115273091625109],[31.804735569149404,30.115277230369951],[31.804737414556282,30.115281369086421],[31.80473926100111,30.115285507812306],[31.804741104310946,30.115289648314349],[31.804742945556175,30.115293787895205],[31.8047447867907,30.115297928378297],[31.804746625949747,30.115302068842478],[31.804748464049407,30.115306211101682],[31.804750300073607,30.115310353341982],[31.804752135060141,30.1153144955728],[31.804753967960352,30.115318638686951],[31.804755799822907,30.115322781791637],[31.804757628561312,30.115326925770216],[31.80475945832681,30.115331070660456],[31.80476128496818,30.115335216424601],[31.804763109534072,30.115339362169802],[31.804764933062312,30.115343507905557],[31.80476675449334,30.115347655426898],[31.804768574886726,30.115351802938758],[31.804770394231586,30.115355951343414],[31.804772211511835,30.115360098826898],[31.804774025657075,30.115364248086514],[31.80477583979161,30.115368398248354],[31.804777651850664,30.115372548391299],[31.804779461823394,30.11537669941757],[31.804781269720653,30.11538085042492],[31.804783076569386,30.115385002325059],[31.804784882380456,30.115389154215709],[31.804786685067381,30.11539330698028],[31.804788485667977,30.115397460628174],[31.804790286257852,30.115401615178286],[31.804792083734448,30.115405769700036],[31.804793880162514,30.115409925114594],[31.804795674504248,30.115414081412453],[31.804797466770513,30.115418237691408],[31.804799256950442,30.11542239485372],[31.804801046092713,30.115426552006539],[31.804802832099966,30.115430710935506],[31.804804617069561,30.115434869855015],[31.804806399963685,30.115439028755613],[31.804808181787546,30.115443190353467],[31.804809960519858,30.11544735011849],[31.804811738192768,30.115451511678526],[31.80481351274155,30.115455674112471],[31.804815287279606,30.115459837448622],[31.804817057677433,30.115463999844746],[31.804818828053676,30.115468164045328],[31.80482059530577,30.115472329119797],[31.80482236048239,30.115476494175358],[31.804824123572676,30.115480660114269],[31.804825885625288,30.115484826043708],[31.804827644553754,30.11548899284703],[31.804829402422833,30.115493161445407],[31.804831158216427,30.115497330024834],[31.804832910896742,30.115501498575941],[31.804834662517667,30.115505668922058],[31.804836411025303,30.115509839239827],[31.804838158484401,30.115514010450369],[31.804839902830217,30.11551818163257],[31.804841646127503,30.115522353707547],[31.804843386289775,30.115526527558654],[31.804845125414378,30.115530701400299],[31.804846861414831,30.115534876115849],[31.804848595339809,30.115539050812483],[31.804850327167578,30.115543227294697],[31.804852056919866,30.115547403757997],[31.804853783548008,30.115551581095215],[31.804855510165417,30.115555759334629],[31.8048572326426,30.115559936634021],[31.80485895301171,30.11556411662124],[31.804860672343153,30.115568296598987],[31.80486238750176,30.115572478343442],[31.804864101633566,30.11557665917617],[31.804865813679033,30.115580840892246],[31.804867522589475,30.115585024384462],[31.804869230462252,30.11558920786721],[31.804870935210872,30.115593392223879],[31.804872636846202,30.115597576552148],[31.804874337422124,30.115601762675468],[31.804876034884757,30.115605948770451],[31.804877730250187,30.115610136651004],[31.804879422491467,30.115614325405463],[31.804881113705925,30.115618513248194],[31.804882801785361,30.115622702867086],[31.804884487778452,30.115626893369303],[31.804886170658261,30.115631083843187],[31.804887851451706,30.11563527520039],[31.804889530147953,30.115639468343176],[31.804891205741757,30.115643660555396],[31.804892879238356,30.115647854553178],[31.804894549610804,30.115652049424845],[31.804896217896889,30.115656245179871],[31.804897884107486,30.115660440915981],[31.80489954718308,30.115664638428246],[31.804901208194028,30.115668835019353],[31.804902866059113,30.115673034288847],[31.804904521859548,30.115677232637164],[31.804906174524977,30.115681432761658],[31.804907825104053,30.115685633769498],[31.804909472569825,30.115689834748967],[31.804911117927524,30.115694038416265],[31.804912761220596,30.115698241162423],[31.804914400351695,30.115702444773035],[31.804916038434254,30.115706649276426],[31.804917672354836,30.115710854644277],[31.804919304189056,30.115715060895454],[31.804920932899126,30.115719268020545],[31.80492255952284,30.115723476028975],[31.804924184071062,30.115727684018477],[31.804925805484253,30.115731893784147],[31.804927422735478,30.115736104414271],[31.804929037911201,30.115740315025484],[31.804930650989707,30.115744527422287],[31.804932260965771,30.115748738888485],[31.804933867795949,30.115752953033095],[31.804935472550635,30.11575716715878],[31.804937074181151,30.115761382158368],[31.804938672687495,30.115765598031853],[31.804940269118344,30.115769813886448],[31.804941862403307,30.115774032419431],[31.80494345154802,30.115778250012344],[31.804945039633317,30.115782469400315],[31.804946623567492,30.115786688750497],[31.804948206442266,30.115790909895733],[31.804949784128095,30.115795130993714],[31.804951359727582,30.115799352975021],[31.804952933229831,30.115803576741936],[31.804954502570109,30.115807801373304],[31.804956068797075,30.115812025976318],[31.805141949087897,30.116396432198293],[31.805271027324562,30.116992293749831],[31.805271760166615,30.116996686724999],[31.805272488857433,30.117001079662383],[31.805273216488771,30.117005474394819],[31.805273939979717,30.117009868187221],[31.805274660346388,30.117014262853555],[31.805275377588778,30.117018658393793],[31.805276092766441,30.117023053012925],[31.805276803771143,30.117027449398748],[31.805277512711097,30.117031844863462],[31.805278217488961,30.117036241192643],[31.805278921218193,30.117040638414608],[31.805279619769205,30.117045034687145],[31.805280317260717,30.117049432754712],[31.805281010601004,30.117053830784517],[31.805281701865685,30.117058228795432],[31.805282388968251,30.117062627670819],[31.805283074006095,30.117067025625076],[31.805283756935747,30.117071426267188],[31.805284435735885,30.117075825067044],[31.805285112449553,30.117080224750243],[31.805285786038951,30.117084625307367],[31.80528645651491,30.117089025836169],[31.805287123866595,30.117093427238871],[31.805287789153535,30.117097827720457],[31.80528845130533,30.117102229978212],[31.805289111381523,30.117106632217077],[31.805289767306462,30.117111034418166],[31.805290421166667,30.117115435698111],[31.805291071891716,30.117119838754252],[31.805291720541177,30.117124241791473],[31.80529236607719,30.117128644800392],[31.805293008488935,30.117133048683218],[31.805293649862893,30.117137452556602],[31.805294287074741,30.117141857294445],[31.805294922210976,30.117146262013435],[31.805295554233787,30.117150666704074],[31.805296183132313,30.117155072268627],[31.805296809955234,30.117159477814319],[31.805297433664709,30.11716388333166],[31.805298056336422,30.117168288839569],[31.80529867483515,30.117172696114192],[31.805299291280001,30.117177101565435],[31.805299904589692,30.117181508792868],[31.805300515823781,30.117185916001393],[31.805301124971393,30.117190324093286],[31.805301731016442,30.117194731254571],[31.805302333937192,30.117199139289824],[31.80530293478234,30.117203547306172],[31.805303533541021,30.117207956205874],[31.805304130234948,30.11721236418445],[31.805304722766753,30.117216773027497],[31.805305314249924,30.117221182763362],[31.805305902630508,30.117225591568641],[31.805306488913772,30.11723000215953],[31.805307073132287,30.117234411829291],[31.805307654226496,30.117238822372943],[31.80530823325596,30.117243231995484],[31.805308809150269,30.117247643394204],[31.805309382979825,30.117252053871773],[31.805309953685079,30.117256465223264],[31.805310524401239,30.117260875672518],[31.805311089906592,30.117265287879036],[31.80531165541198,30.117269700085554],[31.805312216766097,30.117274112254325],[31.805312777082438,30.117278524413624],[31.805313335334027,30.117282935651815],[31.805313890450453,30.117287348666149],[31.805314443491259,30.117291761661619],[31.80531499341863,30.117296174628734],[31.805315542286493,30.117300589390918],[31.805316088062636,30.117305002320268],[31.805316631752302,30.117309416132997],[31.805317174404184,30.117313829936283],[31.805317712904788,30.117318243701785],[31.805318250345884,30.117322659262332],[31.805318784695267,30.117327072990079],[31.805319317995995,30.117331487610606],[31.805319849210246,30.117335903114508],[31.805320378359745,30.117340317697266],[31.805320904384942,30.117344733153946],[31.805321428334508,30.117349148591746],[31.805321951235431,30.117353564922357],[31.805322471022919,30.117357981224629],[31.80532298874563,30.11736239660577],[31.805323505419704,30.11736681287973],[31.805324017931646,30.117371230018151],[31.80532453045447,30.11737564625432],[31.805325039852999,30.117380063364404],[31.805325548224602,30.117384479562805],[31.805326053471884,30.117388896635124],[31.805326556632696,30.117393314590807],[31.805327058766569,30.117397731634803],[31.805327557776135,30.117402149552714],[31.80532805573705,30.117406568363442],[31.80532855163321,30.117410986253034],[31.805329046491572,30.117415404133158],[31.805329538225621,30.117419822887218],[31.805330027894911,30.117424240720144],[31.805330516504682,30.117428660348111],[31.805331002011872,30.117433079045512],[31.805331486481261,30.117437497733466],[31.805331968864177,30.117441917304799],[31.805332449182316,30.117446335954988],[31.805332928440954,30.11745075640021],[31.805333404596993,30.117455175914866],[31.805333879715242,30.117459595420097],[31.805334352757857,30.117464014906428],[31.805334823713991,30.11746843527612],[31.805335293632339,30.117472855636372],[31.805335762512886,30.11747727598717],[31.80533622827998,30.11748169630965],[31.805336691971444,30.11748611661325],[31.805337154614261,30.117490537809644],[31.805337616219273,30.117494958996584],[31.805338074710829,30.11749938015522],[31.805338532164598,30.117503801304395],[31.805338987542733,30.117508222434697],[31.805339441883067,30.117512643555539],[31.805339894147785,30.117517064657516],[31.805340345363842,30.117521486652279],[31.805340794504268,30.117525908628171],[31.805341241569071,30.117530330585161],[31.805341687585212,30.117534753434967],[31.805342131536587,30.117539175363621],[31.805342574450162,30.117543597282861],[31.805343016315078,30.117548020094873],[31.805343455077402,30.117552441976333],[31.805343892791065,30.11755686475059],[31.805344329456062,30.117561288417644],[31.805344764056297,30.117565711163572],[31.805345197618724,30.117570133900056],[31.805345630143368,30.117574556627098],[31.80534605954368,30.117578980228053],[31.805346488944018,30.117583403829009],[31.805346916268736,30.117587827411082],[31.805347341517813,30.117592250974266],[31.805347766777789,30.117596673635198],[31.80534818994041,30.117601098081749],[31.805348611038255,30.117605521607167],[31.805349031087449,30.117609946025382],[31.805349450098834,30.117614370434143],[31.805349868083287,30.117618793931229],[31.805350283970384,30.117623219213918],[31.805350698841394,30.11762764268267],[31.805351111625917,30.117632067034773],[31.805351524399608,30.11763649228913],[31.805351935108522,30.117640916622364],[31.805352343741806,30.117645340936701],[31.805352752364254,30.117649766153292],[31.805353158911075,30.117654191350994],[31.805353564430956,30.117658615636984],[31.805353968902164,30.117663040815795],[31.805354372335586,30.117667465985161],[31.805354772644662,30.117671892028454],[31.805355174002472,30.117676317178926],[31.805355573273783,30.117680743212773],[31.805355970480313,30.117685168325483],[31.805356367676016,30.117689594340433],[31.805356763844774,30.117694019443693],[31.805357158964874,30.117698445439753],[31.80535755200933,30.117702871416952],[31.805357944015981,30.117707297384683],[31.805358336022675,30.117711723352411],[31.805358725953717,30.117716149301252],[31.805359114846954,30.117720575240657],[31.805359501664565,30.11772500116118],[31.805359889509162,30.117729427993382],[31.80536027528899,30.117733853904447],[31.80536066003101,30.117738279806076],[31.805361042686538,30.117742706591059],[31.805361426379921,30.117747133385485],[31.805361806959834,30.117751560151589],[31.805362187539767,30.117755986917697],[31.8053625670819,30.117760413674347],[31.805362945586229,30.117764840421554],[31.805363324090589,30.117769267168761],[31.805363700519305,30.117773693897082],[31.805364075910212,30.117778120615956],[31.805364451290281,30.11778254823707],[31.805364824605576,30.117786974937069],[31.805365197899174,30.117791403441558],[31.805365570176694,30.117795830132099],[31.805365941416404,30.117800256813194],[31.80536631055875,30.117804685279904],[31.805366679722837,30.117809111942112],[31.805367048886957,30.11781353860432],[31.805367416991547,30.11781796706158],[31.80536778406919,30.117822394607149],[31.805368150109032,30.117826822143279],[31.805368515111052,30.117831249669962],[31.80536888010225,30.117835678098874],[31.805369244077351,30.117840104713864],[31.805369606992929,30.11784453312389],[31.805369968881561,30.117848960622247],[31.805370329721519,30.117853389013401],[31.80537069056151,30.117857817404541],[31.805371051412379,30.117862244893438],[31.805371411214573,30.117866673275127],[31.805371768951989,30.117871100735712],[31.805372126678581,30.117875529098519],[31.805372485453884,30.117879956568519],[31.805372841104848,30.117884384912426],[31.805373196744977,30.117888814158615],[31.805373553444689,30.117893241609721],[31.805373908057895,30.117897669944185],[31.805374261622426,30.117902099171452],[31.805374616246542,30.117906526603679],[31.805374968784147,30.117910954919275],[31.805375321310919,30.117915384137092],[31.805375672810754,30.117919812443215],[31.805376025348433,30.117924240758793],[31.805376374772639,30.117928669046048],[31.805376726261677,30.117933098254419],[31.805377075675068,30.11793752744391],[31.805377425110198,30.117941954828911],[31.805377773485805,30.117946384008942],[31.80537812186143,30.11795081318898],[31.805378470258805,30.11795524056452],[31.805378817596651,30.117959669735118],[31.805379164934518,30.117964098905702],[31.805379512272406,30.117968528076286],[31.80537985753465,30.117972957227998],[31.805380203856483,30.117977384584652],[31.805380549118773,30.117981813736336],[31.805380894381088,30.117986242888037],[31.805381238605587,30.117990672030277],[31.805381583867959,30.117995101181968],[31.805381928092501,30.11799953032423],[31.805382271290103,30.118003958554755],[31.805382615514702,30.118008387696996],[31.80538295766365,30.118012816820343],[31.805383300850469,30.118017245953137],[31.805383644037306,30.118021675085927],[31.805383986186321,30.11802610420926],[31.805384328335368,30.118030533332615],[31.805384670495293,30.118034961553697],[31.805385011606557,30.118039390667587],[31.805385352717835,30.118043819781494],[31.80538569381828,30.118048249797624],[31.805386035967448,30.118052678920964],[31.805386376040961,30.118057108025393],[31.805386717152327,30.118061537139265],[31.805387058263726,30.118065966253152],[31.805387398337317,30.118070395357584],[31.805387739437901,30.118074825373693],[31.805388079522384,30.118079253575882],[31.805388418558206,30.118083682670854],[31.805388758631882,30.118088111775268],[31.805389098705582,30.118092540879701],[31.805389438768444,30.118096970886352],[31.805389778842194,30.118101399990763],[31.805390118915973,30.118105829095178],[31.805390798025744,30.118114687294536],[31.807043792898231,30.139656037216902],[31.807044131399994,30.139660433807094],[31.807044467825655,30.139664830378418],[31.807044806327472,30.139669226968589],[31.807045142742329,30.139673624442143],[31.807045480216971,30.139678020120641],[31.807045817680795,30.13968241670138],[31.807046155133779,30.139686814184373],[31.807046491570436,30.139691209853432],[31.807046829023466,30.139695607336407],[31.807047166498229,30.139700003014891],[31.807047503962167,30.139704399595612],[31.807047841415265,30.139708797078573],[31.807048177852039,30.13971319274761],[31.80704851426712,30.139717590221139],[31.807048850693075,30.139721986792413],[31.807049188157126,30.139726383373119],[31.807049523545068,30.139730779934968],[31.807049860998312,30.139735177417908],[31.807050197435217,30.139739573086935],[31.807050532823226,30.139743969648755],[31.80705086923847,30.139748367122266],[31.807051204637382,30.13975276278185],[31.807051540014612,30.139757160245932],[31.807051876440777,30.139761556817174],[31.807052210779986,30.139765954271802],[31.807052546178987,30.139770349931364],[31.807052880518242,30.139774747385999],[31.807053215906436,30.139779143947795],[31.807053551283794,30.139783541411845],[31.807053884606766,30.139787937052539],[31.807054218956964,30.139792333604888],[31.807054553296332,30.139796731059498],[31.807054886608508,30.139801127602421],[31.807055219909863,30.139805525047581],[31.807055554271006,30.139809920697697],[31.807055886534336,30.139814318133414],[31.807056218808537,30.139818714666916],[31.807056552109973,30.139823112112072],[31.807056884384235,30.139827508645539],[31.807057215609582,30.139831906071819],[31.807057547883879,30.139836302605278],[31.80705787910928,30.139840700031559],[31.807058210345559,30.13984509655559],[31.807058540532935,30.13984949397242],[31.807058870720351,30.139853891389258],[31.807059201956683,30.139858287913274],[31.807059531106066,30.139862685320672],[31.807059861304392,30.139867081835249],[31.807060190453825,30.13987147924264],[31.807060518576066,30.139875875738351],[31.807060846687463,30.139880273136288],[31.80706117480975,30.139884669631993],[31.807061502910344,30.13988906793217],[31.807061829983759,30.139893465320682],[31.807062157068046,30.139897861806933],[31.8070624841415,30.139902259195459],[31.807062810187755,30.139906655672274],[31.807063136212339,30.139911053953568],[31.807063461209722,30.139915451323194],[31.807063786217991,30.139919847790566],[31.8070641101665,30.139924246052988],[31.807064434125891,30.139928643413189],[31.80706475809615,30.139933039871121],[31.807065081006662,30.139937438124104],[31.807065403938907,30.139941834572596],[31.807065725811398,30.139946232816143],[31.807066047694764,30.139950630157443],[31.807066368529238,30.13995502839154],[31.807066690423497,30.1399594248306],[31.807067011258006,30.139963823064704],[31.807067330027259,30.139968220377686],[31.807067649834607,30.139972617700103],[31.807067968593049,30.139977015915331],[31.807068287362373,30.139981413228295],[31.80706860508279,30.139985811434101],[31.807068921776018,30.1399902087282],[31.807069239496482,30.139994606933982],[31.807069555151678,30.139999004218634],[31.807069869757996,30.140003402396115],[31.807070186451309,30.14000779969022],[31.807070500019584,30.140012197858255],[31.807070813587895,30.140016596026285],[31.807071127156217,30.140020994194305],[31.807071439686489,30.140025392352893],[31.807071752227653,30.14002978960924],[31.807072063719907,30.140034187758399],[31.807072375212179,30.140038585907547],[31.807072684628338,30.140042984037827],[31.807072995082585,30.140047382177539],[31.807073304498797,30.140051780307815],[31.807073611828027,30.140056179321448],[31.8070739202062,30.140060577442281],[31.807074226519124,30.140064974642019],[31.807074533859272,30.140069372753409],[31.807074840150523,30.14007377175761],[31.807075145414583,30.140078169850131],[31.807075448591664,30.140082568826035],[31.807075752817699,30.140086966909109],[31.80707605599483,30.140091365884999],[31.807076358144766,30.140095763949205],[31.807076660283872,30.140100162915672],[31.807076961395783,30.140104560970432],[31.80707726145879,30.140108959918003],[31.807077560483751,30.140113358856155],[31.80707785951958,30.14011775689205],[31.80707815750651,30.140122155820748],[31.807078455493468,30.140126554749457],[31.807078751404298,30.140130953659277],[31.807079047315149,30.140135352569111],[31.807079342198811,30.140139750567247],[31.807079636022717,30.140144150360452],[31.807079929857498,30.140148549251407],[31.807080221616157,30.140152948123475],[31.807080514402056,30.140157347907252],[31.807080805122684,30.140161746769877],[31.807081094805266,30.140166145623091],[31.807081384477012,30.140170545378528],[31.807081673121559,30.140174944222288],[31.807081960728063,30.140179343056634],[31.807082248323734,30.140183742793205],[31.807082533854132,30.14018814160865],[31.807082819362851,30.140192542228604],[31.807083102817153,30.140196941025188],[31.807083386271476,30.140201339821772],[31.807083668666035,30.140205740413396],[31.807083951071476,30.140210140102777],[31.80708423141164,30.140214538871064],[31.807084510692061,30.140218939434373],[31.807084789983342,30.140223339095467],[31.807085068247428,30.140227737844846],[31.807085345451753,30.140232138389308],[31.807085620590822,30.140236538012637],[31.807085896767976,30.140240937645391],[31.807086170858149,30.140245338161545],[31.807086443921133,30.140249737765988],[31.807086716973274,30.140254138272702],[31.807086987960144,30.140258537858283],[31.807087258936185,30.140262938346122],[31.807087527846956,30.140267337912817],[31.807087795708824,30.140271738372345],[31.80708806358156,30.140276137929625],[31.807088330394532,30.14028053928196],[31.807088596191164,30.14028493882034],[31.807088859900826,30.140289339242127],[31.807089123610492,30.140293739663889],[31.807089386282115,30.140298140076229],[31.807089647904824,30.140302541381374],[31.807089908511191,30.140306940872591],[31.80709016701973,30.140311342149428],[31.807090425528287,30.140315743426267],[31.807090683020494,30.140320142889173],[31.807090939452944,30.140324544147141],[31.807091193809267,30.140328945386216],[31.807091448176458,30.140333345723075],[31.807091701494738,30.140337746952731],[31.807091951709687,30.140342147251836],[31.807092202962711,30.140346547560377],[31.807092453166831,30.140350948761707],[31.80709270128397,30.140355350846434],[31.807092948373917,30.14035975201946],[31.8070931944258,30.140364153183075],[31.80709343943964,30.140368554337247],[31.807093683426267,30.140372954579714],[31.807093926353133,30.140377356617261],[31.807094167214732,30.140381757733675],[31.807094408076338,30.140386158850109],[31.807094646850967,30.140390560849902],[31.807094884598389,30.140394961938004],[31.807095122334992,30.140399363928367],[31.807095356957376,30.140403765890429],[31.807095591590642,30.140408166950216],[31.807095825174983,30.140412568902835],[31.807096056683207,30.140416970836583],[31.807096288191438,30.140421372770316],[31.807117252747791,30.141363658299035],[31.807081682858861,30.142305613098319],[31.806989674184937,30.14324467530664],[31.806989111739377,30.143249053780355],[31.80698854824481,30.143253433146882],[31.806987982684841,30.143257811592282],[31.806987417113966,30.143262190939918],[31.806986850504931,30.143266570278119],[31.806986281841343,30.143270947792946],[31.806985712117893,30.143275327102817],[31.806985142416103,30.143279704608211],[31.80698456957823,30.143284083889778],[31.806983996751161,30.143288462269087],[31.806983421858689,30.143292839727277],[31.8069828469553,30.143297218087692],[31.80698226999737,30.143301594624763],[31.806981693017672,30.143305972966292],[31.806981113961712,30.143310351288957],[31.806980533889302,30.143314727797673],[31.806979952767879,30.1433191051992],[31.806979370608296,30.143323482591299],[31.806978788448657,30.143327859983376],[31.806978203174651,30.143332237347153],[31.806977617911453,30.143336613808664],[31.806977030571986,30.143340990251307],[31.806976444270568,30.143345366703389],[31.806975854843927,30.143349744029383],[31.806975266477039,30.143354119560328],[31.806974674984936,30.143358495965199],[31.806974083481915,30.143362873272299],[31.806973489924346,30.14336724875605],[31.806972896355866,30.143371625142027],[31.80697230176008,30.143376000616321],[31.806971706115277,30.143380376983419],[31.806971109443161,30.143384752438823],[31.806970510694786,30.143389127875331],[31.8069699119355,30.14339350421411],[31.806969312159762,30.143397878738952],[31.806968711335013,30.143402254156598],[31.806968109482945,30.14340662866254],[31.80696750657102,30.143411004963532],[31.806966902631775,30.143415380352845],[31.80696629766523,30.143419754830468],[31.806965691660523,30.143424129298648],[31.806965085655751,30.143428503766817],[31.806964477563866,30.143432879118372],[31.806963869493622,30.143437252665386],[31.80696326036351,30.143441628007484],[31.806962650206103,30.143446002437891],[31.806962039021364,30.143450375956586],[31.806961426787627,30.143454750368122],[31.80696081352658,30.143459123867956],[31.806960200254608,30.143463498270009],[31.80695958491723,30.143467871750964],[31.806958969568928,30.143472246134149],[31.806958353193327,30.143476619605625],[31.806957735779569,30.143480993067683],[31.80695711835488,30.143485367431978],[31.806956498875643,30.143489739972892],[31.806955879385491,30.143494113416054],[31.806955257819073,30.143498486840315],[31.806954637290684,30.143502860274033],[31.806954014696895,30.143507232786611],[31.806953392092183,30.143511606201443],[31.80695276846016,30.143515978704571],[31.806952142741025,30.14352035209107],[31.806951518081632,30.143524723682496],[31.806950891324263,30.143529097059556],[31.806950263550444,30.143533468622667],[31.806949636792947,30.143537841999709],[31.806949007980897,30.143542213553371],[31.806948379147077,30.143546586911523],[31.806947749285939,30.143550959357999],[31.806947118397506,30.14355533089276],[31.806946487498134,30.143559703329768],[31.806945854533367,30.143564074845663],[31.806945221557669,30.143568447263771],[31.806944587554671,30.14357281877022],[31.80694395355161,30.143577190276645],[31.806943318510374,30.143581561773633],[31.806942683458221,30.143585934172851],[31.806942047389622,30.143590304758135],[31.806941410261132,30.143594677138477],[31.806940772116192,30.143599047704868],[31.806940133960339,30.143603419173527],[31.806939494766311,30.143607790632718],[31.806938854534121,30.143612162082476],[31.806938215350833,30.14361653263942],[31.806937574080415,30.143620904079718],[31.806936932820776,30.143625274617765],[31.806936290512134,30.143629646048616],[31.806935648214267,30.143634016577206],[31.806935004878238,30.143638387096377],[31.806934360504041,30.143642757606084],[31.80693371611893,30.143647129018031],[31.80693307071736,30.143651498616059],[31.806932426332121,30.143655870027992],[31.806931778854221,30.143660239607115],[31.806931133430748,30.143664611009601],[31.806930484914602,30.143668980579285],[31.806929837425646,30.143673351060635],[31.80692918890939,30.143677720630297],[31.806928540382202,30.14368209110221],[31.806927890816848,30.143686461564656],[31.806927241251426,30.143690832027104],[31.806926589620591,30.143695201568441],[31.806925939027796,30.143699571119186],[31.80692528843494,30.143703940669937],[31.806924635754942,30.143708311104042],[31.806923984123852,30.143712680645354],[31.806923331454595,30.143717050177191],[31.806922676709053,30.14372141969017],[31.806922024028815,30.143725790124243],[31.806921369294002,30.143730158734975],[31.806920714537412,30.143734529150162],[31.806920058764376,30.143738897751408],[31.806919404007655,30.143743268166585],[31.806918748234484,30.14374763676782],[31.806918092450392,30.143752006271324],[31.80691743460088,30.143756374853687],[31.806916776729594,30.143760745240527],[31.806916119918057,30.143765113832298],[31.806915462057493,30.143769483316873],[31.806914803169619,30.143773851889769],[31.806914145308927,30.14377822137434],[31.806913486420925,30.143782589947207],[31.806912826483885,30.143786959412878],[31.806912165519542,30.143791327966863],[31.806911505582377,30.143795697432541],[31.806910845666867,30.143800065093711],[31.806910184702325,30.143804433647677],[31.806909523726862,30.14380880310387],[31.806908861724079,30.143813171648386],[31.806908199721239,30.143817540192881],[31.806907537718331,30.14382190873738],[31.806906875704506,30.143826278184125],[31.806906212674207,30.143830645816927],[31.806905549622144,30.143835015254215],[31.806904886591727,30.143839382886981],[31.806904222501419,30.143843752314822],[31.806903560508978,30.143848119957024],[31.806902896418546,30.143852489384841],[31.80690223131165,30.143856856998717],[31.806901567242804,30.143861224622047],[31.806900902114062,30.143865594040403],[31.806900237006985,30.143869961654246],[31.80689957188897,30.143874330170362],[31.80689890677089,30.143878698686432],[31.806898240614647,30.143883067193084],[31.806897575507293,30.143887434806903],[31.806896909350918,30.143891803313529],[31.80689624320533,30.143896170917902],[31.806895577048824,30.143900539424532],[31.806894909854144,30.143904907921694],[31.806894243697499,30.143909276428285],[31.806893576513541,30.143913644023201],[31.80689291036763,30.143918011627541],[31.80689224317268,30.143922380124675],[31.806891574950424,30.143926747710122],[31.806890907755349,30.143931116207245],[31.806890240571061,30.143935483802114],[31.806889573375859,30.143939852299216],[31.806888905153336,30.143944219884638],[31.806888236919892,30.1439485883723],[31.806887568697228,30.143952955957698],[31.80688690150177,30.143957324454764],[31.806886233278973,30.143961692040154],[31.806885565056128,30.143966059625537],[31.806884896822353,30.143970428113143],[31.806884228599372,30.143974795698501],[31.80688356036547,30.143979164186103],[31.806882892142362,30.143983531771454],[31.806882223908314,30.143987900259027],[31.806881554657824,30.143992266932681],[31.806880887461762,30.143996635429694],[31.806879549976841,30.144005370590882],[31.805339119203783,30.154070063094917],[31.805338446393279,30.154074454082643],[31.805337773582707,30.154078845070369],[31.805337101821159,30.154083235165295],[31.805336430048669,30.15408762616245],[31.805335758276119,30.154092017159599],[31.805335086503494,30.154096408156754],[31.805334412654378,30.154100799134984],[31.805333740881618,30.154105190132114],[31.80533306911968,30.154109580226983],[31.805332396308579,30.154113971214645],[31.805331723497407,30.154118362202311],[31.805331050686171,30.154122753189956],[31.805330377885749,30.154127143275346],[31.805329705074378,30.154131534262959],[31.805329032262939,30.154135925250593],[31.805328359451444,30.154140316238205],[31.80532768457433,30.15414470630466],[31.805327011762692,30.154149097292265],[31.805326337912774,30.154153488270396],[31.805325664073674,30.154157878346293],[31.805324990223632,30.154162269324409],[31.805324316384393,30.154166659400286],[31.805323641496003,30.154171050368941],[31.805322966607534,30.154175441337586],[31.805322291729883,30.154179831403983],[31.805321616841294,30.15418422237261],[31.805320941963512,30.154188612438986],[31.805320266058317,30.154193001593676],[31.805319590131312,30.154197392552831],[31.80531891421511,30.154201782609725],[31.80531823828797,30.154206173568877],[31.805317561333425,30.154210563616306],[31.805316884378815,30.154214953663722],[31.805316207424131,30.154219343711169],[31.805315529420291,30.154223734651353],[31.805314852465486,30.154228124698761],[31.805314173434173,30.154232514727259],[31.805313495441013,30.154236904765199],[31.805312816409565,30.154241294793664],[31.805312137378053,30.154245684822147],[31.805311457308264,30.154250074841155],[31.8053107772384,30.154254464860141],[31.80531009613026,30.15425885486971],[31.805309416060265,30.154263244888686],[31.805308733924647,30.154267633986514],[31.805308052816308,30.154272023996036],[31.805307370669677,30.154276413996094],[31.805306687495655,30.154280803084436],[31.805306005348893,30.154285193084483],[31.805305322163857,30.15428958307508],[31.805304637951409,30.154293972153955],[31.805303953738889,30.154298361232811],[31.805303269515427,30.154302751213933],[31.805302584264567,30.154307140283336],[31.805301897975411,30.154311529343278],[31.805301211686192,30.154315918403206],[31.805300525386034,30.154320308365381],[31.805299838058467,30.154324697415859],[31.805299149703497,30.154329085554611],[31.805298462375792,30.154333474605064],[31.805297772982474,30.154337862734362],[31.805297082539983,30.154342251756457],[31.805296393135649,30.154346640787971],[31.80529570165481,30.15435102980058],[31.805295011223002,30.154355417920382],[31.805294318703805,30.154359806923519],[31.805293627233642,30.154364195033896],[31.805292933676103,30.154368584027555],[31.805292240129369,30.154372972118981],[31.80529154554435,30.154377360200932],[31.80529085095927,30.154381748282887],[31.8052901553359,30.154386136355388],[31.805289458674245,30.154390524418435],[31.805288762023391,30.154394911579217],[31.805288065361601,30.154399299642243],[31.805287365585102,30.154403687676893],[31.805286666857612,30.154408074818747],[31.805285967080973,30.154412462853379],[31.805285267315128,30.154416849985765],[31.805284566500124,30.15442123801094],[31.805283863619497,30.15442562511495],[31.80528316073881,30.15443001221896],[31.80528245784717,30.15443440022521],[31.805281753928114,30.154438787319744],[31.805281048992537,30.154443172600331],[31.805280342996909,30.154447559675958],[31.805279637001213,30.154451946751564],[31.805278928929027,30.154456333808273],[31.805278220867638,30.154460719962707],[31.80527751175709,30.154465107009937],[31.805276802657353,30.15446949315492],[31.805276091481101,30.154473879280978],[31.80527538133212,30.15447826631873],[31.805274668079299,30.15448265242588],[31.805273954848161,30.154487036728511],[31.805273240556989,30.154491422826183],[31.805272526265743,30.154495808923858],[31.805271809897999,30.154500195002615],[31.805271093541045,30.154504580179111],[31.805270376134935,30.1545089662484],[31.805269657701416,30.154513351405978],[31.805268938240481,30.154517735651865],[31.80526821773039,30.154522120790521],[31.805267496182001,30.154526505919705],[31.805266773595331,30.15453089103945],[31.805266051019458,30.154535275256933],[31.805265327394427,30.15453966036721],[31.805264600676427,30.154544043644638],[31.80526387497482,30.154548428735975],[31.805263148245789,30.154552812915615],[31.805262420478488,30.154557197085797],[31.805261689596449,30.154561581227618],[31.805260959752562,30.154565965378897],[31.805260228892138,30.154570347716195],[31.805259495933445,30.154574731839087],[31.805258762985567,30.154579115059722],[31.805258028988519,30.15458349917316],[31.805257292925841,30.154587882365398],[31.805256555835747,30.154592264645963],[31.805255818734711,30.15459664782875],[31.805255079568035,30.15460103009039],[31.805254340390416,30.154605413254263],[31.805253599158039,30.15460979459472],[31.805252856865607,30.154614177730231],[31.80525211250756,30.154618559944577],[31.805251369187655,30.154622942168348],[31.805250622753015,30.154627324363776],[31.805249876340056,30.154631704754689],[31.805249127828837,30.154636086931188],[31.805248379328429,30.154640468205425],[31.80524762874062,30.154644850363002],[31.805246877136277,30.154649230706628],[31.80524612448276,30.154653611943051],[31.805245370801838,30.154657992267744],[31.805244615044408,30.15466237257354],[31.80524385928689,30.154666752879304],[31.805243101441992,30.154671134068423],[31.805242341531457,30.154675514336372],[31.80524158163173,30.154679893702074],[31.805240819644602,30.154684273951109],[31.805240057668293,30.154688653297885],[31.805239293615461,30.154693032625744],[31.805238527486118,30.154697411934709],[31.80523776135669,30.154701791243642],[31.805236993161643,30.154706169631432],[31.805236223917422,30.154710548912004],[31.805235452607555,30.154714927271407],[31.805234681297613,30.154719305630799],[31.80523390791117,30.154723683971294],[31.805233133486421,30.154728062302308],[31.805232356996036,30.154732439712191],[31.805231580494706,30.154736818024283],[31.805230800889507,30.15474119540578],[31.805230020256889,30.154745571875555],[31.805229238575109,30.154749949238131],[31.805228454827688,30.154754325679534],[31.805227671069304,30.15475870302317],[31.805226885234411,30.154763080347923],[31.805226097344761,30.154767455849235],[31.80522530840593,30.154771832243352],[31.80522451843969,30.154776207725753],[31.80522372638605,30.15478058409149],[31.805222933315864,30.154784958643269],[31.805222138158275,30.154789334078384],[31.80522134195153,30.154793710406274],[31.805220543700891,30.154798084008537],[31.805219744390193,30.154802459405808],[31.805218943013863,30.154806833881928],[31.805218140599234,30.154811208348594],[31.805217337157178,30.154815581903541],[31.805216530589515,30.154819956332371],[31.805215724043524,30.154824328956689],[31.805214915399258,30.154828703366597],[31.805214104700227,30.1548330759531],[31.805213292952022,30.154837449432389],[31.80521248017639,30.154841821999945],[31.805211665335122,30.154846193646382],[31.805210848406457,30.154850566176112],[31.805210029412137,30.154854937784698],[31.805209209368645,30.154859310286074],[31.805208388297732,30.154863681875735],[31.805207565150305,30.154868053446485],[31.805206739937219,30.154872424096062],[31.805205912647619,30.154876794726743],[31.805205085347065,30.15488116625966],[31.805204254953509,30.1548855359597],[31.805203423521672,30.154889905650286],[31.805202588964196,30.154894276214758],[31.805201754417524,30.154898645876969],[31.805200916766989,30.154903014608585],[31.805200079105486,30.154907384242399],[31.80519923834013,30.154911752945615],[31.805198395498234,30.154916121629938],[31.805197551618047,30.154920490304772],[31.805196705672209,30.154924858058443],[31.805195858688062,30.154929225802679],[31.805195009616515,30.15493359443024],[31.805194158490206,30.154937961234374],[31.805193306325581,30.154942328029058],[31.805192451046217,30.154946694795367],[31.805191594739423,30.154951060649989],[31.805190736345235,30.154955427387915],[31.805189875885386,30.154959793204682],[31.805189014387242,30.154964159011996],[31.805188149774335,30.154968524790938],[31.805187284134007,30.154972889658183],[31.805186416406283,30.154977255408742],[31.805185546623779,30.15498161933591],[31.805184674764746,30.154985983244153],[31.805183801867411,30.154990347142931],[31.805182926893544,30.154994711022809],[31.805182048815801,30.154999073972064],[31.805181169688879,30.155003437814095],[31.805180288507181,30.155007799832713],[31.805179406276302,30.155012162744129],[31.805178520941542,30.155016524724935],[31.80517763353026,30.155020886686799],[31.805176745080669,30.155025248639216],[31.805175853527189,30.155029609661025],[31.805174960935421,30.155033970673362],[31.805174066267107,30.155038331666784],[31.805173168494921,30.155042691729584],[31.805172269684434,30.155047051782937],[31.805171367759186,30.155051411807907],[31.804984705489389,30.155800603056566],[31.804737692793971,30.156536486007973],[31.804431557468735,30.1572553926434],[31.804429619262198,30.157259489661389],[31.80442768002813,30.157263585767659],[31.804425738717416,30.157267681854968],[31.804423795351802,30.157271776118829],[31.804421849898656,30.157275871265988],[31.804419903439751,30.157279963696922],[31.804417953855058,30.157284057001664],[31.804416003231946,30.157288150296935],[31.804414050564837,30.157292240866521],[31.804412095810186,30.15729633231938],[31.80441014003889,30.157300421958265],[31.804408182190937,30.157304511578207],[31.804406222266334,30.157308601179182],[31.804404260286827,30.157312688956718],[31.804402296230663,30.157316776715312],[31.804400331146976,30.157320863562148],[31.804398363986628,30.157324950390024],[31.804396394760502,30.157329036296723],[31.80439442450685,30.157333121291675],[31.804392452187418,30.157337205365419],[31.804390477791333,30.157341289420224],[31.804388502378604,30.157345371661037],[31.80438652384008,30.157349454775684],[31.804384545312271,30.157353536988037],[31.804382563680445,30.157357618269756],[31.804380581021082,30.157361698639718],[31.804378596285062,30.157365778990716],[31.80437660948327,30.15736985842053],[31.804374621653935,30.157373936938601],[31.80437263278619,30.157378015447172],[31.804370641863557,30.157382092132295],[31.804368648864269,30.157386168798475],[31.804366654815663,30.157390246357398],[31.804364658723056,30.157394321190637],[31.80436266054291,30.157398396907148],[31.804360662384347,30.15740247081915],[31.804358661110886,30.157406544702734],[31.804356657771649,30.157410617665114],[31.804354654432245,30.157414690627473],[31.8043526479888,30.157418762659145],[31.804350640506954,30.157422834681316],[31.804348631997566,30.157426905791777],[31.804346622460653,30.157430975990479],[31.804344609808826,30.157435046160767],[31.804342597156825,30.157439116331002],[31.80434058246081,30.15744318377557],[31.804338564639014,30.157447252093959],[31.804336546817037,30.157451320412328],[31.804334527978412,30.157455386916677],[31.804332507063123,30.15745945340208],[31.804330484082062,30.157463518966306],[31.804328460051682,30.157467585423255],[31.804326435004661,30.157471650066231],[31.804324407891855,30.157475713787978],[31.804322379751522,30.157479776598016],[31.804320349512746,30.157483841193546],[31.804318319306464,30.157487903082352],[31.804316285985266,30.157491964942718],[31.804314251625637,30.157496026793595],[31.804312217276731,30.157500087742172],[31.804310179823798,30.15750414776009],[31.80430814237069,30.157508207777973],[31.804306101802663,30.157512267767455],[31.80430406124535,30.157516326854633],[31.804302018622256,30.157520385020614],[31.804299974960738,30.157524443177095],[31.804297930271691,30.157528500421837],[31.804295883516861,30.157532556745384],[31.804293835712723,30.157536613961664],[31.804291786881048,30.157540670266201],[31.804289737032722,30.157544724756743],[31.804287685096845,30.157548780130593],[31.804285633182566,30.157552833699896],[31.804283578142485,30.157556888143038],[31.804281523124004,30.157560940781664],[31.804279466017963,30.157564994303542],[31.804277407884388,30.157569046913704],[31.804275348723277,30.157573098612101],[31.804273288523731,30.157577150301012],[31.804271227296667,30.157581201078187],[31.804269163992927,30.157585251836384],[31.804267099661654,30.15758930168284],[31.804265035341089,30.157593350627025],[31.804262967883826,30.157597401347278],[31.804260900459056,30.157601449360754],[31.804258830957618,30.157605497355267],[31.804256761455996,30.157609545349743],[31.804254689877705,30.157613593325252],[31.804252618331898,30.157617638594008],[31.804250543649399,30.157621685638823],[31.804248470015867,30.157625731790791],[31.804246394316547,30.157629777021576],[31.804244316529655,30.157633823135647],[31.804242238764374,30.157637867445192],[31.804240159960656,30.157641911745227],[31.804238080129419,30.157645955133525],[31.804235998210608,30.157649999405113],[31.804233916313397,30.157654041872153],[31.804231833377774,30.157658084329707],[31.804229748365465,30.157662126768283],[31.804227662325619,30.157666168295133],[31.804225576285607,30.157670209821934],[31.804223488168905,30.157674251329773],[31.804221400073811,30.157678291033097],[31.804219309902038,30.157682330717456],[31.804217218680968,30.157686371294549],[31.804215128508844,30.157690410978816],[31.804213035232682,30.157694449732407],[31.804210940928993,30.157698487574269],[31.804208846614223,30.157702526318353],[31.804206751271927,30.157706564150672],[31.804204654891205,30.157710601973495],[31.804202557482942,30.15771463888457],[31.804200459036256,30.157718675786139],[31.804198358523781,30.1577227117665],[31.804196259049366,30.157726747756286],[31.804194157498294,30.157730783727114],[31.804192055957927,30.157734818795664],[31.804189953379126,30.157738853854692],[31.804187848723654,30.157742888894767],[31.8041857440789,30.157746923032558],[31.804183639433962,30.157750957170315],[31.804181531684979,30.157754990377388],[31.804179424984969,30.157759022691661],[31.804177317235638,30.157763055898652],[31.80417520844788,30.157767089096161],[31.804173097594333,30.157771121372438],[31.804170986751501,30.157775152746463],[31.804168875897592,30.157779185022665],[31.804166762977903,30.157783216377677],[31.804164650068923,30.157787246830384],[31.804162536110621,30.157791278175846],[31.804160422173933,30.1577953077168],[31.80415830614967,30.157799338140997],[31.804156190136112,30.157803367662925],[31.804154073084128,30.15780739717534],[31.804151955004617,30.15781142577605],[31.804149836914021,30.157815455278907],[31.804147717795892,30.15781948387005],[31.804145597650223,30.157823511549449],[31.80414347749349,30.157827540131034],[31.80414135630922,30.157831567800873],[31.804139234097406,30.157835594558982],[31.804137111874532,30.157839622219271],[31.804134987585851,30.157843648958377],[31.804132864335259,30.157847675706886],[31.804130740046229,30.157851702445896],[31.804128614729663,30.157855728273169],[31.804126489412926,30.157859754100389],[31.80412436201949,30.157863779908634],[31.804122234636779,30.157867804814607],[31.80412010725389,30.157871829720548],[31.804117978832569,30.157875854616986],[31.804115850400173,30.15787988041561],[31.804113719912888,30.15788390439079],[31.804111590463663,30.157887928375388],[31.804109458937763,30.157891952341028],[31.804107328449941,30.15789597631607],[31.804105195896319,30.157899999369924],[31.804103064369887,30.157904023335419],[31.804100930777651,30.157908046379724],[31.804098797185244,30.15791206942399],[31.804096662576193,30.157916090654254],[31.804094528983423,30.157920113698431],[31.804092394363124,30.157924135830857],[31.804090257666132,30.15792815794433],[31.804088122007222,30.157932180067203],[31.80408598635902,30.157936201287782],[31.804083848623247,30.15794022339167],[31.80408171090907,30.15794424369102],[31.804079573183831,30.157948264892571],[31.804077435458407,30.157952286094076],[31.804075295656311,30.157956307276603],[31.80407315691405,30.157960326664085],[31.804071017111593,30.157964347846544],[31.804068877319843,30.15796836812671],[31.804066736489659,30.157972388397383],[31.804064595670191,30.157976407765766],[31.804062454839649,30.157980428036343],[31.804060312981566,30.157984447395172],[31.804058171123316,30.157988466753974],[31.804056029264878,30.157992486112722],[31.804053886378895,30.157996504559723],[31.804051743481846,30.158000523908932],[31.804049599546371,30.158004543248616],[31.8040474556216,30.158008561686039],[31.804045311696651,30.158012580123405],[31.804043167771525,30.158016598560746],[31.804041022807972,30.158020616988573],[31.804038877844224,30.158024635416361],[31.804036732891205,30.158028652941855],[31.804034586888861,30.158032671360083],[31.804032441935465,30.158036688885506],[31.804030295932769,30.158040707303655],[31.804028148902521,30.158044724810068],[31.804026002910351,30.158048742325882],[31.804023855879738,30.158052759832199],[31.804021708848961,30.158056777338476],[31.804019561817995,30.158060794844712],[31.804017413748593,30.158064812341443],[31.804015266728165,30.15806882894536],[31.804013118658421,30.158072846441996],[31.804010970599375,30.158076863036356],[31.804008822540151,30.158080879630688],[31.804006674469857,30.158084897127203],[31.804004526410278,30.158088913721443],[31.804002377301376,30.158092931208412],[31.804000228214075,30.158096946890858],[31.803998079104819,30.158100964377741],[31.803995930017155,30.158104980060099],[31.803993780918429,30.158108996644671],[31.803991631819521,30.15811301322918],[31.803989482720439,30.158117029813663],[31.803987332582921,30.158121046388633],[31.803985183483476,30.158125062973021],[31.803983034394747,30.158129078655111],[31.803980884256692,30.158133095229957],[31.803978734118463,30.158137111804759],[31.803976585018297,30.158141128388976],[31.803974434890602,30.158145144061457],[31.803972284762718,30.158149159733892],[31.803970134612872,30.158153177210767],[31.803965835394472,30.158161208564881],[31.802243178404471,30.161379109643732],[31.802241026012318,30.161383128872036],[31.802238873609095,30.16138714900255],[31.802236722254886,30.161391168240254],[31.802234569873104,30.161395186566207],[31.802232418518532,30.16139920580385],[31.802230267152868,30.161403225943655],[31.802228114759654,30.161407245171727],[31.802225963404535,30.161411264409217],[31.802223811021868,30.161415282734954],[31.802221657589826,30.161419301953416],[31.802219506223267,30.161423322093022],[31.802217353829146,30.161427341320884],[31.802215201445765,30.161431359646436],[31.802213048013002,30.161435378864716],[31.802210895629248,30.161439397190222],[31.80220874323442,30.161443416417892],[31.802206589812023,30.161447434733802],[31.802204436378538,30.16145145395193],[31.802202282955793,30.161455472267765],[31.802200128494572,30.161459490574064],[31.802197976109749,30.161463508899292],[31.802195821637255,30.161467528107771],[31.802193667175498,30.16147154641396],[31.802191512724466,30.161475563817863],[31.80218935825145,30.161479583026196],[31.802187202750854,30.161483601322793],[31.802185048299293,30.161487618726554],[31.802182892809245,30.1614916361208],[31.80218073730812,30.161495654417244],[31.802178580779444,30.161499671801945],[31.802176425288867,30.161503689196071],[31.80217426772154,30.161507706571189],[31.802172111192306,30.161511723955758],[31.802169953624617,30.161515741330813],[31.802167797105945,30.161519757813025],[31.802165638499595,30.161523775178502],[31.802163480953176,30.161527790748941],[31.802161322346482,30.161531808114326],[31.802159162723125,30.161535823665723],[31.802157004116062,30.161539841031033],[31.802154844492353,30.161543856582327],[31.802152683819262,30.161547873026361],[31.802150524206095,30.161551887675337],[31.802148362494357,30.161555904109804],[31.802146200793334,30.161559919641974],[31.802144040130433,30.161563935183565],[31.802141877401681,30.161567949803942],[31.802139714661845,30.161571965326523],[31.802137551943627,30.161575979044564],[31.802135388176051,30.161579993655309],[31.802133224408276,30.161584008266026],[31.802131058574663,30.161588021955517],[31.802128893779166,30.161592035654412],[31.802126728972564,30.161596050255532],[31.802124562111025,30.161600063033166],[31.802122396276687,30.161604076722465],[31.802120229403886,30.16160809040225],[31.802118061503503,30.161612103170285],[31.802115891537287,30.16161611501704],[31.802113723647469,30.161620126882767],[31.802111553669974,30.161624139631673],[31.802109383714114,30.161628150576096],[31.802107212697969,30.161632163315463],[31.802105041703474,30.161636174250301],[31.802102869659585,30.161640186077864],[31.802100697626429,30.161644197003131],[31.802098524565697,30.161648207016665],[31.802096351504794,30.161652217030131],[31.802094176356228,30.161656227926827],[31.802092001229287,30.161660237019031],[31.802089826091265,30.16166424701342],[31.802087648887387,30.16166825608655],[31.802085471683327,30.161672265159648],[31.802083294479083,30.161676274232704],[31.802081115208981,30.161680282384513],[31.802078935949616,30.161684289634042],[31.802076755640872,30.161688297776298],[31.802074575331936,30.161692305918489],[31.802072393995449,30.16169631314893],[31.802070211620482,30.161700320369835],[31.802068028228856,30.161704325776764],[31.802065844826146,30.161708332085862],[31.802063660384963,30.161712338385449],[31.802061474916215,30.161716343773278],[31.802059288408994,30.161720349151562],[31.802057100874208,30.161724353618087],[31.802054913339244,30.161728358084581],[31.802052724754894,30.161732363443807],[31.802050535164803,30.16173636608675],[31.802048343487037,30.161740369612957],[31.802046152847367,30.161744373148604],[31.80204396118015,30.161748375772465],[31.802041768474449,30.161752378386812],[31.802039573702896,30.161756380079915],[31.802037378931164,30.161760381772979],[31.802035183131867,30.161764382554278],[31.802032987321475,30.161768384237774],[31.802030789445222,30.16177238500001],[31.802028589503117,30.161776384841016],[31.802026390599121,30.161780384691465],[31.802024189629272,30.161784383620656],[31.802021988659234,30.161788382549798],[31.802019785623347,30.161792380557706],[31.802017582587268,30.161796378565562],[31.802015378512728,30.161800376563903],[31.802013173410611,30.161804373650472],[31.802010966231727,30.161808370718049],[31.802008759052658,30.161812367785569],[31.802006549807736,30.161816363931845],[31.802004340573539,30.161820359175845],[31.802002130300867,30.161824354410307],[31.801999917962334,30.161828348723542],[31.801997704585329,30.16183234302725],[31.801995492246434,30.161836337340375],[31.80199327681429,30.161840329820549],[31.801991060332767,30.161844323193435],[31.801988842834586,30.161848314752316],[31.801986625325309,30.16185230721339],[31.801984404711888,30.161856298743736],[31.801982185147473,30.161860289381266],[31.801979963506302,30.161864279999811],[31.801977739799259,30.161868269697102],[31.801975516092043,30.16187225939434],[31.801973291357253,30.161876248179841],[31.801971063507402,30.161880236936824],[31.801968836706564,30.161884224801021],[31.801966607839876,30.161888211743964],[31.801964377934709,30.161892198677382],[31.801962145963678,30.161896184689546],[31.801959913992459,30.161900170701681],[31.801957679944472,30.161904156694806],[31.801955444868923,30.161908141776159],[31.801953207727504,30.161912125936254],[31.801950970585903,30.161916110096318],[31.80194873241674,30.161920093344619],[31.801946492192616,30.161924074769416],[31.801944249869905,30.161928057979701],[31.801942006530531,30.161932039375966],[31.801939763201897,30.161936019869966],[31.801937517796478,30.161940000344945],[31.801935271363494,30.161943979908152],[31.801933022842817,30.16194796035461],[31.8019307733164,30.161951938084812],[31.801928521713208,30.161955915795993],[31.801926270098921,30.161959894409364],[31.801924016429691,30.161963871199276],[31.801921760694579,30.161967847067942],[31.801919504959294,30.161971822936536],[31.801917247158141,30.161975797883901],[31.801914988329422,30.161979771919484],[31.801912727423925,30.161983745936048],[31.801910465479949,30.161987719943106],[31.801908201481019,30.16199169212668],[31.801905936443617,30.161995664300701],[31.801903670378632,30.161999635562996],[31.801901401209491,30.162003605894515],[31.80189913204017,30.162007576226006],[31.801896860804973,30.162011545636261],[31.801894587493006,30.162015515027477],[31.801892314202671,30.162019482614195],[31.80189003883557,30.162023450181891],[31.80188776140259,30.16202741682833],[31.801885482942055,30.162031382563018],[31.801883203443033,30.162035348288175],[31.801880920839839,30.162039313082605],[31.801878637209075,30.16204327696526],[31.801876351501544,30.162047240828894],[31.801874065815642,30.162051202888009],[31.801871778052973,30.162055164928105],[31.801869488213512,30.162059126949206],[31.801867196319098,30.162063087146819],[31.801864903386214,30.162067047334897],[31.80186260943665,30.162071005708952],[31.801860312361111,30.162074964956769],[31.801858014257999,30.162078923292803],[31.801855715138224,30.162082879814854],[31.801853412903373,30.162086836308397],[31.801851109651867,30.162090790987932],[31.801848806400173,30.162094745667417],[31.801846498995104,30.162098700308938],[31.801841881113162,30.162106605954413],[31.801839569587074,30.16211055785114],[31.801837256006031,30.162114507924368],[31.801834941375599,30.162118458890319],[31.801832624690199,30.162122408032761],[31.801830305928021,30.162126357156186],[31.801827986138278,30.16213030536786],[31.801825663255283,30.162134251746554],[31.801823340372085,30.162138198125191],[31.801821014395642,30.16214214267087],[31.801818686331494,30.162146088099774],[31.801816357250701,30.162150031714649],[31.801814026093108,30.162153975310545],[31.801811692880566,30.162157917082919],[31.801809357602153,30.162161857934056],[31.801807021285253,30.162165798775654],[31.801804681875101,30.162169737784271],[31.801802342464743,30.16217367679285],[31.801799998911939,30.162177614861207],[31.801797655369842,30.162181552027274],[31.801795308712677,30.162185489164845],[31.80179296104976,30.162189423586163],[31.801790611299136,30.162193358890718],[31.801788259493566,30.162197292371754],[31.801785904583806,30.162201224922079],[31.801783548646494,30.162205156560635],[31.801781190632379,30.162209088180155],[31.801778830563315,30.162213017976214],[31.801776469455749,30.162216947762705],[31.801774106293237,30.162220875725719],[31.801771740026538,30.162224802757986],[31.801769371683072,30.162228729771236],[31.801767002322933,30.162232654970495],[31.801764629847703,30.16223658014124],[31.801762257383203,30.162240504409702],[31.801759880787149,30.162244426835716],[31.801757503152601,30.162248349252163],[31.801755123463089,30.162252269845141],[31.801752740658493,30.162256190409622],[31.801750356837225,30.162260109160069],[31.801747969911791,30.162264026979802],[31.801745581958784,30.162267943887748],[31.801743191939902,30.162271859874451],[31.801740798816841,30.1622757749304],[31.801738404666192,30.162279689074573],[31.801736008438777,30.162283603199736],[31.801733609129002,30.162287514589689],[31.801731207742431,30.162291425960607],[31.801728805328292,30.162295336419771],[31.801726398771674,30.162299245938701],[31.801723992236688,30.162303153653095],[31.801721581548321,30.162307061329518],[31.801719169843278,30.162310967191928],[31.801386584151381,30.162810415616864],[31.801018065937775,30.16329044484327],[31.800615111024108,30.163749103846367],[31.800179355465719,30.164184532208047],[31.799712567248729,30.164594960047292],[31.799216641985456,30.164978720619835],[31.798693593492697,30.165334256554974],[31.798145546455725,30.165660125208699],[31.797574723942443,30.16595500036027],[31.79698344515673,30.166217685732619],[31.79637411088315,30.166447115766804],[31.795749195138381,30.16664235825764],[31.795111236799116,30.166802618792989],[31.794462824954678,30.166927248744347],[31.793806593768281,30.167015739808821],[31.793145208833089,30.167067734714294],[31.792481354774459,30.167083020790841],[31.792476253114387,30.167082996394043],[31.792471151487327,30.167082969290345],[31.792466049882268,30.167082940381963],[31.792460949359558,30.167082907874004],[31.792455846760173,30.167082875346715],[31.792450746281482,30.167082839229405],[31.792445643737103,30.167082802190539],[31.792440543313429,30.167082761561659],[31.792435440824082,30.167082720011198],[31.792430340444419,30.167082675772974],[31.79242523801009,30.167082629710944],[31.79242013663611,30.167082581853816],[31.79241503633348,30.1670825312993],[31.79240993397617,30.167082478921028],[31.792404832679217,30.16708242474764],[31.792399732453624,30.167082367876898],[31.792394630162352,30.167082310084599],[31.79238952894244,30.167082249594944],[31.792384427744537,30.167082187300629],[31.79237932656865,30.167082123201638],[31.792374226453113,30.167082057307542],[31.792369125343242,30.167081987794717],[31.792364024233386,30.167081918281724],[31.792358923156549,30.167081846061805],[31.792353822101724,30.167081772037211],[31.792348721079918,30.167081695305718],[31.792343620080118,30.16708161676954],[31.792338519091341,30.167081537330944],[31.792333418135573,30.167081455185432],[31.792328318229167,30.167081372147052],[31.792323217317424,30.167081286392186],[31.792318116438707,30.167081197930425],[31.792313015571004,30.167081108566215],[31.792307914714321,30.167081018299587],[31.792302813901653,30.167080924423811],[31.792297714149342,30.167080828752908],[31.792292614397052,30.167080733081811],[31.792287512612088,30.167080633782465],[31.792282412925839,30.167080532697561],[31.792277312212256,30.167080430700651],[31.7922722115207,30.167080326899072],[31.792267111889497,30.167080221302385],[31.792262012280315,30.167080113901019],[31.792256911665799,30.167080003783198],[31.792251812100666,30.167079892772492],[31.792246711519191,30.16707977994756],[31.792241611998097,30.167079665327506],[31.792236512499024,30.167079548902802],[31.792231411983607,30.167079430663847],[31.792226311490221,30.167079310620224],[31.792221212057211,30.167079188781493],[31.792216112635213,30.167079066040319],[31.792211013246238,30.167078940592241],[31.792205912829935,30.167078814232173],[31.792200814512348,30.167078686086544],[31.792195714140099,30.167078556117115],[31.792190614817216,30.167078425254839],[31.792185514500005,30.167078290773851],[31.792180416259516,30.167078156311767],[31.792175317002698,30.167078020035451],[31.792170217767911,30.167077881954487],[31.792165118555136,30.167077742068845],[31.792160019353393,30.167077601280766],[31.792154920184672,30.167077457785766],[31.792149821026978,30.167077313388347],[31.792144722929645,30.167077167195814],[31.792139623804999,30.167077020091259],[31.792134524702377,30.167076871182065],[31.792129425632783,30.167076719565959],[31.792124327601556,30.167076567959196],[31.792119228565024,30.167076413635986],[31.792114129528503,30.167076259312566],[31.792109031563353,30.167076102291805],[31.792103932570885,30.167075944359055],[31.792098834649792,30.167075783728933],[31.79209373672872,30.167075623098636],[31.792088638840692,30.167075459761431],[31.792083539914326,30.167075296414446],[31.792078442059346,30.167075130370126],[31.792073344215382,30.167074963423378],[31.792068246393452,30.167074794671951],[31.792063147544205,30.167074625008542],[31.79205804975534,30.167074453550011],[31.792052953015837,30.167074281198591],[31.792047855260019,30.167074107032956],[31.79204275751523,30.16707393196489],[31.792037659792477,30.167073755092144],[31.792032562080749,30.167073577316973],[31.792027465440395,30.167073396844458],[31.792022366723373,30.167073216352613],[31.792017270105088,30.167073034075209],[31.792012172459476,30.167072850885837],[31.792007074835894,30.167072665891773],[31.792001978261695,30.16707248000484],[31.791996880671178,30.167072292303661],[31.791991784130026,30.167072103709632],[31.791986686561572,30.167071914203603],[31.791981590064491,30.16707172200022],[31.791976492529098,30.167071529787076],[31.791971396054084,30.167071335778818],[31.791966298551749,30.167071140858596],[31.791961203137131,30.167070945055031],[31.791956105667868,30.167070747427669],[31.791951010286315,30.167070548917028],[31.791945912850117,30.167070348582559],[31.791940817490623,30.167070148267051],[31.791935720087483,30.167069945225471],[31.791930623722724,30.167069742193274],[31.791925528418339,30.167069537365972],[31.791920432097651,30.167069330724427],[31.791915334727634,30.167069124975381],[31.791910239478351,30.167068915636296],[31.791905143179751,30.167068707189681],[31.791900046903184,30.167068496938416],[31.791894951675996,30.167068285794265],[31.791889856470849,30.167068072845449],[31.791884760238382,30.167067858984634],[31.791879664005947,30.167067645123623],[31.791874568844904,30.167067428565272],[31.791869472645544,30.16706721199715],[31.791864377506553,30.167066993633917],[31.791859282367607,30.167066775270502],[31.791854187250689,30.167066555102387],[31.791849091106471,30.167066334022312],[31.791843996011618,30.167066112049348],[31.791838900927814,30.167065889173944],[31.791833805855045,30.167065665396112],[31.7918287108043,30.167065439813612],[31.791823615753593,30.16706521423092],[31.791818520724924,30.167064986843549],[31.791813425707296,30.167064758553757],[31.791808330689701,30.167064530263744],[31.791803235694132,30.167064300169084],[31.791798140709609,30.167064069171964],[31.791793046763452,30.167063838184241],[31.791787951800998,30.167063605382264],[31.791782856849586,30.167063371677848],[31.791777762947536,30.167063137080575],[31.791772668018194,30.167062901571295],[31.791767574127228,30.167062666071384],[31.791762479219948,30.167062428757241],[31.791757385351051,30.167062191452455],[31.791752291504199,30.167061952343019],[31.791747196630041,30.167061712321555],[31.791742101755901,30.167061472299935],[31.791737007953159,30.167061229580941],[31.791731914139447,30.167060987763985],[31.79172682033678,30.167060745044619],[31.791721725495787,30.167060502315469],[31.791716631726189,30.167060256888991],[31.791711537945627,30.167060012364544],[31.791706445225447,30.167059766044989],[31.791701351477954,30.167059518813435],[31.791696256703162,30.167059270669892],[31.791691162955747,30.167059023437947],[31.791686070268714,30.16705877441089],[31.791680975527033,30.167058523560051],[31.791675882851067,30.167058273630353],[31.791670789147805,30.167058022788684],[31.791665696493919,30.167057771054129],[31.791660601774385,30.167057518398014],[31.791655509142583,30.167057264858595],[31.791650416510809,30.167057011318981],[31.79164532181338,30.167056756857807],[31.791640229214696,30.167056500611089],[31.791635135555687,30.167056246159074],[31.791630042968073,30.167055989009739],[31.791624950380491,30.167055731860195],[31.79161985676561,30.167055473798634],[31.791614764189102,30.167055215746473],[31.791609670585281,30.167054956782302],[31.79160457801985,30.167054697827474],[31.791599485465454,30.167054437970247],[31.791594391883763,30.167054177201013],[31.791589299340441,30.167053916441152],[31.791584205780829,30.167053653867033],[31.791579114286925,30.167053392214097],[31.791574020738391,30.167053128737347],[31.791568928217217,30.16705286617222],[31.791563835718101,30.167052601802403],[31.791558743208004,30.167052338334639],[31.79155364968161,30.167052073052645],[31.791548558231948,30.167051807789573],[31.791543464716629,30.167051541604945],[31.791538373267034,30.167051276341489],[31.791533279762792,30.16705100925423],[31.791528188335274,30.167050742185911],[31.791523095880454,30.167050474205567],[31.791518003425672,30.167050206225056],[31.791512910970923,30.167049938244347],[31.791507818527222,30.167049669361177],[31.791502726094556,30.167049399575596],[31.791497633661926,30.16704912978981],[31.791492542267676,30.167048860013399],[31.79148744983512,30.167048590227211],[31.791482357424606,30.167048318636365],[31.791477265003124,30.167048047947556],[31.791472172581681,30.167047777258549],[31.791467081220624,30.167047504774438],[31.791461988810255,30.167047233182814],[31.791456897449272,30.167046960698308],[31.791451805049984,30.167046688204024],[31.791446712661735,30.167046414807324],[31.791441621300866,30.167046142322224],[31.791436528923697,30.167045868022896],[31.79143143653555,30.167045594625613],[31.791426345185794,30.167045321237698],[31.791421252819738,30.167045046035529],[31.791416161481049,30.167044771744962],[31.791411069104058,30.167044497444653],[31.791405977776453,30.167044222251473],[31.79140088644888,30.167043947058094],[31.791395794094012,30.167043670952715],[31.791390701728165,30.167043395749378],[31.791385610411712,30.167043119653172],[31.791380518045941,30.167042844449444],[31.791375426729555,30.167042568352834],[31.791370335424215,30.167042291353798],[31.791365243069556,30.167042015247237],[31.79136015072595,30.16704173823824],[31.791355060448055,30.167041462150433],[31.791349968104516,30.167041185141041],[31.791344875761009,30.167040908131451],[31.791339784455879,30.167040631131226],[31.791334693150791,30.167040354130833],[31.791329600818397,30.167040076218399],[31.79132450951338,30.167039799217587],[31.791319418208392,30.167039522216594],[31.791314325876108,30.167039244303599],[31.791309233532857,30.16703896729263],[31.791304143277326,30.167038689398368],[31.791299050934143,30.167038412387015],[31.791288867308239,30.167037856568797],[31.789781904815214,30.166955697933833],[31.789776812482692,30.166955420863612],[31.789771721199571,30.166955142900537],[31.789766629905461,30.166954865839486],[31.789761537584067,30.166954587866442],[31.789756446301052,30.166954309902788],[31.789751355007059,30.166954032841158],[31.789746262674747,30.166953755769747],[31.789741171391842,30.166953477805482],[31.789736080097946,30.166953200743279],[31.789730987765747,30.166952923671261],[31.789725896471921,30.16695264660866],[31.78972080412877,30.166952370438501],[31.789715712835012,30.166952093375503],[31.789710620502955,30.16695181630271],[31.789705529209272,30.166951539239307],[31.789700436866262,30.16695126306837],[31.78969534557265,30.166950986004586],[31.789690254268052,30.16695070984283],[31.789685161925153,30.166950433671278],[31.789680069571258,30.166950158401789],[31.789674978255739,30.16694988314169],[31.789669886951295,30.166949606979138],[31.789664794597506,30.166949331709066],[31.789659703271074,30.166949057350596],[31.789654610917356,30.166948782080127],[31.789649518563678,30.166948506809454],[31.789644427226321,30.166948233352635],[31.78963933486169,30.166947958983801],[31.789634242497094,30.166947684614779],[31.789629151159847,30.166947411157352],[31.789624058784295,30.166947137690169],[31.789618967436095,30.166946865134616],[31.789613875060613,30.166946591667038],[31.78960878266312,30.166946320003728],[31.789603691303995,30.166946048349804],[31.789598598917596,30.166945775783852],[31.789593506509185,30.166945505022213],[31.789588415139146,30.166945234269924],[31.789583322741823,30.166944962605626],[31.789578230333518,30.166944691843391],[31.789573137914218,30.166944421983182],[31.789568045483925,30.166944153025007],[31.789562954092009,30.166943884076208],[31.789557860623454,30.166943615108071],[31.789552769231605,30.166943346158892],[31.789547676790431,30.166943078102172],[31.789542584338264,30.166942810947486],[31.78953749189716,30.166942542890368],[31.789532399434037,30.16694227663751],[31.789527306959926,30.166942011286707],[31.789522214496873,30.16694174503348],[31.789517122033857,30.166941478780057],[31.789512028499455,30.166941215223538],[31.78950693706382,30.166940949881528],[31.789501843529479,30.166940686324637],[31.789496751033525,30.166940422777113],[31.789491658526575,30.166940160131652],[31.789486566008634,30.166939898388218],[31.789481473501755,30.166939635742356],[31.789476379934516,30.166939374891168],[31.789471287394623,30.166939114951617],[31.789466193827458,30.166938854100046],[31.789461101276611,30.166938595062334],[31.789456007687459,30.16693833601483],[31.789450915125652,30.166938077878978],[31.789445821525526,30.166937819733327],[31.789440728941734,30.166937563401543],[31.789435636357982,30.166937307069535],[31.789430542735911,30.166937050727775],[31.789425450141199,30.166936795297623],[31.78942035649715,30.166936540759938],[31.789415262842105,30.16693628712429],[31.78941017021441,30.166936034400265],[31.789405075521085,30.166935780754635],[31.789399982882429,30.166935528932438],[31.789394889194444,30.166935278002711],[31.789389795495456,30.166935027975011],[31.789384701796497,30.16693477794712],[31.789379609124889,30.166934528830861],[31.789374515403956,30.166934280607052],[31.789369420633687,30.166934033275691],[31.789364326890762,30.16693378685595],[31.789359233136832,30.166933541338253],[31.789354140432305,30.16693329492772],[31.789349045618057,30.166933051204509],[31.789343951853212,30.166932806588456],[31.789338858066323,30.166932563776694],[31.789333764268459,30.166932321866955],[31.789328669421256,30.166932080849673],[31.789323574563053,30.166931840734417],[31.789318480743226,30.166931600628576],[31.78931338690138,30.166931362326984],[31.789308292021222,30.166931124015623],[31.789303198168401,30.16693088661588],[31.789298103255224,30.166930651010841],[31.789293009369398,30.166930416317417],[31.789287914445246,30.166930181614205],[31.78928281951011,30.166929947813038],[31.789277724552949,30.166929715816128],[31.789272629595811,30.166929483819064],[31.789267535666028,30.166929252733581],[31.789262440675873,30.166929023442812],[31.78925734567472,30.166928795054059],[31.789252250673599,30.166928566665138],[31.78924715565045,30.166928340080474],[31.78924206061631,30.166928114397852],[31.789236965582198,30.16692788871504],[31.789231869487718,30.166927664826904],[31.789226775458925,30.166927441859976],[31.789221680380784,30.166927219785499],[31.789216585291658,30.166926998613079],[31.789211489131123,30.16692678013759],[31.789206394019999,30.166926560769213],[31.789201297848496,30.166926343195566],[31.789196202715377,30.166926125631296],[31.789191106510849,30.166925910763954],[31.789186011344697,30.166925695905999],[31.78918091511817,30.166925482842707],[31.789175818891685,30.166925269779231],[31.78917072367047,30.166925059431868],[31.7891656284493,30.166924849084285],[31.789160532178773,30.16692463962919],[31.789155434847892,30.166924431968745],[31.789150338544339,30.166924225219951],[31.789145243268134,30.166924019382758],[31.789140146931548,30.166923815340265],[31.789135050583976,30.166923612199827],[31.789129954225388,30.166923409961402],[31.789124857855803,30.16692320862504],[31.7891197614642,30.16692300909293],[31.789114665050551,30.166922811365108],[31.789109567609621,30.166922612725244],[31.789104471173982,30.166922416801498],[31.789099373688995,30.166922221770211],[31.789094278258656,30.166922028562357],[31.789089180729604,30.166921837139615],[31.789084084238915,30.166921645726244],[31.789078986687869,30.166921456107584],[31.789073890164147,30.166921267400536],[31.78906879155274,30.166921079576348],[31.789063694995985,30.166920893575615],[31.789058598406172,30.166920710281399],[31.78905350078907,30.166920526075153],[31.789048403149934,30.166920343673173],[31.789043306516081,30.166920163987317],[31.789038207794537,30.166919985184279],[31.789033111138671,30.166919807302499],[31.789028013433455,30.16691963031316],[31.789022914667868,30.166919455118496],[31.789017816929626,30.166919280835458],[31.789012720196649,30.166919109268534],[31.789007622425352,30.166918937691808],[31.789002523582656,30.166918768812025],[31.788997425778334,30.166918599941592],[31.788992327940935,30.166918433777692],[31.788987229043158,30.166918269408505],[31.788982131183747,30.166918105048683],[31.78897703331333,30.166917941590889],[31.78897193539882,30.166917781741866],[31.788966836445994,30.166917621883041],[31.788961738509464,30.166917463838079],[31.788956639512552,30.166917307587809],[31.78895154049361,30.16691715314181],[31.788946442501999,30.166916999607434],[31.788941343450009,30.166916847867757],[31.788936244375982,30.166916697932333],[31.78893114632929,30.166916548908535],[31.788926047222219,30.16691640167944],[31.788920948093104,30.166916256254613],[31.788915848952978,30.166916111731823],[31.788910749790816,30.166915969013292],[31.788905649568274,30.166915828089479],[31.788900551400371,30.166915688989103],[31.788895452183112,30.166915550781148],[31.788890352932789,30.166915415279735],[31.788885252633111,30.166915280670779],[31.788880154388075,30.166915147885248],[31.788875054044315,30.166915016884822],[31.788869954727886,30.166914886796032],[31.788864855367354,30.166914760315979],[31.788859756006843,30.166914633835731],[31.788854655585943,30.166914509150171],[31.788849556181344,30.166914386278478],[31.788844455716362,30.166914265201459],[31.788839357306017,30.166914145947885],[31.788834256807974,30.166914027577182],[31.788829157315206,30.166913911922578],[31.788824056762042,30.166913798062655],[31.788818957225185,30.166913686016589],[31.78881385560063,30.166913574853389],[31.788808756019673,30.166913466415885],[31.788803656427703,30.1669133588804],[31.788798555764323,30.166913254041859],[31.788793456128264,30.166913150114929],[31.788788355431819,30.166913047982689],[31.788783254713319,30.166912947654719],[31.788778153961751,30.16691285003326],[31.788773054226468,30.166912754225653],[31.78876795343081,30.166912660212738],[31.788762852624128,30.166912567101878],[31.788757751795405,30.166912475795272],[31.788752650922561,30.166912388097412],[31.788747551077048,30.166912301311182],[31.788742450171139,30.166912216319627],[31.788737349254216,30.166912132230127],[31.788732248304207,30.166912050847131],[31.788727147321115,30.166911972170652],[31.78872204632701,30.1669118943962],[31.788716945299825,30.166911819328245],[31.788711844261623,30.166911745162352],[31.788706743190332,30.166911673702955],[31.788701642096999,30.166911604047822],[31.788696540970577,30.166911537099207],[31.788691439833123,30.166911471052622],[31.788686338673624,30.166911406810339],[31.788681237470016,30.166911346176775],[31.788676136255383,30.166911286445259],[31.788671035029733,30.16691122761577],[31.788665933748923,30.166911173297265],[31.788660832468135,30.166911118978557],[31.788655731143219,30.166911068268615],[31.788650629818317,30.166911017558455],[31.788645528438263,30.166910971359282],[31.788640427058215,30.166910925159915],[31.788635324606748,30.166910881657458],[31.788630224198869,30.166910840880686],[31.788625121692256,30.166910801889024],[31.788620021240263,30.1669107647208],[31.788614918678491,30.16691073023992],[31.788609817133018,30.166910697572874],[31.788604715565484,30.166910666710127],[31.788599613964855,30.166910638553883],[31.788594513369485,30.166910613113739],[31.788589410686402,30.166910588556448],[31.787787768013995,30.166933905088342],[31.786990588059925,30.167010927191384],[31.786202630258227,30.167141196353171],[31.78619765938172,30.167142194367688],[31.786192688494062,30.167143193284254],[31.786187718622539,30.167144194014725],[31.786182748706707,30.167145198353914],[31.786177780856406,30.167146203614383],[31.786172811945551,30.167147210669519],[31.786167845067066,30.167148221352605],[31.786162878177436,30.167149232937749],[31.786157911254541,30.16715024722939],[31.786152945347776,30.16715126333494],[31.786147980457145,30.167152281254364],[31.786143014505967,30.167153300968469],[31.786138050598201,30.167154323408283],[31.786133086679285,30.167155346750157],[31.786128123765454,30.167156372808133],[31.786123160829405,30.167157400670412],[31.786118198898443,30.167158431248797],[31.786113237994666,30.167159462738837],[31.786108276030333,30.167160496023556],[31.786103316109426,30.167161532033983],[31.786098356166296,30.167162569848703],[31.78609339722825,30.167163610379539],[31.786088438290101,30.167164650910184],[31.786083479307628,30.167165695049576],[31.786078521352344,30.167166740100644],[31.786073564413186,30.167167786965582],[31.786068607429712,30.167168837439263],[31.786063651484479,30.167169887922366],[31.786058695505968,30.167170941111987],[31.786053739516309,30.167171995203635],[31.786048784531715,30.167173052011417],[31.786043830574314,30.167174109730855],[31.786038877610935,30.16717517106866],[31.786033923598044,30.167176233298886],[31.786028971639624,30.167177297352602],[31.786024019670048,30.167178362308363],[31.786019067667194,30.167179429970666],[31.786014116680484,30.167180499446822],[31.786009165682607,30.167181569825033],[31.7860042156898,30.167182642919368],[31.785999266724172,30.167183716925383],[31.785994317725276,30.167184793637873],[31.785989368704161,30.167185872154672],[31.785984420710228,30.167186951583087],[31.785979473732421,30.167188032825418],[31.785974525694066,30.167189115862413],[31.785969579710159,30.167190200722924],[31.785964633692991,30.167191288289917],[31.785959687675714,30.167192375856761],[31.785954742663503,30.167193466139697],[31.785949797640139,30.16719455732467],[31.785944853632895,30.16719565032356],[31.785939909603428,30.167196745126706],[31.785934966590087,30.167197841743757],[31.785930024592872,30.167198940174682],[31.785925081535087,30.167200040400306],[31.785920140553895,30.167201140644924],[31.785915198501076,30.16720224358647],[31.785910258502724,30.167203348351507],[31.785905318493214,30.167204454018584],[31.785900378450407,30.167205562392184],[31.785895439445852,30.167206670775197],[31.785890500408019,30.16720778186474],[31.785885561359024,30.167208893856316],[31.78588062332614,30.167210007661776],[31.785875686298322,30.167211124183368],[31.78587074823206,30.167212240695168],[31.785865812220266,30.167213359030445],[31.785860875147893,30.16721447916041],[31.785855940141055,30.167215600211644],[31.785851004073635,30.167216723057546],[31.785846069033404,30.167217846815095],[31.785841134998236,30.167218973288769],[31.785836200962951,30.167220099762257],[31.785831266894387,30.167221228942264],[31.785826333853006,30.167222359033929],[31.785821400789395,30.167223490929867],[31.785816468764025,30.167224622835221],[31.785811536694304,30.167225758349343],[31.785806605662831,30.167226893872876],[31.785801674609122,30.167228031200686],[31.785796743544246,30.167229169430541],[31.785791813506556,30.167230308572066],[31.785786884473925,30.167231450429707],[31.785781955430114,30.167232593189393],[31.785777026375147,30.167233736851127],[31.785772097297944,30.167234882317125],[31.785767169258985,30.167236027792583],[31.785762241186728,30.16723717597452],[31.785757314141655,30.167238325068123],[31.785752387074353,30.167239475966017],[31.78574746103423,30.167240627775552],[31.78574253497187,30.167241781389375],[31.785737608909404,30.167242935003024],[31.785732682813656,30.167244091323177],[31.785727757767191,30.167245246750515],[31.785722833725796,30.167246404893977],[31.785717909662154,30.167247564841734],[31.785712985598419,30.167248724789289],[31.785708061501378,30.167249887443369],[31.785703139480923,30.167251050116466],[31.785698217449301,30.167252213691622],[31.785693294357102,30.16725337906146],[31.78568837331936,30.167254546254771],[31.785683451243166,30.167255713438312],[31.78567853018308,30.167256882435705],[31.785673609111836,30.167258052335185],[31.785668688029411,30.1672592231367],[31.785663767974153,30.167260394849865],[31.785658848923958,30.167261569279184],[31.785653928846365,30.167262742796449],[31.785649009773824,30.167263919029821],[31.785644090701165,30.167265095263033],[31.785639172644625,30.167266273310123],[31.785634254576909,30.167267452259253],[31.785629336498022,30.167268632110463],[31.785624420484652,30.167269812882925],[31.785619503410707,30.167270995450057],[31.785614586336649,30.167272178016997],[31.785609670278699,30.167273362397832],[31.785604754220643,30.167274546778479],[31.785599838140346,30.1672757329634],[31.785594923087228,30.167276920059997],[31.785590006984588,30.167278108049022],[31.785585092947461,30.167279296959297],[31.785580177860815,30.167280486762021],[31.785575263790285,30.16728167837865],[31.785570349719634,30.167282869995084],[31.785565436665102,30.167284063425399],[31.785560523610446,30.16728525685555],[31.785555610533567,30.167286452089957],[31.785550698494916,30.167287647333801],[31.785545786434025,30.16728884438194],[31.785540874361956,30.167290042332116],[31.785535962289774,30.167291240282097],[31.785531050206426,30.167292439134133],[31.785526139139186,30.167293639800057],[31.785521228060762,30.167294841368033],[31.785516318020569,30.167296042945434],[31.785511406930866,30.167297245415263],[31.785506496868326,30.167298448796778],[31.785501587821901,30.167299653992142],[31.785496677737008,30.167300859177736],[31.785491768679282,30.167302065274999],[31.785486859610391,30.167303272274275],[31.785481950530318,30.167304480175623],[31.78547704248847,30.167305688086401],[31.785472134435455,30.167306896899223],[31.785467226371257,30.167308106614062],[31.78546231932317,30.16730931814282],[31.785457411236624,30.16731052966179],[31.785452504177243,30.167311742092409],[31.785447597106689,30.167312955425071],[31.785442690036017,30.167314168757542],[31.78543778399251,30.167315383001682],[31.785432876888422,30.167316599040493],[31.785427970833627,30.167317814186486],[31.785423064756589,30.167319031136781],[31.785418159717786,30.167320248096477],[31.785413253629457,30.167321465948618],[31.785408348568296,30.167322684712421],[31.785403443495959,30.167323904378268],[31.785398539461859,30.167325124053548],[31.785393635427628,30.167326343728636],[31.785388731360104,30.167327566110245],[31.785383826276238,30.167328786677583],[31.785378922197417,30.167330009961056],[31.78537401915683,30.167331233253936],[31.785369115088837,30.167332455634792],[31.78536421203696,30.167333679829543],[31.785359308973892,30.167334904926342],[31.785354405910716,30.167336130022953],[31.785349502836358,30.167337356021619],[31.785344599750815,30.167338582922312],[31.785339697703517,30.167339809832459],[31.785334795656095,30.167341036742418],[31.785329893597485,30.167342264554396],[31.785324991527709,30.167343493268437],[31.785320090496157,30.167344721991917],[31.785315188415073,30.167345951607832],[31.785310287361163,30.167347182135398],[31.785305386318203,30.167348411760543],[31.785300485253003,30.167349643189976],[31.785295584198742,30.167350873716977],[31.785290683122234,30.167352106048263],[31.785285782045612,30.167353338379364],[31.785280882007228,30.16735457071989],[31.785275980919309,30.167355803952852],[31.785271080858564,30.167357038097485],[31.785266180797699,30.167358272241923],[31.785261280736712,30.16735950638617],[31.785256380664549,30.167360741432486],[31.785251480603339,30.167361975576355],[31.785246581569282,30.167363210631891],[31.785241682524052,30.167364446589485],[31.785236783467639,30.167365683449106],[31.785231884422181,30.16736691940633],[31.785226984327196,30.167368156255989],[31.78522208527043,30.167369393115049],[31.785217187240832,30.167370630885802],[31.785212288183839,30.167371867744492],[31.785207389104599,30.167373106407481],[31.785202490025245,30.167374345070282],[31.785197591995185,30.167375582840279],[31.785192692904527,30.167376822404936],[31.785187794863173,30.167378061076796],[31.785182896810632,30.167379300650691],[31.785177997719625,30.167380540214793],[31.785173099666846,30.167381779788329],[31.785168201602897,30.167383020263912],[31.785163303549883,30.167384259837068],[31.785158406512974,30.167385501224111],[31.785153509498077,30.167386740806521],[31.785148611422596,30.167387982183577],[31.78514371335805,30.16738922265823],[31.785138815271257,30.167390464937153],[31.785133918233768,30.167391706323272],[31.785129020168878,30.167392946797349],[31.785124123120088,30.167394189085343],[31.785119225032833,30.167395431363516],[31.785114327994872,30.167396672748893],[31.785109430945727,30.167397915036325],[31.785104532858128,30.16739915731393],[31.785099635819812,30.167400398698749],[31.785094738759259,30.167401641887871],[31.785089840671297,30.167402884164915],[31.785084943632633,30.167404125549172],[31.785080046571728,30.167405368737708],[31.785075149510707,30.167406611926058],[31.785070253498965,30.167407854221622],[31.785065355399368,30.167409097399986],[31.785060458349051,30.167410339685542],[31.785050664237016,30.167412825158326],[31.777806706481201,30.169250866581585],[31.777801812384066,30.169252107717565],[31.777796919314028,30.169253349765285],[31.777792025216652,30.169254590900881],[31.77778713215751,30.169255832045966],[31.777782238048765,30.169257074083426],[31.777777344989399,30.169258315228145],[31.77777245088042,30.169259557265235],[31.777767556782457,30.169260798399911],[31.777762663733878,30.16926203864184],[31.777757769635677,30.169263279776136],[31.777752875537367,30.16926452091025],[31.777747983515663,30.169265762063528],[31.777743089417118,30.169267003197263],[31.777738195318456,30.169268244330826],[31.777733301230811,30.169269484561969],[31.77772840818141,30.169270724802594],[31.777723514082396,30.169271965935589],[31.777718619994403,30.169273206166164],[31.777713725906288,30.16927444639656],[31.777708831829198,30.169275685724532],[31.77770393774086,30.169276925954559],[31.777699043652401,30.169278166184391],[31.777694148547734,30.169279404599898],[31.777689255497396,30.169280644839038],[31.77768436141972,30.169281884166093],[31.777679466314705,30.169283122581028],[31.777674572236801,30.169284361907696],[31.777669677131552,30.169285600322283],[31.777664783064541,30.169286838746352],[31.777659887959057,30.169288077160566],[31.777654992864594,30.169289314672344],[31.777650098808376,30.169290552193626],[31.777645203713679,30.169291789705046],[31.777640308618867,30.169293027216263],[31.777635413535059,30.169294263825083],[31.777630518451151,30.169295500433702],[31.777625623367122,30.169296737042139],[31.777620728294117,30.169297972748179],[31.777615832182633,30.169299208444311],[31.777610937109394,30.169300444149982],[31.777606041008802,30.169301678943526],[31.7776011449081,30.169302913736885],[31.777596249856785,30.169304147637529],[31.777591353755856,30.169305382430519],[31.777586456627578,30.16930661631142],[31.777581560537552,30.169307850201822],[31.777576665496905,30.169309083199451],[31.777571768379421,30.169310316177569],[31.777566872311308,30.169311548262925],[31.777561975204733,30.169312780338458],[31.777557078098027,30.169314012413771],[31.777552181013487,30.169315242684448],[31.777547283917688,30.169316473857158],[31.777542386832916,30.169317704127465],[31.777537489748028,30.169318934397573],[31.777532591635797,30.169320163755593],[31.777527693523446,30.16932139311341],[31.777522797509985,30.169322620685936],[31.777517899397406,30.169323850043416],[31.777513001318127,30.16932507669399],[31.777508102178089,30.169326305139165],[31.777503204098569,30.169327531789371],[31.777498304980572,30.16932875842971],[31.777493406911965,30.16932998417731],[31.777488507816017,30.1693312090128],[31.777483608719947,30.169332433848126],[31.777478708596536,30.169333657771343],[31.777473809511378,30.169334881704067],[31.777468910426094,30.169336105636603],[31.777464011362987,30.169337327764474],[31.777459111250256,30.169338550784715],[31.777454210121313,30.169339771990639],[31.777449310030626,30.169340993206053],[31.777444409939825,30.169342214421274],[31.777439508832817,30.169343433822174],[31.777434607725702,30.169344653222883],[31.777429706629604,30.169345871721173],[31.777424805533393,30.169347090219283],[31.777419904448195,30.169348307814971],[31.777415003362893,30.169349525410475],[31.777410101261381,30.169350741191629],[31.777405199159759,30.169351956972623],[31.777400296030802,30.169353171841514],[31.777395393940079,30.169354386719913],[31.777390490833167,30.169355599783945],[31.777385587714999,30.169356813750053],[31.777380684618993,30.169358025911496],[31.777375781522867,30.169359238072751],[31.777370878437775,30.169360449331617],[31.777365974336472,30.169361658776115],[31.777361070223925,30.169362869122683],[31.777356166133529,30.169364077664596],[31.777351260993534,30.169365287098877],[31.777346356925189,30.169366493835959],[31.777341451818373,30.169367700563168],[31.77733654567308,30.169368907280518],[31.777331640577174,30.169370113105121],[31.777326735503429,30.16937131712508],[31.777321829391209,30.169372521135159],[31.777316923290012,30.169373724242831],[31.777312017188706,30.169374927350315],[31.777307110082326,30.169376127741234],[31.777302202964705,30.169377329034205],[31.777297295858116,30.169378529424758],[31.777292387735315,30.16937972800099],[31.777287479623549,30.169380925674798],[31.777282571500525,30.169382124250639],[31.777277664449166,30.169383320129288],[31.777272755320965,30.169384515988376],[31.777267847242165,30.169385710954757],[31.77726293709766,30.169386904999339],[31.777258027991397,30.16938809905341],[31.777253117868955,30.169389291293175],[31.777248207757527,30.169390482630501],[31.777243297657122,30.169391673065416],[31.777238387567746,30.169392862597906],[31.777233477478262,30.169394052130201],[31.777228566372575,30.169395239848178],[31.777223654239556,30.169396426654053],[31.777218743155931,30.169397612567192],[31.777213831044968,30.169398797568238],[31.777208917906663,30.16939998165719],[31.777204005817751,30.169401164853394],[31.77719909269037,30.169402348039736],[31.777194179585159,30.169403529421416],[31.777189266490961,30.169404709900686],[31.777184352380587,30.169405888565635],[31.777179438270085,30.169407067230384],[31.777174524170611,30.169408244992706],[31.777169609054955,30.169409420940717],[31.777164693939181,30.169410596888529],[31.777159777807206,30.169411771022038],[31.777154862724625,30.169412944262771],[31.777149946614717,30.169414116591415],[31.777145030515836,30.169415288017639],[31.777140113400758,30.169416457629548],[31.777135196285574,30.169417627241263],[31.777130279192559,30.169418795048312],[31.777125361072212,30.169419961943291],[31.777120442962893,30.16942112793582],[31.777115524864591,30.169422293025946],[31.777110605738972,30.169423457203969],[31.777105686635515,30.169424619577349],[31.777100766504738,30.169425781038626],[31.777095848461698,30.169426941616834],[31.777090927314607,30.169428101263602],[31.777086007228057,30.169429259115393],[31.777081086114173,30.169430416055079],[31.777076165011316,30.169431572092353],[31.777071242881128,30.169432727217519],[31.777066320784254,30.169433879635797],[31.777061398676132,30.169435032956123],[31.777056475562958,30.169436183559888],[31.77705155348804,30.169437334173157],[31.777046630408069,30.169438482069864],[31.777041706289619,30.169439629956678],[31.77703678219336,30.169440776038865],[31.777031857069755,30.169441921208939],[31.777026931968333,30.169443064574381],[31.777022006866794,30.169444207939623],[31.777017080760213,30.16944534858829],[31.777012154642385,30.169446490139013],[31.777007228557871,30.16944762898283],[31.777002302495525,30.169448766022033],[31.776997375394711,30.169449903051362],[31.776992447277713,30.169451038266345],[31.77698751919403,30.169452170774441],[31.776982590060729,30.169453304174905],[31.776977661999119,30.169454434878169],[31.776972731871801,30.16945556465966],[31.776967802805036,30.169456692646172],[31.776962872710936,30.169457819720577],[31.776957941589515,30.169458945882912],[31.776953010479122,30.16946007114279],[31.776948080440416,30.169461193705462],[31.77694314936323,30.169462316258301],[31.776938216242641,30.169463436084875],[31.776933284171452,30.169464555018717],[31.776928351072939,30.16946567304046],[31.776923417996603,30.169466789257527],[31.776918483904083,30.169467903660276],[31.776913549822584,30.169469017160601],[31.77690861472492,30.169470128846601],[31.776903679638291,30.169471239630191],[31.776898744573824,30.169472348609123],[31.776893808493188,30.169473455773719],[31.776888872412446,30.169474562938117],[31.776883936365028,30.169475667395634],[31.776878999290272,30.169476770941063],[31.776874061199344,30.16947787267215],[31.776869123130588,30.169478972598601],[31.776864184034515,30.169480071612917],[31.776859244960615,30.169481168822603],[31.776854305897757,30.169482265129869],[31.776849365829854,30.169483358720555],[31.776844425761858,30.169484452311078],[31.776839484688807,30.169485543185019],[31.776834543626812,30.169486633156534],[31.776829601548627,30.169487721313729],[31.776824659492632,30.169488807666255],[31.776819718486031,30.169489893126059],[31.77681477543603,30.16949097585962],[31.776809831358712,30.169492057681072],[31.776804887303573,30.169493137697863],[31.776799943259473,30.169494216812232],[31.776794998199197,30.169495294112274],[31.776790053161108,30.169496369607657],[31.77678510709568,30.169497444190956],[31.776780161063598,30.169498516067364],[31.776775214015323,30.169499586129415],[31.776770266978104,30.16950065528907],[31.776765318924696,30.169501722634383],[31.776760370893477,30.169502788175038],[31.776755422884438,30.169503851911045],[31.776750472809727,30.169504914725266],[31.776745523806703,30.169505974842295],[31.776740573776358,30.169507034047218],[31.776735622729838,30.169508091437795],[31.776730671705501,30.169509147023735],[31.77672572070335,30.169510200805011],[31.776720768685028,30.169511252771958],[31.776715815650523,30.169512302924563],[31.776710862627077,30.169513352174743],[31.776705909636949,30.169514398718057],[31.776004869324474,30.169644048444262],[31.775296427350906,30.169738565063071],[31.774582913477207,30.169797637269866],[31.773866674726765,30.169821071274761],[31.773150068126625,30.169808788930983],[31.772435450255209,30.169760832149073],[31.771725172093646,30.169677358336532],[31.771021569656828,30.169558641211541],[31.770326958789436,30.169405070752571],[31.770322056660699,30.169403856280844],[31.770317155615267,30.169402638209775],[31.770312254581153,30.169401419236284],[31.770307353580776,30.169400197555944],[31.77030245363008,30.169398974982919],[31.770297554740281,30.169397750614976],[31.770292656900168,30.169396525354358],[31.770287758055431,30.169395297377154],[31.770282861309948,30.169394067614757],[31.770277963537428,30.169392836940229],[31.770273066837003,30.169391603568585],[31.770268171175061,30.169390370206468],[31.770263275546863,30.169389134137504],[31.770258380979548,30.169387896273637],[31.770253487473131,30.169386656614844],[31.770248592939687,30.169385416043916],[31.770243700516694,30.169384172785598],[31.770238807066661,30.169382928615139],[31.770233914677529,30.169381682649774],[31.770229024376462,30.169380435801443],[31.770224133059553,30.169379187138787],[31.770219241765187,30.169377936671449],[31.770214351520504,30.169376685311459],[31.77020946338628,30.169375431264072],[31.770204574225033,30.169374176304533],[31.770199685075113,30.169372920442598],[31.770194798046855,30.169371660991022],[31.770189909969169,30.16937040243177],[31.770185022963581,30.169369141175395],[31.770180137018883,30.169367878124085],[31.770175251085519,30.169366614170382],[31.770170366213048,30.169365348421792],[31.770165481363115,30.169364080868558],[31.770160596524523,30.169362812412906],[31.770155712746821,30.169361542162349],[31.770150830030019,30.169360270116901],[31.770145947324544,30.169358997169038],[31.770141064630415,30.169357723318772],[31.770136183008383,30.169356446771388],[31.770131302436042,30.169355169331308],[31.770126420836682,30.169353890979099],[31.770121541347777,30.169352609939494],[31.770116660820644,30.169351328889967],[31.770111781354409,30.169350046045533],[31.77010690294907,30.169348761406216],[31.770102023516714,30.169347475854725],[31.770097146172414,30.169346189420335],[31.770092268861852,30.169344900279064],[31.77008739156263,30.169343610235384],[31.770082516351465,30.169342319308765],[31.770077640135682,30.169341025665553],[31.770072763920027,30.169339732022149],[31.770067888765276,30.169338436583853],[31.77006301361066,30.169337141145377],[31.770058139528143,30.169335843009776],[31.770053266495328,30.169334543981503],[31.770048393485059,30.169333243148593],[31.770043521513273,30.169331942325233],[31.770038647509725,30.169330637873312],[31.770033776610187,30.169329334352661],[31.770028904694822,30.169328029017606],[31.770024033840372,30.169326721887685],[31.770019164035613,30.169325413865064],[31.770014294253386,30.16932410403783],[31.770009424471304,30.169322794210416],[31.770004554722977,30.169321481676125],[31.769999686013136,30.169320169151383],[31.769994818364196,30.169318854831765],[31.769989949688238,30.169317539599998],[31.769985082073184,30.169316222573325],[31.769980215507839,30.169314904653994],[31.769975348953817,30.169313585832246],[31.769970483449505,30.169312266117828],[31.769965616929372,30.169310944589036],[31.769960751458946,30.169309622167571],[31.769955885999849,30.16930829884371],[31.769951021601671,30.169306973724968],[31.769946158253184,30.169305647713529],[31.769941293877672,30.169304320789944],[31.769936430551869,30.169302992973694],[31.769931568275762,30.169301664264797],[31.769926704983853,30.169300333741504],[31.769921842741635,30.169299002325541],[31.769916980510754,30.169297670007175],[31.76991212037915,30.169296335903656],[31.769907259209319,30.169295001790211],[31.769902399100399,30.169293665881874],[31.769897537964454,30.169292329061388],[31.769892678916573,30.169290991357975],[31.769887818841671,30.169289652742421],[31.769882959816481,30.169288313234194],[31.769878100813823,30.169286971921338],[31.769873242860879,30.169285629715812],[31.769868384919278,30.169284286607873],[31.769863528027376,30.169282942607282],[31.769858670108459,30.169281597694535],[31.769853814277599,30.169280251898858],[31.76984895740852,30.169278906093268],[31.769844100573199,30.169277557580813],[31.769839244776367,30.169276209077911],[31.769834390040447,30.169274858780131],[31.769829535293468,30.169273509384393],[31.769824679541873,30.169272157272058],[31.769819825878354,30.169270804276788],[31.769814972214963,30.16926945128132],[31.769810117524557,30.169268097373738],[31.769805263906271,30.169266740769032],[31.769800411315281,30.169265385076098],[31.769795558746825,30.169264027578549],[31.769790706178522,30.169262670080801],[31.769785853632772,30.169261310778435],[31.769781003152662,30.169259952397599],[31.7697761506296,30.169258591290419],[31.76977130018339,30.169257230202533],[31.769766448721381,30.169255867300272],[31.769761599336217,30.169254504417324],[31.769756748935254,30.169253139719995],[31.769751898523221,30.169251775924725],[31.769747049172096,30.169250410334548],[31.769742199832329,30.169249043841983],[31.769737350515108,30.169247675544764],[31.769732502225175,30.169246308159344],[31.769727653946592,30.169244939871529],[31.769722805690559,30.169243569779074],[31.769717958473031,30.169242199696182],[31.769713110228484,30.169240828701142],[31.769708263033646,30.169239456813433],[31.769703415838954,30.169238084925563],[31.76969856970517,30.169236711242789],[31.769693722544364,30.169235336647855],[31.769688877449219,30.16923396297447],[31.769684031349474,30.169232586584489],[31.76967918627702,30.169231211106283],[31.769674340188768,30.169229833813723],[31.769669495127811,30.16922845743294],[31.769664650100601,30.169227078345298],[31.769659806100691,30.169225700169459],[31.769654962123333,30.16922432018897],[31.769650117107769,30.16922294019858],[31.769645274180263,30.169221559325258],[31.769640430236951,30.169220176637555],[31.769635587320931,30.169218794861656],[31.769630744405045,30.169217413085565],[31.769625901522939,30.169216028602623],[31.769621057591401,30.169214645012019],[31.769616215736729,30.169213261440689],[31.769611373915808,30.169211875162485],[31.769606532083824,30.169210489786376],[31.769601690274399,30.169209102605585],[31.769596848453908,30.169207716326884],[31.769592006644761,30.169206329145773],[31.769587165885326,30.169204941071985],[31.769582325137243,30.169203552095787],[31.769577484389302,30.16920216311944],[31.769572643652701,30.169200773240672],[31.769567803954608,30.169199383371467],[31.769562964279075,30.169197991697629],[31.769558123554116,30.169196600916109],[31.76955328387886,30.169195209241927],[31.769548445253314,30.169193816675087],[31.769543604551199,30.169192424088575],[31.769538765937146,30.169191030619142],[31.769533927323231,30.16918963714954],[31.769529088720674,30.16918824277754],[31.769524250118252,30.169186848405346],[31.769519411527181,30.169185453130765],[31.769514572947461,30.169184056953764],[31.769509735395037,30.169182661688573],[31.769504896826817,30.169181264609009],[31.769500060324241,30.169179868450968],[31.769495221756298,30.16917847137104],[31.769490385276431,30.169177073408189],[31.769485546719984,30.169175675425716],[31.769480710251599,30.169174276560284],[31.769475872745005,30.169172877684932],[31.769471036276915,30.169171478819159],[31.769466199820169,30.169170079050982],[31.769461363363572,30.169168679282635],[31.769456526918315,30.169167278611873],[31.769451690473218,30.169165877940944],[31.769446854028249,30.169164477269852],[31.769442017594642,30.169163075696336],[31.769437182188319,30.169161675034612],[31.769432345766205,30.169160272558535],[31.76942751142095,30.169158870101761],[31.769422674999113,30.169157467625308],[31.769417839615784,30.16915606515845],[31.769413004243798,30.169154661789165],[31.769408168860757,30.169153259321931],[31.769403333500275,30.169151855050092],[31.769398499178287,30.1691504507878],[31.769393663806881,30.169149047417829],[31.769388829496396,30.169147642252955],[31.769383994136486,30.169146237980417],[31.769379159826279,30.169144832815189],[31.769374325516218,30.1691434276498],[31.769369491217518,30.169142021581994],[31.76936465585818,30.169140617308759],[31.76935982155976,30.169139211240601],[31.769354988299842,30.169137805182039],[31.769350152963348,30.169136399103792],[31.769345318665358,30.16913499303514],[31.76934048540587,30.169133586976017],[31.769335651119377,30.169132180004791],[31.769330816833023,30.169130773033359],[31.76932598254681,30.169129366061764],[31.769321150337468,30.169127959109478],[31.769316316051547,30.169126552137534],[31.769311481765762,30.169125145165427],[31.769306647491337,30.169123737290899],[31.76930181528256,30.169122330337906],[31.769296981019636,30.1691209215608],[31.769292147772784,30.169119514597732],[31.769287313498936,30.169118106722511],[31.769282480263584,30.169116698856854],[31.769277647028375,30.169115290991034],[31.769272813793311,30.169113883125025],[31.769267979520034,30.16911247524909],[31.769263147323613,30.169111067392478],[31.769258313061833,30.169109658613991],[31.769253479827341,30.169108250747282],[31.769248645565845,30.169106841968446],[31.769238980135938,30.169104026243915],[31.760447671774401,30.166542308112898],[31.760442834670428,30.166540898084346],[31.760437997566605,30.166539488055605],[31.760433161489956,30.166538078938736],[31.76042832438641,30.166536668909654],[31.76042348727173,30.16653525978262],[31.760418651206798,30.166533849762985],[31.760413814092399,30.166532440635599],[31.760408976989442,30.166531030605807],[31.760404139864036,30.166529622380299],[31.760399302750063,30.166528213252398],[31.760394464597912,30.166526804114497],[31.760389627484237,30.166525394986234],[31.76038479140902,30.166523985867602],[31.760379954295622,30.166522576738995],[31.760375117182374,30.166521167610234],[31.76037027900836,30.1665197602759],[31.760365441895399,30.166518351146763],[31.760360604771279,30.166516942919699],[31.760355766608988,30.166515534682627],[31.760350930512207,30.166514127367222],[31.760346092350193,30.166512719129798],[31.760341254188329,30.166511310892218],[31.760336417053644,30.166509903566482],[31.760331578869483,30.166508497133002],[31.760326740696765,30.166507089797108],[31.760321902512892,30.166505683363258],[31.760317065378779,30.166504276036846],[31.760312227195197,30.166502869602649],[31.760307387962133,30.166501464060701],[31.760302549778839,30.166500057626152],[31.760297710534772,30.166498652986082],[31.760292873367504,30.166497248365474],[31.760288034135019,30.166495842822808],[31.760283194891386,30.166494438182216],[31.760278355659185,30.16649303263921],[31.760273517442872,30.166491628910311],[31.760268678177088,30.166490226073638],[31.760263838922732,30.166488822334568],[31.760258999668526,30.16648741859531],[31.760254160403168,30.166486015758121],[31.760249320088327,30.166484613813157],[31.760244480811959,30.166483211877853],[31.760239640497417,30.166481809932542],[31.760234800171727,30.166480408889285],[31.760229959846175,30.166479007845858],[31.760225119509464,30.166477607704469],[31.7602202791842,30.166476206660697],[31.760215438825202,30.166474808323418],[31.760210598477634,30.16647340908375],[31.760205757091882,30.166472009834084],[31.760200914667948,30.166470610574432],[31.760196074298229,30.16646921313869],[31.760191231852005,30.166467815683127],[31.760186391471265,30.166466419149248],[31.760181549025326,30.166465021693359],[31.76017670655694,30.166463626041729],[31.760171864077396,30.166462231292162],[31.760167021609302,30.166460835640194],[31.760162179130042,30.16645944089025],[31.76015733560131,30.166458047032581],[31.760152493099763,30.166456654086758],[31.760147649560025,30.166455261130952],[31.760142806020429,30.166453868174944],[31.76013796349671,30.166452477033079],[31.760133118907785,30.166451084969143],[31.760128275334747,30.166449694719326],[31.760123429696481,30.166448303547465],[31.760118586101132,30.16644691510173],[31.760113741478893,30.166445525743775],[31.760108895795881,30.166444138180289],[31.760104050124308,30.166442749714424],[31.760099205468617,30.166441363062617],[31.760094358725123,30.166439977293265],[31.760089513031396,30.166438590631302],[31.760084667315216,30.166437205773626],[31.760079819522524,30.166435820896165],[31.760074973795334,30.166434436940335],[31.760070127018665,30.166433053876776],[31.760065279192524,30.16643167170545],[31.760060432393558,30.166430290445977],[31.760055583518078,30.166428909166704],[31.760050735669761,30.166427528799296],[31.760045886771987,30.166426149324131],[31.760041038912668,30.166424769858612],[31.760036189992576,30.166423392187546],[31.760031341061342,30.16642201541854],[31.760026491103204,30.1664206377373],[31.760021641111329,30.16641926276257],[31.760016791130894,30.166417886885434],[31.76001194112801,30.166416512812582],[31.760007090075643,30.166415139631972],[31.760002239012131,30.166413767353397],[31.759997387948754,30.166412395074666],[31.759992535835888,30.166411023688148],[31.75998768473891,30.166409654115736],[31.759982831554133,30.166408285425732],[31.759977980457435,30.16640691585296],[31.759973127250344,30.166405548967067],[31.759968274043402,30.166404182080996],[31.75996341978697,30.166402816087174],[31.75995856655771,30.166401451005196],[31.759953712278968,30.166400086815461],[31.759948857977779,30.166398724430003],[31.759944002649711,30.166397361132329],[31.759939148337505,30.166395999648746],[31.759934291926211,30.166394639949811],[31.759929435515048,30.166393280250709],[31.759924580119755,30.166391922365683],[31.759919723697578,30.166390563568427],[31.759914867252952,30.166389206575477],[31.759910008697936,30.166387852269384],[31.759905152230992,30.166386497080506],[31.759900293676246,30.166385142774075],[31.759895435087756,30.166383791174137],[31.759890576510706,30.166382438671796],[31.759885716872873,30.166381087963902],[31.759880858250913,30.166379739070106],[31.759875997552445,30.166378390156517],[31.75987113786984,30.166377043056993],[31.759866277149065,30.166375695947504],[31.759861416405826,30.166374350642275],[31.759856554613108,30.166373006229286],[31.759851692809232,30.166371662718344],[31.759846829944586,30.16637032100186],[31.759841968107104,30.166368980197237],[31.759837105220136,30.166367640284861],[31.759832241283689,30.166366301264731],[31.759827377336077,30.166364963146616],[31.759822513366021,30.166363626832808],[31.759817648346484,30.166362291411197],[31.759812783315777,30.166360956891666],[31.759807918262627,30.166359624176401],[31.759803052159988,30.166358292353376],[31.759798185007867,30.166356961422565],[31.759793318871623,30.166355632305869],[31.75978845065886,30.166354303169349],[31.759783584500283,30.166352975856729],[31.759778715204291,30.166351650318951],[31.759773846935456,30.166350325693042],[31.759768977617146,30.166349001959354],[31.759764108276364,30.166347680029947],[31.759759237886112,30.166346358992762],[31.7597543674847,30.166345038857639],[31.759749497049526,30.166343721429008],[31.759744625576172,30.166342403990388],[31.75973975408035,30.166341088356056],[31.759734881546347,30.166339772711691],[31.7597300089786,30.166338459773865],[31.75972513639968,30.166337147738069],[31.759720261732955,30.166335836584715],[31.759715388070795,30.166334528147644],[31.759710514408773,30.166333219710399],[31.759705638647645,30.166331913057821],[31.759700762864057,30.166330608209499],[31.759695887069306,30.166329304263229],[31.759691011252105,30.166328002121237],[31.759686134385408,30.166326700871466],[31.759681256457934,30.166325401416149],[31.759676378519295,30.166324102862912],[31.759671499519865,30.166322806104102],[31.759666620509279,30.16632151024735],[31.759661741476243,30.166320216194876],[31.759656861382414,30.166318923936842],[31.759651981288716,30.166317631678648],[31.759647100111636,30.16631634301935],[31.759642217896371,30.166315054350072],[31.759637335647351,30.166313768387269],[31.759632453398456,30.166312482424317],[31.759627570077484,30.166311199158038],[31.759622686756643,30.166309915891581],[31.759617802352412,30.166308636224024],[31.759612917948335,30.16630735655631],[31.759608033521779,30.166306078692838],[31.75960314699612,30.166304802614022],[31.759598261486317,30.166303528349303],[31.759593373888709,30.166302254966993],[31.759588486257325,30.166300984291169],[31.75958359758776,30.166299713605365],[31.759578709922764,30.166298445635881],[31.75957382120826,30.166297178558604],[31.759568931421679,30.166295914178015],[31.759564040596914,30.166294649787446],[31.759559150776695,30.166293388113175],[31.759554259895694,30.166292128233376],[31.759549367953905,30.166290870148018],[31.759544474962631,30.166289612954909],[31.759539581948882,30.166288357566053],[31.759534688912666,30.166287103981478],[31.75952979481567,30.166285852191365],[31.759524899657873,30.166284602195702],[31.75952000448892,30.166283353102081],[31.759515109297489,30.166282105812726],[31.759510213033977,30.166280861220059],[31.759505315709674,30.16627961842185],[31.759500419423819,30.166278375633294],[31.759495521016252,30.166277136433784],[31.759490621559188,30.166275898126553],[31.75948572311799,30.166274661633388],[31.759480822577672,30.166273426924857],[31.759475922003588,30.166272194922822],[31.759471021429633,30.166270962920603],[31.759466119783578,30.166269733615071],[31.759461217065443,30.16626850700623],[31.759456315374461,30.166267281309246],[31.759451410546031,30.166266057387073],[31.759446506733447,30.166264835279005],[31.759441601860082,30.166263614965356],[31.75943669695295,30.166262397358238],[31.75943179099632,30.16626118064335],[31.759426885017206,30.166259965732717],[31.759421977977311,30.166258752616539],[31.75941706985402,30.166257543099267],[31.75941216173085,30.16625633358181],[31.759407252535588,30.16625512676104],[31.759402343317856,30.166253921744534],[31.759397433028028,30.166252719424708],[31.759392521700008,30.166251517094903],[31.759387610326907,30.166250318373798],[31.75938269789301,30.166249121447162],[31.759377786474968,30.166247926334599],[31.759372871930779,30.166246732094635],[31.759367958391135,30.166245540570984],[31.759363043790692,30.166244350841772],[31.759358128118159,30.166243163809263],[31.75935321242315,30.16624197858102],[31.759348295667341,30.16624079514721],[31.759343377839439,30.166239614410078],[31.759338461038666,30.166238434584837],[31.759333542116188,30.166237258348659],[31.759328623193824,30.166236082112292],[31.759323703199371,30.166234908572633],[31.759318783171135,30.16623373773945],[31.759313861043772,30.166232568690898],[31.759308939920963,30.166231402358655],[31.758645866726877,30.166094498625785],[31.757973885598592,30.165995693955555],[31.757295892928031,30.165935411757104],[31.756614808900281,30.165913914205124],[31.75593357036654,30.165931292248377],[31.755255110027001,30.165987470827385],[31.754582354360103,30.166082209757008],[31.754577347675685,30.166083063659737],[31.754572342006817,30.166083919376558],[31.754567337353485,30.166084776907496],[31.754562331627735,30.166085637135051],[31.754557327955862,30.166086499186584],[31.754552324261216,30.166087363042365],[31.754547319505484,30.166088228692534],[31.754542316792271,30.16608909706892],[31.754537315094623,30.166089967259417],[31.754532313362855,30.166090840156379],[31.754527311619658,30.166091713955371],[31.754522309853705,30.166092589558613],[31.754517310118917,30.166093468790297],[31.754512310372711,30.166094348923991],[31.754507309554082,30.166095231754316],[31.754502310789313,30.166096116408603],[31.754497312001771,30.166097002867147],[31.754492314229775,30.16609789113982],[31.75448731747333,30.166098781226601],[31.754482318606133,30.166099674000133],[31.754477321804142,30.166100567695409],[31.754472326006368,30.166101464107033],[31.754467330185808,30.166102362322913],[31.754462335369453,30.166103263255131],[31.754457339503347,30.166104165079492],[31.754452344664141,30.166105067815792],[31.754447350817788,30.166105974170609],[31.754442357986981,30.166106882339566],[31.754437364095082,30.166107792302906],[31.754432372268386,30.166108703188012],[31.754427379380605,30.166109615867509],[31.754422387497016,30.166110531263328],[31.754417395601997,30.166111447561203],[31.754412404711189,30.166112366575412],[31.754407414824563,30.166113288305926],[31.754402424937865,30.16611421003627],[31.754397435005703,30.166115135375328],[31.754392446111758,30.166116060724047],[31.754387457195044,30.166116987877018],[31.754382469282532,30.16611791774632],[31.754377481347241,30.166118849419892],[31.754372494438833,30.166119782005335],[31.754367507496301,30.166120717297286],[31.75436251949268,30.166121654383623],[31.754357533554263,30.166122592391702],[31.754352548631388,30.166123532213888],[31.754347562647403,30.166124473830479],[31.754342578705948,30.166125418173269],[31.75433759371473,30.166126363408242],[31.754332609750399,30.16612730955509],[31.754327626790264,30.166128258418283],[31.7543226438187,30.166129208183509],[31.754317660824348,30.166130159752992],[31.754312678834193,30.166131114038809],[31.754307696832601,30.166132069226659],[31.754302714819573,30.166133025316554],[31.754297733810741,30.166133984122752],[31.754292753828789,30.166134943840881],[31.754287772785741,30.166135905353386],[31.754282792758225,30.166136868680031],[31.754277813757586,30.166137832918558],[31.754272834722837,30.166138799863546],[31.754267855676641,30.16613976771059],[31.754262877645978,30.166140737371716],[31.754257899603886,30.166141707934891],[31.754252922577322,30.166142680312191],[31.75424794553933,30.166143653591536],[31.754242969505523,30.16614462958718],[31.754237993448928,30.166145607387115],[31.754233017380898,30.166146586089063],[31.754228042339758,30.166147565702914],[31.75422306727582,30.166148547121026],[31.754218092189099,30.166149530343379],[31.754213118117921,30.166150515379858],[31.754208144035292,30.166151501318357],[31.754203169941235,30.1661524881589],[31.75419819686271,30.166153476813566],[31.754193223761391,30.166154467272477],[31.754188251686958,30.166155458643289],[31.754183279589743,30.166156451818349],[31.7541783085194,30.166157445905295],[31.75417333742627,30.166158441796519],[31.754168366321704,30.166159438589759],[31.754163395182999,30.166160438089502],[31.754158425082519,30.166161437598891],[31.754153454959265,30.166162438912547],[31.754148485862867,30.166163441138082],[31.754143516743692,30.16616444516788],[31.754138547601734,30.166165451001962],[31.754133579497996,30.166166456845676],[31.754128611360123,30.16616746539588],[31.754123643222155,30.166168473945909],[31.754118676088368,30.166169485212258],[31.754113708943141,30.166170497380666],[31.754108741797818,30.16617150954886],[31.754103775656677,30.166172524433396],[31.754098809515437,30.166173539317747],[31.754093844389729,30.166174556016216],[31.754088879252585,30.166175573616709],[31.754083914092639,30.166176593021468],[31.754078948909903,30.166177614230499],[31.754073984754054,30.166178636351393],[31.754069020609446,30.166179657569895],[31.754064057457672,30.166180682406967],[31.754059094294462,30.166181708146048],[31.754054131131142,30.166182733884952],[31.754049167933697,30.166183762330341],[31.75404420474749,30.166184789873313],[31.754039242565476,30.166185820132625],[31.754034281410327,30.166186851303834],[31.754029320243735,30.16618788337707],[31.754024359065699,30.166188916352347],[31.754019397864869,30.166189951131862],[31.754014436663933,30.166190985911221],[31.75400947648988,30.166192021602441],[31.754004517320013,30.166193060010031],[31.753999557100368,30.166194099309774],[31.753994597930298,30.166195137716954],[31.753989638726079,30.166196178830628],[31.75398467951042,30.166197220846339],[31.753979721321635,30.166198263773964],[31.753974763121398,30.166199307603602],[31.753969804909726,30.166200352335256],[31.753964847724909,30.166201397978842],[31.753959889478995,30.166202445416786],[31.753954933309601,30.166203492874285],[31.75394997607911,30.166204542126184],[31.753945019886835,30.16620559138774],[31.75394006263344,30.166206642443697],[31.753935107445233,30.16620769442142],[31.753930151218615,30.166208746389088],[31.753925196007522,30.166209800170858],[31.753920240784982,30.166210854854672],[31.753915285550988,30.166211910440531],[31.753910331355211,30.166212966036053],[31.753905376098327,30.166214023425958],[31.753900421879656,30.166215080825548],[31.753895467638188,30.166216140029402],[31.753890514423592,30.166217200145141],[31.753885561197546,30.166218261162921],[31.7538806079714,30.166219322180499],[31.753875654722464,30.166220385002344],[31.753870702511733,30.166221447833859],[31.753865749251236,30.166222511557564],[31.753860797006272,30.166223577095352],[31.753855844772549,30.166224641730761],[31.753850892504676,30.166225709072627],[31.753845941275021,30.166226776424171],[31.753840990045266,30.16622784377552],[31.753836038792716,30.16622891293115],[31.753831087540064,30.166229982086573],[31.753826137302934,30.166231053056112],[31.75382118602737,30.166232124015607],[31.753816235790044,30.166233194984759],[31.753811285529903,30.166234267758202],[31.753806336296638,30.16623534144351],[31.753801386024954,30.166236415118785],[31.753796436780135,30.166237489705946],[31.753791486485547,30.166238565185289],[31.753786538267494,30.166239640684154],[31.753781588999669,30.166240717075198],[31.753776639709045,30.166241795270494],[31.753771692506316,30.166242872583116],[31.75376674321549,30.166243950778036],[31.753761794951529,30.166245029884834],[31.753756846676119,30.166246109893684],[31.753751899427584,30.166247190814428],[31.753746952178933,30.166248271734993],[31.753742003891862,30.166249352645504],[31.753737056620327,30.166250435370145],[31.753732110386984,30.166251518104442],[31.753727163103889,30.166252601730918],[31.753722215809333,30.166253686259395],[31.753717268526032,30.166254769885516],[31.753712323296558,30.166255855335574],[31.753707375990345,30.166256940765745],[31.753702429710994,30.166258027107798],[31.753697484481222,30.166259112557317],[31.753692538190325,30.166260199801201],[31.753687591887964,30.16626128794714],[31.753682646623837,30.16626237610275],[31.753677701348249,30.166263465160384],[31.753672756072561,30.166264554217847],[31.753667810796756,30.166265643275114],[31.753662865509511,30.166266733234416],[31.75365792126048,30.166267823203388],[31.753652975961682,30.166268914064535],[31.753648030662774,30.166270004925487],[31.753643086390735,30.166271096698342],[31.753638142107238,30.16627218937322],[31.753633197834997,30.166273281145692],[31.753628252512968,30.166274373810349],[31.753623309244794,30.16627546829897],[31.753618364960893,30.166276560973088],[31.753613420665534,30.166277654549248],[31.753608477397034,30.166278749037328],[31.753603534117087,30.166279844427404],[31.753598589810068,30.166280938905228],[31.753593646529911,30.166282034294948],[31.753588703249651,30.166283129684462],[31.753583759957937,30.166284225976032],[31.753578816666124,30.166285322267406],[31.753573873374211,30.166286418558581],[31.753568930082192,30.166287514849593],[31.753563986778712,30.166288612042603],[31.753559044502097,30.16628971014752],[31.753554102236734,30.166290807350048],[31.753549158921601,30.166291905444712],[31.753544215617712,30.166293002636998],[31.753539274379005,30.166294100751031],[31.753534331052201,30.166295199747363],[31.753529387725308,30.1662962987435],[31.753524446486292,30.166297396856969],[31.753519504186144,30.166298496764831],[31.753514560858942,30.166299595760407],[31.753509618569939,30.166300694765663],[31.753504677307806,30.166301794682813],[31.75349973396894,30.166302894580049],[31.753494791679636,30.166303993584716],[31.75348985039448,30.166305095305749],[31.753484908093622,30.166306195212279],[31.75347996579265,30.166307295118628],[31.753475023491575,30.166308395024785],[31.753470082217373,30.166309495842835],[31.753465139916095,30.166310595748605],[31.753460197603367,30.166311696556409],[31.753455256317487,30.166312798276127],[31.753450314004542,30.166313899083544],[31.753445371702856,30.166314998988561],[31.753440431466348,30.166316099815347],[31.753435489153102,30.166317200622199],[31.753430546828387,30.166318302331092],[31.753420663239691,30.166320503953735],[31.75041986733099,30.166989000958964],[31.750415295691546,30.166990018557339],[31.750410725078961,30.166991037067657],[31.750406154477677,30.1669920546756],[31.750401583853531,30.166993074087834],[31.750397013252069,30.166994091695447],[31.750392441600802,30.166995110195224],[31.750387870999155,30.166996127802534],[31.750383301412992,30.166997147223999],[31.750378729772841,30.166998164821077],[31.750374159148176,30.166999184232335],[31.750369588546175,30.167000201838988],[31.750365017921329,30.167001221249915],[31.750360447319153,30.167002238856238],[31.750355876694119,30.167003258266835],[31.750351306080393,30.167004276775067],[31.750346735455185,30.167005296185348],[31.750342164841278,30.167006314693229],[31.750337594215893,30.167007334103204],[31.750333023601819,30.167008352610765],[31.750328452976255,30.167009372020409],[31.750323883377558,30.167010392341982],[31.750319312763203,30.16701141084906],[31.750314742125997,30.167012431160444],[31.750310171500082,30.167013450569414],[31.750305601901029,30.167014470890361],[31.750301031263557,30.167015491201237],[31.750296460637383,30.167016510609741],[31.750291891038056,30.167017530930188],[31.750287321427269,30.167018552152705],[31.750282750778055,30.16701957336517],[31.750278181178473,30.16702059368512],[31.750273610529081,30.167021614897255],[31.750269040917942,30.167022636119118],[31.750264471306707,30.167023657340817],[31.750259901695379,30.16702467856236],[31.750255332072587,30.167025700685947],[31.750250762449706,30.167026722809393],[31.750246192826729,30.167027744932675],[31.750241623192281,30.167028767957991],[31.75023705355774,30.167029790983161],[31.750232483923124,30.167030814008175],[31.750227915326739,30.16703183704292],[31.750223345691932,30.167032860067621],[31.75021877708399,30.167033884004262],[31.749960540505992,30.167092189436058],[31.749702553910296,30.167151316954289],[31.749697993222949,30.167152370724967],[31.749693432546913,30.167153423593266],[31.749688872897707,30.16715447737349],[31.749684313248423,30.167155531153597],[31.749679752560713,30.167156584923632],[31.749675192899844,30.167157639605612],[31.7496706332389,30.167158694287437],[31.749666072539522,30.167159748959211],[31.749661512878383,30.167160803640716],[31.749656954244099,30.167161859234184],[31.749652393544448,30.167162913905468],[31.749647834898596,30.167163970400811],[31.749643275225697,30.167165025983916],[31.74963871556411,30.167166080664618],[31.749634155868247,30.167167138051823],[31.749629597233412,30.167168193644311],[31.749625037548768,30.167169250128968],[31.749620477864031,30.167170306613453],[31.749615919217522,30.167171363107691],[31.749611359532608,30.167172419591871],[31.749606800874538,30.167173476988012],[31.749602242216366,30.167174534383971],[31.749597682519784,30.167175591769883],[31.749593123861427,30.16717664916554],[31.749588565202984,30.16717770656102],[31.749584005506119,30.167178763946435],[31.749579446836108,30.167179822243817],[31.749574888177399,30.167180879638828],[31.74957032950719,30.167181937935894],[31.749565770836906,30.167182996232778],[31.749561212177916,30.167184053627309],[31.749556653507437,30.167185111923892],[31.749552093798545,30.1671861702104],[31.749547536154818,30.167187229418779],[31.749542977495459,30.16718828681265],[31.749538417786297,30.167189345098706],[31.749533860142297,30.167190404306577],[31.749529301482664,30.167191461699964],[31.749524741761824,30.167192520887752],[31.749520184128947,30.167193579192933],[31.749515625446257,30.167194638390274],[31.749511065747921,30.167195695773128],[31.749501949420409,30.167197814176909],[31.727858135778046,30.172221980635914],[31.727853296467252,30.172223104023576],[31.727848457156352,30.172224227411085],[31.727843617856937,30.172225349896184],[31.727838778545838,30.17222647328332],[31.727833940284594,30.172227595778129],[31.727829100984863,30.172228718262684],[31.727824261685043,30.172229840747079],[31.727819423411894,30.172230964143552],[31.727814584111858,30.172232086627556],[31.727809744788548,30.172233210915806],[31.727804906515086,30.172234334311756],[31.727800068253114,30.172235456805296],[31.727795228941083,30.172236580190784],[31.727790389628936,30.172237703576116],[31.727785551355069,30.172238826971309],[31.727780712031137,30.172239951258472],[31.727775872730273,30.172241073741027],[31.727771035482874,30.172242198047979],[31.72776619615863,30.172243322334594],[31.727761356845864,30.172244445718821],[31.727756518559783,30.172245570015157],[31.727751680273599,30.172246694311298],[31.727746840960524,30.172247817694977],[31.727742002662538,30.172248942892981],[31.727737164376048,30.172250067188571],[31.727732326077856,30.172251192386206],[31.727727487791149,30.17225231668144],[31.727722649492755,30.172253441878727],[31.727717811194253,30.1722545670758],[31.72771297288406,30.172255693174932],[31.727708133546976,30.172256818361582],[31.727703296286535,30.172257943568198],[31.727698457976032,30.172259069666762],[31.727693619665423,30.172260195765169],[31.727688782381495,30.17226132277565],[31.727683944070673,30.172262448873692],[31.727679106786532,30.172263575883818],[31.727674269502291,30.172264702893763],[31.727669431179571,30.172265829893469],[31.727664592845155,30.172266957795205],[31.727659755560602,30.172268084804603],[31.727654918264349,30.172269212716046],[31.727650080967997,30.172270340627303],[31.72764524364835,30.172271470342796],[31.727640407390169,30.172272598263756],[31.727635569043532,30.172273727066614],[31.727630731723579,30.172274856781563],[31.727625895453489,30.172275985604209],[31.727621058121734,30.172277116221014],[31.727616221839845,30.172278245945499],[31.727611384519474,30.172279375659731],[31.727606548214201,30.172280507188272],[31.727601711920403,30.172281637814422],[31.727596874576538,30.172282769332529],[31.727592039309314,30.1722839008706],[31.727587202992019,30.172285033300639],[31.727582366686217,30.172286164828289],[31.727577531395497,30.172287298170243],[31.727572695077896,30.172288430599735],[31.727567858748596,30.172289563931248],[31.727563023445967,30.172290698174884],[31.727558188143238,30.172291832418328],[31.727553351813619,30.172292965749289],[31.727548516499095,30.172294100894597],[31.72754368222283,30.172295236049781],[31.727538846896493,30.17229637209693],[31.727534011570068,30.172297508143892],[31.727529177281898,30.172298644200755],[31.727524341943653,30.172299781149572],[31.727519506605319,30.172300918098198],[31.727514673343613,30.172302055066801],[31.727509837993473,30.172303192917287],[31.727505003669997,30.172304331679882],[31.727500170373212,30.172305471354562],[31.727495336049525,30.172306610116792],[31.727490501714154,30.172307749781048],[31.727485669443826,30.172308890367489],[31.727480835108238,30.172310030031383],[31.727476001799328,30.172311170607387],[31.727471169505503,30.172312312997693],[31.727466335134814,30.172313455367696],[31.727461502852371,30.17231459685545],[31.727456669508264,30.172315740137357],[31.727451837190827,30.172316884331369],[31.727447004884873,30.172318027623007],[31.727442171528857,30.172319171806596],[31.727437340237881,30.172320316912369],[31.72743250789684,30.172321462910084],[31.727427675555695,30.172322608907628],[31.727422845291184,30.172323754925134],[31.727418012926638,30.172324902726736],[31.727413181611947,30.172326049636027],[31.727408351312345,30.172327198359621],[31.727403519974256,30.17232834707298],[31.727398688636068,30.172329495786141],[31.727393858312954,30.172330646313636],[31.727389027989744,30.17233179684094],[31.727384196616455,30.17233294826022],[31.727379367331398,30.172334098797233],[31.727374536984673,30.172335251128434],[31.727369707664629,30.172336404371741],[31.727364878356067,30.17233755671263],[31.727360049024202,30.172338710857769],[31.727355219680653,30.172339865904956],[31.72735039137536,30.172341020962033],[31.727345562020005,30.172342176911076],[31.72734073266453,30.172343332859928],[31.727335905374115,30.172344489730946],[31.727331077022015,30.172345648396156],[31.727326248681418,30.172346806158981],[31.727321421367488,30.172347964833897],[31.727316594030267,30.172349125313058],[31.727311765666151,30.172350284879748],[31.72730693935549,30.172351446270849],[31.726804163184632,30.172476362585289],[31.726303869245637,30.172608596353921],[31.726299089928556,30.172609897121934],[31.726294310588145,30.172611199694167],[31.726289532274389,30.172612503178531],[31.726284752922144,30.172613806652649],[31.72627997459653,30.172615111038866],[31.726275197297589,30.172616416337217],[31.726270418960144,30.172617721625304],[31.726265640610976,30.172619027815415],[31.726260864326839,30.172620334927743],[31.726256087004192,30.172621642029803],[31.726251309669838,30.17262295003389],[31.726246533362126,30.172624258950108],[31.72624175601592,30.172625567856066],[31.72623697969636,30.17262687767413],[31.726232204391863,30.172628189306522],[31.726227428060465,30.172629500026446],[31.726222651728943,30.172630810746202],[31.726217876400863,30.172632124182499],[31.726213101095869,30.172633435814198],[31.726208325755945,30.172634750152358],[31.726203551465883,30.172636063598191],[31.726198776125717,30.172637377936002],[31.72619400181221,30.172638693185906],[31.726189227486966,30.172640009337865],[31.726184453173204,30.17264132458741],[31.726179678847728,30.172642640739006],[31.726174905548888,30.17264395780273],[31.726170132238337,30.172645275768488],[31.726165358927663,30.172646593734065],[31.72616058457848,30.172647911689381],[31.726155812294333,30.172649230566897],[31.726151039986849,30.172650551248662],[31.726146266652471,30.172651871017951],[31.726141494356355,30.172653190797149],[31.726136722036909,30.172654512380589],[31.726131949717335,30.172655833963848],[31.72612717843602,30.17265715555704],[31.72612240610459,30.172658478042173],[31.726117633761447,30.172659801429337],[31.726112863506536,30.172661123934258],[31.726108092189914,30.172662448233357],[31.726103319846409,30.172663771620016],[31.726098548529542,30.172665095918745],[31.726093778239328,30.17266642112962],[31.726089007948993,30.172667746340316],[31.726084236608553,30.172669072442947],[31.726079467356357,30.172670397663374],[31.726074696004066,30.172671724667879],[31.726069925690034,30.172673051682292],[31.726065156414251,30.172674378706599],[31.726060386088363,30.172675706622865],[31.726055616800743,30.172677034549043],[31.72605084750138,30.172678363377251],[31.726046078201893,30.172679692205278],[31.72604130786392,30.172681021023056],[31.726036538564202,30.172682349850749],[31.726031770291119,30.172683679590534],[31.726027000967946,30.172685010222285],[31.726022231656248,30.172686339951646],[31.7260174633712,30.172687670593131],[31.726012695074417,30.172689002136643],[31.72600792573914,30.172690333669895],[31.726003158480502,30.172691665223137],[31.725998390183364,30.172692996766127],[31.725993620824504,30.172694330103287],[31.725988852527109,30.172695661645907],[31.725984085244765,30.17269699500288],[31.725979316923919,30.172698328349568],[31.725974549652928,30.172699660803978],[31.725969782358611,30.172700995062616],[31.725965015064165,30.172702329321091],[31.725960246742829,30.172703662667079],[31.725955480474909,30.172704997837485],[31.725950712141721,30.172706332085323],[31.725945944835178,30.172707667245312],[31.725941177528515,30.172709002405117],[31.725936411271714,30.172710336672601],[31.725931643953203,30.172711672734263],[31.725926876634553,30.172713008795736],[31.725922110354173,30.172714344867106],[31.725917344073665,30.172715680938321],[31.725912576754659,30.172717016999268],[31.725907810462299,30.172718353972343],[31.725903044181429,30.172719690043003],[31.725898276850433,30.17272102700564],[31.725893510557707,30.172722363978167],[31.72588874529163,30.172723701862832],[31.725883977960279,30.172725038824929],[31.725879211667181,30.172726375796927],[31.725874446400727,30.172727713681045],[31.72586968009578,30.172729051554917],[31.725864913779102,30.172730390330813],[31.725860148512282,30.172731728214401],[31.725855382206966,30.172733066087741],[31.725850615901521,30.172734403960892],[31.725845849584342,30.172735742736087],[31.725841084317043,30.172737080618965],[31.725836317988005,30.172738420296021],[31.725831552708836,30.172739759080763],[31.725826787429561,30.17274109786533],[31.725822021123371,30.172742435737426],[31.725817255832233,30.17274377542385],[31.725812489514201,30.172745114197792],[31.725807724234421,30.172746452981659],[31.725802958942918,30.172747792667547],[31.725798192612896,30.172749132343178],[31.725793427332746,30.172750471126502],[31.725788662052487,30.172751809909656],[31.725783895722099,30.172753149584757],[31.725779131468354,30.172754489279839],[31.725774365149341,30.17275582805237],[31.725769599856967,30.172757167737032],[31.725760069271853,30.172759847105809],[31.725136454351677,30.172935121241633],[31.725131964208607,30.172936383269771],[31.72512747406542,30.172937645297761],[31.725122984960493,30.17293890733567],[31.725118494840316,30.172940167558913],[31.725114004696813,30.172941429586427],[31.725109514553186,30.17294269161377],[31.725105025447828,30.172943953651068],[31.72510053530398,30.172945215678112],[31.725096045171654,30.172946476802782],[31.725091555027589,30.172947738829507],[31.725087064883418,30.172949000856054],[31.725082574750751,30.172950261980258],[31.72507808460637,30.1729515240065],[31.725073595511862,30.172952785140481],[31.725069105378868,30.172954046264216],[31.725064615245763,30.172955307387785],[31.725060125100949,30.172956569413405],[31.725055634979245,30.172957829634445],[31.725051144845811,30.172959090757548],[31.725046653685514,30.172960350968165],[31.725042163551862,30.172961612090951],[31.725037674456491,30.172962873223668],[31.725033183295864,30.172964133433837],[31.72502869318512,30.172965392751724],[31.725024203051031,30.172966653873875],[31.725019711890077,30.172967914083554],[31.72501522074063,30.172969173390868],[31.725010730629457,30.172970432708141],[31.725006240506552,30.172971692927433],[31.725001749356778,30.172972952234289],[31.724997258218504,30.17297421063877],[31.724992768106887,30.172975469955389],[31.724988276956786,30.172976729261766],[31.724983785818189,30.172977987665778],[31.724979293641109,30.172979246059526],[31.724974802490678,30.172980505365434],[31.724970312401748,30.172981762876834],[31.724965821262717,30.172983021280221],[31.724961329108435,30.172984277868931],[31.724956837969181,30.172985536271973],[31.724952345814682,30.172986792860375],[31.724947853648452,30.172988050350803],[31.724943362543719,30.172989306046755],[31.724938871427273,30.172990562644756],[31.723234528318123,30.173447266833531],[31.721517790318693,30.173867490191238],[31.721513233082099,30.173868552928116],[31.72150867480703,30.173869615654716],[31.721504116520222,30.17387067928335],[31.721499560333385,30.173871741127648],[31.721495002069691,30.173872802951553],[31.721490443805891,30.173873864775278],[31.721485885542013,30.173874926598845],[31.721481328304776,30.173875989334597],[31.721476770052359,30.173877050255644],[31.721472211799846,30.173878111176521],[31.721467652508863,30.173879172087098],[31.721463095294553,30.173880233017776],[31.721458537053408,30.173881293035976],[31.721453977762145,30.17388235394607],[31.72144941952082,30.173883413963935],[31.721444861279409,30.173884473981641],[31.721440303037895,30.173885533999165],[31.721435743757915,30.173886594006419],[31.721431185527877,30.173887653121415],[31.721426627286096,30.173888713138474],[31.721422068017471,30.173889772243037],[31.721417508748772,30.173890831347421],[31.721412950530009,30.173891889559577],[31.721408392299512,30.17389294867376],[31.721403833030525,30.173894007777687],[31.721399273773105,30.17389506597921],[31.721394714503948,30.173896125082809],[31.72139015628472,30.173897183294134],[31.72138559701537,30.173898242397414],[31.721381037769234,30.173899299696075],[31.721376478511349,30.173900357896809],[31.721371920291762,30.173901416107501],[31.721367361033696,30.173902474307905],[31.721362800748796,30.17390353159583],[31.721358241490552,30.1739045897959],[31.721353683270596,30.173905648005952],[31.721349124012157,30.17390670620571],[31.721344564776935,30.17390776260088],[31.721340005518325,30.173908820800335],[31.721335446259612,30.173909878999602],[31.721330887000811,30.173910937198734],[31.721326327765212,30.173911993593254],[31.721317209247157,30.17391410999068],[31.708452783691364,30.176897660954211],[31.708447862702211,30.176898802663001],[31.708442940674541,30.176899944361399],[31.708438018658534,30.176901085157382],[31.708433096642413,30.176902225953182],[31.708428175664615,30.176903366759014],[31.708423253648284,30.176904507554447],[31.708418331620081,30.176905649251893],[31.708413409603541,30.176906790046949],[31.708408487586883,30.176907930841804],[31.708403566608553,30.176909071646698],[31.708398644579923,30.17691021334339],[31.708393722562949,30.17691135413769],[31.708388800557643,30.176912494029594],[31.708383878540459,30.176913634823507],[31.70837895652318,30.176914775617245],[31.708374034505781,30.176915916410774],[31.708369112500048,30.176917056301935],[31.708364190494201,30.176918196192897],[31.708359268488259,30.176919336083657],[31.708354346482203,30.176920475974246],[31.708349425514463,30.176921615874853],[31.708344503508197,30.176922755765069],[31.708339580475176,30.176923894742654],[31.708334658468694,30.176925034632486],[31.708329736473875,30.176926173619922],[31.708324813440537,30.176927312596941],[31.708319891445505,30.176928451583997],[31.708314968411955,30.176929590560647],[31.70831004642848,30.176930728645125],[31.708305123394716,30.176931867621395],[31.708300201411038,30.176933005705493],[31.708295278388817,30.176934143779174],[31.708290355378271,30.176935280950481],[31.708285432355858,30.176936419023782],[31.708280509345094,30.176937556194709],[31.708275586334235,30.176938693365429],[31.708270663335032,30.176939829633739],[31.708265740323956,30.176940966804096],[31.708260817324543,30.176942103072051],[31.708255894325028,30.176943239339824],[31.708250970298756,30.176944374694955],[31.708246047310794,30.176945510060147],[31.708241123272547,30.176946646317123],[31.708236200296138,30.176947780779713],[31.708231276281218,30.176948915231904],[31.708226352266184,30.176950049683889],[31.708221428251047,30.176951184135707],[31.708216504247577,30.176952317685107],[31.708211580243997,30.176953451234343],[31.708206656252091,30.176954583881173],[31.708201732248288,30.176955717430022],[31.708196807217753,30.176956850066244],[31.708191883237298,30.1769579818103],[31.708186958206539,30.176959114446159],[31.708182033199222,30.1769602452774],[31.708177109230213,30.17696137611868],[31.708172184222679,30.17696250694955],[31.708167259226826,30.176963636878035],[31.708162334230856,30.176964766806318],[31.708157408196367,30.176965896724194],[31.708152483211961,30.176967025749896],[31.708147557189029,30.176968154765181],[31.70814263221618,30.176969282888304],[31.708137706204809,30.176970411001012],[31.708132780193338,30.176971539113534],[31.708127854193521,30.176972666323636],[31.708122928205384,30.176973792631372],[31.708118002217134,30.176974918938903],[31.708113075190361,30.176976045236039],[31.708108149225456,30.176977169738766],[31.708103222210241,30.176978295133328],[31.7080982952067,30.17697941962545],[31.708093368203048,30.176980544117409],[31.708088441222845,30.17698166680476],[31.708083514230761,30.176982790394142],[31.708078586211929,30.176983913070881],[31.708073659243176,30.176985034855456],[31.708068731247675,30.176986155727427],[31.708063803252067,30.176987276599196],[31.708058875244582,30.176988398372977],[31.708053947260542,30.176989518342168],[31.708049019288168,30.176990637408945],[31.708044090289047,30.176991755563115],[31.708039162328234,30.176992873727329],[31.708034233328906,30.176993991881123],[31.708029304329472,30.176995110034717],[31.708024375353478,30.176996226383711],[31.708019445350736,30.176997341820083],[31.708014516374529,30.176998458168715],[31.708009586383348,30.176999572702503],[31.708004656392063,30.177000687236102],[31.707999726412449,30.17700180086732],[31.707994796444499,30.17700291359613],[31.707989866464676,30.17700402722695],[31.707984935469888,30.177005139042969],[31.707980004486753,30.177006249956573],[31.707975073503523,30.177007360869975],[31.707970141493547,30.177008470870778],[31.707965210533654,30.177009579979391],[31.707960278535236,30.177010689077612],[31.707955346548491,30.177011797273416],[31.707950415611837,30.177012904577062],[31.707945482610011,30.177014010957869],[31.707940550634728,30.177015118250907],[31.707935618694673,30.177016222837128],[31.707930685704309,30.177017328315152],[31.707925752737392,30.177018431988561],[31.707920819782149,30.177019534759598],[31.707915885776615,30.177020638422402],[31.707910952832936,30.17702174029084],[31.707906018862516,30.177022841246661],[31.707901084903764,30.177023941300071],[31.707896150944908,30.177025041353311],[31.707891215971088,30.177026139591696],[31.70788628203557,30.177027237840143],[31.707881347061548,30.177028336078148],[31.707876412099175,30.177029433413768],[31.707871477160264,30.177030528944805],[31.707866541194612,30.177031623563199],[31.707861605228846,30.177032718181408],[31.707856669274758,30.177033811897214],[31.707851733332344,30.177034904710652],[31.707846796363178,30.177035996611433],[31.707841860444109,30.177037087620057],[31.707836923486511,30.177038178618268],[31.707831985513948,30.177039267801664],[31.707827047541297,30.17704035698484],[31.707822110618718,30.177041445275847],[31.707817172681168,30.177042531752033],[31.707812233705109,30.177043618217816],[31.707807295779148,30.17704470379142],[31.707802356838208,30.177045787550174],[31.707797417885388,30.177046872210983],[31.707792478956016,30.177047955067152],[31.707787540038328,30.177049037020936],[31.707782600093893,30.177050118062116],[31.707777660161128,30.177051198200868],[31.70777272024003,30.177052277437244],[31.707767780342387,30.17705335486902],[31.707762839394459,30.177054433192584],[31.707757898481752,30.177055508809339],[31.707752956518746,30.177056585317885],[31.707748014579206,30.177057660021802],[31.707743072663099,30.177058732921132],[31.707738130746904,30.177059805820274],[31.707733188842372,30.177060877817027],[31.70772824591111,30.177061948901148],[31.707723302991518,30.177063019082865],[31.707718360083593,30.177064088362194],[31.707713417199134,30.177065155836928],[31.707708473276156,30.177066223301225],[31.707703529376623,30.177067288960934],[31.707698585500538,30.177068352816026],[31.707693639547532,30.177069416650468],[31.707688694644617,30.177070479592764],[31.707683749753375,30.177071541632642],[31.707678804873805,30.177072602770135],[31.707673858967496,30.177073662994999],[31.707668913072865,30.177074722317467],[31.707663966163281,30.177075779825106],[31.707659020292006,30.177076837342788],[31.707654073417537,30.177077892143426],[31.707649125504563,30.177078946933637],[31.707644177615038,30.177079999919243],[31.707639229725412,30.177081052904676],[31.707634281859249,30.177082104085496],[31.70762933399298,30.177083155266121],[31.707624385123534,30.177084203729713],[31.707619436253982,30.177085252193102],[31.707614486369465,30.177086298841683],[31.707609536496637,30.177087344587839],[31.707604586623702,30.177088390333832],[31.707599635747592,30.177089433362752],[31.707594685909793,30.177090476401755],[31.707589735068815,30.177091516723689],[31.707584783189308,30.177092557035198],[31.707579832359912,30.177093596454558],[31.707574880515558,30.177094634059081],[31.707569927644457,30.177095670750962],[31.707564974796824,30.177096705638256],[31.707560021937319,30.177097741427552],[31.707555069124808,30.177098773607856],[31.70755011527379,30.177099805777711],[31.707545161446241,30.177100836142973],[31.707540206591947,30.177101865595603],[31.70753525278775,30.177102894156079],[31.707530297968589,30.177103920901722],[31.707525342122704,30.177104946734719],[31.707520387326909,30.177105971675562],[31.70751543151616,30.177106994801566],[31.707510474678678,30.177108017014938],[31.707505517852884,30.177109038325913],[31.707500561050537,30.177110057832294],[31.707495604259869,30.177111076436272],[31.707490646454257,30.177112093225421],[31.707485687621908,30.177113109101946],[31.707480729851433,30.177114123184079],[31.707475771042439,30.177115137255811],[31.70747081228048,30.177116147718522],[31.707465853506633,30.177117159083242],[31.707460892691195,30.177118167720682],[31.70745593291409,30.177119176368183],[31.707450972122022,30.17712018320082],[31.707446011353412,30.177121188228885],[31.707441049558064,30.177122192344299],[31.707436088824611,30.177123194665345],[31.707431127064414,30.17712419607378],[31.707426164289267,30.177125195667365],[31.707421201525808,30.177126194358522],[31.707416238785804,30.177127191245123],[31.707411275019076,30.177128187219083],[31.707406312314227,30.177129181398652],[31.707401346517592,30.177130173742938],[31.70739638279769,30.177131166107493],[31.707018054405967,30.177202379659526],[31.706637804219525,30.177265400826997],[31.706632788290385,30.177266175187892],[31.706627773423161,30.177266947754429],[31.706622756479035,30.177267720300289],[31.706617740608607,30.177268490149576],[31.706612723711473,30.177269259086223],[31.706607706837847,30.177270026218252],[31.706602689975938,30.177270792447903],[31.706597673137512,30.177271556872942],[31.706592655272409,30.177272320385335],[31.706587637430786,30.177273082093116],[31.706582618562475,30.177273842888265],[31.706577599717658,30.177274601878814],[31.706572581922973,30.177275359977195],[31.706567563101597,30.177276117162936],[31.706562543277084,30.177276871631612],[31.706557524490915,30.177277626110364],[31.706552503663204,30.177278377861803],[31.706547483873841,30.177279129623301],[31.706542464107986,30.177279879580169],[31.706537443327214,30.177280627722205],[31.706532421507955,30.177281375853816],[31.706527400750616,30.177282122191041],[31.70652238002857,30.177282865821464],[31.706517358256246,30.17728361034364],[31.706512335480802,30.177284352148785],[31.706507313755495,30.17728509306178],[31.706502292041893,30.177285833072339],[31.706497269313395,30.177286571268091],[31.706492246596607,30.177287308561425],[31.706487223891543,30.177288044952363],[31.706482200183348,30.177288778626238],[31.706477177501725,30.177289513212362],[31.706472152778549,30.177290245071205],[31.706467129105512,30.177290976037877],[31.70646210544421,30.177291706102171],[31.706457079717776,30.177292435243558],[31.706452056091688,30.177293162600815],[31.706447031438902,30.177293889045444],[31.706442005771208,30.17729461367524],[31.706436980103451,30.177295338304823],[31.706431955497621,30.177296061140037],[31.706426928826666,30.177296783052384],[31.706421903217642,30.177297503170358],[31.706416876570138,30.177298223277891],[31.706411849957927,30.177298940678615],[31.706406823345656,30.177299658079153],[31.706401796756889,30.177300373675074],[31.706396769129633,30.177301089260553],[31.706391741525895,30.177301803041427],[31.706386714972297,30.177302515930165],[31.706381687403795,30.177303227004021],[31.706376658796799,30.177303938067457],[31.706371631251738,30.177304647336538],[31.706366602679974,30.177305355692972],[31.706361574119946,30.177306063147],[31.706356544545006,30.17730676878616],[31.706351515996626,30.17730747533761],[31.70634648748355,30.177308179182237],[31.706341457943779,30.177308882114204],[31.706336429454144,30.177309584154028],[31.706331398899412,30.177310285270959],[31.7063263694066,30.177310984593529],[31.706321338875302,30.177311683905657],[31.70631630939415,30.177312382325638],[31.70631127785968,30.17731307892052],[31.70630624841376,30.177313774633479],[31.706301216890953,30.177314470325758],[31.706296186430073,30.177315164223685],[31.706291154942498,30.177315857208963],[31.706286123466647,30.177316549291849],[31.706281092014315,30.177317239570119],[31.706276059523503,30.177317929837955],[31.706271028071047,30.177318620115841],[31.706265995615471,30.177319307676665],[31.706260964198243,30.177319995247544],[31.706255931754335,30.177320681905766],[31.706250899333941,30.177321366759376],[31.706245866913484,30.177322051612801],[31.706240834516532,30.177322734661647],[31.706235801081114,30.17732341770003],[31.706230767657409,30.17732409983601],[31.706225734245447,30.177324781069579],[31.706220700845208,30.177325461400748],[31.706215667468477,30.177326139927345],[31.706210633053278,30.177326818443465],[31.706205598649792,30.177327496057206],[31.706200565308244,30.177328171876564],[31.70619553092823,30.177328847685519],[31.706190495521511,30.177329522581793],[31.706185462203369,30.177330196596166],[31.706180426808316,30.177330870589852],[31.706175392475203,30.177331542789187],[31.706170357103609,30.177332214978069],[31.706165321755535,30.177332885362365],[31.706160287457617,30.177333554854481],[31.706155251071007,30.177334225228122],[31.706150215758115,30.177334892905211],[31.706145180445169,30.177335560582076],[31.706140144093748,30.177336228248532],[31.706135107765839,30.177336894110375],[31.706130072488083,30.177337559080048],[31.706125036171844,30.177338224039303],[31.706119999879128,30.17733888719393],[31.706114962536144,30.177339551240326],[31.706109927305299,30.177340212600402],[31.706104889997565,30.177340873939791],[31.706099852689771,30.177341535278988],[31.706094816432127,30.177342195726027],[31.706089779147796,30.177342855260427],[31.706084741875191,30.177343513892414],[31.706079703575892,30.177344171611775],[31.706074667353377,30.177344829351394],[31.706069629065755,30.177345486168161],[31.706064590789872,30.177346142082502],[31.706059552525705,30.177346797094451],[31.706054516338327,30.177347452126707],[31.706049477047426,30.177348106225811],[31.706044438806664,30.177348759432761],[31.706039400577641,30.177349411737307],[31.706034363386983,30.177350064051918],[31.706029324119417,30.177350716345828],[31.706024284875383,30.177351366835122],[31.706019246669701,30.177352017334481],[31.706014208475757,30.177352666931441],[31.706009169255122,30.177353315615733],[31.706004130034433,30.177353964299858],[31.705999090825472,30.177354612081565],[31.705994051628252,30.177355258960883],[31.705989012430962,30.177355905839988],[31.70598397324542,30.177356551816725],[31.705978933021388,30.177357197782985],[31.705973893847503,30.177357842857106],[31.705968853646951,30.177358487018566],[31.70596381448474,30.177359131190091],[31.705958774295851,30.177359774448966],[31.705953734118708,30.177360416805431],[31.705948693941487,30.177361059161711],[31.705943653776004,30.177361700615592],[31.705938613598679,30.17736234297147],[31.705933574495088,30.177362982630793],[31.705928533291019,30.177363624073838],[31.705923493148887,30.177364263722506],[31.705918451968287,30.177364903360761],[31.705913410799415,30.177365542096609],[31.705908370680707,30.177366179940279],[31.705903329523512,30.177366817773535],[31.705898289416471,30.177367454714609],[31.705893248247371,30.177368093449669],[31.70588820712538,30.177368728575704],[31.705883165991537,30.177369364603749],[31.705878124857641,30.177370000631591],[31.705873082697064,30.177370635746808],[31.705868041574846,30.177371270872072],[31.705863001490997,30.177371906007359],[31.705857959342037,30.177372540219778],[31.705852918255019,30.177373172637843],[31.705847876105945,30.177373806849847],[31.705842835007026,30.177374440169707],[31.70583779289322,30.177375071674724],[31.705832750767559,30.177375704081751],[31.705827708653626,30.177376335586366],[31.705822666539646,30.177376967090797],[31.705817625464029,30.177377598605279],[31.70581258336172,30.177378229207086],[31.705807541259365,30.177378859808716],[31.705802499156949,30.177379490410164],[31.705797457066268,30.177380120109202],[31.705792414987325,30.177380748905829],[31.705787372908325,30.177381377702275],[31.705782329779062,30.177382007390481],[31.705777287699949,30.177382636186515],[31.705772244594144,30.177383264069917],[31.705767202526715,30.177383891963355],[31.705762160459223,30.177384519856616],[31.705757118403465,30.177385146847467],[31.705752075309245,30.177385773827869],[31.705747033253374,30.177386400818335],[31.705741990159026,30.17738702779835],[31.705736947076428,30.177387653875961],[31.705731903993769,30.177388279953384],[31.705726861949469,30.177388906040854],[31.705721818866692,30.177389532117886],[31.705716775783863,30.177390158194719],[31.705711732712771,30.177390783369152],[31.705706689653418,30.177391407641181],[31.705701646582206,30.177392032815213],[31.70569660351094,30.177392657989074],[31.705691561489839,30.177393282270771],[31.705686518418464,30.177393907444198],[31.705681475370614,30.177394530813057],[31.705676432310923,30.1773951550839],[31.705671389251179,30.177395779354555],[31.705666346203166,30.17739640272282],[31.705661302116678,30.177397026080623],[31.705656259056763,30.177397650350699],[31.705651216020378,30.177398272816159],[31.705646172972134,30.177398896183629],[31.705641128897224,30.177399518638452],[31.70563608584888,30.177400142005546],[31.705631042800466,30.177400765372429],[31.7056259997638,30.177401387836916],[31.705620955676871,30.177402011193159],[31.705615912640084,30.177402633657252],[31.705610869603255,30.177403256121149],[31.705605825527947,30.177403878574612],[31.705600782490997,30.177404501038112],[31.705595739465789,30.177405122599218],[31.705590696416934,30.177405745964535],[31.705585653379821,30.177406368427455],[31.705580609316026,30.177406989977722],[31.705575566267008,30.177407613342467],[31.705570522203093,30.17740823489234],[31.705560436140164,30.177409478914193],[31.667533132486284,30.182095170003269],[31.667528211795673,30.182095775091163],[31.667523291092866,30.18209638108106],[31.667518369351559,30.182096987060227],[31.667513447610208,30.182097593039192],[31.667508526919384,30.182098198126344],[31.667503605177913,30.182098804104953],[31.667498684474847,30.182099410093912],[31.667493762733272,30.182100016072141],[31.667488842042232,30.182100621158526],[31.667483920300555,30.182101227136393],[31.667478998558828,30.182101833114061],[31.667474077855495,30.182102439102085],[31.667469157139962,30.182103045992132],[31.667464236436519,30.18210365197978],[31.667459313656124,30.182104257946143],[31.667454392940432,30.182104864835633],[31.667449472236836,30.182105470822723],[31.667444551521033,30.182106077711829],[31.667439629778876,30.182106683688009],[31.66743470906297,30.182107290576731],[31.667429788334868,30.18210789836748],[31.667424866580419,30.182108505245285],[31.667419945864349,30.182109112133443],[31.667415025136087,30.182109719923634],[31.667410104419915,30.182110326811419],[31.667405182653095,30.182110934590678],[31.66740026191254,30.182111543282478],[31.667395341184061,30.182112151071919],[31.667390420455533,30.182112758861155],[31.6673854986885,30.182113366639665],[31.667380577935575,30.182113976232905],[31.667375658233201,30.182114584934343],[31.667370737492316,30.18211519362503],[31.667365815700773,30.182115803207161],[31.66736089599824,30.182116411908034],[31.667355975232905,30.182117022402547],[31.667351054491807,30.182117631092485],[31.667346133738505,30.182118240684424],[31.667341212960867,30.182118852080578],[31.667336293245917,30.182119461682689],[31.667331372468166,30.182120073078469],[31.667326451702504,30.18212068357186],[31.667321531963108,30.182121294977804],[31.667316611173046,30.182121907275203],[31.667311691433543,30.182122518680785],[31.667306770643378,30.182123130977796],[31.667301850891612,30.182123743285182],[31.667296930101344,30.182124355581841],[31.667292010337324,30.18212496879104],[31.667287089534803,30.182125581989528],[31.667282169758536,30.182126196100562],[31.667277249994349,30.182126809309207],[31.667272330205826,30.182127424322054],[31.667267411467847,30.182128038443075],[31.667262490640759,30.182128653444995],[31.667257570864226,30.18212926755508],[31.667252652089637,30.182129884382135],[31.667247732288704,30.182130500296218],[31.667242812487704,30.182131116210137],[31.667237892674514,30.182131733026072],[31.667232972861264,30.182132349841797],[31.667228054086415,30.182132966667908],[31.667223135287209,30.182133585298214],[31.66721821650011,30.182134203026138],[31.667213295623892,30.182134821634946],[31.667208376812393,30.182135441166885],[31.66720345801297,30.182136059796424],[31.667198539189211,30.182136680230176],[31.66719362141599,30.182137299772094],[31.667188701541512,30.182137921097123],[31.667183782705447,30.182138542432487],[31.667178863881457,30.182139162865489],[31.667173946071582,30.18213978511324],[31.667169027211056,30.182140408252451],[31.667164109388921,30.182141031402015],[31.667159189501973,30.182141653628108],[31.667154271667581,30.182142277679478],[31.667149353833135,30.182142901730682],[31.667144435986479,30.182143526683909],[31.667139518139781,30.182144151636923],[31.667134600268732,30.182144778394129],[31.667129682397622,30.182145405151154],[31.667124763500151,30.182146030995256],[31.667119846655236,30.182146658664657],[31.667114928771817,30.1821472863233],[31.6671100108762,30.182147914883981],[31.667105094006821,30.182148544357201],[31.667100177149539,30.182149172928053],[31.667095259229459,30.182149803292543],[31.667090342347773,30.182150433667381],[31.667085425453877,30.182151064944254],[31.667080507509333,30.182151697112555],[31.667075590603186,30.182152329291227],[31.667070674723277,30.18215296238246],[31.666597039707494,30.182216724690136],[31.666124415352929,30.182285909437571],[31.666119518723328,30.182286654575606],[31.666114623119952,30.182287400626219],[31.666109727504352,30.182288147578831],[31.666104831864374,30.182288896335645],[31.666099937274932,30.182289644200637],[31.66609504164698,30.182290392054874],[31.666090147045249,30.182291140821697],[31.666085252419148,30.182291891392719],[31.666080356766678,30.182292641050793],[31.666075462140434,30.182293391621418],[31.666070567501965,30.182294143094069],[31.666065672863432,30.182294894566528],[31.666060779238965,30.182295647853749],[31.666055883549681,30.182296400217471],[31.666050989912932,30.182297154406513],[31.666046096300423,30.182297906790986],[31.66604120161292,30.182298661871286],[31.666036307975968,30.18229941605977],[31.666031414314627,30.182300172052447],[31.666026520665369,30.182300927142748],[31.666021626991746,30.182301684037267],[31.666016733330199,30.182302440029382],[31.666011839656427,30.182303196923517],[31.666006947008889,30.182303954730216],[31.666002053310667,30.182304713428358],[31.665997159624542,30.182305471224137],[31.665992266964633,30.182306229932472],[31.665987374304663,30.182306988640615],[31.66598248059401,30.182307748240202],[31.665977587921752,30.182308507850188],[31.665972696263548,30.182309269274914],[31.665967802552704,30.182310028873964],[31.665962909843756,30.182310791189945],[31.665958018197518,30.18231155171193],[31.665953125488432,30.182312314027545],[31.665948232779286,30.182313076342972],[31.665943341108527,30.182313838668794],[31.665938448387077,30.182314601886031],[31.665933555665571,30.182315365103104],[31.665928663970288,30.182316129232753],[31.66592377227493,30.182316893362209],[31.665918879553217,30.182317656578714],[31.66591398784557,30.182318421609988],[31.665909097176296,30.18231918665165],[31.665904205468511,30.182319951682548],[31.665899312710049,30.182320717604902],[31.665894421002118,30.18232148263543],[31.665889530296102,30.182322250382928],[31.665884637537438,30.182323016304707],[31.665879746843441,30.182323783149627],[31.665874856149379,30.18232454999437],[31.665869964416789,30.182325316828365],[31.665865072671981,30.182326084564352],[31.665860181965549,30.18232685231073],[31.66585529125906,30.182327620056903],[31.665850399501881,30.182328388694536],[31.665845507744624,30.182329157332006],[31.665840617025765,30.182329925979836],[31.665835726306831,30.182330694627456],[31.665830834537228,30.182331464166548],[31.66582594381816,30.182332232813831],[31.665821054113149,30.182333003275865],[31.665816163381784,30.182333772824947],[31.665811271599729,30.182334543265473],[31.665806380868226,30.182335312814203],[31.665801491162942,30.182336083275501],[31.665796600419142,30.182336853726046],[31.665791708636821,30.182337624165847],[31.665786818931331,30.18233839462658],[31.665781928175164,30.18233916597876],[31.665777038457374,30.182339937341318],[31.665772146674779,30.182340707780376],[31.665767256944694,30.182341480044752],[31.665762366188247,30.1823422513962],[31.66575747647018,30.182343022758015],[31.665752584662989,30.182343795000712],[31.665747694932627,30.182344567264352],[31.665742805214354,30.18234533862562],[31.665737914445401,30.182346110878324],[31.665733023676381,30.182346883130847],[31.665728133945745,30.182347655393748],[31.665723243176583,30.182348427645898],[31.665718353445811,30.182349199908433],[31.665713462676507,30.182349972160207],[31.665708572933433,30.18235074532458],[31.665703682163997,30.182351517575984],[31.665698792432941,30.182352289837784],[31.665693901651206,30.182353062991016],[31.665689011907855,30.182353836154629],[31.665684122176589,30.182354608415864],[31.665679231406806,30.182355380666344],[31.665674340624793,30.182356153818859],[31.665664561137465,30.182357700144426],[31.657312087554725,30.183677419562219],[31.657307085269313,30.183678211109019],[31.657302083008318,30.18367900085126],[31.657297080747242,30.183679790593313],[31.657292078473859,30.183680581237343],[31.657287076212636,30.183681370979013],[31.657282073951343,30.183682160720466],[31.657277070627046,30.183682952255481],[31.657272069404065,30.183683742007194],[31.657267066116333,30.183684530835269],[31.657262063854752,30.183685320575957],[31.657257061580857,30.183686111218648],[31.657252059319127,30.18368690095895],[31.65724705705734,30.183687690699063],[31.657242053756999,30.183688480428348],[31.657237051495049,30.183689270168088],[31.657232049245277,30.183690059005432],[31.65722704699543,30.183690847842595],[31.657222043707041,30.183691636668904],[31.657217041444813,30.18369242640787],[31.657212039194743,30.183693215244443],[31.657207035906136,30.183694004070187],[31.657202032629705,30.183694791993549],[31.657197031417883,30.183695580840165],[31.657192028141299,30.183696368763147],[31.657187024864655,30.183697156685948],[31.657182021587925,30.183697944608532],[31.657177019361828,30.183698731639371],[31.657172017123422,30.183699519572201],[31.657167013858718,30.183700306592034],[31.65716201059394,30.183701093611678],[31.657157007329094,30.183701880631105],[31.657152004076409,30.183702666748164],[31.657147000811424,30.183703453767222],[31.6571419975586,30.183704239883888],[31.657136995344164,30.183705026011001],[31.657131991064968,30.183705811214477],[31.657126987811928,30.183706597330552],[31.657121984583302,30.18370738164209],[31.657116981342352,30.183708166855606],[31.657111978113569,30.183708951166739],[31.6571069738585,30.183709734564857],[31.65710196959111,30.183710518864967],[31.65709696740058,30.183711303186168],[31.65709196315753,30.183712085681517],[31.65708695890217,30.183712869078878],[31.65708195465897,30.183713651573839],[31.657076951454179,30.183714434079242],[31.657071947223081,30.183715215671633],[31.657066942979672,30.183715998166033],[31.657061938760673,30.183716778855857],[31.657056934541604,30.183717559545478],[31.657051930310217,30.183718341137098],[31.657046926103241,30.183719120924152],[31.657041920869972,30.183719899798191],[31.657036916662857,30.183720679584852],[31.657031912455668,30.183721459371334],[31.657026907234417,30.183722237342604],[31.65702190200086,30.183723016215847],[31.657016896791713,30.183723793284553],[31.65701189157026,30.183724571255244],[31.657006887411679,30.183725347432013],[31.657001882214562,30.183726123597932],[31.65699687701737,30.18372689976367],[31.656991870793881,30.183727675016389],[31.65698686560879,30.183728450279556],[31.65698186043587,30.183729224640331],[31.656976855262883,30.183729999000928],[31.656971849063599,30.183730772448495],[31.656966842864232,30.183731545895885],[31.656961836677048,30.183732318440875],[31.656956830502025,30.183733090083482],[31.656951825365404,30.183733861736556],[31.656946818151784,30.183734633368132],[31.65694181200103,30.183735403205802],[31.656936804811753,30.183736173032635],[31.656931798660871,30.18373694286992],[31.656926791483684,30.183737711794173],[31.656921785357145,30.183738479826694],[31.656916778192056,30.183739247848386],[31.656911771039152,30.1837400149677],[31.656906763898412,30.183740781184607],[31.656901756757609,30.18374154740135],[31.656896748590501,30.18374231270505],[31.656891741474031,30.183743077117022],[31.656886734369746,30.183743840626612],[31.656881726214667,30.183744605027567],[31.65687671808401,30.183745367623953],[31.656871709953293,30.183746130220129],[31.656866701834733,30.18374689191393],[31.656861692689887,30.183747652694716],[31.656856684595674,30.183748412583757],[31.656851676489165,30.183749173374803],[31.656846668407059,30.183749932361273],[31.656841659298653,30.183750690434731],[31.656836650202433,30.183751447605811],[31.656831640067672,30.183752204766066],[31.656826630983549,30.183752961034553],[31.6568216219116,30.183753716400673],[31.656816611813365,30.183754470853771],[31.656811601715059,30.18375522530669],[31.656806592679622,30.18375597796566],[31.656801581567201,30.183756730603157],[31.656796571493171,30.183757483251114],[31.656791562482024,30.183758234105127],[31.656786552444586,30.183758984046136],[31.656781541368616,30.183759733976309],[31.656776530304818,30.183760483004097],[31.656771519253187,30.18376123112952],[31.656766508213735,30.183761978352557],[31.656761497198708,30.183762723771007],[31.656756485132892,30.183763470080834],[31.656751474129972,30.183764214596717],[31.656746462088513,30.18376495910179],[31.656741450071475,30.183765701802272],[31.656736438066609,30.183766443600376],[31.656731426049429,30.183767186300496],[31.656726414068917,30.183767926293839],[31.656721401049868,30.183768666276361],[31.656716388043002,30.183769405356482],[31.656711376099015,30.1837701426427],[31.656706362078026,30.183770879907446],[31.656701349095449,30.183771617182636],[31.656696336149523,30.183772351751045],[31.65669132215282,30.183773087210842],[31.656686309231258,30.18377381997449],[31.656681295271152,30.183774552727332],[31.65667628028476,30.183775284567151],[31.656671266336769,30.183776016417408],[31.656666252437688,30.183776744658733],[31.656661237487825,30.183777473791402],[31.656656221511682,30.183778202011062],[31.656651206586179,30.183778929338978],[31.656646191672856,30.183779655764493],[31.656641176771704,30.183780381287658],[31.656636160856518,30.183781104995592],[31.656631144953501,30.183781827801162],[31.656626129062673,30.183782549704336],[31.656621113184013,30.183783270705135],[31.656616097317531,30.183783990803555],[31.656611080424771,30.183784709988956],[31.656606063531946,30.183785429174172],[31.656601046675775,30.183786145652633],[31.656596029819553,30.18378686213088],[31.656591011949278,30.183787576793947],[31.656585995129657,30.183788290565257],[31.656580977283756,30.183789003423538],[31.65657595945002,30.183789715379469],[31.656570940590004,30.183790426422352],[31.656565922792879,30.183791135671314],[31.656560903969474,30.183791844007253],[31.656555885145995,30.183792552343],[31.656550867397659,30.183793257982643],[31.656545846546109,30.183793962687968],[31.656540827771416,30.183794667414389],[31.656535807982689,30.183795370325605],[31.656530789244602,30.183796072345071],[31.656525769480247,30.183796773451515],[31.65652074871408,30.183797471840574],[31.65651572793562,30.183798171131624],[31.656510708232286,30.183798867726559],[31.65650568749043,30.183799564310654],[31.656500665734534,30.18380025907955],[31.656495643990823,30.183800952946065],[31.656490623310003,30.183801645018651],[31.65648560056443,30.18380233616757],[31.656480578857266,30.183803027326942],[31.656475557199023,30.183803714877371],[31.656470534490001,30.183804403319133],[31.656465511817657,30.183805089054164],[31.656460489145246,30.183805774788993],[31.656455466497274,30.183806458719268],[31.656450442835254,30.183807140834315],[31.656445419173188,30.183807822949181],[31.65644039553554,30.183808503259471],[31.656435371922324,30.183809181765206],[31.65643034832129,30.18380985936853],[31.656425322655519,30.18381053604822],[31.656420299091092,30.183811210944615],[31.656415274512643,30.183811884025815],[31.656410248895668,30.183812557096157],[31.656405223303125,30.183813228361949],[31.656400197735014,30.183813897823164],[31.656395172179085,30.183814566381997],[31.656390145609123,30.183815233125621],[31.656385120089816,30.183815898977517],[31.656380092518013,30.183816563003546],[31.656375065996862,30.18381722613784],[31.656370039487889,30.183817888369745],[31.65636501197713,30.183818547884279],[31.656359985504785,30.183819207409229],[31.656354956979943,30.183819865108354],[31.65634992951799,30.183820521013534],[31.656344901042019,30.183821175103528],[31.656339871527514,30.183821829182673],[31.655678369135188,30.183895161973894],[31.655013865223015,30.183943887962357],[31.655008789922594,30.183944165256452],[31.655003715697394,30.183944439854464],[31.654998641472183,30.18394471445227],[31.654993566232999,30.183944987234856],[31.654988492056784,30.18394525822351],[31.654983416866592,30.183945527396965],[31.654978341688647,30.183945795668031],[31.654973266535194,30.183946062134531],[31.654968192432442,30.1839463277093],[31.654963116265019,30.183946592360364],[31.654958041160548,30.183946855217503],[31.654952965042106,30.183947116259461],[31.654947889974373,30.183947376409666],[31.654942813892681,30.183947634744637],[31.65493773886169,30.183947892187899],[31.654932662816734,30.183948147815922],[31.654927586771755,30.183948403443768],[31.65492251075128,30.183948657267024],[31.654917434755319,30.183948909285718],[31.654912358771586,30.18394916040203],[31.654907281786151,30.183949408800927],[31.654902205839161,30.183949657210302],[31.654897129916673,30.18394990381508],[31.654892052955709,30.183950150409011],[31.654886976019242,30.18395039519838],[31.654881900145742,30.183950638193831],[31.654876823246024,30.183950880276242],[31.654871746370809,30.183951120554095],[31.654866669507829,30.183951359929548],[31.654861591618641,30.183951598391985],[31.65485651479241,30.183951835060501],[31.654851437978429,30.183952070826617],[31.654846361176688,30.183952305690365],[31.65484128439946,30.183952538749537],[31.654836205545269,30.183952771787212],[31.654831128792527,30.183953003041616],[31.654826052052023,30.183953233393638],[31.654820974309821,30.183953461028253],[31.654815895529147,30.183953688652014],[31.654810818825382,30.183953916296893],[31.654805741119908,30.183954141224365],[31.654800663426684,30.183954365249441],[31.654795584707252,30.18395458836147],[31.654790507050787,30.183954809679612],[31.654785429394295,30.183955030997549],[31.654780350711594,30.183955251402431],[31.654775273104132,30.18395546911124],[31.654770195496653,30.183955686819818],[31.654765116875204,30.183955902713198],[31.654760038253748,30.183956118606368],[31.654754959656795,30.183956332694976],[31.654749882110565,30.183956545891849],[31.654744802487389,30.183956759067229],[31.654739723927179,30.183956970448676],[31.654734646429947,30.183957180036224],[31.654729566868042,30.183957388700062],[31.654724488344574,30.183957597374359],[31.654719409845619,30.183957804244105],[31.654714331358907,30.183958010211466],[31.654709251845993,30.183958215265786],[31.654704173383774,30.183958419428347],[31.654699093895356,30.183958622677888],[31.654694015457636,30.183958825035713],[31.654688936005975,30.183959025578332],[31.654683856554293,30.18395922612072],[31.654678778165593,30.183959424869187],[31.654673697699941,30.18395962359617],[31.654668619323481,30.183959821442073],[31.654663539945318,30.183960016570566],[31.654658459516419,30.183960212590396],[31.654653381188968,30.183960406826952],[31.654648300784572,30.183960601042003],[31.654643222469353,30.183960794376009],[31.654638142101714,30.183960985884095],[31.654633062772536,30.183961177402669],[31.654627983467865,30.183961367116652],[31.654622903136978,30.183961555917627],[31.654617822818349,30.183961743816191],[31.654612743538166,30.183961931725218],[31.654607664282498,30.183962117829676],[31.654602583988364,30.183962303923281],[31.654597503706473,30.183962489114514],[31.654592424475293,30.183962673414005],[31.65458734423018,30.183962855898272],[31.654582263972774,30.183963039284553],[31.654577183739889,30.183963220866225],[31.654572103531518,30.183963400643357],[31.654567024349344,30.18396358133311],[31.654561944140951,30.183963761109847],[31.654556862918611,30.183963939071354],[31.654551782734721,30.183964117043306],[31.654546702563088,30.183964294112894],[31.654541622403713,30.183964470280085],[31.654536542244319,30.183964646447077],[31.654531462121707,30.183964819907303],[31.654526380948354,30.183964994258886],[31.654521300825735,30.183965167718728],[31.654516219676889,30.183965340265551],[31.654511139578759,30.183965511920615],[31.654506059492888,30.183965682673318],[31.65450097939474,30.183965854328008],[31.654495898294915,30.183966023265274],[31.654490817182811,30.183966193104542],[31.654485737133701,30.183966361149885],[31.654480656046101,30.183966529184385],[31.654475574970764,30.183966696316485],[31.654470493919945,30.183966861644038],[31.654465413895313,30.183967027884226],[31.654460332844472,30.183967193211373],[31.654455251805885,30.183967357636135],[31.654450170779558,30.183967521158518],[31.654445089753221,30.183967684680713],[31.654440008739137,30.183967847300497],[31.654434927737316,30.183968009017924],[31.654429846735475,30.183968170735149],[31.654424765745894,30.183968331549973],[31.654419684756306,30.183968492364617],[31.654414603778971,30.183968652276864],[31.654409522813893,30.183968811286736],[31.654404441848808,30.183968970296423],[31.654399360895972,30.1839691284037],[31.654394279967661,30.183969284706425],[31.654389199027079,30.183969441911138],[31.654384117048021,30.183969599104984],[31.654379036119686,30.183969755407112],[31.65437395521587,30.183969909904672],[31.654368874299784,30.183970065304226],[31.654363793408223,30.183970218899219],[31.654358711465918,30.18397037338552],[31.654353629535873,30.18397052696946],[31.65434854865655,30.183970679661659],[31.654343466738755,30.183970832342997],[31.654338385871675,30.183970984132635],[31.654333305004595,30.18397113592205],[31.654328223111303,30.183971286798442],[31.654323142256469,30.183971437685265],[31.654318060375431,30.183971587659094],[31.654312978494382,30.183971737632678],[31.654307896613332,30.183971887606106],[31.654302815782998,30.183972036687774],[31.654297733926462,30.183972184856419],[31.65429265309611,30.183972333937707],[31.654287571251828,30.183972481203764],[31.654282490433729,30.18397262938246],[31.654277407563217,30.183972775735288],[31.654272326757368,30.183972923011414],[31.654267244925318,30.183973069374503],[31.654262163105528,30.183973214835206],[31.654257082311926,30.183973361208551],[31.654252000504382,30.183973505766676],[31.654246918672303,30.183973652128969],[31.654241836877016,30.18397379578451],[31.654236755057184,30.183973941244226],[31.654231674300348,30.183974084910034],[31.654226592505037,30.183974228564985],[31.654221509671249,30.183974372209068],[31.654216427888191,30.183974514961442],[31.654211347143587,30.183974657724271],[31.65420626534825,30.183974801378437],[31.654201182526712,30.183974944119541],[31.654196101794358,30.183975085979601],[31.654191020023529,30.183975227828796],[31.654185938252702,30.183975369677782],[31.654180856494126,30.183975510624414],[31.65417577369708,30.183975651560161],[31.654170692964691,30.183975793419222],[31.654165611206096,30.183975934365236],[31.654160529447502,30.183976075311065],[31.654155446662699,30.183976215343847],[31.654150364904083,30.183976356289293],[31.654145284196201,30.183976496342982],[31.654140202449842,30.183976636385839],[31.654135119689538,30.183976774613466],[31.654130037943169,30.183976914655901],[31.65412495620906,30.183977053795992],[31.654119874462676,30.183977193838032],[31.654114792728553,30.183977332977708],[31.654109710994422,30.183977472117199],[31.654104629260292,30.183977611256473],[31.654099546487672,30.183977750384894],[31.654094464778058,30.183977887719418],[31.65408938304391,30.18397802685811],[31.654084301309748,30.183978165996592],[31.654079218549384,30.183978304222038],[31.654074137878208,30.183978441566442],[31.654069056144028,30.183978580704331],[31.654063974422112,30.183978718939848],[31.654058891661712,30.183978857164504],[31.654053809939782,30.183978995399642],[31.654048728230109,30.183979132732372],[31.654043646495904,30.18397927186928],[31.65403856373549,30.183979410093144],[31.654028400303826,30.183979685659438],[31.649048774779978,30.184114853877478],[31.649043730448959,30.184114991400904],[31.649038686130233,30.184115128021961],[31.649033640773048,30.18411526463213],[31.649028596441998,30.184115402154969],[31.649023551097109,30.184115537862549],[31.649018505727597,30.184115675374322],[31.6490134624473,30.1841158120051],[31.649008417102404,30.184115947712105],[31.64900337173286,30.18411608522327],[31.648998327414088,30.184116221842789],[31.648993283107632,30.184116357559912],[31.648988237750384,30.184116494168318],[31.648983193431594,30.18411663078723],[31.648978148074345,30.184116767395253],[31.648973102729393,30.184116903100904],[31.648968059461367,30.184117038827747],[31.648963014104094,30.184117175435173],[31.648957968771438,30.184117310238051],[31.648952924464936,30.184117445953618],[31.648947879132265,30.184117580756091],[31.648942834813425,30.184117717373439],[31.648937789480755,30.184117852175543],[31.648932745186535,30.184117986988145],[31.648927699853843,30.184118121789862],[31.648922654533461,30.184118255689185],[31.648917610226917,30.184118391403381],[31.648912564906517,30.184118525302331],[31.64890752062459,30.184118659211759],[31.648902476342649,30.184118793121019],[31.648897431034552,30.184118926117197],[31.648892385714142,30.184119060015369],[31.648887341444496,30.184119193021836],[31.648882296136382,30.184119326017434],[31.648877250828271,30.184119459012837],[31.648872205532463,30.184119591105841],[31.64886716127511,30.184119723209367],[31.648862115979295,30.184119855302001],[31.648857070683466,30.184119987394418],[31.648852026450726,30.184120117693002],[31.648846982205672,30.184120248893549],[31.648841936922143,30.184120380083229],[31.648836891650923,30.184120510370505],[31.648831847418172,30.184120640668308],[31.648826802159252,30.184120770053024],[31.648821755849557,30.18412090032901],[31.648816710602947,30.184121028811166],[31.648811666382485,30.18412115820599],[31.648806621148179,30.184121285785551],[31.648801575889234,30.184121415169287],[31.648796530667241,30.184121541846284],[31.648791486459071,30.184121670338154],[31.648786441237061,30.184121797014768],[31.648781396015046,30.18412192369118],[31.648776350793032,30.184122050367399],[31.648771305583313,30.18412217614123],[31.648766260385916,30.184122301012689],[31.648761215188522,30.18412242588397],[31.648756169991113,30.184122550755021],[31.648751124806012,30.184122674723717],[31.648746079620906,30.184122798692222],[31.648741034448122,30.184122921758348],[31.648735989275327,30.184123044824254],[31.648730944114842,30.184123166987803],[31.648725898954346,30.184123289151177],[31.648720852755403,30.184123411303609],[31.648715807619535,30.184123531662213],[31.648710762483667,30.18412365202061],[31.648705717347784,30.184123772378815],[31.64870067222423,30.184123891834655],[31.648695627100661,30.184124011290283],[31.648690580963262,30.184124128930645],[31.648685535864313,30.184124246581522],[31.648680490753062,30.184124365134402],[31.648675444640279,30.184124480969828],[31.648670399553637,30.184124597717922],[31.648665354479306,30.184124713563659],[31.648660309404974,30.184124829409193],[31.648655263316815,30.184124943439457],[31.648650218254797,30.184125058382421],[31.648645172191262,30.184125170607963],[31.648640127153865,30.184125283746145],[31.648635081090315,30.184125395971286],[31.648630035026766,30.184125508196214],[31.64862499002632,30.184125618627274],[31.648619943987395,30.184125729047469],[31.648614898999252,30.184125838575962],[31.64860985296032,30.184125948995746],[31.648604806958343,30.184126056708777],[31.648599761982506,30.184126165334522],[31.648594715992836,30.184126272144997],[31.648589670003158,30.18412637895527],[31.648584624025812,30.184126484863167],[31.648579579099227,30.184126589879391],[31.64857453313418,30.184126694884696],[31.648569487193765,30.184126798085465],[31.648564441241028,30.184126902188211],[31.648559395325243,30.184127003584219],[31.648554349397141,30.184127105882212],[31.648549303481349,30.184127207277818],[31.648544257590196,30.184127306868881],[31.648539211686717,30.18412740736192],[31.648534165820198,30.184127505148222],[31.648529119953672,30.184127602934311],[31.648524074087142,30.184127700720229],[31.648519028245246,30.184127796701578],[31.648513982403344,30.184127892682735],[31.6485089355353,30.184127987750784],[31.648503889718036,30.184128081927195],[31.648498843913085,30.184128175201209],[31.648493798120452,30.184128267572838],[31.648488751289353,30.184128359933581],[31.648483705509033,30.184128451402664],[31.648478658714886,30.184128541056459],[31.648473612971525,30.184128629818577],[31.648468567240478,30.184128717678316],[31.648463521497106,30.184128806440057],[31.648458473701453,30.184128893375838],[31.648453428019671,30.184128977626251],[31.648448382325579,30.18412906277868],[31.648443335605336,30.184129147018012],[31.648438288885092,30.18412923125716],[31.64843324324027,30.184129312800252],[31.648428196556978,30.184129394332462],[31.648423149886014,30.184129474962276],[31.648418104265822,30.184129554700423],[31.648413056593345,30.18412963261262],[31.648408010985477,30.184129711448186],[31.648402965414565,30.184129787577014],[31.648397917766719,30.184129863684259],[31.648392872220455,30.184129938008311],[31.648387824597247,30.184130012310803],[31.648382779075614,30.18413008483012],[31.648377731477055,30.184130157327829],[31.648372684941595,30.184130228031695],[31.648367639456922,30.184130297843875],[31.648362591907642,30.184130366732269],[31.648357546447603,30.184130434739689],[31.648352498922964,30.184130501823333],[31.648347452449102,30.184130568015291],[31.648342405987563,30.184130633304886],[31.648337358512205,30.184130696779217],[31.648332312075311,30.184130760264061],[31.64832726566306,30.184130821944329],[31.648322219263125,30.184130882722222],[31.647661327730866,30.184129652131794],[31.647000816459162,30.184110183730898],[31.646995774922864,30.184109964791652],[31.646990734437406,30.18410974496075],[31.646985692925835,30.184109524216765],[31.646980652477431,30.184109301678905],[31.646975612029042,30.184109079140871],[31.6469705705669,30.184108854787592],[31.646965531194041,30.184108629553315],[31.646960489744291,30.184108404297451],[31.646955450396153,30.184108177258448],[31.646950408983461,30.184107949295619],[31.646945368621598,30.184107720441148],[31.646940329322884,30.184107489792844],[31.646935287947276,30.184107259122893],[31.646930247634828,30.184107026659117],[31.646925208348552,30.184106795108029],[31.646920168060827,30.184106560839517],[31.646915127785476,30.184106325668584],[31.646910087522496,30.184106089595296],[31.646905048285664,30.184105854434716],[31.646900009098204,30.184105615665196],[31.64689496887231,30.184105376884787],[31.646889928646441,30.184105138104172],[31.646884889471412,30.184104898431897],[31.646879850321074,30.184104656955071],[31.646874810156973,30.184104413662961],[31.646869771006703,30.184104172185737],[31.646864731893462,30.184103928001772],[31.646859691754116,30.184103682904734],[31.646854652665617,30.184103436916018],[31.646849613577139,30.184103190927097],[31.646844574501035,30.184102944035832],[31.646839535437287,30.184102696242171],[31.646834496398249,30.184102446643948],[31.646829457359235,30.184102197045537],[31.646824418320261,30.184101947446941],[31.646819379318316,30.184101695141599],[31.646814340316407,30.184101442836059],[31.646809302365327,30.184101189638849],[31.646804263375824,30.184100936430749],[31.646799224398677,30.184100682320246],[31.646794185433901,30.18410042730741],[31.646789146481499,30.184100171392167],[31.646784107553785,30.184099913672384],[31.646779069652254,30.184099656865296],[31.646774030736946,30.184099398242925],[31.646768992872474,30.184099138728904],[31.646763954995713,30.184098880116863],[31.646758916117506,30.18409861878737],[31.646753878265471,30.184098358370591],[31.646748840438136,30.184098096149256],[31.646743801572381,30.184097833916983],[31.646738762718982,30.184097570782367],[31.646733724916423,30.184097306756072],[31.646728687126235,30.184097041827407],[31.646723649336074,30.184096776898564],[31.646718610519827,30.184096511056602],[31.646713573780534,30.184096245235885],[31.646708536039824,30.184095976697709],[31.646703498274476,30.184095709963735],[31.646698459495365,30.184095441414453],[31.646693421767097,30.184095171973521],[31.646688385064984,30.18409490344531],[31.646683347361446,30.184094632199621],[31.646678308619485,30.184094360943039],[31.646673271954487,30.184094089707663],[31.646668234263387,30.184093817559233],[31.646663196572334,30.184093545410608],[31.646658159932112,30.184093272370312],[31.646653122253454,30.184092999319102],[31.646648084611851,30.184092723561154],[31.646643047996402,30.184092448715916],[31.646638010342521,30.184092173859778],[31.646632972701024,30.184091898101247],[31.646627936098021,30.184091622353229],[31.646622899519723,30.184091344800688],[31.646617861902989,30.184091067237219],[31.646612825337105,30.18409078878209],[31.646607787720455,30.18409051121824],[31.646602751166963,30.184090231860534],[31.646597713562716,30.184089953394118],[31.646592677021648,30.184089673133844],[31.646587640480611,30.184089392873396],[31.646582602913476,30.184089111699844],[31.646577566397184,30.184088829634646],[31.646572528817792,30.184088549362897],[31.646567492301575,30.184088267297287],[31.646562455797717,30.184087984329331],[31.646557419293906,30.184087701361168],[31.646552381751668,30.184087418382084],[31.646547346311067,30.184087133619901],[31.646542308781232,30.184086849738254],[31.646537272302236,30.184086564964961],[31.646532235823283,30.184086280191465],[31.646527199344362,30.184085995417785],[31.646522162890154,30.184085708839547],[31.646517126423642,30.184085423163285],[31.646512089969498,30.18408513658466],[31.646507053515396,30.184084850005839],[31.646502017061337,30.184084563426818],[31.646496980631987,30.184084275043247],[31.646491944190338,30.184083987561674],[31.646486907748709,30.184083700079899],[31.646481872370266,30.184083410804295],[31.646476835941066,30.184083122419942],[31.646471798485777,30.18408283312251],[31.646466763107444,30.184082543846323],[31.646461726690688,30.184082254559218],[31.64645669131243,30.184081965282651],[31.646451654908081,30.184081675092962],[31.646446618516109,30.184081384000933],[31.646441582111844,30.184081093810871],[31.646436545719947,30.184080802718423],[31.646431510366551,30.18408051163653],[31.646426473987066,30.184080219641537],[31.646421437595286,30.184079928548528],[31.646416402254328,30.184079636563862],[31.646411365874958,30.184079344568275],[31.646406329495626,30.184079052572518],[31.646401294154792,30.184078760587273],[31.64639625778787,30.184078467688924],[31.646391222447111,30.184078175703291],[31.646386186080267,30.18407788280458],[31.646381149713459,30.184077589905669],[31.646376114397491,30.184077296115099],[31.646371078030747,30.184077003215801],[31.646366041664056,30.184076710316308],[31.646361006360532,30.184076415622968],[31.646355970006251,30.184076121820897],[31.646350934690467,30.184075828029371],[31.646345899374726,30.184075534237653],[31.646340863020551,30.184075240435011],[31.646335826678765,30.184074945730003],[31.64633079136313,30.184074651937689],[31.646325755009066,30.184074358134474],[31.646320718667386,30.184074063428881],[31.646315684402666,30.184073768744543],[31.646310648061061,30.184073474038556],[31.646305611707163,30.184073180234584],[31.646300576416433,30.184072884636752],[31.646295540074938,30.184072589930185],[31.646290503721151,30.184072296125628],[31.646285469456654,30.184072001440125],[31.646275396786269,30.184071411123487],[31.641027194727624,30.183764126652196],[31.641022196811516,30.183763834848733],[31.641017198907843,30.183763542142881],[31.641012201004202,30.183763249436858],[31.641007203112981,30.18376295582847],[31.641002205197033,30.183762664024229],[31.640997207293498,30.183762371317638],[31.640992209402398,30.183762077708657],[31.640987211498942,30.183761785001675],[31.640982213595525,30.183761492294522],[31.640977215704531,30.183761198684962],[31.640972217801188,30.183760905977419],[31.640967219897895,30.183760613269687],[31.640962222007008,30.183760319659577],[31.640957224116168,30.183760026049285],[31.640952226212967,30.183759733340967],[31.640947228322201,30.183759439730299],[31.640942231469932,30.183759146130207],[31.640937232553163,30.1837588516062],[31.640932234650116,30.183758558897136],[31.640927236759502,30.1837582652857],[31.640922238881309,30.183757970771897],[31.640917241003152,30.183757676257891],[31.640912244163488,30.183757381754479],[31.640907246273017,30.183757088142276],[31.640902248407357,30.183756792725543],[31.640897249490891,30.183756498200015],[31.640892252651383,30.183756203695829],[31.640887254773453,30.183755909180704],[31.640882256920328,30.183755612861017],[31.640877259042476,30.183755318345508],[31.640872262227891,30.183755022036205],[31.640867264362491,30.183754726618137],[31.640862266497141,30.18375443119988],[31.640857268656589,30.18375413397705],[31.640852270803698,30.183753837656234],[31.640847272950833,30.183753541335221],[31.640842276136475,30.183753245024793],[31.640837278296086,30.183752947801224],[31.640832281506569,30.183752649686042],[31.640827282615412,30.183752353353505],[31.640822285825983,30.183752055237935],[31.640817287998122,30.183751757111445],[31.640812291208764,30.183751458995506],[31.640807293393365,30.183751159966434],[31.64080229557802,30.183750860937163],[31.64079729776271,30.183750561907711],[31.640792300985883,30.183750262888843],[31.640787303183036,30.183749962956828],[31.640782306418682,30.183749663035403],[31.640777308615899,30.183749363102983],[31.640772310813169,30.183749063170417],[31.640767314061303,30.183748762346227],[31.640762317321879,30.183748460619668],[31.64075731954404,30.183748158882171],[31.640752321766229,30.183747857144454],[31.640747325026918,30.183747555417337],[31.640742328300032,30.183747252787846],[31.64073733053473,30.183746950147381],[31.64073233382031,30.183746646615337],[31.640727337105933,30.183746343083097],[31.640722340403983,30.183746038648476],[31.640717342651214,30.183745735105102],[31.640712345961727,30.183745429767914],[31.640707349259891,30.183745125332713],[31.640702351532013,30.183744819984415],[31.640697354855032,30.183744513744482],[31.640692358190478,30.183744206602178],[31.640687361501183,30.183743901264069],[31.640682364836703,30.183743594121395],[31.640677368184651,30.183743286076343],[31.64067237049419,30.183742978020341],[31.640667374880664,30.18374266998568],[31.640662378241124,30.183742361037883],[31.640657380563162,30.183742052079133],[31.64065238497454,30.183741742239555],[31.640647388347499,30.183741432389006],[31.640642391745278,30.183741120733913],[31.640637395130714,30.183740809980815],[31.640632398516182,30.183740499227511],[31.640627402977316,30.183740185778252],[31.640622406375243,30.183739874122402],[31.640617409798004,30.183739560661991],[31.640612414259259,30.18373924721217],[31.640607417694479,30.183738932849202],[31.640602421117347,30.183738619388244],[31.640597424577432,30.18373830322053],[31.640592429063624,30.183737987965571],[31.640587432523787,30.183737671797495],[31.640582437034837,30.183737354737808],[31.640577440507467,30.183737037667161],[31.64057244503098,30.18373671970491],[31.640567449554535,30.183736401742465],[31.640562454090528,30.183736082877655],[31.64055745760049,30.183735763099712],[31.64055246214895,30.183735443332356],[31.64054746670984,30.183735122662604],[31.640542471283158,30.183734801090505],[31.640537475868907,30.183734478616017],[31.64053248044231,30.183734157043538],[31.640527485040533,30.183733833666505],[31.640522488600329,30.183733510278493],[31.640517494249483,30.183733186009672],[31.640512498872603,30.183732860827707],[31.640507503495765,30.183732535645539],[31.640502508131362,30.183732209561025],[31.64049751277939,30.183731882574122],[31.640492518478304,30.183731554695608],[31.640487523138802,30.183731226806156],[31.640482527799342,30.183730898916515],[31.640477532484706,30.183730569222309],[31.640472538220955,30.183730238636517],[31.64046754395725,30.183729908050516],[31.640462548667518,30.183729576551389],[31.640457554416287,30.183729245062839],[31.639576128422352,30.183659623943804],[31.638697330863941,30.183568298408755],[31.638692365990419,30.183567719925499],[31.638687402167829,30.183567140550647],[31.638682437306851,30.183566561164838],[31.638677473509201,30.183565979985268],[31.638672507634709,30.18356539878393],[31.638667543849603,30.183564816701789],[31.638662580064562,30.183564234619475],[31.638657616291997,30.183563651634788],[31.638652651493437,30.183563067736962],[31.63864768774582,30.18356248294754],[31.638642723998267,30.183561898157933],[31.638637760275596,30.183561311563782],[31.638632796540584,30.183560725871619],[31.638627832818042,30.183560139277091],[31.638622870146431,30.183559551790985],[31.638617907487291,30.183558963402515],[31.638612943789767,30.183558375003088],[31.638607980117122,30.183557784799081],[31.638603017482996,30.18355719460569],[31.638598054836542,30.183556605314276],[31.638593092214961,30.183556014218333],[31.638588128567395,30.183555422209249],[31.638583165958359,30.183554830210749],[31.638578204400254,30.183554237320671],[31.638573240765304,30.183553644408814],[31.638568279232146,30.183553049714014],[31.638563316648188,30.183552455910402],[31.638558354076714,30.183551861204421],[31.638553391530117,30.183551264693918],[31.638548430009632,30.183550669096167],[31.638543468501627,30.183550072596063],[31.638538505955232,30.183549476084984],[31.638533544472189,30.183548877780144],[31.638528582976789,30.183548280377302],[31.638523621493874,30.183547682072099],[31.638518658984975,30.183547082853728],[31.6385136975146,30.183546483645966],[31.63850873604429,30.183545884438011],[31.638503774586468,30.183545284327693],[31.638498814179563,30.183544683325785],[31.638493852734278,30.183544082312938],[31.638488891301467,30.183543480397677],[31.638483929881144,30.183542877580095],[31.638478969499328,30.183542274773089],[31.638474008079132,30.183541671955101],[31.638469047697463,30.183541069147733],[31.638464087328259,30.183540465437996],[31.638459125933082,30.183539860815099],[31.638454164537986,30.183539256192024],[31.638449205232259,30.183538650688146],[31.638444243837291,30.183538046064697],[31.638439283505665,30.183537439647477],[31.638434323161697,30.183536834132262],[31.638429362842622,30.183536226812503],[31.638424402498782,30.183535621296912],[31.638419442192244,30.183535013074575],[31.638414481873369,30.183534405754269],[31.638409521554561,30.183533798433757],[31.638404562299094,30.18353318931949],[31.63839960199283,30.183532581096419],[31.638394641699044,30.183531971970989],[31.63838968244379,30.183531362856179],[31.638384722162549,30.18353075282818],[31.638379761881385,30.183530142800024],[31.638374801600285,30.183529532771672],[31.638369843408572,30.183528921862521],[31.638364883127608,30.183528311833793],[31.638359922859134,30.183527700902715],[31.638354963641579,30.183527089080041],[31.638350004411691,30.183526478159365],[31.638345045194281,30.183525866336328],[31.63834008495089,30.183525253600127],[31.638335125746032,30.183524640874527],[31.638330166528821,30.183524029050947],[31.638325207324097,30.183523416324963],[31.638320248131848,30.183522802696629],[31.638315288939673,30.183522189068125],[31.638310329735152,30.183521576341601],[31.638305369517074,30.183520961799754],[31.638300411363559,30.183520348181453],[31.638295452184064,30.183519733650012],[31.638290493004643,30.183519119118383],[31.638285533837699,30.1835185036844],[31.638280574646007,30.183517890054578],[31.63827561651766,30.183517274630997],[31.638270657350919,30.183516659196442],[31.638265698184259,30.183516043761713],[31.638260739005247,30.183515429228969],[31.638255779851136,30.183514812891676],[31.638250820697092,30.18351419655421],[31.63824586256915,30.183513581129517],[31.638240904453703,30.183512964802471],[31.638235945287455,30.183512349366609],[31.638230986133678,30.183511733028407],[31.638226028030846,30.183511115798602],[31.638221068889631,30.18351049855784],[31.638216109723651,30.183509883121236],[31.638211150582578,30.183509265880115],[31.638206193518474,30.183508648660339],[31.638201234365116,30.183508032321008],[31.638196275224242,30.183507415079323],[31.638191317121901,30.183506797848231],[31.638186357981162,30.183506180606162],[31.638181399878953,30.183505563374702],[31.638176440738359,30.183504946132253],[31.638171481610243,30.183504327987443],[31.638166523508243,30.183503710755428],[31.638161565418724,30.183503092621038],[31.638156607304438,30.183502476290823],[31.638151648176606,30.183501858145267],[31.638146690074887,30.183501240912509],[31.638141730947183,30.18350062276658],[31.638131813705627,30.183499388289334],[31.626747927919109,30.182080886433948],[31.626743067452129,30.182080279720243],[31.626738205921757,30.182079674799855],[31.626733345442396,30.182079068987974],[31.626728483924659,30.182078463165055],[31.626723623445432,30.182077857352837],[31.626718761940356,30.182077250627383],[31.626713901448746,30.182076645716972],[31.626709039931285,30.182076039893335],[31.626704179452314,30.182075434080403],[31.626699317922476,30.182074829158584],[31.626694457431132,30.182074224247465],[31.626689595901425,30.182073619325287],[31.626684735435248,30.182073012609457],[31.626679873893149,30.182072408589104],[31.626675012363641,30.182071803666393],[31.626670150834205,30.182071198743511],[31.626665290330742,30.182070594733489],[31.626660428788913,30.182069990712414],[31.626655568285585,30.18206938670204],[31.626650705705465,30.182068782669742],[31.626645845202276,30.182068178659009],[31.626640982597245,30.182067576430693],[31.626636122081663,30.182066973321806],[31.626631260527731,30.182066370201834],[31.626626398961339,30.182065767983875],[31.626621538445963,30.182065164874412],[31.626616675841262,30.18206456264523],[31.62661181425004,30.182063962231073],[31.626606952683915,30.182063360012386],[31.626602091105333,30.182062758695714],[31.626597229501794,30.182062159183197],[31.626592366884918,30.182061557855302],[31.626587505281499,30.182060958342426],[31.626582642639725,30.182060358818504],[31.626577781036445,30.182059759305268],[31.626572919433226,30.182059159791887],[31.626568056766619,30.182058562071784],[31.626563195138505,30.182057964362361],[31.626558332484532,30.182057365739741],[31.626553469805604,30.182056768921274],[31.626548607114213,30.18205617300482],[31.62654374547385,30.182055576196852],[31.626538881731644,30.182054981171333],[31.626534019040463,30.182054385254332],[31.626529157375259,30.182053790250198],[31.626524293620729,30.182053196126315],[31.626519430904715,30.182052602013147],[31.626514568176233,30.182052008801953],[31.626509705447827,30.182051415590585],[31.626504841656011,30.18205082417251],[31.626499977864256,30.182050232754271],[31.6264951150985,30.182049642248895],[31.626490251306876,30.182049050830294],[31.626485387490295,30.182048461215853],[31.626480523673774,30.182047871601249],[31.626475659832273,30.182047283790794],[31.626470795990851,30.18204669598018],[31.626465932149486,30.182046108169395],[31.626461068283156,30.182045522162774],[31.626456204416893,30.182044936155975],[31.626451339512251,30.182044350138128],[31.626446474582647,30.18204376592444],[31.62644161069154,30.182043181721454],[31.626436745749544,30.182042598409584],[31.626431881833525,30.182042016010588],[31.626427016879138,30.182041433600553],[31.626422151899778,30.182040852994671],[31.626417286907976,30.182040273290802],[31.626412420890315,30.182039692673687],[31.626407555886114,30.182039113871639],[31.626402690869458,30.182038535971571],[31.626397824801916,30.182037958962631],[31.626392958721919,30.182037382855682],[31.626388092641985,30.182036806748563],[31.626120380735134,30.182006447061767],[31.625852305829582,30.181978607682453],[31.625847427031303,30.18197812526202],[31.625842547194651,30.181977642830542],[31.625837668383962,30.181977161311924],[31.625832788522374,30.181976680684432],[31.625827908648308,30.181976200958939],[31.625823028761772,30.181975722135416],[31.625818148862777,30.18197524421392],[31.625813268963835,30.181974766292221],[31.6258083890399,30.181974290174708],[31.625803509116018,30.181973814056999],[31.625798629192179,30.181973337939127],[31.625793749243361,30.181972863625401],[31.625788869282072,30.181972390213708],[31.625783988282404,30.181971916790925],[31.625779108308688,30.181971444281015],[31.625774227296603,30.181970971760066],[31.625769346259531,30.181970501043271],[31.625764466248413,30.181970031239373],[31.62575958519891,30.181969561424399],[31.625754704161992,30.181969090707057],[31.625749823087549,30.181968622696075],[31.625744942013171,30.181968154684917],[31.625740059900401,30.181967686662695],[31.625735178813599,30.181967219553336],[31.625730297701804,30.181966754248162],[31.625725416602585,30.181966288040623],[31.625720535490899,30.18196582273508],[31.625715654366736,30.18196535833156],[31.625710772204187,30.181964893916945],[31.62570589002917,30.181964430404335],[31.625701008892648,30.181963966902419],[31.625696126692699,30.181963505193803],[31.625691244517839,30.181963041680653],[31.625686363343902,30.181962580884736],[31.625681481144095,30.181962119175566],[31.625676598931836,30.181961658368401],[31.625671716719612,30.181961197561076],[31.625666834494922,30.181960737655704],[31.625661953308722,30.18196027776106],[31.625657071071608,30.181959818757523],[31.625652187796131,30.181959359742919],[31.625647305546593,30.181958901641192],[31.625642424323029,30.181958444452359],[31.625637541035172,30.181957986339391],[31.625632658785801,30.181957528237128],[31.625627776523963,30.181957071036862],[31.625622894249641,30.181956614738585],[31.625618010936954,30.181956158429255],[31.625613128662735,30.181955702130619],[31.62560824638858,30.181955245831809],[31.625603364101945,30.181954790434983],[31.625598480776929,30.181954335027097],[31.625593598490408,30.181953879629944],[31.625588716191402,30.181953425134743],[31.625583832866546,30.181952969726314],[31.625578949516701,30.181952516122063],[31.625574067217851,30.181952061626351],[31.625569183868098,30.181951608021738],[31.625564300518406,30.181951154416932],[31.625559419258149,30.181950699931544],[31.625554535896022,30.181950247228581],[31.625549652559016,30.181949792721063],[31.625544770235429,30.181949340028599],[31.625539886873462,30.181948887325088],[31.625535003524089,30.181948433719199],[31.625530121200654,30.181947981026209],[31.625525237838847,30.181947528322141],[31.625520354489627,30.181947074715715],[31.625515472153825,30.181946622924364],[31.625510588792167,30.181946170219753],[31.625505706481533,30.181945716623687],[31.625500823107462,30.181945264820897],[31.625491057410429,30.181944360323477],[31.624921185405441,30.181891548841008],[31.624916302050124,30.18189109611443],[31.624911418682331,30.181890644289872],[31.624906536378095,30.181890190671638],[31.624901653010401,30.181889738846706],[31.624896769655297,30.181889286119411],[31.624891887338681,30.181888833402837],[31.62488700398368,30.181888380675179],[31.62488212062873,30.181887927947329],[31.624877238312273,30.181887475230209],[31.624872354969956,30.181887021599838],[31.624867471615161,30.181886568871473],[31.624862589311391,30.181886115251618],[31.624857705969237,30.181885661620694],[31.624852822627126,30.181885207989623],[31.624847940310985,30.181884755271405],[31.624843058019948,30.181884300748653],[31.624838174677997,30.181883847117007],[31.624833292399607,30.181883391691755],[31.624828409057759,30.181882938059751],[31.624823525741036,30.18188248262323],[31.624818644488695,30.181882028110465],[31.624813761172074,30.181881572673564],[31.624808877842973,30.181881118138691],[31.624803995577427,30.181880661810158],[31.624799113299392,30.181880206383607],[31.624794231033952,30.181879750054716],[31.624789347730122,30.181879293714747],[31.624784466503218,30.181878837396379],[31.624779583212028,30.181878380153879],[31.624774700971855,30.181877922019918],[31.624769817680782,30.181877464777056],[31.624764936491676,30.181877005751446],[31.624760054251666,30.181876547616913],[31.624755170985807,30.181876088569165],[31.624750288745901,30.181875630434291],[31.624745406543653,30.181875169592718],[31.624740525367343,30.181874709664029],[31.624735643152665,30.18187424972427],[31.624730760950563,30.18187378888215],[31.624725878761062,30.181873327137676],[31.62472099655907,30.181872866295212],[31.62471611543317,30.181872402756898],[31.624711234282241,30.181871941022795],[31.624706352130556,30.181871476571061],[31.624701469953841,30.181871013923509],[31.624696588828154,30.181870550384499],[31.624691706689148,30.181870085030063],[31.624686825588629,30.181869619686335],[31.62468194448817,30.181869154342426],[31.624677063412825,30.18186868719399],[31.624672182337534,30.181868220045367],[31.624667301262303,30.181867752896569],[31.624662420199648,30.181867284845424],[31.624657539149592,30.181866815891915],[31.624652658099578,30.181866346938204],[31.624647777062162,30.181865877082171],[31.624642896024802,30.181865407225953],[31.624638016063518,30.1818649346739],[31.624633135051329,30.181864463012971],[31.624628255077631,30.181863991362736],[31.624623374090625,30.181863517897092],[31.624618494142091,30.181863044442164],[31.624613614218685,30.181862569182691],[31.62460873325691,30.181862093912159],[31.624603853346155,30.181861617750151],[31.624598973447977,30.181861140685786],[31.62459409251143,30.181860663610355],[31.624589213664336,30.181860185654358],[31.624584333791397,30.181859706785108],[31.624579454969481,30.181859227024383],[31.62457457512172,30.181858746350429],[31.624569696324979,30.18185826478501],[31.624564816489858,30.181857783208514],[31.624559936679873,30.181857299827488],[31.624291215581852,30.181829391845188],[31.624022859039748,30.181798954365409],[31.624017994014789,30.181798379084178],[31.624013127976554,30.181797801987525],[31.624008261938378,30.181797224890691],[31.624003396951238,30.181796646902388],[31.623998531976707,30.181796068011735],[31.623993667014776,30.181795488218736],[31.623988801014484,30.181794908414666],[31.623983937116186,30.181794326827838],[31.623979072179527,30.181793745229957],[31.623974207268017,30.181793161827521],[31.623969342344033,30.181792579327119],[31.623964478483618,30.181791995033048],[31.623959613597378,30.181791409825749],[31.623954748711206,30.181790824618275],[31.623949884863531,30.181790239421499],[31.623945021040999,30.181789652420211],[31.623940157243613,30.181789063614364],[31.623935293433757,30.181788475710547],[31.623930429623954,30.181787887806539],[31.623925565839308,30.181787298097994],[31.623920702054729,30.181786708389289],[31.623915839321175,30.18178611778912],[31.623910975549268,30.181785527177883],[31.623906111802501,30.181784934762106],[31.623901249081698,30.181784343259206],[31.623896386386026,30.181783749951819],[31.623891522652009,30.181783156633319],[31.623886659956472,30.181782563325548],[31.623881797273548,30.181781969115438],[31.623876934603228,30.181781374002952],[31.623872071945524,30.181780777988131],[31.623867209287873,30.181780181973124],[31.6238623466303,30.181779585957944],[31.623857483985319,30.18177898904041],[31.623852622378848,30.181778392133584],[31.623847759746553,30.181777794313511],[31.623842898165282,30.181777195601978],[31.623838034494696,30.181776597770661],[31.62383317291356,30.181775999058779],[31.623828311332502,30.181775400346712],[31.623823448738165,30.181774799819205],[31.623818587169769,30.181774200204625],[31.623813725626533,30.181773598785494],[31.62380886405828,30.181772999170555],[31.623804002515172,30.181772397751068],[31.623799139933702,30.181771796320525],[31.623794279441697,30.1817711940094],[31.62378941687291,30.181770591676305],[31.623784556368502,30.181769990267021],[31.623779693812374,30.181769387031398],[31.623774833333187,30.181768783817397],[31.623769970777204,30.181768180581418],[31.623765110285589,30.181767578269216],[31.623760248780709,30.18176697414161],[31.623755387275903,30.181766370013829],[31.623750525771158,30.181765765885867],[31.623745665304902,30.181765161768617],[31.623740803812822,30.181764556738123],[31.623735943346706,30.1817639526205],[31.623731081854775,30.181763347589651],[31.623726220362904,30.181762742558618],[31.62372135885855,30.18176213842958],[31.623716498405237,30.181761533409091],[31.623711636938655,30.181760926573158],[31.62370677647294,30.181760322454487],[31.623701915006489,30.18175971561822],[31.62369705352755,30.181759109683934],[31.623692193074579,30.181758504662554],[31.623687331595786,30.181757898727916],[31.623682471155483,30.181757292803983],[31.623677610715252,30.181756686879893],[31.623672750275091,30.181756080955616],[31.623663028356525,30.181754869095638],[31.620259945867979,30.18133056510419],[31.620255052295558,30.181329955096221],[31.62025015768479,30.181329345077142],[31.620245264125085,30.181328734166637],[31.620240369514445,30.181328124147218],[31.620235475942298,30.181327514138538],[31.620230582370223,30.181326904129659],[31.620225687772358,30.181326293207526],[31.620220794200417,30.181325683198274],[31.620215899602695,30.181325072275772],[31.620211006030893,30.181324462266176],[31.620206113510154,30.181323851365168],[31.620201218912623,30.181323240442097],[31.620196325341031,30.181322630431978],[31.620191430756211,30.181322018606384],[31.620186537197316,30.181321407693702],[31.620181642600066,30.181320796769935],[31.62017674904131,30.181320185856897],[31.620171855482628,30.181319574943696],[31.620166961936576,30.181318963128128],[31.620162068378022,30.181318352214564],[31.620157173781116,30.181317741289867],[31.620152281286266,30.181317128582506],[31.620147386702069,30.181316516755295],[31.620142493156358,30.181315904938831],[31.620137599610718,30.181315293122172],[31.620132706065142,30.181314681305345],[31.620127811493795,30.181314068575229],[31.620122918999353,30.181313455866778],[31.620118025466557,30.18131284314725],[31.620113131933831,30.181312230427519],[31.620108238413749,30.181311616805427],[31.620103344881155,30.181311004085334],[31.620098451348639,30.181310391365066],[31.620093557841344,30.181309776840269],[31.620088665359951,30.181309163228384],[31.620083770814364,30.181308548692304],[31.620078878333114,30.181307935080063],[31.620073984838658,30.181307319652362],[31.620069092357543,30.181306706039756],[31.620064197824799,30.181306090600778],[31.620059305368969,30.181305475183457],[31.620054411874793,30.181304859755045],[31.620049519419108,30.181304244337369],[31.620044625937641,30.181303628006404],[31.620039733494661,30.181303011686204],[31.620034840000748,30.18130239625706],[31.62002994653206,30.1813017790234],[31.620025055140292,30.181301161811405],[31.620020161671743,30.181300544577379],[31.620015269241676,30.181299927354075],[31.620010375785842,30.181299309217511],[31.620005484406914,30.181298691102622],[31.620000590963802,30.181298072063516],[31.619995698559165,30.181297453035164],[31.619990806154597,30.181296834006634],[31.619985913750099,30.181296214977905],[31.619981021358257,30.181295595046844],[31.619976128979047,30.181294974213415],[31.619971236587332,30.181294354281981],[31.619966345259257,30.181293732556941],[31.619961452880265,30.181293111722994],[31.619956560513913,30.18129248998666],[31.619951669186047,30.18129186826107],[31.619946776832418,30.18129124562223],[31.619941885517264,30.181290622994123],[31.619936993163758,30.181290000354903],[31.619932100835488,30.181289375911152],[31.61992720953312,30.181288752380347],[31.619922318243404,30.181288127947152],[31.619917426966332,30.181287502611632],[31.619912534638331,30.18128687816716],[31.6199076444124,30.181286251940026],[31.619902752109688,30.181285625690851],[31.619897860858043,30.181284998550233],[31.619892969593906,30.181284372311627],[31.619888079380832,30.181283745181599],[31.619883188141973,30.181283117138285],[31.619878296903181,30.181282489094787],[31.619873405677051,30.181281860148935],[31.619868515489397,30.181281231213834],[31.619863625314409,30.181280601376351],[31.619858734113638,30.181279970625628],[31.619853843951351,30.181279339885617],[31.619848952750722,30.181278709134535],[31.619612899693315,30.181247623611032],[31.619377056367309,30.181215362364203],[31.61937217521141,30.181214682074351],[31.619367293029729,30.181214000871226],[31.619362410860717,30.181213318765757],[31.619357529730195,30.18121263667102],[31.619352648599754,30.181211954576096],[31.619347768520392,30.181211271589774],[31.619342887415261,30.18121058769017],[31.619338005259202,30.181209904681612],[31.61933312520522,30.181209219890391],[31.619328244112896,30.181208535088064],[31.619323363020648,30.181207850285563],[31.619318481941054,30.181207164580709],[31.619313601912541,30.181206477984404],[31.619308720833107,30.181205792279197],[31.619303840817324,30.181205104780378],[31.619298959750616,30.181204418172634],[31.619294079747561,30.181203729771273],[31.619289199732009,30.181203042271928],[31.619284319741702,30.181202352968068],[31.61927943871304,30.181201663653066],[31.619274558710291,30.181200975250999],[31.619269678732781,30.181200285044408],[31.619264799793783,30.181199594848579],[31.619259919829005,30.18119890373945],[31.619255039864306,30.181198212630139],[31.619250159887113,30.181197522422856],[31.619245280960985,30.181196831324097],[31.619240401009094,30.181196139312089],[31.61923552209571,30.181195447310841],[31.619230642156563,30.181194754396294],[31.619225763268481,30.181194060590318],[31.619220884367909,30.181193367686355],[31.619216005467401,30.181192674782192],[31.619211124502712,30.181191980953827],[31.619206245614954,30.181191287147143],[31.619201366739837,30.181190592438107],[31.619196487864805,30.181189897728885],[31.619191608989851,30.181189203019493],[31.619186730127552,30.18118850740774],[31.619181851265324,30.181187811795827],[31.619176973441608,30.181187116194636],[31.619172093553694,30.181186419669249],[31.619167214691696,30.181185724056782],[31.619162336893371,30.181185026650716],[31.619157458044107,30.181184330135736],[31.619152579207515,30.18118363271838],[31.619147701396823,30.181182936213958],[31.619142821521965,30.181182238785301],[31.619137943724009,30.181181541378358],[31.619133064900307,30.181180843058119],[31.619128187115084,30.181180144748623],[31.61912330931737,30.181179447341133],[31.619118430506465,30.181178748118164],[31.619113551683064,30.181178049797222],[31.619108673910745,30.181177350584829],[31.619103796125909,30.181176652274452],[31.619098918366323,30.181175952159553],[31.619094039555804,30.181175252935692],[31.619089160745371,30.18117455371166],[31.619084282986005,30.181173853596221],[31.619079405214144,30.181173154382758],[31.619074527454938,30.18117245426695],[31.619069648657387,30.181171754140021],[31.619064770898341,30.181171054023864],[31.619059893139358,30.181170353907522],[31.619055015393041,30.18116965288883],[31.619050137634225,30.181168952772111],[31.619045259888054,30.181168251753054],[31.619040382141971,30.181167550733825],[31.619035504395953,30.181166849714412],[31.619030625611607,30.181166148683861],[31.619025747865749,30.18116544766411],[31.619020871158391,30.181164746655085],[31.619015993412692,30.181164045634937],[31.619011114628634,30.181163344603704],[31.619006236883088,30.181162643583207],[31.619001359150207,30.181161941660367],[31.618996482443219,30.181161240650454],[31.618991603659481,30.181160539618485],[31.618986725926813,30.181159837695105],[31.618981849220066,30.181159136684659],[31.618976971487566,30.181158434760913],[31.618967214959184,30.181157032706292],[31.618349378357244,30.181068179312682],[31.618344499583646,30.181067478256928],[31.618339621861125,30.181066776309752],[31.618334745164518,30.181066075275496],[31.618329867442164,30.181065373327968],[31.618324988668864,30.181064672271486],[31.618320110934068,30.181063971225765],[31.618315234250353,30.181063269288625],[31.618310356515703,30.181062568242549],[31.618305477742716,30.181061867185356],[31.618300600020813,30.181061165236734],[31.618295723324817,30.181060464201064],[31.61829084455206,30.18105976314331],[31.61828596681779,30.181059062096342],[31.618281089083606,30.1810583610492],[31.618276211349489,30.181057660001844],[31.618271332564447,30.181056959845559],[31.618266455868909,30.181056258808809],[31.618261578135023,30.181055557760935],[31.618256700388628,30.18105485761507],[31.61825182159129,30.181054158360226],[31.618246943857638,30.181053457311808],[31.618242066111474,30.181052757165403],[31.618237188365374,30.181052057018789],[31.618232309580943,30.181051356861087],[31.618227431822405,30.1810506576163],[31.618222554063951,30.181049958371339],[31.618217676305573,30.181049259126191],[31.618212797508846,30.181048559869932],[31.618207918724792,30.181047859711313],[31.618203040941459,30.181047162269984],[31.618198163183386,30.181046463024106],[31.618193285425377,30.18104576377808],[31.618188405565444,30.181045066314333],[31.618183527794997,30.181044367970095],[31.618178648986223,30.181043669614755],[31.618173771203338,30.181042972172342],[31.618168893420531,30.181042274729741],[31.618164013560968,30.181041577265095],[31.618159134739901,30.18104087981121],[31.618154256932137,30.181040184172431],[31.61814937811122,30.18103948671817],[31.618144499265188,30.181038791068083],[31.618139621457658,30.181038095428757],[31.618134741585955,30.181037398865211],[31.618129862740144,30.181036703214591],[31.618124983894425,30.18103600756379],[31.61812010503618,30.181035312814984],[31.618115226178016,30.181034618065979],[31.618110347307329,30.181033924219001],[31.618105468436724,30.181033230371824],[31.618100588540365,30.181032535611351],[31.618095709669905,30.181031841763826],[31.618090829748517,30.181031148807332],[31.618085950865616,30.18103045586162],[31.618081071970202,30.181029763817882],[31.618076192049028,30.181029070860859],[31.618071313153759,30.181028378816798],[31.618066433207563,30.181027687663747],[31.61806155324884,30.181026997412708],[31.618056674341201,30.181026306270265],[31.618051794395218,30.181025615116688],[31.618046914436729,30.181024924865103],[31.618042034478311,30.18102423461335],[31.618037154494772,30.181023546165765],[31.618032273485486,30.181022856804876],[31.618027393502114,30.181022168356932],[31.618022513518806,30.181021479908786],[31.618017632484559,30.18102079235171],[31.618012752488806,30.181020104805395],[31.618007872480529,30.181019418161057],[31.618002992484939,30.181018730614387],[31.617998111425798,30.181018044860938],[31.617993231405158,30.181017359118243],[31.617988350333583,30.181016674266615],[31.617983469262072,30.181015989414799],[31.617978588190645,30.181015304562802],[31.6179737071067,30.181014620612789],[31.617968826010227,30.181013937564778],[31.617963944901248,30.181013255418748],[31.617959062766499,30.181012572359453],[31.617954181657662,30.181011890213071],[31.617949300548904,30.181011208066501],[31.617944419427619,30.181010526821943],[31.617939537242801,30.1810098473706],[31.617704133632802,30.180977642809637],[31.617468522694754,30.180946612249535],[31.617463631529372,30.180945981410428],[31.617458742453479,30.180945349690845],[31.617453851288239,30.180944718851354],[31.61744896114887,30.180944088924822],[31.617444069958566,30.180943459889328],[31.617439178768322,30.180942830853631],[31.617434287565562,30.180942202719958],[31.617429397401274,30.180941574597036],[31.617424506186051,30.180940947365173],[31.617419614970885,30.180940320133104],[31.617414723755797,30.180939692900857],[31.617409832528171,30.180939066570623],[31.617404941288029,30.180938441142366],[31.617400050047941,30.180937815713943],[31.61739515775691,30.180937191176547],[31.617390266504373,30.180936566649923],[31.617385375239294,30.180935943025286],[31.617380483974291,30.180935319400493],[31.617375591670935,30.180934695764556],[31.617370700393465,30.180934073041541],[31.617365808077643,30.180933450307414],[31.617360915761907,30.180932827573116],[31.617356024472034,30.180932205751738],[31.617351132131223,30.180931584821412],[31.617346239790493,30.180930963890919],[31.617341348488232,30.18093034297117],[31.617336455096606,30.180929722931538],[31.61733156274347,30.180929102902649],[31.617326671428824,30.180928482884557],[31.617321778024809,30.18092786374655],[31.617316885659275,30.180927244619287],[31.617311993281213,30.180926626394051],[31.617307100903222,30.180926008168615],[31.61730220748688,30.180925389932046],[31.61729731510902,30.180924771706252],[31.617292422706026,30.180924155284629],[31.617287530315718,30.180923537960652],[31.617282636887044,30.180922920625534],[31.617277744484255,30.180922304203357],[31.617272851043122,30.180921687770056],[31.617267957589458,30.180921072238739],[31.617263065186872,30.180920455816032],[31.61725817173334,30.180919840284368],[31.617253279318305,30.180919224763453],[31.617248385852307,30.180918610133599],[31.6172434934374,30.180917994612333],[31.61723859893312,30.180917379971181],[31.617233706493149,30.180916766253894],[31.617228813027424,30.180916151623304],[31.617223919549168,30.18091553789472],[31.617219026070984,30.180914924165943],[31.617214132580258,30.180914311339155],[31.617209239114807,30.180913696707858],[31.617204345624224,30.180913083880714],[31.617199452133715,30.180912471053389],[31.61719455864327,30.180911858225883],[31.61718966514028,30.180911246300379],[31.617184771662572,30.180910632570345],[31.617179878159725,30.180910020644468],[31.617174984656945,30.180909408718424],[31.617170091154236,30.180908796792185],[31.617165196613179,30.180908184854808],[31.617160304149017,30.180907572939176],[31.617155409608092,30.180906961001448],[31.617150516093051,30.180906349976667],[31.617145621552265,30.180905738038575],[31.617140729075775,30.180905127024367],[31.617135834522525,30.180904515988097],[31.617130941007748,30.180903904962584],[31.617126047493048,30.180903293936911],[31.617121152940001,30.180902682900086],[31.617116260463849,30.180902071884994],[31.617111365910933,30.180901460847799],[31.617106472383899,30.180900850723567],[31.617101577831118,30.180900239686011],[31.617096684316827,30.180899628659244],[31.617091789738975,30.180899019425674],[31.617086896224819,30.180898408398559],[31.61708200165971,30.180897798262453],[31.617077108145683,30.180897187234962],[31.617072214619128,30.18089657710944],[31.617067321092634,30.180895966983762],[31.617057533014041,30.18089474581873],[31.610739883739257,30.180106641774486],[31.610735023478835,30.180106035375509],[31.610730163218481,30.180105428976365],[31.610725301932437,30.180104821663857],[31.610720440621154,30.180104216155531],[31.610715580373665,30.180103608853685],[31.610710720100915,30.180103003355992],[31.610705858802493,30.180102396944932],[31.610700997516787,30.180101789631543],[31.61069613724424,30.180101184133321],[31.610691275946014,30.180100577721742],[31.610686415673602,30.180099972223161],[31.610681555426581,30.180099364920054],[31.610676694115895,30.180098759410104],[31.610671832805274,30.180098153899991],[31.610666971494719,30.180097548389686],[31.610662111235303,30.180096941988051],[31.61065724993755,30.180096335575225],[31.610652388614536,30.18009573096656],[31.610647528355315,30.180095124564382],[31.61064266703244,30.18009451995535],[31.610637805709629,30.180093915346163],[31.610632945437956,30.18009330984561],[31.610628084115266,30.180092705236049],[31.610623222805319,30.180092099724142],[31.610618361482782,30.180091495114233],[31.610613501211368,30.180090889612973],[31.610608639876297,30.180090285904875],[31.610603778541286,30.180089682196609],[31.610598918257413,30.180089077596978],[31.610594056922547,30.18008847388834],[31.610589194549327,30.180087870168521],[31.610584334240329,30.180087267372691],[31.610579472918328,30.180086662761365],[31.610574610532659,30.180086059943193],[31.61056975022386,30.180085457146834],[31.610564888864062,30.180084855241468],[31.610560026478588,30.180084252422759],[31.610555166169995,30.180083649625868],[31.610550303771991,30.180083047708948],[31.610545443450864,30.180082445813891],[31.610540581053002,30.18008184389662],[31.610535718642531,30.180081242881354],[31.610530858308941,30.180080641887916],[31.610525995898616,30.180080040872287],[31.610521134514084,30.180079440769656],[31.610516273142295,30.180078839764679],[31.610511410719507,30.180078239650694],[31.61050654930985,30.180077641351865],[31.610501686887197,30.180077041237524],[31.610496825490344,30.180076442036174],[31.610491963055146,30.180075842823641],[31.610487100594703,30.18007524541526],[31.610482239198046,30.180074646213381],[31.61047737571198,30.18007404789148],[31.610472514277475,30.180073451395753],[31.610467651817284,30.180072853986644],[31.610462790395573,30.180072256588389],[31.610457926884447,30.180071660070112],[31.610453065450201,30.180071063573671],[31.610448201926541,30.180070467957208],[31.610443340467107,30.180069873264738],[31.610438476956247,30.180069276745762],[31.610433614445878,30.180068682944096],[31.610428751948231,30.180068088240088],[31.610423889437982,30.180067494438099],[31.610419025889392,30.180066900624901],[31.610414163379289,30.180066306822518],[31.610409299818169,30.180065713911134],[31.61040443728286,30.180065121912762],[31.610399573709209,30.180064529903188],[31.610394710135637,30.180063937893433],[31.610389846549452,30.180063346785694],[31.610384983989082,30.180062756590925],[31.610380120390364,30.180062166384989],[31.609975993784133,30.180014695204267],[31.609571406008524,30.179970289338947],[31.609566532035803,30.179969772981945],[31.609561657024745,30.179969256613767],[31.609556781988381,30.179968742049741],[31.609551908003166,30.179968226594362],[31.609547032954264,30.179967712932168],[31.609542157905413,30.179967199269761],[31.609537282856625,30.179966685607184],[31.609532407795214,30.179966172846612],[31.609527532733875,30.179965660085831],[31.609522657659912,30.179965148227048],[31.609517782586011,30.179964636368105],[31.609512906486433,30.179964123595806],[31.609508032438381,30.179963612649658],[31.609503157351977,30.179963101692334],[31.609498281214567,30.179962591625991],[31.609493406115611,30.179962081570491],[31.609488529965642,30.179961572405968],[31.609483654854127,30.17996106325225],[31.609478778716934,30.179960553185193],[31.609473903592878,30.179960044933299],[31.609469028481541,30.179959535779062],[31.609464152306508,30.179959028417958],[31.609459277169936,30.17995852106769],[31.609454401007703,30.179958012804079],[31.609449524820167,30.179957506344611],[31.609444648645383,30.17995699898281],[31.609439773509035,30.179956491631827],[31.609434897309008,30.179955986073978],[31.609430021121717,30.179955479613799],[31.609425144921801,30.179954974055622],[31.609420268709265,30.179954469399416],[31.609415392509476,30.179953963840866],[31.609410517335462,30.17995345919531],[31.609405641135787,30.179952953636398],[31.609400764910813,30.179952449881654],[31.609395887660167,30.179951945213553],[31.609391012486387,30.179951440567283],[31.609386136261588,30.179950936811974],[31.609381260024168,30.179950433958684],[31.609376382748415,30.179949931094178],[31.609371506523782,30.17994942733835],[31.609366631337615,30.179948923593365],[31.609361754049356,30.179948421630495],[31.609356877812218,30.179947918776307],[31.609352000524066,30.179947416813082],[31.609347125325463,30.17994691396952],[31.609342248037425,30.17994641200595],[31.609337371787845,30.179945910053192],[31.609332494487258,30.179945408991429],[31.609327618237796,30.179944907038326],[31.609322741975713,30.179944405987197],[31.609317864687963,30.179943904022725],[31.609312989464406,30.179943402982246],[31.609308112164097,30.179942901919592],[31.609303234863841,30.179942400856724],[31.609298358602054,30.179941899804714],[31.60929348232764,30.179941399654691],[31.609288605027555,30.179940898591298],[31.609283727714857,30.179940398429903],[31.609278852479029,30.179939898290336],[31.609273975166438,30.179939398128578],[31.60926909786658,30.179938897064478],[31.60926422055411,30.179938396902354],[31.609259345318502,30.179937896762066],[31.609254468006142,30.179937396599595],[31.609249590681166,30.179936897339122],[31.609244714407332,30.17993639718728],[31.609239837095142,30.179935897024269],[31.609234960821407,30.179935396872079],[31.609230083509331,30.179934896708698],[31.609225207210379,30.179934398360476],[31.60922032989841,30.179933898196754],[31.60921057631306,30.179932897879738],[31.608536816512778,30.179863847226258],[31.608531907056388,30.179863343989119],[31.608526996561668,30.179862840740757],[31.608522087118079,30.179862336601062],[31.608517176610782,30.17986183425452],[31.608512267154634,30.179861331016639],[31.60850735666013,30.179860827767566],[31.608502447216782,30.17986032362715],[31.608497536709713,30.179859821279862],[31.608492627266472,30.179859317139094],[31.608487716772203,30.179858813889279],[31.608482807329082,30.179858309748123],[31.608477896822244,30.179857807400129],[31.608472987379226,30.179857303258625],[31.608468076897879,30.179856799105924],[31.608463167454975,30.179856294964047],[31.608458256973737,30.179855790810965],[31.608453347530954,30.179855286668722],[31.608448438075552,30.179854783428485],[31.608443527594481,30.179854279274863],[31.608438618151869,30.17985377513207],[31.608433707683599,30.179853270075931],[31.608428798241103,30.179852765932768],[31.608423888811352,30.179852260887269],[31.60841897938165,30.179851755841582],[31.608414068913614,30.179851250784708],[31.60840915948403,30.179850745738655],[31.608404250067185,30.179850239790252],[31.608399339599316,30.179849734732827],[31.608394430182596,30.179849228784061],[31.608389520765918,30.179848722835111],[31.608384611349308,30.179848216886001],[31.608379700894353,30.17984771092566],[31.608374792516258,30.179847204987194],[31.608369882074093,30.179846698124322],[31.608364972670401,30.179846191272301],[31.608360063266758,30.179845684420087],[31.608355153875863,30.179845176665534],[31.60835024448501,30.179844668910789],[31.608345335081545,30.179844162058032],[31.608340425690812,30.179843654302921],[31.608335517351232,30.179843145656495],[31.608330606934892,30.179842636987825],[31.608325697557024,30.179842128329984],[31.608320789217608,30.179841619683014],[31.608315879852537,30.179841110122648],[31.608310970487519,30.179840600562116],[31.608306061122562,30.179840091001402],[31.608301151757658,30.179839581440483],[31.60829624344391,30.179839070988262],[31.608291334104493,30.179838559622649],[31.608286424752446,30.179838049159031],[31.608281516451544,30.17983753780408],[31.608276608150707,30.179837026448936],[31.608271698811514,30.179836515082616],[31.608266789497758,30.179836001911742],[31.608261881209767,30.1798354896539],[31.608256972921847,30.179834977395856],[31.608252063608266,30.179834464224466],[31.608247155345811,30.179833950161729],[31.608242247083432,30.179833436098804],[31.6082373377827,30.179832922024708],[31.608232429533114,30.179832407059248],[31.608227522321993,30.179831892104627],[31.608222613034126,30.179831377127787],[31.608217704797397,30.179830861259624],[31.608212796560732,30.179830345391295],[31.608207889387891,30.179829827729424],[31.60820298116403,30.179829310958549],[31.608198072940212,30.1798287941875],[31.608193164741834,30.1798282756119],[31.608188256530827,30.179827757938302],[31.608183349370965,30.179827239373374],[31.608178441185434,30.179826719895086],[31.608173532987291,30.179826201318768],[31.608168625852976,30.179825680948948],[31.608163717692996,30.179825159665768],[31.608158810558788,30.179824639295596],[31.608153903437334,30.179824118023053],[31.60814899632862,30.17982359584818],[31.608144088181568,30.179823073662092],[31.608139181085651,30.179822550584685],[31.608134273977115,30.179822028409255],[31.608129366894012,30.179821504429299],[31.608124459810952,30.179820980449172],[31.607798502815843,30.179784999164042],[31.607472884953633,30.179746781156169],[31.607467988188805,30.179746188686075],[31.607463091411347,30.179745597117993],[31.607458194672038,30.179745002843209],[31.607453297907401,30.179744410372592],[31.607448402206618,30.179743816108463],[31.607443505480184,30.179743220930966],[31.607438608753831,30.179742625753285],[31.607433713065934,30.17974203058645],[31.607428816339702,30.17974143540842],[31.607423919638919,30.17974083842585],[31.607419023989294,30.179740240551975],[31.607414128327044,30.179739643580078],[31.607409231639156,30.179739045694816],[31.60740433598972,30.17973844782038],[31.607399441391458,30.179737849054636],[31.607394544716456,30.179737250266655],[31.607389649092607,30.17973665058733],[31.60738475450723,30.179736050918887],[31.607379857845125,30.179735451228193],[31.607374963285263,30.179734849755018],[31.607370066635973,30.1797342491618],[31.607365172076246,30.17973364768828],[31.60736027647819,30.179733046203555],[31.607355380892884,30.179732443816473],[31.607350486333349,30.17973184234242],[31.607345590760875,30.179731239052803],[31.607340696226863,30.179730635774032],[31.607335800667208,30.17973003158189],[31.607330906133331,30.179729428302778],[31.607326010573811,30.179728824110267],[31.607321117091157,30.17972821993963],[31.607316221544465,30.179727614844605],[31.607311327036243,30.179727009760416],[31.607306431502376,30.179726403762846],[31.60730153804538,30.179725797787157],[31.607296642511646,30.179725191789235],[31.607291749054781,30.179724585813176],[31.607286853533871,30.179723978912726],[31.607281960089828,30.179723372034143],[31.607277064569061,30.179722765133324],[31.607272171125153,30.179722158254382],[31.607267276668303,30.179721549559879],[31.607262382198826,30.179720941767375],[31.60725748772942,30.179720333974696],[31.60725259429848,30.179719726192861],[31.607247699854586,30.179719116595479],[31.607242806436474,30.179718507911101],[31.607237911980025,30.179717899215539],[31.607233017536345,30.179717289617606],[31.607228124131119,30.179716680030523],[31.60722322968757,30.179716070432242],[31.607218336295176,30.179715459942649],[31.607213441851762,30.179714850343974],[31.607208548459507,30.179714239854018],[31.607203654028918,30.179713629352822],[31.60719875959839,30.179713018851476],[31.607193867244746,30.17971240837198],[31.60718897282705,30.179711796968107],[31.60718407946052,30.179711184672879],[31.607179185030272,30.179710574170809],[31.60717429165118,30.179709962777395],[31.607169398272163,30.179709351383813],[31.607164503867498,30.17970873907684],[31.607159610501306,30.179708126780717],[31.607154717122494,30.179707515386603],[31.607149823756433,30.179706903090118],[31.607144930390447,30.179706290793479],[31.607140037011831,30.17970567939879],[31.607135142620269,30.179705066188575],[31.607130250292887,30.179704453902403],[31.607125355901466,30.179703840691829],[31.607120462523124,30.179703229296429],[31.607115569170233,30.179702616096524],[31.607110675817417,30.179702002896427],[31.607105782464664,30.179701389696152],[31.607100889099286,30.179700777397883],[31.607095994708274,30.179700164186208],[31.607091102394126,30.179699550996411],[31.607086208003249,30.179698937784391],[31.607081314650834,30.179698324583228],[31.607076422324205,30.179697712295052],[31.607071527933538,30.179697099082489],[31.607061741229192,30.17969587267887],[31.593800940604986,30.178033590581958],[31.593796270304175,30.178033006348521],[31.593791598990681,30.178032420299452],[31.593786927677254,30.178031834250213],[31.593782258427815,30.178031249125254],[31.593777587114523,30.178030663075688],[31.593772915801274,30.178030077025955],[31.593768245513651,30.178029491889362],[31.593763574200537,30.178028905839287],[31.59375890288748,30.178028319789075],[31.593754231561668,30.178027734640846],[31.593749562299863,30.178027150416888],[31.59374489098699,30.178026564366171],[31.59374021966137,30.178025979217466],[31.59373554937418,30.178025394079715],[31.593730878048685,30.178024808930658],[31.59372620672325,30.17802422378146],[31.593721536436259,30.1780236386432],[31.593716865098131,30.178023054395837],[31.59371219377288,30.178022469246116],[31.593707523486067,30.178021884107377],[31.593702852148123,30.178021299859495],[31.593698180810243,30.178020715611463],[31.593693510510811,30.178020131374403],[31.593688839173058,30.178019547126031],[31.593684167835363,30.178018962877498],[31.593679496472106,30.178018380433141],[31.593674825134539,30.178017796184285],[31.593670153797028,30.178017211935259],[31.59366548348515,30.178016628599366],[31.593660812122138,30.178016046154344],[31.593656139733636,30.178015462795837],[31.593651469409117,30.178014880361616],[31.59364679804629,30.178014297916089],[31.593642125657965,30.178013714557121],[31.59363745532082,30.178013133024567],[31.593632782919812,30.178012550567406],[31.593628111544415,30.178011969023391],[31.593623440156264,30.178011388381389],[31.59361876879381,30.178010805934871],[31.593614097405794,30.178010225292525],[31.593609424992266,30.178009643736726],[31.593604753591556,30.178009063996203],[31.593600082203718,30.178008483353359],[31.593595409777567,30.178007902699221],[31.593385819251335,30.177982154717462],[31.593176142381012,30.177956936932006],[31.593171466511976,30.17795637968576],[31.593166790604542,30.17795582514583],[31.593162114722816,30.177955268801398],[31.59315743986669,30.177954713370116],[31.593152763972263,30.177954157927516],[31.593148088065067,30.177953603386939],[31.593143412157932,30.177953048846181],[31.593138736250864,30.17795249430527],[31.593134060343843,30.177951939764181],[31.593129385462451,30.177951386136247],[31.59312470851718,30.177950831583697],[31.593120032597515,30.177950277944294],[31.593115355626722,30.177949725195724],[31.593110679720013,30.177949170653815],[31.593106003787707,30.177948617916066],[31.593101327855475,30.17794806517815],[31.59309665192329,30.17794751244007],[31.593091975991165,30.177946959701842],[31.593087300059114,30.177946406963429],[31.593082623075908,30.177945855115883],[31.593077947131142,30.177945303279301],[31.593073271186448,30.177944751442567],[31.593068595254614,30.1779441987035],[31.59306391827165,30.177943646855283],[31.593059242327133,30.177943095018072],[31.593054566369837,30.177942544082825],[31.59304988938705,30.177941992234114],[31.593045213429885,30.177941441298557],[31.593040537472774,30.177940890362812],[31.593035860477343,30.177940339415777],[31.593031183494787,30.17793978756643],[31.593026506499491,30.17793923661905],[31.593021830542607,30.177938685682655],[31.593017153547411,30.177938134734966],[31.593012477590655,30.17793758379824],[31.593007801633963,30.177937032861362],[31.593003124626122,30.177936482815326],[31.592998448669537,30.177935931878103],[31.592993771674646,30.177935380929597],[31.592989095705359,30.177934830894202],[31.592984418710579,30.177934279945354],[31.592979742741424,30.177933729909643],[31.592970389777705,30.177932628924406],[31.592442677136326,30.177870505355806],[31.592438000148434,30.177869954387671],[31.592433324198971,30.177869403430488],[31.592428647198378,30.177868853364167],[31.592423971249044,30.177868302406658],[31.592419294248558,30.177867752340006],[31.59241461829933,30.177867201382178],[31.592409942350177,30.177866650424171],[31.592405265349875,30.177866100357043],[31.592400589400821,30.177865549398703],[31.592395912413462,30.177864998429051],[31.592391236477365,30.17786444656825],[31.592386559490123,30.177863895598261],[31.592381882502934,30.177863344628122],[31.592377205515813,30.17786279365783],[31.592372529567129,30.177862242698509],[31.592367853618487,30.177861691739029],[31.592363176644369,30.177861139866064],[31.592358500695862,30.177860588906235],[31.592353824760231,30.177860037044091],[31.592349147773458,30.177859486072823],[31.592344471837954,30.177858934210327],[31.5923397959025,30.177858382347672],[31.592335119979928,30.17785782958272],[31.592330443006226,30.177857277708611],[31.592325767083775,30.1778567249433],[31.592321091148559,30.177856173079999],[31.592316415226232,30.177855620314379],[31.592311739316791,30.177855066646423],[31.592307063394582,30.177854513880465],[31.592302386434053,30.177853961103185],[31.592297710511961,30.17785340833689],[31.592293033577207,30.177852853754967],[31.592288357655232,30.177852300988356],[31.592283681746146,30.177851747319405],[31.592279005849942,30.177851192748129],[31.592274330992176,30.177850638187827],[31.592269655096089,30.177850083616214],[31.59226497920007,30.177849529044451],[31.59226030331693,30.177848973570345],[31.592255627421025,30.177848418998241],[31.592250951550842,30.177847862621661],[31.59224627565505,30.177847308049223],[31.59224159978498,30.177846751672281],[31.592236924940511,30.177846196208503],[31.59209229001226,30.177828857098099],[31.591947695089655,30.177811264712027],[31.591943021518272,30.177810693010091],[31.591938350036518,30.177810120428113],[31.591933676503736,30.177809546019351],[31.591929003983736,30.177808973425879],[31.591924331489459,30.177808399027938],[31.591919657956861,30.177807824618682],[31.591914986488248,30.177807251133714],[31.591910312968611,30.177806675821948],[31.591905640474575,30.177806101423354],[31.591900967980603,30.177805527024592],[31.591896295512356,30.177804950821326],[31.591891623018491,30.177804376422227],[31.591886949499159,30.177803801109647],[31.591882278069463,30.177803224917042],[31.591877604563091,30.177802648701974],[31.591872933120683,30.1778020734112],[31.591868259614433,30.177801497195794],[31.591863588184978,30.177800921002522],[31.59185891573005,30.177800343895786],[31.591854243275179,30.177799766788876],[31.591849570807543,30.177799190583976],[31.591844899378337,30.177798614390031],[31.591840226936487,30.177798036380477],[31.591835554481857,30.177797459272906],[31.591830882027299,30.177796882165165],[31.591826209572798,30.177796305057271],[31.591821538169565,30.177795727058193],[31.591816865728013,30.17779514904781],[31.591812193273704,30.177794571939408],[31.591807520832269,30.177793993928695],[31.591802849429289,30.177793415928967],[31.591798176987982,30.177792837917902],[31.591793504546743,30.177792259906692],[31.591788833143941,30.177791681906456],[31.591784160715648,30.17779110299276],[31.591779489312977,30.177790524992197],[31.591774816871972,30.177789946980326],[31.591770145482258,30.177789368077271],[31.591765473041374,30.17778879006508],[31.591760800600568,30.1777882120527],[31.591756129211031,30.177787633149162],[31.591751456770339,30.177787055136445],[31.591742112940359,30.17778589821955],[31.590024536025368,30.177573221874301],[31.590019641756019,30.177572616151249],[31.590014747486741,30.177572010428005],[31.590009853230374,30.177571403802407],[31.590004958961227,30.177570798078797],[31.590000063653772,30.177570192343843],[31.589995170435976,30.177569585728868],[31.58999027514151,30.177568979091401],[31.58998538087263,30.177568373367059],[31.589980485578302,30.177567766729215],[31.589975592347933,30.177567161015681],[31.589970697053726,30.177566554377488],[31.58996580279797,30.177565947750267],[31.589960908542277,30.177565341122875],[31.589956014299499,30.177564733593123],[31.589951120031095,30.17756412786752],[31.589946225775609,30.177563521239573],[31.589941330494664,30.177562913698136],[31.589936437277686,30.177562307081001],[31.589931543035242,30.177561699550349],[31.589926647741645,30.177561092910523],[31.589921753499343,30.177560485379502],[31.589916860295482,30.177559877859487],[31.589911966053311,30.177559270328125],[31.589907070785696,30.177558661883225],[31.589902176530817,30.177558055253659],[31.589897283340072,30.177557446830747],[31.589892389111025,30.177556838396494],[31.589887494882042,30.177556229962061],[31.58988260066597,30.177555620625281],[31.589877707462644,30.177555013103824],[31.589872813246718,30.177554403766667],[31.589867919018008,30.177553795331505],[31.58986302481507,30.177553185091849],[31.589858130599342,30.177552575754156],[31.589853237422055,30.177551966427455],[31.589848343219316,30.177551356187255],[31.589843449016648,30.177550745946849],[31.58983855481404,30.177550135706298],[31.589833661662727,30.177549524574541],[31.589828768485777,30.177548915246927],[31.589823874296226,30.17754830410367],[31.589818981157965,30.177547692069208],[31.589814086968548,30.177547080925574],[31.589809193830423,30.177546468890757],[31.589804299653988,30.177545856844606],[31.589799406516001,30.177545244809423],[31.589794513390927,30.177544631871914],[31.589789620265922,30.177544018934206],[31.58978472714098,30.177543405996314],[31.58977983297774,30.177542793047113],[31.589774939865787,30.177542179206693],[31.589770046753905,30.177541565366109],[31.589765153667795,30.177540949721013],[31.589760260556044,30.177540335880085],[31.589755368495585,30.177539721147959],[31.58975047542253,30.177539104600161],[31.589745582323843,30.177538489856506],[31.589740689238067,30.177537874210504],[31.589735796178065,30.177537256760015],[31.589730904143646,30.177536640222652],[31.58972601108378,30.177536022771786],[31.589721119049496,30.177535406234082],[31.589716226002619,30.177534787880703],[31.589711333981327,30.177534170440474],[31.589706440947442,30.177533551184546],[31.589701548951986,30.177532931939631],[31.589696656956598,30.177532312694535],[31.589691763922914,30.177531693438088],[31.589686871940522,30.177531073290446],[31.589681979971044,30.177530452240486],[31.589677088001636,30.17752983119032],[31.589672196045143,30.177529209237839],[31.589667304075881,30.177528588187315],[31.58966241317075,30.177527965343476],[31.589657521240166,30.177527341586107],[31.589652629296811,30.177526718730725],[31.589647738404736,30.177526094984195],[31.589642846474366,30.177525471226279],[31.58963795455691,30.177524846566026],[31.589633063677905,30.177524221916759],[31.58962817281181,30.17752359636517],[31.589623280920279,30.177522969900046],[31.589618390067169,30.177522343445915],[31.589613499226985,30.177521716089458],[31.58927307717169,30.177476799210861],[31.588933095384956,30.17742943283622],[31.58892821594133,30.177428735197545],[31.588923337549016,30.177428036667692],[31.588918460195135,30.177427338148849],[31.588913581815831,30.177426638716472],[31.588908704474957,30.177425939295098],[31.588903827159893,30.177425238069208],[31.588898948793659,30.177424537734144],[31.588894071491602,30.177423835605733],[31.588889194163905,30.17742313528149],[31.588884315836481,30.177422432239389],[31.588879438534651,30.177421730110442],[31.588874562284126,30.177421027090329],[31.588869685008159,30.177420323156728],[31.588864807732275,30.17741961922292],[31.588859931494838,30.177418915300102],[31.588855054244814,30.177418209561615],[31.588850176982017,30.177417504725113],[31.58884529973216,30.177416798986268],[31.588840423507879,30.177416094160588],[31.588835547322258,30.177415386628233],[31.588830670085486,30.177414679986704],[31.588825793887164,30.177413973356121],[31.588820916663401,30.177413265812071],[31.588816040478086,30.177412558279006],[31.588811165344072,30.177411849854767],[31.588806288133409,30.177411141407994],[31.588801411974035,30.177410432070072],[31.588796535814751,30.177409722731973],[31.588791659655545,30.17740901339366],[31.588786783496406,30.177408304055206],[31.588781908401437,30.177407592923402],[31.588777033293685,30.177406882693575],[31.588772157147645,30.177406172452407],[31.58876728101453,30.177405461308911],[31.588762405932727,30.177404749274221],[31.588757529812643,30.177404037228179],[31.588752653692627,30.177403325181988],[31.588747778611058,30.177402613146757],[31.588742903542425,30.177401900209212],[31.58873802847387,30.177401187271482],[31.588733153405396,30.17740047433356],[31.588728278336998,30.177399761395467],[31.588723402256026,30.177399046641689],[31.588718527200641,30.177398332801083],[31.588713652145334,30.177397618960278],[31.588708777090112,30.177396905119313],[31.588703902047818,30.177396190376001],[31.588699027018464,30.177395474730361],[31.588694151976327,30.177394759986683],[31.588689276934268,30.177394045242824],[31.588684401905152,30.17739332959664],[31.58867952687611,30.177392613950275],[31.588674652885512,30.177391898314898],[31.588669777869484,30.177391181765991],[31.588664902840677,30.177390466119082],[31.588660028876028,30.177389748678845],[31.58865515384738,30.177389033031581],[31.588650278844522,30.177388315579822],[31.58864540486725,30.177387599041207],[31.588640529864556,30.177386881589079],[31.588635655887437,30.177386165050095],[31.588630780884898,30.177385447597626],[31.588625906920814,30.177384730156128],[31.588621031918425,30.177384012703286],[31.58861615795448,30.177383295261446],[31.588611282965111,30.177382576906059],[31.58860640901419,30.177381858561699],[31.588601535050483,30.177381141119323],[31.588596660061349,30.177380422763427],[31.588591786097798,30.177379705320668],[31.588586912147182,30.177378986975594],[31.588582037171147,30.177378267717007],[31.588577163207837,30.177377550273697],[31.588572289270321,30.177376831025942],[31.588567414281659,30.177376112668959],[31.588562540331434,30.177375394322969],[31.588557666394149,30.177374675074656],[31.588552792444087,30.177373956728328],[31.588547917455735,30.177373238370627],[31.588543042480325,30.177372519110602],[31.588538168543352,30.177371799861564],[31.588533294580749,30.177371082416656],[31.588523545668835,30.17736964390653],[31.587809306056922,30.177264307108555],[31.587804432131744,30.177263587832556],[31.587799558206633,30.177262868556408],[31.587794683230371,30.177262150171067],[31.587789809292552,30.177261431796691],[31.587784935354808,30.177260713422161],[31.58778006143001,30.177259994145295],[31.587775187505308,30.177259274868238],[31.587770311478188,30.177258557372962],[31.587765437553632,30.17725783809556],[31.587760563629161,30.177257118817966],[31.587755689679017,30.177256401344522],[31.587750814716323,30.177255682055399],[31.587745940779211,30.177254963679417],[31.587741066829306,30.17725424620544],[31.587736191866846,30.177253526915781],[31.5877313179171,30.177252809441427],[31.587726443980305,30.177252091064755],[31.587721569005204,30.177251372676718],[31.5877166950557,30.177250655201838],[31.587711820067899,30.177249937715594],[31.587706946118541,30.177249220240352],[31.587702072169257,30.177248502764954],[31.58769719718169,30.177247785278187],[31.587692323232563,30.177247067802412],[31.587687448232284,30.177246351217434],[31.587682573244951,30.177245633730116],[31.587677699283191,30.177244917155974],[31.587672824283143,30.177244200570463],[31.587667949283176,30.177243483984771],[31.587663075308782,30.177242768312261],[31.587658200308969,30.177242051726211],[31.587653325296372,30.177241336042147],[31.587648450283844,30.17724062035791],[31.587643576309773,30.177239904684676],[31.587638701297404,30.177239189000076],[31.587633826272242,30.177238474217461],[31.587628951247162,30.177237759434657],[31.587624076222159,30.17723704465169],[31.587619201197235,30.177236329868531],[31.587614326159514,30.177235615987346],[31.587609450083498,30.177234902094813],[31.587604575033069,30.177234189115449],[31.587599699995586,30.177233475233727],[31.587594824945306,30.177232762254015],[31.587589948856746,30.177232049262926],[31.587585073806629,30.17723133628283],[31.587580197705353,30.177230624193562],[31.587575322642515,30.177229912115276],[31.587570446541395,30.177229200025629],[31.587565572517079,30.177228487958185],[31.587560696403237,30.177227776770334],[31.587555820289481,30.177227065582315],[31.587550944150049,30.177226356198432],[31.587546069074815,30.177225645021242],[31.587541192948418,30.177224934734859],[31.58753631679636,30.177224226252608],[31.587531440657248,30.177223516868008],[31.587526564505342,30.177222808385409],[31.587521688366376,30.177222099000463],[31.587516812201756,30.177221391419639],[31.587511936050085,30.177220682936504],[31.587507058847255,30.177219975344169],[31.587502182682858,30.177219267762815],[31.587497306505675,30.17721856108345],[31.587492430315702,30.177217855306061],[31.58748755310031,30.177217148615171],[31.587482675872117,30.17721644282625],[31.587477798631141,30.177215737939321],[31.587472922428603,30.177215033063373],[31.587468045174894,30.177214329078254],[31.587463167921278,30.177213625092946],[31.587458290654869,30.177212922009609],[31.587453414439754,30.177212218035109],[31.587448537160629,30.177211515853582],[31.587443658843206,30.177210813660704],[31.587438781551356,30.177210112380966],[31.587433904272455,30.177209410198916],[31.587429025929517,30.177208709809811],[31.587424148625029,30.177208009431709],[31.587419271320606,30.177207309053415],[31.587414392965041,30.177206609565939],[31.587409514596665,30.17720591098043],[31.587404637253872,30.177205213308095],[31.587399757847287,30.177204514711065],[31.587085923074664,30.177160699624277],[31.586771711922715,30.177118973072236],[31.586766821189276,30.177118341099959],[31.586761931494284,30.177117709138699],[31.586757040760986,30.177117077166063],[31.586752151053251,30.177116446106599],[31.586747261345582,30.177115815046943],[31.586742369548386,30.177115184866913],[31.586737479815099,30.177114555611212],[31.586732589030653,30.177113927246324],[31.586727698259143,30.177113297979098],[31.586722807474835,30.177112669613841],[31.58671791667771,30.177112042150586],[31.586713025880655,30.177111414687126],[31.586708135070804,30.177110788125653],[31.586703244273888,30.177110160661844],[31.5866983534513,30.17710953500217],[31.586693460552045,30.177108909319944],[31.586688569729574,30.177108283659919],[31.586683678894314,30.177107658901861],[31.586678787007877,30.177107035034584],[31.586673896159862,30.177106411178336],[31.58666900427357,30.17710578731073],[31.586664113412819,30.177105164356274],[31.586659220475411,30.177104541379258],[31.58665432857644,30.177103918413263],[31.586649437703027,30.177103296360428],[31.586644545791312,30.17710267429624],[31.58663965386679,30.177102053134007],[31.586634761942349,30.177101431971607],[31.586629870017958,30.177100810809023],[31.586624978067888,30.177100191450585],[31.58662008614364,30.177099570287652],[31.586615193155346,30.177098950917646],[31.586610301218368,30.177098330656513],[31.586605409255689,30.177097712199515],[31.586600517305957,30.177097092840178],[31.586595624305058,30.177096474371606],[31.586590732342604,30.177095855914072],[31.586585839328954,30.17709523834732],[31.586580947366627,30.177094619889417],[31.586576054340245,30.177094003224457],[31.586571162365171,30.177093385668361],[31.58656626933892,30.177092769003043],[31.586561376312744,30.177092152337547],[31.586556484325008,30.177091535683068],[31.586551591298971,30.177090919017218],[31.586546698260115,30.177090303253333],[31.586541805208451,30.177089688391433],[31.586536912182616,30.177089071725028],[31.586532019131095,30.177088456862787],[31.586527126079638,30.177087842000347],[31.586522233028251,30.177087227137736],[31.586517339976933,30.177086612274934],[31.586512446925678,30.177085997411954],[31.586507553874501,30.177085382548789],[31.586502660810506,30.177084768587612],[31.586497767746579,30.177084154626268],[31.58649287468273,30.177083540664722],[31.586487980567689,30.177082927593951],[31.586483087503968,30.177082313632074],[31.586478195465808,30.17708170058334],[31.586473302376465,30.177081088425382],[31.586468408261709,30.177080475353922],[31.586463515185379,30.17707986229345],[31.58645862210912,30.177079249232815],[31.586453727994567,30.177078636160804],[31.586448834905568,30.17707802400194],[31.586443940791149,30.177077410929574],[31.586439047702282,30.177076798770369],[31.586434154613485,30.177076186610996],[31.586429260486387,30.17707557444022],[31.586424368436091,30.177074962291666],[31.586419474309135,30.177074350120542],[31.586414581220605,30.177073737960423],[31.586409687080909,30.177073126691113],[31.586404793979636,30.177072515432805],[31.586399899852953,30.177071903260959],[31.586395006764697,30.177071291100123],[31.586390112625274,30.177070679830081],[31.586385219537156,30.177070067668886],[31.586380326436224,30.177069456409679],[31.586375432297004,30.177068845139104],[31.586370539209089,30.177068232977355],[31.586360751969341,30.177067010446468],[31.561013329395934,30.173896897668847],[31.561008372364348,30.173896278451505],[31.561003414320723,30.173895657418282],[31.560998456264073,30.173895037287011],[31.56099349925891,30.17389441626479],[31.560988541202391,30.173893796133154],[31.560983583159054,30.173893175099185],[31.560978626140987,30.173892554978575],[31.560973668084685,30.173891934846388],[31.560968710041564,30.173891313811836],[31.560963753023707,30.173890693690673],[31.560958794967615,30.173890073557928],[31.560953836898481,30.173889454327149],[31.560948879880833,30.173888834205414],[31.560943921824951,30.173888214072122],[31.560938963769139,30.173887593938613],[31.560934005713381,30.173886973804951],[31.560929047657709,30.17388635367108],[31.560924090614193,30.173885735352719],[31.560919132558659,30.173885115218507],[31.560914174490087,30.173884495986233],[31.560909217473,30.173883875863041],[31.560904259404566,30.173883256630379],[31.560899301323087,30.173882638299713],[31.560894343254787,30.173882019066699],[31.560889386211766,30.173881400747042],[31.560884428130489,30.173880782415821],[31.560879470049297,30.173880164084402],[31.560874511981282,30.173879544850653],[31.560869552848789,30.173878927409621],[31.56086459475469,30.173878309979809],[31.560859636673761,30.17387769164765],[31.560854678579805,30.173877074217479],[31.560849720485905,30.173876456787099],[31.560844763417293,30.173875840270078],[31.560839804285219,30.173875222827942],[31.56083484617843,30.173874606299151],[31.560829888071709,30.173873989770186],[31.560824929965051,30.17387337324104],[31.560819970820155,30.17387275670033],[31.560815012687403,30.173872141975099],[31.560810053529536,30.173871526336139],[31.560805096448359,30.173870910719813],[31.560800137277514,30.173870295982638],[31.56079517914505,30.173869681256665],[31.560790219987457,30.173869065616987],[31.560785260803698,30.173868451781402],[31.56078030265834,30.173867837957033],[31.56077534451304,30.173867224132483],[31.560770385316388,30.173866611198505],[31.560765426119801,30.173865998264347],[31.560760466923288,30.173865385330004],[31.560755507713722,30.173864773297609],[31.560750548517344,30.173864160362896],[31.560745590333134,30.173863549243674],[31.560740631123771,30.173862937210732],[31.560735671901384,30.173862326079764],[31.56073071267905,30.173861714948611],[31.56072575344368,30.173861104719407],[31.560720794221499,30.17386049358787],[31.560715833921723,30.173859885151217],[31.560710874686556,30.173859274921465],[31.560705915438351,30.173858665593681],[31.560700956177097,30.17385805716787],[31.560695995877605,30.173857448730462],[31.560691035565064,30.173856841195029],[31.560686077329219,30.173856233682194],[31.560681117003707,30.173855627048532],[31.560676156678255,30.173855020414702],[31.560671197391187,30.173854413792075],[31.560666237052761,30.173853808060016],[31.560661276714409,30.173853202327766],[31.560656317414434,30.173852596606725],[31.560651356011675,30.173851992667025],[31.560646395647293,30.173851388738516],[31.560641436321308,30.17385078482123],[31.560636474905635,30.173850181783116],[31.560631514528346,30.173849578756212],[31.560626554138015,30.173848976631284],[31.560621592696322,30.173848375396897],[31.560616632306122,30.1738477732716],[31.560611671889781,30.17384717295041],[31.56060671148661,30.173846571726862],[31.560601750018957,30.173845972296057],[31.560596788551379,30.17384537286507],[31.560591827070752,30.173844774336047],[31.560586865590192,30.173844175806828],[31.560581905134907,30.173843578190972],[31.560576942603049,30.173842980552159],[31.560571982134785,30.173842383838078],[31.56056701957684,30.173841788003177],[31.560562058057279,30.173841192179484],[31.560557096524672,30.173840597257776],[31.560552134979016,30.173840003238009],[31.560547173433431,30.173839409218079],[31.560542210849594,30.173838815186549],[31.560537249291031,30.173838222068387],[31.560532285642786,30.173837629829386],[31.560527324071238,30.173837037613016],[31.560522362473534,30.173836447200742],[31.560517398799256,30.173835856765503],[31.560512437188567,30.173835267255004],[31.560507473501318,30.173834677721537],[31.560502510839328,30.173834089101433],[31.5604975481643,30.173833501383299],[31.560492585489339,30.173832913664992],[31.560487621762995,30.173832326837232],[31.56048265906194,30.173831740922836],[31.560477696347828,30.173831155910403],[31.560472731557155,30.173830570875015],[31.560467768830055,30.17382998676435],[31.56046280506472,30.173829402642134],[31.560457841260099,30.173828821226149],[31.560452877481769,30.173828238005719],[31.560447913677283,30.173827656589395],[31.560160788750093,30.17379522840822],[31.559873330179503,30.173765119348893],[31.559868353793327,30.173764618076891],[31.559863378419287,30.173764118620387],[31.559858403032166,30.173763620065859],[31.559853426619931,30.173763120597574],[31.559848451219814,30.173762622944849],[31.559843474768329,30.173762126182638],[31.559838499342082,30.1737616303338],[31.559833521852401,30.173761133559843],[31.559828546413158,30.17376063861278],[31.559823569922532,30.173760144556308],[31.559818593418854,30.173759651401774],[31.559813616915228,30.173759158247059],[31.559808640411656,30.173758665092169],[31.559803662856709,30.173758172827817],[31.559798686313897,30.173757682378987],[31.559793709784255,30.173757191027843],[31.559788733241557,30.173756700578647],[31.559783755647469,30.173756211020017],[31.559778779078645,30.173755722374736],[31.55977380147155,30.173755233717895],[31.559768823851403,30.173754745963006],[31.559763847256505,30.173754259121473],[31.559758868585032,30.173753772256944],[31.559753891977127,30.173753286317208],[31.559748914317833,30.173752801268012],[31.559743936658606,30.17375231621865],[31.559738958999425,30.173751831169067],[31.559733981327188,30.173751347021476],[31.559729002603572,30.173750863764443],[31.55972402594351,30.173750381432153],[31.559719048258327,30.173749898186156],[31.55971406952175,30.173749415830709],[31.559709090759,30.173748935279377],[31.559704113047729,30.173748453837106],[31.559699135310268,30.173747974198943],[31.559694156547693,30.173747493647056],[31.559689178810345,30.173747014008519],[31.559684200021628,30.173746535260555],[31.559679222258154,30.173746057425941],[31.559674243469544,30.173745578677593],[31.559669264667878,30.173745100831223],[31.559664285853131,30.173744623886801],[31.559659307038444,30.173744146942195],[31.559654329249014,30.173743670910941],[31.559649350421317,30.173743194868116],[31.559644370555358,30.173742718813703],[31.559639391714654,30.173742243672663],[31.559634412847764,30.173741770335702],[31.559629434007167,30.173741295194294],[31.55962445514038,30.173740821856974],[31.559619476286784,30.173740347617329],[31.559614497406987,30.173739875181788],[31.559609517502057,30.17373940183252],[31.55960453757093,30.17373893028735],[31.5595995586913,30.173738457851258],[31.55959457978549,30.173737987219262],[31.559589599867657,30.173737514771389],[31.559584620961946,30.173737044139031],[31.559579642043172,30.173736574408629],[31.559574662099266,30.173736103764497],[31.559569683180598,30.173735634033726],[31.559564703223678,30.173735164291365],[31.559559723253685,30.173734695450957],[31.55955474433518,30.17373422571962],[31.559549764365297,30.173733756878839],[31.559544784382357,30.173733288940042],[31.55953980439946,30.173732821001042],[31.559534825454932,30.173732353073266],[31.559529845459025,30.173731886036038],[31.559524865463175,30.173731418998635],[31.559519885467374,30.17373095196103],[31.55951490547163,30.173730484923247],[31.559509925462827,30.173730018787424],[31.559504945454069,30.173729552651412],[31.559499965432249,30.173729087417385],[31.559494985423598,30.17372862128099],[31.559490005401884,30.173728156046575],[31.559485025393347,30.173727689909807],[31.559480045371739,30.173727224675009],[31.559475064285625,30.173726761232921],[31.559470084264134,30.173726295997763],[31.55946510422957,30.173725831664544],[31.559460124195066,30.173725367331148],[31.559455144160612,30.173724902997577],[31.559450163074771,30.173724439554544],[31.5594451830273,30.173723976122741],[31.559440202979886,30.173723512690742],[31.559435221894208,30.173723049247151],[31.559430241846904,30.173722585814787],[31.559425260748213,30.173722123272984],[31.559420280701016,30.173721659840215],[31.559415300627624,30.173721198211581],[31.559410319542224,30.173720734767077],[31.559405340507254,30.173720273149467],[31.559400359421961,30.173719809704565],[31.559395379348793,30.173719348075164],[31.559390398237362,30.173718886434202],[31.55938541817742,30.173718423902304],[31.5593804370661,30.173717962260955],[31.559375457006269,30.173717499728671],[31.559370475881931,30.173717038989093],[31.559365495809086,30.17371657735859],[31.559360514711102,30.173716114814333],[31.559355533586931,30.17371565407419],[31.559350553514243,30.173715192443119],[31.559345573441625,30.173714730811867],[31.55934059335593,30.173714270082574],[31.559335612231976,30.173713809341685],[31.559330631134323,30.173713346796315],[31.559325651048784,30.173712886066458],[31.55932066992499,30.173712425324993],[31.559315689852689,30.173711963692604],[31.559305727618501,30.173711041306614],[31.558205384354224,30.173609155775136],[31.558200404280996,30.17360869500288],[31.558195423182642,30.173608233316877],[31.558190443122658,30.173607771642093],[31.558185462011281,30.173607310857861],[31.558180480899956,30.173606850073437],[31.558175500840139,30.173606388398099],[31.55817051974206,30.173605926711151],[31.558165539669215,30.173605465937563],[31.558160558571245,30.173605004250245],[31.558155578511641,30.173604542574164],[31.558150598452091,30.173604080897874],[31.55814561734115,30.173603620112146],[31.558140637281706,30.17360315843548],[31.558135656197152,30.173602695845066],[31.558130676137818,30.173602234168051],[31.558125695027091,30.173601773381559],[31.558120714994143,30.173601309899833],[31.558115733896667,30.173600848210821],[31.558110753850691,30.173600385630891],[31.558105772753319,30.173599923941513],[31.558100792707457,30.173599461361199],[31.558095811623335,30.173598998769279],[31.558090831577573,30.173598536188592],[31.558085851545005,30.17359807270558],[31.55808087149936,30.173597610124517],[31.558075891466913,30.173597146641107],[31.558070911434513,30.173596683157523],[31.558065930363849,30.173596219662347],[31.558060950331562,30.173595756178361],[31.558055970312459,30.173595291792072],[31.558050989241963,30.173594828296327],[31.55804600922297,30.173594363909647],[31.5580410291909,30.173593900424937],[31.558036049185151,30.173593435135729],[31.558031069179467,30.173592969846347],[31.558026089173833,30.173592504556755],[31.558021108116801,30.17359204015774],[31.558016128124411,30.173591573965634],[31.55801114811894,30.173591108675495],[31.558006168113536,30.173590643385168],[31.55800118812131,30.173590177192509],[31.557996208142278,30.173589710097502],[31.557991228163303,30.173589243002308],[31.557986249222697,30.173588775918343],[31.557981269243829,30.173588308822776],[31.557976289265017,30.173587841727013],[31.557971309299408,30.173587373728946],[31.557966329333848,30.173586905730659],[31.557961350419788,30.17358643684145],[31.557956370454335,30.173585968842797],[31.557951390502076,30.173585499941801],[31.557946410549871,30.173585031040627],[31.55794143061086,30.173584561237114],[31.55793645171023,30.173584091444827],[31.557931471784464,30.173583620738775],[31.557926492897067,30.173583150043967],[31.557921512971419,30.173582679337539],[31.557916534097277,30.173582207740189],[31.557911555223189,30.173581736142669],[31.557906575323976,30.173581263631387],[31.557901596449994,30.173580792033491],[31.55789661656404,30.173580318619695],[31.557891637703317,30.173579846119246],[31.557886658855779,30.173579372716478],[31.557881680008297,30.17357889931354],[31.557876701187158,30.17357842410609],[31.557871722352928,30.173577949800606],[31.55786674249358,30.173577474581368],[31.557861763672602,30.17357699937337],[31.557856784864821,30.173576523263023],[31.557851807095403,30.173576047163909],[31.557846828300868,30.173575570151041],[31.557841849506399,30.173575093137977],[31.557836870725115,30.173574615222584],[31.557831891943884,30.173574137307011],[31.557826914227313,30.173573657598361],[31.557821936497646,30.173573178791667],[31.557816956691415,30.173572699961948],[31.55781197897501,30.173572220252741],[31.557807001284928,30.173571738739039],[31.557802022543459,30.173571258115885],[31.557797044853498,30.173570776601807],[31.557792067163593,30.173570295087544],[31.557787089486883,30.173569812670927],[31.55778211077191,30.173569330242721],[31.557777133121597,30.17356884602145],[31.55777215547133,30.173568361799976],[31.55776717782113,30.173567877578332],[31.557762200197256,30.173567391552172],[31.557757222547171,30.173566907330152],[31.55775224492341,30.173566421303629],[31.557747268351171,30.173565934386204],[31.557742290753801,30.17356544655501],[31.557737313156501,30.173564958723631],[31.557732335572389,30.17356446998992],[31.55772735902665,30.173563981267421],[31.55772238249412,30.173563491642589],[31.557717404923313,30.173563002006166],[31.557712428417172,30.173562510576669],[31.557707451911078,30.173562019146985],[31.557702475418189,30.173561526814961],[31.557697497873903,30.173561035373488],[31.557692522432575,30.173560542150348],[31.557687544927827,30.173560048002045],[31.557682569512899,30.173559552974236],[31.557677593059715,30.173559057934824],[31.557672615581417,30.173558561981658],[31.557667640179808,30.17355806605115],[31.557662663753074,30.173557569206874],[31.557657688391,30.173557070569522],[31.557652711977529,30.173556572822715],[31.557647736615564,30.173556074185008],[31.557642761279947,30.173555573742803],[31.557637784906067,30.173555073288981],[31.557347471493163,30.173524652129089],[31.557057499069682,30.173491867362202],[31.557052535320622,30.173491284916366],[31.557047571584778,30.173490701568191],[31.557042607848992,30.173490118219839],[31.557037645164741,30.173489533980568],[31.557032681455382,30.173488948827565],[31.557027717746088,30.173488363674341],[31.557022755088326,30.173487777630204],[31.557017792443776,30.173487190683748],[31.557012828774123,30.173486602823537],[31.557007866142854,30.173486014974539],[31.557002902486481,30.173485426211791],[31.556997940919945,30.173484836569578],[31.556992978315172,30.173484246915713],[31.556988015723608,30.173483656359537],[31.556983053145256,30.173483064901038],[31.556978090566975,30.173482473442334],[31.556973129040216,30.173481881092712],[31.556968166488367,30.173481287829343],[31.556963204988033,30.173480693675053],[31.556958243474625,30.17348010042274],[31.556953280949269,30.173479505354514],[31.556948319462286,30.173478910297522],[31.556943357988516,30.17347831433818],[31.556938395476511,30.173477718367252],[31.556933435067481,30.173477120614674],[31.556928472581902,30.173476522839067],[31.556923512173015,30.17347592508613],[31.556918550725882,30.173475327321562],[31.55691359034342,30.173474727763953],[31.55690862892272,30.173474128194719],[31.556903667515233,30.173473527723132],[31.556898707146122,30.173472927262811],[31.556893745751914,30.173472325888731],[31.556888785382956,30.17347172542804],[31.556883825040345,30.173471123162855],[31.556878863672637,30.173470519983915],[31.556873904381625,30.173469916827617],[31.556868943027201,30.173469312746164],[31.556863982711175,30.17346870867593],[31.556859023433514,30.173468104616951],[31.556854063130753,30.173467499644193],[31.556849101789751,30.173466894659857],[31.556844141500282,30.173466288784585],[31.556839182249195,30.17346568292054],[31.556834223011325,30.173465076154169],[31.556829262735206,30.17346446937621],[31.55682430351062,30.173463861707308],[31.556819343247788,30.173463254026817],[31.55681438402334,30.173462646357549],[31.556809423786945,30.173462036872387],[31.556804464575784,30.173461428300609],[31.556799505377828,30.173460818826484],[31.556794546179962,30.173460209352193],[31.556789585956981,30.173459598964119],[31.556784626785539,30.173458987685148],[31.556779667601024,30.173458377308148],[31.556774709468026,30.173457766040233],[31.556769750309943,30.173457153858529],[31.55676479115192,30.173456541676675],[31.556759831980827,30.173455930396774],[31.556754872822946,30.173455318214536],[31.556749913678285,30.173454705129977],[31.556744954546847,30.173454091143061],[31.55673999644063,30.17345347806955],[31.55673503730933,30.173452864082261],[31.5567300792164,30.173452250106223],[31.556725120098392,30.173451635216423],[31.5567201620056,30.17345102124002],[31.556715202887727,30.173450406349843],[31.556710244834523,30.173449789666613],[31.556705285716792,30.173449174776064],[31.556700327650578,30.173448558994625],[31.55669536854613,30.173447943201559],[31.556690410480059,30.17344732741973],[31.556685453478671,30.17344670984485],[31.556680495425898,30.173446093160525],[31.55667553634802,30.173445475562403],[31.556670578295382,30.173444858877691],[31.556665620242807,30.173444242192787],[31.556660662216608,30.173443623703395],[31.55665570417732,30.173443006115978],[31.556650746151259,30.173442387626224],[31.556645788112114,30.173441770038426],[31.556640830099347,30.173441150646152],[31.556635872060344,30.173440533057981],[31.556630914047705,30.173439913665344],[31.556625956021993,30.173439295174656],[31.5566209980095,30.17343867578164],[31.556616039997078,30.173438056388431],[31.556611083023043,30.173437437006474],[31.556606125023901,30.173436816710744],[31.55660116699854,30.173436198219132],[31.556596208999537,30.173435577923026],[31.556591252038931,30.173434957638175],[31.556586294026932,30.173434338243844],[31.55658133604129,30.173433717045061],[31.556576379080891,30.173433096759641],[31.556571421069105,30.173432477364766],[31.556566463083673,30.173431856165401],[31.556561506136639,30.17343123497729],[31.556556548138204,30.173430614679702],[31.556551591178149,30.17342999439337],[31.556546633193008,30.173429373193255],[31.556541676246251,30.173428752004412],[31.556536718261242,30.173428130803934],[31.556531760276311,30.173427509603282],[31.556526803316615,30.173426889315998],[31.556521845331819,30.173426268114973],[31.556516888398562,30.173425646023052],[31.556511930413912,30.173425024821647],[31.556506973467634,30.173424403631486],[31.556502015469984,30.173423783331863],[31.556492099514319,30.173422540025609],[31.548791570299638,30.172457247698109],[31.548786612411174,30.17245662710987],[31.54878165454922,30.172456004717148],[31.548776697699182,30.17245538414004],[31.54877173983737,30.172454761746952],[31.548766783000708,30.172454140267323],[31.548761825125808,30.172453518776003],[31.548756868289285,30.172452897296001],[31.548751911466045,30.172452274913681],[31.548746952553063,30.172451653410306],[31.54874199571675,30.17245103192975],[31.548737037842212,30.17245041043752],[31.548732081019246,30.172449788054443],[31.548727124196361,30.172449165671171],[31.548722167373548,30.172448543287732],[31.548717209512507,30.172447920892598],[31.548712251638317,30.17244729939943],[31.548707294815713,30.172446677015444],[31.548702336968098,30.1724460537176],[31.548697380145637,30.172445431333223],[31.548692423323249,30.172444808948672],[31.548687466514153,30.172444185661764],[31.548682508653592,30.172443563265354],[31.548677550806342,30.17244293996659],[31.548672594010679,30.172442315777001],[31.548667637188629,30.172441693391502],[31.548662680393104,30.172441069201543],[31.548657722546135,30.172440445902033],[31.548652765750738,30.172439821711709],[31.548647808942203,30.172439198423312],[31.548642852146962,30.172438574232618],[31.548637895365012,30.172437949139574],[31.5486329375316,30.172437324937011],[31.548627980749792,30.172436699843598],[31.54862302500635,30.172436074761471],[31.54861806822468,30.172435449667695],[31.548613111456309,30.172434823671583],[31.548608153636472,30.172434198565927],[31.548603197906537,30.17243357258095],[31.548598241138372,30.172432946584273],[31.5485932843835,30.172432319685264],[31.548588327615469,30.172431693688214],[31.54858337086074,30.172431066788857],[31.548578415144377,30.172430439900783],[31.548573458403013,30.172429812098887],[31.5485685016485,30.172429185198958],[31.548563545945566,30.172428557408175],[31.548558589217627,30.172427928703581],[31.548553632489767,30.172427299998802],[31.548548676787057,30.172426672207465],[31.548543721110857,30.172426042611658],[31.548538764396433,30.172425413004181],[31.548533807668846,30.172424784298663],[31.548528852006083,30.172424153800154],[31.548523896343394,30.172423523301457],[31.548518940680772,30.172422892802565],[31.548513985018225,30.172422262303495],[31.548509029368965,30.172421630902107],[31.548504072694712,30.17242099858689],[31.548499118083889,30.172420367196597],[31.548494162448073,30.172419734892507],[31.548489205787259,30.172419101674571],[31.548484251189873,30.17241846938159],[31.548479295567496,30.172417836174787],[31.548474339958407,30.172417202065652],[31.548469385400914,30.172416567065671],[31.548464429791967,30.17241593295617],[31.548459475234615,30.172415297955812],[31.548454519652257,30.172414662041653],[31.548449565095048,30.172414027040933],[31.548444609526062,30.172413390224243],[31.548439654982225,30.172412754320998],[31.548434700464899,30.172412116613291],[31.548429744909345,30.172411478893903],[31.548424791430474,30.172410841197319],[31.548419835888293,30.172410202575406],[31.548414882422776,30.172409563976288],[31.54840992690719,30.17240892354971],[31.548404973441816,30.172408284950226],[31.548400018977894,30.172407643632631],[31.54839506448759,30.172407004119158],[31.548390110037033,30.17240636189905],[31.548385155573339,30.172405720580869],[31.548380202161219,30.172405078371902],[31.548375248749174,30.172404436162708],[31.548370295363657,30.172403792149037],[31.548365340926686,30.172403149025868],[31.548360387554531,30.172402504109691],[31.548355434182451,30.172401859193315],[31.548350480810456,30.172401214276789],[31.548345528503258,30.172400567567252],[31.548340574106327,30.172399921736702],[31.548335620760991,30.172399275015305],[31.548330668467244,30.172398627403059],[31.548325715148497,30.172397978876997],[31.548320762868126,30.172397330362248],[31.548315809562748,30.172396680933694],[31.548310857308973,30.172396030614273],[31.548305905042039,30.172395381196825],[31.548300951763327,30.172394729963404],[31.548295999536226,30.172394077839122],[31.548291048347487,30.172393425726177],[31.54828609613374,30.172392772699396],[31.548281143920086,30.172392119672434],[31.548276191719712,30.172391465743132],[31.548271239532649,30.172390810911523],[31.548266289422241,30.172390156102683],[31.548261337248547,30.172389500368531],[31.548256386139677,30.172388842841396],[31.548251433979349,30.172388186204749],[31.548246482883847,30.172387527775115],[31.548241531788413,30.172386869345274],[31.548236580706291,30.172386210013116],[31.548231629637463,30.172385549778607],[31.548226679620228,30.172384888653273],[31.547936882936551,30.172344982034737],[31.547647531437665,30.17230270667908],[31.547642596131269,30.172301963586083],[31.547637659760195,30.1723012222857],[31.547632725505494,30.172300478301683],[31.547627790212566,30.172299734305977],[31.54762285493296,30.172298989407938],[31.547617920718199,30.172298242716941],[31.547612986490275,30.172297496927911],[31.547608052275677,30.172296750236537],[31.54760311703609,30.172296002631338],[31.547598182834882,30.172295255037429],[31.547593248660228,30.172294505639062],[31.547588315510701,30.172293757154172],[31.54758338134944,30.172293006853309],[31.547578448239776,30.172292255661585],[31.547573514078682,30.172291505360349],[31.547568580982418,30.172290753266129],[31.547563646847951,30.172290001160224],[31.547558713765085,30.172289248163477],[31.547553780695541,30.172288494264425],[31.547548847626068,30.172287740365171],[31.547543914583155,30.172286984661447],[31.547538982565388,30.172286229871197],[31.547534049522628,30.172285474167111],[31.547529116493195,30.172284717560686],[31.547524184502141,30.172283960965586],[31.547519252511158,30.172283204370295],[31.547514320546735,30.172282445970534],[31.54750938755733,30.172281686656934],[31.547504456631366,30.172280928268307],[31.547499524680426,30.172280168965845],[31.547494592756017,30.172279407858909],[31.547489660818474,30.172278647653918],[31.547484729932538,30.172277886558131],[31.547479798008393,30.172277125450659],[31.547474867135858,30.17227636345233],[31.547469936263408,30.172275601453837],[31.547465004379216,30.172274837639357],[31.547460072495092,30.172274073824703],[31.547455141636128,30.172273310923519],[31.547450210803706,30.172272546217847],[31.547445281022906,30.172271780621337],[31.547440350190648,30.172271015915296],[31.547435419358489,30.172270251209078],[31.547430488552866,30.172269484698376],[31.547425557747342,30.172268718187496],[31.547420627993414,30.172267950785788],[31.547415698226345,30.172267184286039],[31.547410767447531,30.172266415970324],[31.547405836668805,30.172265647654427],[31.547400906928466,30.172264879349829],[31.547395977201425,30.172264110142923],[31.547391048512775,30.172263340947325],[31.547386117760848,30.172262570826387],[31.547381188047304,30.172261800716779],[31.547376258333838,30.172261030606997],[31.547371328633695,30.17226025959485],[31.54736639893364,30.172259488582554],[31.547361470271962,30.172258717581553],[31.547356540585305,30.172257945666747],[31.54735161089873,30.172257173751735],[31.547346682263772,30.172256400945916],[31.547341752577378,30.172255629030531],[31.547336823955817,30.172254855322215],[31.547331895334345,30.172254081613676],[31.547326965674664,30.17225330789346],[31.547322037053373,30.172252534184576],[31.547317108445387,30.172251759573346],[31.547312178785955,30.172250985852589],[31.547307251216445,30.172250211252496],[31.547302321583654,30.172249435727071],[31.547297392989243,30.17224866021299],[31.54729246543322,30.172247884710206],[31.547287535800688,30.172247109184241],[31.547282608258055,30.172246332778951],[31.547277678638928,30.172245556350482],[31.547272751096479,30.172244779944805],[31.547267822529047,30.17224400262532],[31.547262894986769,30.172243226219287],[31.547257966432738,30.172242447997288],[31.547253037865566,30.172241670677256],[31.547248110336774,30.172240893368539],[31.547243181783006,30.172240115146],[31.547238254267622,30.172239336934748],[31.547233325714018,30.172238558711825],[31.547228398212038,30.172237779598095],[31.547223469645374,30.172237002276962],[31.547218542143554,30.172236223162855],[31.547213613603546,30.172235444037035],[31.547208686101897,30.172234664922588],[31.547203758600343,30.172233885807938],[31.547198831112105,30.172233105790955],[31.547193902572431,30.172232326664407],[31.547188975084357,30.172231546647065],[31.547184047596385,30.172230766629539],[31.547179120108481,30.172229986611811],[31.547174191582378,30.172229206582411],[31.54716926513295,30.172228426575835],[31.547164336607011,30.172227646546077],[31.547159410170995,30.172226865636986],[31.547154481645226,30.172226085606848],[31.547149555209383,30.172225304697374],[31.547144626683785,30.172224524666884],[31.547139700248106,30.172223743757069],[31.547134771735919,30.172222962824048],[31.547129845300411,30.172222181913874],[31.547124916775161,30.172221401882634],[31.547119990339823,30.172220620972087],[31.547115061827981,30.172219840038345],[31.547110135392817,30.172219059127421],[31.547105206881145,30.172218278193327],[31.547100280446145,30.172217497282041],[31.54709535299942,30.172216714554771],[31.547085498053264,30.172215152708294],[31.546290279425527,30.172089092066681],[31.546285350928091,30.172088311102165],[31.54628042450733,30.172087530160503],[31.546275497048367,30.172086749207139],[31.546270568551183,30.172085968242076],[31.546265642130681,30.172085187299871],[31.546260713633668,30.172084406334438],[31.546255787213337,30.172083625391856],[31.546250859754785,30.172082844437568],[31.546245932309578,30.172082062580976],[31.546241004851197,30.17208128162634],[31.546236077392919,30.172080500671505],[31.546231149921468,30.172079720618644],[31.546226222463361,30.172078939663447],[31.546221295005324,30.172078158708079],[31.546216366495848,30.17207737864317],[31.546211440063029,30.172076598601066],[31.546206511566975,30.172075817633658],[31.546201584096039,30.172075037579688],[31.546196656611951,30.172074258427688],[31.546191729141182,30.172073478373377],[31.546186800632213,30.172072698307371],[31.546181874199917,30.172071918264166],[31.546176945677875,30.172071139099945],[31.546172018207461,30.172070359044902],[31.546167090723877,30.172069579891808],[31.546162163240389,30.172068800738518],[31.546157234718688,30.172068021573565],[31.546152307222123,30.172067243322068],[31.546147378700589,30.17206646415675],[31.546142451204201,30.172065685904883],[31.546137522669593,30.172064907641332],[31.546132595173361,30.172064129389106],[31.546127666638938,30.172063351125193],[31.546122739129636,30.172062573774745],[31.546117810582132,30.172061796412617],[31.546112883073004,30.172061019061815],[31.546107953487372,30.172060241687802],[31.54610302596517,30.172059465238771],[31.546098098456298,30.172058687887422],[31.546093168844433,30.172057912317147],[31.546088241322487,30.172057135867576],[31.546083311710795,30.172056360296942],[31.546078384189013,30.172055583847008],[31.546073454564254,30.172054809178139],[31.546068527042639,30.17205403272785],[31.546063598443087,30.172053258972291],[31.546058668818585,30.172052484302881],[31.546053740232445,30.172051709644805],[31.546048810594854,30.172050935877198],[31.546043881995644,30.1720501621209],[31.546038953396526,30.172049388364421],[31.546034023759191,30.172048614596264],[31.546029095146981,30.172047841741566],[31.546024166521629,30.172047069788835],[31.546019236858058,30.172046297824409],[31.546014307194572,30.17204552585979],[31.546009377517922,30.172044754797152],[31.546004448892894,30.172043982843704],[31.545999519203171,30.172043212682826],[31.545994588488487,30.172042441608131],[31.545989659823992,30.172041672360557],[31.545984730134514,30.172040902199136],[31.545979800431883,30.172040132939692],[31.545974869691051,30.172039363668556],[31.54596993997534,30.172038595310894],[31.545965010259714,30.172037826953034],[31.545960079479393,30.172037060387787],[31.545955148725646,30.172036292018053],[31.545950218997028,30.172035524561796],[31.545945289242002,30.172034758909643],[31.545940358448771,30.172033993245819],[31.545935427668869,30.172033226679655],[31.54593049686256,30.172032461917585],[31.545925566056336,30.172031697155337],[31.545920635250191,30.172030932392904],[31.545915704444131,30.172030167630318],[31.545910772573375,30.1720294046603],[31.545905841740993,30.172028641701623],[31.545900910908692,30.172027878742757],[31.545895979024937,30.172027116674336],[31.545891048153067,30.17202635642154],[31.54588611625622,30.172025595254915],[31.545881185397764,30.172024834099606],[31.545876253487855,30.172024073834759],[31.545871320513243,30.172023315362509],[31.545866388603489,30.172022555097278],[31.545861456667335,30.172021796636159],[31.545856524718019,30.172021039077027],[31.545851592782025,30.172020280615548],[31.545846659768081,30.17201952484881],[31.545841727805769,30.172018768191258],[31.545836794791999,30.172018012424154],[31.5458318617783,30.172017256656886],[31.545826928751449,30.172016501791571],[31.545821995711439,30.172015747828201],[31.545817062658248,30.172014994766801],[31.545812129605149,30.172014241705234],[31.545807196552129,30.172013488643465],[31.545802263472705,30.17201273738582],[31.545797330393349,30.17201198612797],[31.545792396275804,30.172011234858449],[31.545787462131827,30.172010485393034],[31.545782527987946,30.172009735927432],[31.545777593830891,30.172008987363789],[31.545772659673933,30.17200823879995],[31.545767725490542,30.172007492040233],[31.545762791307244,30.172006745280328],[31.545757857137275,30.172005997618101],[31.545752921889353,30.172005252650624],[31.545747986641508,30.172004507682953],[31.5457430524188,30.172003763628755],[31.545738117157878,30.172003019562872],[31.545733181870535,30.172002277301075],[31.545728246583277,30.172001535039115],[31.545412314881897,30.171955498009108],[31.545095854957719,30.17191228575874],[31.545090902794247,30.171911632612733],[31.545085950604346,30.171910981270852],[31.545080999466048,30.171910329038134],[31.545076046238012,30.171909677684358],[31.545071094035062,30.171909027244062],[31.545066140793917,30.171908376792057],[31.545061188564606,30.17190772815567],[31.545056236322129,30.171907080421242],[31.545051283054679,30.171906431772982],[31.545046329760794,30.171905784928828],[31.545041377505282,30.171905138095994],[31.545036423160003,30.171904492142083],[31.545031469839824,30.171903847101664],[31.545026516519719,30.171903202061046],[31.545021563186445,30.171902557922383],[31.545016608814944,30.171901913772039],[31.545011656493582,30.171901271448846],[31.545006702095723,30.171900629102399],[31.545001747697931,30.171899986755783],[31.544996794311988,30.171899346224798],[31.544991838862792,30.171898704768417],[31.544986885463739,30.171898065139203],[31.544981931013218,30.171897426400434],[31.544976975537725,30.171896786747816],[31.544972022125645,30.171896148020188],[31.544967066610543,30.171895511073625],[31.544962112147044,30.171894873236258],[31.544957157670368,30.171894236300851],[31.544952203180511,30.171893600267392],[31.544947247652438,30.171892964222245],[31.544942293149465,30.17189232909055],[31.544937336569987,30.171891693935667],[31.544932382053904,30.171891059705764],[31.544927426486346,30.171890426366311],[31.544922470918866,30.171889793026661],[31.544917516389745,30.171889159698363],[31.544912559757599,30.171888528151126],[31.544907605215364,30.171887895724584],[31.544902648570108,30.171887265079118],[31.544897692963215,30.171886634445002],[31.544892737369636,30.171886002908529],[31.544887780711345,30.171885373164638],[31.544882825078147,30.171884744334239],[31.544877869458286,30.171884114601525],[31.544872912786943,30.171883485759224],[31.544867956102419,30.171882857818904],[31.54486300045626,30.171882229889917],[31.544858043771864,30.171881601949224],[31.544853087074294,30.171880974910493],[31.544848131415087,30.171880347883082],[31.544843173666123,30.171879721734591],[31.544838217993799,30.171879095608976],[31.544833261269989,30.17187847037378],[31.544828303507977,30.171877845126886],[31.544823346784323,30.171877219891343],[31.544818390047467,30.171876595557734],[31.544813433297442,30.171875972126102],[31.544808475522455,30.171875347780599],[31.544803518759309,30.171874725250763],[31.544798562009483,30.171874101818549],[31.544793605246483,30.171873479288319],[31.544788648496809,30.171872855855735],[31.544783689644103,30.171872234204251],[31.544778732881312,30.17187161167347],[31.544773776092079,30.171870990946779],[31.544768818264618,30.171870370208381],[31.544763861488775,30.171869748579176],[31.544758902623183,30.171869127828913],[31.544753945820961,30.171868508003634],[31.54474898798053,30.171867888166648],[31.544744030140158,30.171867268329482],[31.544739073351415,30.171866647601504],[31.544734115497945,30.171866028666109],[31.544729156606238,30.171865409719004],[31.544724198752906,30.171864790783243],[31.544719240899632,30.171864171847282],[31.544714283033176,30.171863553813282],[31.544709325166799,30.171862935779107],[31.544704367300472,30.17186231774475],[31.54469940943423,30.171861699710192],[31.544694450516502,30.171861082566085],[31.544689492623885,30.171860466335449],[31.544684534744579,30.171859849202505],[31.544679576865363,30.171859232069355],[31.5446746189862,30.171858614936017],[31.544669660068831,30.171857997790976],[31.544664702176551,30.171857381559423],[31.544659744271097,30.17185676622983],[31.544654786378967,30.1718561499979],[31.544649827448605,30.171855533754261],[31.54464486850506,30.171854918412588],[31.544639910613142,30.171854302180115],[31.544634951669732,30.171853686838059],[31.544629993751435,30.171853072409505],[31.544625034821429,30.171852456164938],[31.544620076916527,30.171851840833842],[31.544615118998426,30.171851226404733],[31.544610160055377,30.17185061106176],[31.544605202137419,30.171849996632275],[31.544600243181254,30.17184938219108],[31.544595284238405,30.171848766847539],[31.544590326307404,30.171848153319637],[31.544585367364693,30.171847537975744],[31.544580409433831,30.171846924447468],[31.544575450491262,30.171846309103184],[31.544570491535509,30.171845694660881],[31.544565532566562,30.17184508112053],[31.544560573610944,30.171844466677864],[31.544555615693689,30.171843852246493],[31.544550656738206,30.171843237803454],[31.544545698807834,30.171842624273864],[31.54454073985249,30.17184200983046],[31.544530822967051,30.171840781856716],[31.532697825430578,30.170374813204859],[31.5326929640784,30.170374210235526],[31.532688102712914,30.170373608168159],[31.532683242399141,30.170373005210099],[31.532678381033794,30.17037240314237],[31.532673519681875,30.17037180017234],[31.532668659354933,30.17037119811587],[31.532663798003149,30.170370595145474],[31.532658936638075,30.170369993077053],[31.532654076324697,30.170369390117894],[31.532649214973112,30.170368787146977],[31.532644353621603,30.170368184175857],[31.532639493308427,30.17036758121619],[31.532634631957048,30.170366978244715],[31.532629770605741,30.170366375273076],[31.532624910292757,30.170365772312866],[31.532620048941581,30.170365169340872],[31.532615187590466,30.170364566368701],[31.532610328342692,30.17036396161528],[31.532605467005094,30.170363357740595],[31.532600605654171,30.17036275476789],[31.532595745354971,30.170362150904463],[31.532590884017562,30.170361547029263],[31.532586023718483,30.170360943165473],[31.532581163432852,30.170360338399394],[31.532576302109014,30.170359733621513],[31.532571441823503,30.17035912885504],[31.5325665804998,30.170358524076818],[31.532561721252701,30.170357919321614],[31.532556859942488,30.170357313640878],[31.532551998618992,30.170356708862105],[31.532547139385461,30.170356103204238],[31.532542278088819,30.170355496620818],[31.532537417817153,30.170354890950986],[31.532532557545558,30.170354285280972],[31.532527697287396,30.170353678708636],[31.532522837029287,30.170353072136116],[31.532517976784629,30.170352464661278],[31.532513116526669,30.170351858088406],[31.5325082562955,30.170351249711082],[31.532503396037679,30.170350643137859],[31.532498535806653,30.170350034760176],[31.532493675575701,30.170349426382316],[31.532488816383079,30.170348818015889],[31.532483956165613,30.170348208735525],[31.532479095934864,30.170347600357129],[31.532474235730916,30.170346990174259],[31.532469376551926,30.170346380904984],[31.532464517386384,30.170345770733373],[31.532459657195993,30.170345159647848],[31.532454796978946,30.17034455036643],[31.532449937826971,30.170343939292167],[31.532445077650166,30.170343327303936],[31.532440218511692,30.170342715327177],[31.532435359373281,30.170342103350219],[31.532430500234945,30.170341491373097],[31.532425641123407,30.170340877591531],[31.532420781998578,30.170340264711889],[31.532415921848916,30.170339650918343],[31.532411062737587,30.17033903713622],[31.532406203626326,30.170338423353908],[31.532401344541874,30.170337807767162],[31.532396486482384,30.170337193093985],[31.532391628449698,30.170336576616332],[31.532386769365452,30.170335961029064],[31.532381910281266,30.17033534544159],[31.532377052262156,30.170334728061267],[31.532372193218219,30.170334109767019],[31.53236733519925,30.170333492386352],[31.532362476155445,30.170332874091752],[31.532357618163346,30.170332254906434],[31.532352760171321,30.170331635720959],[31.532347902165988,30.170331017437448],[31.532343044200829,30.17033039644733],[31.532338186222379,30.170329776359154],[31.531995491053131,30.170284705287653],[31.531653242187549,30.170237150709053],[31.531648395645043,30.17023646034492],[31.531643551205896,30.17023576819955],[31.531638705741933,30.170235075140262],[31.531633861316312,30.17023438209241],[31.531629015852499,30.170233689032745],[31.531624171440416,30.170232995082415],[31.531619327028391,30.170232301131882],[31.531614481591561,30.170231606267421],[31.531609637193068,30.170230911414418],[31.531604792821412,30.170230214756948],[31.53159994843644,30.170229519001428],[31.53159510406493,30.170228822343599],[31.531590259693491,30.1702281256856],[31.53158541637378,30.170227428136897],[31.531580572029245,30.170226729674258],[31.53157572767142,30.170226032113593],[31.531570884365301,30.170225333662227],[31.531566040020998,30.170224635199055],[31.531561195690152,30.170223935833565],[31.531556352411016,30.170223235577385],[31.531551509118575,30.170222536223175],[31.531546664814716,30.170221835052864],[31.531541821535807,30.170221134796165],[31.531536978270363,30.170220433637155],[31.531532135018356,30.170219731575802],[31.531527290714788,30.170219030404798],[31.53152244850121,30.170218328354711],[31.531517605249444,30.170217626292857],[31.531512762011129,30.170216923328656],[31.531507918772881,30.170216220364306],[31.531503075534726,30.17021551739975],[31.53149823336166,30.170214812642374],[31.531493390123643,30.170214109677477],[31.531488546912463,30.170213404908125],[31.531483703687982,30.170212701040732],[31.531478860476955,30.170211996271039],[31.531474019355915,30.170211290622248],[31.531469176145045,30.170210585852196],[31.531464332934242,30.170209881081959],[31.53145949077517,30.170209175421018],[31.531454647591271,30.170208468846166],[31.531449806470615,30.170207763196505],[31.531444963286887,30.170207056621276],[31.531440121141486,30.170206350057509],[31.531435277944531,30.170205644384069],[31.531430435812666,30.170204936917802],[31.531425593667507,30.170204230353505],[31.531420751549177,30.170203521984735],[31.531415909404156,30.170202815420073],[31.531411067285987,30.170202107050955],[31.531406225154509,30.17020139958381],[31.531401383023102,30.170200692116481],[31.531396540918539,30.170199982844693],[31.531391698787285,30.170199275377001],[31.531386856669499,30.170198567006999],[31.531382014565164,30.170197857734692],[31.531377173472411,30.170197150278099],[31.531372331368225,30.170196441005437],[31.53136748926412,30.170195731732598],[31.531362647146711,30.170195023361718],[31.531357805042752,30.170194314088498],[31.531352962938882,30.170193604815136],[31.531348120821701,30.170192896443723],[31.531343278717983,30.170192187170002],[31.531338436627721,30.17019147699396],[31.531333594524142,30.170190767719859],[31.531328754510564,30.170190057566717],[31.531323912393777,30.170189349194438],[31.531319070303816,30.170188639017688],[31.531314228200554,30.170187929742887],[31.531309386110753,30.17018721956579],[31.531304544007654,30.170186510290652],[31.531294860853315,30.170185090849319],[31.530674791268773,30.170094206947162],[31.530669949175767,30.170093497648889],[31.530665107082832,30.170092788350438],[31.530660265003362,30.170092078149658],[31.530655423948854,30.170091368862479],[31.530650581869534,30.170090658661362],[31.530645739776915,30.170089949362204],[31.530640897684375,30.17008924006285],[31.530636055605289,30.170088529861211],[31.53063121455116,30.170087820573148],[31.530626373483731,30.170087112187058],[31.530621531404879,30.170086401984864],[31.530616689312716,30.170085692684651],[31.530611847207254,30.170084984286387],[31.530607005115247,30.170084274985822],[31.530602163023318,30.170083565685076],[31.53059732091808,30.170082857286289],[31.530592478826311,30.170082147985173],[31.530587636721226,30.170081439586028],[31.530582794616222,30.170080731186726],[31.530577952511283,30.170080022787236],[31.530573111444703,30.170079314399207],[31.530568269339927,30.170078605999361],[31.530563427235236,30.170077897599327],[31.530558585103837,30.170077191003422],[31.530553742999299,30.170076482603058],[31.530548899843176,30.170075775093007],[31.530544057725407,30.170075067594418],[31.530539215594324,30.170074360997791],[31.530534373463311,30.170073654400991],[31.530529531345771,30.170072946901868],[31.530524689201535,30.170072241206846],[31.530519846045873,30.170071533695758],[31.53051500390179,30.170070828000387],[31.530510160719512,30.1700701222932],[31.530505318575582,30.170069416597475],[31.530500476431719,30.170068710901578],[31.530495633236296,30.170068006096031],[31.530490791079217,30.170067301301913],[31.530485947897315,30.170066595593852],[31.530481104688732,30.170065891689894],[31.530476262518491,30.170065187797398],[31.530471419310057,30.170064483893078],[31.530466576101702,30.170063779988595],[31.530461732880031,30.170063076986082],[31.530456889658446,30.170062373983374],[31.530452047475201,30.170061670992137],[31.530447204240378,30.170060968891224],[31.530442361005637,30.170060266790138],[31.5304375167327,30.170059564677228],[31.530432673498105,30.1700588625758],[31.530427831275077,30.170058162290079],[31.530422986988984,30.170057461078795],[31.530418142689577,30.17005676076948],[31.530413300453397,30.170056061385377],[31.530408456154149,30.170055361075704],[31.530403611841596,30.170054661667983],[31.53039876751572,30.170053963162236],[31.530393924241569,30.170053263765809],[31.530389079902477,30.170052566161839],[31.530384235576829,30.170051867655562],[31.530379392262748,30.170051170965003],[31.53037454791049,30.170050474262656],[31.5303697035583,30.170049777560124],[31.530364859206188,30.170049080857407],[31.53036001482738,30.170048385958808],[31.530355170462034,30.170047690157876],[31.530350326069978,30.170046996161066],[31.530345480653136,30.170046301250299],[31.530340636261236,30.170045607253122],[31.530335790817773,30.170044914146288],[31.530330946412636,30.170044221050887],[31.530326100969319,30.170043527943687],[31.530321255512678,30.170042835738457],[31.530316411067609,30.170042145348958],[31.530017940364829,30.170000531342453],[31.52971912934013,30.169960804948559],[31.529714272586016,30.169960174852406],[31.529709415818573,30.169959545658234],[31.529704560076073,30.169958917377667],[31.529699703295382,30.169958289085269],[31.529694846514751,30.169957660792711],[31.529689988669148,30.169957034292601],[31.529685131875269,30.169956406901818],[31.52968027505468,30.169955781315128],[31.529675418247539,30.169955154826134],[31.529670561427075,30.169954529239085],[31.529665703568423,30.169953903640231],[31.529660846721328,30.169953279857115],[31.529655988836023,30.169952656062161],[31.529651131989056,30.169952032278704],[31.52964627411728,30.169951407581273],[31.529641417257054,30.169950784699594],[31.529636559345242,30.169950162708215],[31.529631701446892,30.169949539814539],[31.529626843521829,30.169948918724959],[31.529621985610227,30.16994829673304],[31.529617127685292,30.169947675643112],[31.529612269760428,30.169947054553003],[31.529607411808847,30.169946435266997],[31.529602553870731,30.169945815078659],[31.529597695932679,30.169945194890122],[31.529592837981301,30.169944575603587],[31.529587978991735,30.169943956305229],[31.529583121027098,30.169943337920458],[31.52957826307593,30.169942718633379],[31.529573404059779,30.169942101138751],[31.529568546095348,30.169941482753451],[31.529563687065941,30.169940866160609],[31.529558829101649,30.169940247774953],[31.529553970072378,30.169939631181776],[31.529549112081433,30.169939014600036],[31.529544253052297,30.169938398006487],[31.529539394009838,30.169937782314896],[31.529534536019096,30.169937165732623],[31.529529676976775,30.169936550040696],[31.529524817921121,30.169935935250713],[31.529519958878936,30.169935319558398],[31.529515099823413,30.169934704768075],[31.529510240767969,30.169934089977556],[31.529505381712589,30.169933475186848],[31.529500522643882,30.169932861298125],[31.529495663602027,30.169932245604929],[31.529490804533456,30.169931631715855],[31.529485946489821,30.16993101874035],[31.529481087421388,30.16993040485092],[31.529476228353019,30.169929790961284],[31.529471369271327,30.169929177973621],[31.529466509151444,30.169928564974143],[31.529461650069887,30.169927951986132],[31.529456790988394,30.169927338997923],[31.529451931906976,30.16992672600955],[31.529447071773955,30.169926113911483],[31.529442212692672,30.169925500922758],[31.529437353598055,30.169924888835997],[31.529432494516907,30.169924275846903],[31.529427635422433,30.169923663759779],[31.52942277528976,30.169923051660835],[31.529417916195417,30.169922439573359],[31.529413057087748,30.169921828387846],[31.529408196955274,30.169921216288355],[31.529403337847739,30.169920605102476],[31.529398477715411,30.169919993002647],[31.529393618621413,30.169919380914262],[31.529388759514081,30.16991876972785],[31.529383900420211,30.169918157639131],[31.529379040274744,30.169917546440729],[31.529374181167622,30.16991693525377],[31.529369321035695,30.169916323152872],[31.529359601796919,30.169915099864305],[31.525523812798852,30.169432376580662],[31.525519056358178,30.169431778135536],[31.52551429991756,30.169431179690253],[31.525509543477014,30.169430581244789],[31.525504786011698,30.169429981885365],[31.52550002955785,30.169429384341708],[31.525495273130932,30.169428784993599],[31.525490516704075,30.169428185645327],[31.525485760263852,30.16942758719901],[31.525481003837129,30.1694269878504],[31.525476247397034,30.169426389403725],[31.525471489932183,30.169425790043107],[31.525466733505656,30.169425190693989],[31.525461977065756,30.169424592246823],[31.525457220639353,30.169423992897357],[31.525452464199589,30.169423394449851],[31.52544770778675,30.169422794197885],[31.525442951360542,30.169422194847908],[31.525438194947832,30.169421594595622],[31.525433437483496,30.169420995233629],[31.525428682095743,30.169420395894807],[31.525423925683231,30.169419795641993],[31.525419169257354,30.169419196291155],[31.525414412844967,30.169418596038017],[31.525409657484335,30.169417994894239],[31.52540490003382,30.169417394629068],[31.525400143621631,30.169416794375419],[31.525395388261202,30.169416193231132],[31.525390631862575,30.169415592074987],[31.525385875464018,30.169414990918686],[31.525381119065511,30.16941438976221],[31.525376362667082,30.169413788605556],[31.525371607320412,30.169413186558284],[31.525366850922108,30.169412585401275],[31.525362094537311,30.169411983341995],[31.525357339190823,30.169411381294193],[31.525352582806153,30.16941077923455],[31.525347827473237,30.169410176284288],[31.525343071102128,30.169409573322159],[31.52533831473108,30.169408970359882],[31.525333559398355,30.16940836740909],[31.525328803054311,30.169407762642177],[31.525324047721718,30.169407159691065],[31.525319292402621,30.169406555837615],[31.525314536058769,30.169405951070193],[31.525309780739807,30.169405347216429],[31.525305025447771,30.169404741558196],[31.525300270142377,30.169404136801944],[31.525295513798795,30.169403532033837],[31.525290758506955,30.169402926375106],[31.525286003228615,30.169402319814075],[31.52528124793691,30.169401714154983],[31.525276492672141,30.16940110669147],[31.525271737380567,30.169400501032055],[31.525266982129359,30.169399892666043],[31.524949367556971,30.169358603286277],[31.524632001880324,30.169315891228013],[31.524627254524091,30.169315241422485],[31.524622507181348,30.169314590714666],[31.524617759838691,30.169313940006656],[31.524613012496093,30.16931328929849],[31.524608265167004,30.169312637688005],[31.524603516799743,30.169311986065679],[31.524598770522481,30.169311333564391],[31.524594023193611,30.169310681953416],[31.524589274826546,30.169310030330564],[31.524584527524688,30.169309376914974],[31.52457978124772,30.16930872441301],[31.524575033945993,30.169308070997065],[31.524570286644352,30.16930741758096],[31.524565540381019,30.169306764176351],[31.524560793079523,30.169306110759901],[31.52455604579152,30.169305456441133],[31.524551298503596,30.169304802122209],[31.524546552253987,30.169304147814774],[31.524541804979645,30.169303492593372],[31.524537058730175,30.169302838285624],[31.524532312494223,30.169302183075551],[31.52452756523352,30.169301526951497],[31.524522817959461,30.169300871729405],[31.524518071737152,30.169300215616691],[31.524513325501484,30.169299560405939],[31.524508579279328,30.169298904292887],[31.524503832018976,30.169298248168005],[31.524499085796961,30.169297592054598],[31.524494338550188,30.16929693502723],[31.52448959338,30.16929627802303],[31.524484846119933,30.169295621897451],[31.524480099911639,30.169294964881235],[31.524475353703412,30.169294307864856],[31.524470607508686,30.16929364994618],[31.524465861300602,30.169292992929453],[31.524461115092574,30.169292335912566],[31.524456367859823,30.169291677981683],[31.524451621665381,30.1692910200623],[31.524446876495823,30.169290363056586],[31.524442129263281,30.169289705125212],[31.524437383069053,30.169289047205336],[31.524432636874899,30.169288389285295],[31.524427890680805,30.169287731365081],[31.5244231444868,30.169287073444693],[31.524418398306295,30.169286414622015],[31.524413652125862,30.169285755799137],[31.524408905932056,30.169285097878241],[31.524404159738321,30.169284439957185],[31.524399413558104,30.169283781133817],[31.52439466840277,30.169283123224087],[31.524389922222682,30.169282464400389],[31.524385175004426,30.169281805564822],[31.524375682631174,30.169280488818682],[31.523750834482701,30.16919379912072],[31.523746089337006,30.169193141187794],[31.52374134316657,30.1691924823409],[31.523736596982747,30.16919182439597],[31.5237318508259,30.169191164646598],[31.523727104642237,30.16919050670132],[31.523722359496876,30.169189848767562],[31.523717613326792,30.169189189919788],[31.523712866105079,30.169188531962334],[31.523708119921693,30.169187874016373],[31.523703373738378,30.169187216070256],[31.523698627568567,30.169186557221831],[31.52369388242364,30.169185899287044],[31.523689136240534,30.169185241340422],[31.523684389019238,30.169184583381931],[31.523679642836274,30.169183925434961],[31.523674896639925,30.169183268389961],[31.523670151495352,30.169182610454328],[31.523665404287797,30.169181951593025],[31.523660658078214,30.169181295449651],[31.523655911882148,30.169180638403958],[31.523651164661349,30.169179980444291],[31.523646419503681,30.169179323409949],[31.523641673307836,30.169178666363763],[31.523636926073799,30.16917800930571],[31.523632179864638,30.169177353161313],[31.523627432630743,30.169176696102934],[31.52362268745998,30.169176039969869],[31.523617940226224,30.169175382911146],[31.523613194017351,30.16917472676608],[31.523608446770286,30.169174070609152],[31.523603699496409,30.169173416256335],[31.523598954325987,30.169172760122432],[31.523594207065692,30.169172104867126],[31.523589459805468,30.169171449611657],[31.523584713570116,30.169170795269835],[31.523579967348287,30.169170140025727],[31.523575220088265,30.169169484769739],[31.523570472801417,30.169168831317865],[31.523565725528101,30.169168176963669],[31.523560979293094,30.169167522621017],[31.523556232006467,30.169166869168627],[31.523551484719899,30.169166215716068],[31.523546738458215,30.169165563177167],[31.523541991171793,30.16916490972427],[31.523537243871996,30.169164257173357],[31.523532495534013,30.169163604610564],[31.523527749259156,30.16916295297311],[31.523523001946117,30.169162301323816],[31.523518253608344,30.169161648760515],[31.523513507320249,30.169160998024712],[31.523508758955714,30.169160347265365],[31.523504011642959,30.16915969561537],[31.523499264303375,30.169159045769501],[31.523494516963851,30.169158395923464],[31.523177449110303,30.169115719814076],[31.522860132968091,30.169074463056475],[31.522855377724234,30.169073856408296],[31.522850622493902,30.169073248857806],[31.522845867236718,30.169072643111413],[31.522841112006514,30.169072035560585],[31.522836355711217,30.169071429802162],[31.522831601492491,30.169070824066967],[31.522826845183861,30.16907021921034],[31.522822089913568,30.169069614365238],[31.52281733361853,30.169069008606137],[31.522812579386599,30.169068403772393],[31.522807823064792,30.169067799817228],[31.522803066743037,30.169067195861885],[31.522798312497855,30.16906659192977],[31.522793556176236,30.169065987974076],[31.522788799841226,30.169065384920369],[31.522784043506288,30.169064781866492],[31.522779288209659,30.169064178824112],[31.522774532913093,30.169063575781585],[31.522769776564893,30.169062973629323],[31.522765021268462,30.169062370586456],[31.522760264906932,30.16906176933599],[31.522755508558927,30.169061167183219],[31.522750752197531,30.169060565932426],[31.522745995849661,30.169059963779294],[31.522741239474939,30.169059363430293],[31.522736484151981,30.169058762190669],[31.522731727790848,30.16905816093918],[31.522726972468035,30.169057559699223],[31.522722215055314,30.169056959337833],[31.522717458680923,30.169056358987962],[31.522712703358298,30.169055757747493],[31.522707945932325,30.16905515828773],[31.522703189558126,30.169054557937368],[31.522698434222239,30.169053957598504],[31.522693676796465,30.169053358138232],[31.522688921460706,30.16905275779904],[31.522684164035059,30.169052158338431],[31.522679407647729,30.169051558889354],[31.522674652298711,30.169050959451763],[31.522669894873268,30.169050359990639],[31.522665138499583,30.169049759638916],[31.522660382099062,30.169049161091277],[31.522655625712055,30.169048561641329],[31.522650869311654,30.169047963093355],[31.522646112924782,30.169047363643063],[31.522641355486268,30.169046765083046],[31.522636599099524,30.169046165632437],[31.522631842699383,30.169045567083767],[31.522627086312767,30.169044967632807],[31.522622329912753,30.169044369083803],[31.522617573499353,30.169043771436765],[31.522612817112933,30.169043171985301],[31.522603303288584,30.169041973972245],[31.521840745644035,30.168945977203226],[31.521835989268236,30.168945377723873],[31.521831232879041,30.168944779146496],[31.521826476503374,30.168944179666816],[31.521821719062594,30.16894358197953],[31.52181696267359,30.168942983401628],[31.521812206298119,30.168942383921436],[31.52180744990925,30.168941785343197],[31.521802693520442,30.168941186764791],[31.521797937131701,30.168940588186224],[31.521793179704783,30.168939989595781],[31.521788423316174,30.168939391016856],[31.521783666914164,30.168938793339908],[31.521778909500902,30.168938193846792],[31.521774153099024,30.168937596169506],[31.52176939671067,30.16893699758991],[31.521764640308927,30.168936399912276],[31.521759882868984,30.168935802222769],[31.521755127519082,30.168935203654357],[31.521750370079271,30.168934605964516],[31.521745612639538,30.168934008274494],[31.521740856238115,30.168933410596008],[31.521736099836751,30.168932812917355],[31.521731343421994,30.168932216140657],[31.521726585969052,30.168931619352094],[31.521721828529639,30.16893102166123],[31.52171707211507,30.168930424884035],[31.521712314662313,30.168929828094956],[31.521707558247879,30.16892923131741],[31.521702800781792,30.168928635430124],[31.521698044367493,30.168928038652236],[31.521693286901534,30.168927442764623],[31.521688530473895,30.168926846888532],[31.521683773008071,30.168926251000574],[31.521679015528839,30.168925656014572],[31.521674259101388,30.168925060137965],[31.521669501622291,30.168924465151612],[31.521664745181507,30.168923870176819],[31.521659986650828,30.168923276080573],[31.521655230210172,30.168922681105414],[31.521650472717862,30.168922087020547],[31.521645715225628,30.168921492935478],[31.521640957733457,30.16892089885026],[31.521636200227874,30.168920305667001],[31.521631442708902,30.168919713385698],[31.521626685203444,30.168919120202105],[31.521621927698067,30.16891852701832],[31.52161717017928,30.168917934736523],[31.521612412674031,30.168917341552401],[31.521607655141899,30.168916750172382],[31.521602896571594,30.168916158780519],[31.521598139026143,30.168915568302289],[31.521593381494213,30.168914976921773],[31.521588622910627,30.16891438643151],[31.521583865365361,30.168913795952772],[31.521264652015095,30.168874930306693],[31.520945211915144,30.168837498676776],[31.520940447488798,30.168836952309409],[31.520935682037745,30.168836405027999],[31.520930916573271,30.168835858648553],[31.520926152147116,30.168835312280635],[31.520921386682769,30.168834765900851],[31.520916622243256,30.168834220434743],[31.520911856765558,30.168833674956751],[31.520907092312697,30.168833130392422],[31.520902326835113,30.168832584914107],[31.520897562382366,30.168832040349439],[31.520892796891431,30.168831495772888],[31.520888031387091,30.168830952098311],[31.520883265882798,30.168830408423563],[31.520878501430296,30.168829863858218],[31.520873734874407,30.168829321073542],[31.520868970395078,30.168828778312132],[31.520864204891033,30.168828234636685],[31.520859439373577,30.168827691863228],[31.520854673856174,30.16882714908958],[31.520849908325367,30.168826607217909],[31.520845142794609,30.168826065346067],[31.520840377277395,30.1688255225719],[31.520835610708513,30.168824980688008],[31.520830846202717,30.168824439729494],[31.520826079633952,30.16882389784524],[31.520821314090028,30.168823356874675],[31.520816548546158,30.168822815903937],[31.520811783002355,30.168822274933035],[31.520807017445129,30.168821734864061],[31.520802250863198,30.168821193881104],[31.520797486344335,30.168820653823531],[31.520792719762529,30.16882011284023],[31.520787954205538,30.168819572770595],[31.520783187610377,30.168819032689061],[31.520778422053503,30.168818492619099],[31.520773656483229,30.168817953451089],[31.520768889874763,30.168817414271196],[31.52076412431807,30.168816874200715],[31.520759357709732,30.168816335020477],[31.52075459215316,30.168815794949648],[31.520749825544939,30.168815255769072],[31.520745059975013,30.168814716600028],[31.520740294405154,30.168814177430804],[31.5207355277971,30.16881363824972],[31.520730762227355,30.168813099080143],[31.520725995619429,30.168812559898729],[31.520721230049801,30.168812020728829],[31.520716464480241,30.168811481558759],[31.520711697859014,30.168810943278949],[31.520706932276095,30.168810405010657],[31.52070216566846,30.168809865828372],[31.520697400099131,30.168809326657613],[31.520687867908933,30.168808249206013],[31.520069177077989,30.168738304751312],[31.520064411489589,30.168737767362046],[31.520059643851727,30.168737228144913],[31.52005487829042,30.16873668895105],[31.520050111690914,30.168736149745293],[31.520045346129727,30.168735610551074],[31.520040579516863,30.168735072247099],[31.520035813955797,30.168734533052536],[31.520031048394774,30.16873399385781],[31.520026281795566,30.168733454651186],[31.520021516221192,30.168732916358234],[31.520016749622108,30.168732377151279],[31.520011984061338,30.168731837955864],[31.520007218500616,30.168731298760278],[31.520002451915193,30.168730758650657],[31.51999768634111,30.168730220356867],[31.519992919755804,30.168729680246916],[31.519988154195328,30.16872914105064],[31.519983388648384,30.168728600952058],[31.519978623101508,30.168728060853311],[31.519973856516437,30.168727520742657],[31.519969090969681,30.168726980643555],[31.519964325409493,30.168726441446431],[31.519959558838096,30.168725900433142],[31.519954793291507,30.168725360333536],[31.519950027758465,30.168724819331608],[31.519945262211998,30.16872427923164],[31.519940495640824,30.168723738217679],[31.519935730107971,30.16872319721525],[31.519930964588646,30.168722655310511],[31.519926199055902,30.16872211430772],[31.519921432498453,30.168721572390933],[31.519916668004079,30.168721031399528],[31.519911902498482,30.168720488591948],[31.519907136979455,30.168719946686362],[31.519902371473972,30.168719403878466],[31.519897605955066,30.168718861972511],[31.51989284044971,30.168718319164274],[31.519888074944397,30.168717776355837],[31.519883310490886,30.168717232656839],[31.519878543960935,30.168716688934225],[31.519873779494063,30.168716146136997],[31.519869014002477,30.168715602425753],[31.519864247486193,30.168715057800508],[31.519859483046456,30.168714513198495],[31.519854717582021,30.168713967682457],[31.519849953128919,30.168713423982258],[31.51984518767809,30.168712877563738],[31.519840423238595,30.168712332961064],[31.519835657774394,30.168711787444348],[31.519830893361984,30.168711241037052],[31.519826127911386,30.168710694617843],[31.519821363499105,30.168710148210199],[31.519816598062118,30.168709600888537],[31.519811832625173,30.168709053566701],[31.519492096232884,30.168671585300107],[31.519172586191335,30.168632677860543],[31.519167827639588,30.168632087283356],[31.51916307013963,30.168631495815582],[31.519158312626256,30.168630905249781],[31.519153555126433,30.168630313781662],[31.519148796588425,30.168629722301663],[31.519144039102219,30.168629129931077],[31.519139281616084,30.16862853756033],[31.51913452413001,30.168627945189389],[31.519129766643996,30.168627352818291],[31.519125009158042,30.168626760447019],[31.519120251699135,30.168626166271313],[31.51911549422681,30.168625572997556],[31.519110736768035,30.168624978821502],[31.519105980347565,30.168624384657001],[31.519101221837182,30.168623791371022],[31.51909646543033,30.168623196304051],[31.5190917079853,30.168622601225177],[31.519086950540334,30.168622006146126],[31.519082193095439,30.168621411066901],[31.519077435650594,30.168620815987538],[31.519072679257558,30.168620220017562],[31.519067921826338,30.168619624035703],[31.51906316543343,30.16861902806539],[31.519058408002344,30.168618432083182],[31.51905365057133,30.168617836100825],[31.519048894192103,30.16861723922786],[31.519044136761202,30.168616643245141],[31.519039380382104,30.168616046371838],[31.519034624016566,30.168615448596242],[31.519029866599361,30.168614851710867],[31.519025110233947,30.168614253934923],[31.519020352816874,30.168613657049232],[31.519015596451592,30.168613059272932],[31.51901084007288,30.168612462398613],[31.519006082682978,30.168611863708126],[31.519001326317891,30.168611265931332],[31.518996569952872,30.168610668154351],[31.518991812549668,30.168610070365485],[31.518987056198263,30.16860947168605],[31.518982299846925,30.168608873006427],[31.518977543482166,30.168608275228777],[31.518972786106204,30.16860767563497],[31.518968029741572,30.168607077856983],[31.518963273390501,30.16860647917667],[31.518958517025997,30.168605881398335],[31.518953759650302,30.168605281803849],[31.518949004337664,30.16860468313476],[31.518944246948603,30.168604084442055],[31.518939489559596,30.168603485749156],[31.518934734247161,30.168602887079562],[31.518929976858296,30.168602288386346],[31.518925220521226,30.168601688802546],[31.518915707820309,30.16860049143871],[31.495068853506837,30.165595551144936],[31.495064037390751,30.165594942797558],[31.49505922124732,30.165594336254241],[31.495054406155877,30.165593728820529],[31.495049590026287,30.16559312137473],[31.495044773896772,30.165592513928758],[31.495039957753608,30.165591907384755],[31.495035142676137,30.16559129904822],[31.495030326546814,30.165590691601722],[31.495025511455765,30.165590084166954],[31.495020696364779,30.165589476732027],[31.495015880235666,30.165588869285031],[31.49501106412032,30.165588260935706],[31.495006249015827,30.165587654402362],[31.495001432900619,30.165587046052707],[31.494996617823674,30.165586437714762],[31.494991801694898,30.16558583026687],[31.494986985579882,30.165585221916675],[31.494982170516852,30.165584612676088],[31.494977355426464,30.165584005239602],[31.49497254034986,30.165583396900793],[31.494967724248824,30.165582787647775],[31.494962909172354,30.165582179308622],[31.494958093057743,30.165581570957372],[31.494953277995116,30.16558096171574],[31.494948462946251,30.165580351571812],[31.494943646831853,30.165579743220047],[31.494938831769414,30.165579133977889],[31.494934016720762,30.165578523833432],[31.494929200633969,30.165577913676884],[31.494924385571739,30.165577304434212],[31.49491957052328,30.165576694289218],[31.494914756513097,30.16557608415599],[31.494909940440284,30.165575473096595],[31.494905125392027,30.165574862951104],[31.494900310357551,30.165574251903294],[31.494895495323135,30.165573640855314],[31.494890680302504,30.16557302890504],[31.49488586526822,30.165572417856698],[31.49488105024772,30.165571805906069],[31.494876235227284,30.16557119395527],[31.494871420220623,30.165570581102163],[31.494866606238524,30.165569969162917],[31.494861791231994,30.165569356309454],[31.494856976239248,30.165568742553695],[31.494852161232863,30.165568129699885],[31.494847347278437,30.165567515955704],[31.494842532285894,30.165566902199409],[31.49483771833162,30.165566288454883],[31.494832903366614,30.16556567289399],[31.494828089426182,30.165565058246976],[31.494823274461321,30.165564442685731],[31.494818459482818,30.165563828026453],[31.494813645570005,30.165563211574664],[31.49480883060534,30.165562596012904],[31.494804016692658,30.16556197956076],[31.494799202780047,30.165561363108438],[31.494794388881218,30.165560745753822],[31.494789574968728,30.165560129301152],[31.494784761083739,30.165559511044055],[31.494779947198818,30.165558892786787],[31.494775134365867,30.165558273639125],[31.494770320481081,30.165557655381505],[31.494765505571863,30.16555703620967],[31.494760691714625,30.165556416147449],[31.493093098833519,30.165317521003495],[31.491435340541983,30.16503159440369],[31.491430583819767,30.16503070329016],[31.491425828135835,30.16502981218839],[31.491421071427546,30.165028920172421],[31.491416313681157,30.165028028144313],[31.49141155801124,30.16502713613994],[31.49140680131697,30.165026243221313],[31.491402044622799,30.165025350302511],[31.491397288966908,30.165024457395486],[31.491392532300388,30.165023562672133],[31.491387775620233,30.1650226688507],[31.491383019978354,30.165021775041044],[31.49137826435031,30.165020880329099],[31.491373507697908,30.165019984702916],[31.491368753108254,30.165019090002559],[31.491363997494233,30.165018194387979],[31.491359240855846,30.165017297859158],[31.491354486280212,30.165016402256175],[31.491349729655759,30.165015504824911],[31.491344975080299,30.16501460922159],[31.491340219507961,30.165013710899785],[31.491335463908236,30.165012814382049],[31.491330709360554,30.165011916973963],[31.491325953788497,30.165011018651661],[31.491321199240996,30.165010121243256],[31.491316443682862,30.165009222018465],[31.491311689149281,30.165008323707589],[31.491306933577597,30.165007425384598],[31.491302179057953,30.165006526171272],[31.491297423500203,30.165005626945788],[31.491292668994483,30.165004726829995],[31.491287915513297,30.165003827628073],[31.491283159955824,30.165002928402114],[31.491278405450384,30.165002028285805],[31.491273650945033,30.165001128169305],[31.491268896453523,30.165000227150532],[31.491264141948356,30.164999327033698],[31.491259387457028,30.164998426014591],[31.491254632965799,30.164997524995297],[31.491249878474658,30.164996623975821],[31.491245123983614,30.164995722956203],[31.491240369492658,30.164994821936396],[31.491235616053739,30.164993920026266],[31.491230860538526,30.164993018092048],[31.491226107086046,30.164992117083699],[31.491221352609212,30.164991215161091],[31.491216599170663,30.164990313250254],[31.491211844694014,30.164989411327316],[31.491207091283137,30.164988507611906],[31.491202336806676,30.164987605688612],[31.49119758336851,30.164986703777117],[31.491192828905977,30.164985800951381],[31.491188075467996,30.164984899039517],[31.49118332100565,30.164983996213437],[31.491178566543411,30.164983093387203],[31.491173813119442,30.164982190572708],[31.491169058657391,30.164981287746127],[31.491164305233607,30.164980384931315],[31.491159550771748,30.164979482104382],[31.491154797348152,30.164978579289222],[31.49115004290022,30.164977675559818],[31.491145289476815,30.164976772744353],[31.491140536053521,30.164975869928671],[31.491131028169004,30.164974064284888],[31.486146471360556,30.164027106603925],[31.486141595875683,30.164026179643418],[31.486136720377125,30.164025253584853],[31.486131843854274,30.164024326612015],[31.486126969394086,30.164023400565071],[31.486122092843861,30.164022475396109],[31.486117217359485,30.164021548434718],[31.486112341861421,30.164020622375258],[31.486107466377241,30.164019695413511],[31.486102590906949,30.16401876754945],[31.486097715395388,30.164017842391587],[31.486092838873333,30.164016915417321],[31.486087964441516,30.164015987564703],[31.486083087919656,30.164015060590089],[31.486078213474258,30.164014133639242],[31.48607333695259,30.164013206664254],[31.486068462507387,30.164012279713052],[31.486063585985921,30.164011352737713],[31.486058710516527,30.16401042487206],[31.486053836071612,30.164009497920333],[31.486048959564236,30.164008570042327],[31.48604408511952,30.164007643090244],[31.486039209650517,30.16400671522387],[31.48603433418161,30.164005787357326],[31.486029458740383,30.164004857686333],[31.486024584309863,30.164003929831402],[31.486019708841255,30.164003001964339],[31.486014834424711,30.164002073206927],[31.486009958970094,30.164001144437361],[31.48600508352936,30.164000214765501],[31.486000209113115,30.163999286007549],[31.485995333658789,30.163998357237467],[31.485990459270329,30.163997426674925],[31.485985583829997,30.163996497002348],[31.485980710466116,30.163995567353556],[31.485975835039767,30.163994636778494],[31.48597095961351,30.163993706203264],[31.485966086263726,30.16399277565181],[31.485961210837676,30.163991845076222],[31.485956337515656,30.163990912720166],[31.485951462089808,30.163989982144223],[31.485946587729813,30.163989049775836],[31.485941714394304,30.163988118321374],[31.485936840034508,30.163987185952632],[31.485931965688604,30.163986252681589],[31.485927091315215,30.1639853212146],[31.485922218021472,30.163984387053056],[31.485917343675869,30.16398345378148],[31.485912470382321,30.16398251961958],[31.485907596036906,30.163981586347639],[31.485902721705394,30.163980652173418],[31.485897849464113,30.163979717120839],[31.485892975146573,30.163978782044133],[31.485888101867328,30.163977846979208],[31.485883228601953,30.163976911012],[31.485878356374872,30.163975975056587],[31.485873482071526,30.163975039077034],[31.485868608820255,30.16397410220717],[31.48586373660725,30.163973165349109],[31.485858864421935,30.163972226686631],[31.485853991184744,30.163971288914098],[31.485849117947659,30.163970351141405],[31.485844245776427,30.163969411576272],[31.485839372553329,30.163968472901082],[31.485834501406696,30.163967534249672],[31.485829629249547,30.16396659378189],[31.485824757092509,30.163965653313923],[31.485819884949361,30.163964711943635],[31.485815012806306,30.16396377057319],[31.485810140649569,30.163962830104662],[31.4858052685343,30.163961886929627],[31.4858003984817,30.163960944680461],[31.485795526352838,30.16396000240718],[31.48579065528984,30.163959058341455],[31.485785784226945,30.163958114275545],[31.485780913164149,30.163957170209461],[31.485776042115234,30.163956225241069],[31.48577117108022,30.163955279370398],[31.485766300059097,30.16395433259741],[31.48576143006246,30.163953386738363],[31.485756559041537,30.163952439965019],[31.485751689072679,30.163951492301344],[31.485746819117718,30.1639505437354],[31.485741949149066,30.163949596071383],[31.485737079208096,30.16394864660295],[31.485732209267223,30.163947697134347],[31.485727340378428,30.163946746775402],[31.485722470451549,30.163945796404324],[31.48571760053856,30.163944845130924],[31.485712731677648,30.163943892967222],[31.485707862830616,30.163942939901201],[31.485702993983697,30.16394198683502],[31.485698126175059,30.163941033780652],[31.485693257355916,30.163940078909857],[31.485688388523091,30.163939124941013],[31.485683519717945,30.16393816916775],[31.485678651951087,30.163937213406296],[31.485673784211905,30.163936255840412],[31.485668917497208,30.16393529918847],[31.485664048733852,30.163934340708131],[31.485659182046941,30.163933382251592],[31.485654315373935,30.163932422892746],[31.485649447676629,30.163931462619601],[31.48564458101762,30.16393050235828],[31.485639714372493,30.163929541194637],[31.484658158650753,30.163720997668559],[31.483684898386461,30.16348492303376],[31.483680113818533,30.16348369025803],[31.483675329292161,30.163482454775718],[31.483670544752108,30.163481220195411],[31.483665761277965,30.163479983822665],[31.483660977790141,30.163478748351878],[31.48365619434388,30.163477510174548],[31.48365141088393,30.163476272899171],[31.483646628489897,30.163475033831382],[31.483641845057814,30.163473794751404],[31.483637062664044,30.163472555683292],[31.483632280284198,30.163471315712862],[31.483627497918295,30.163470074840149],[31.48362271556633,30.163468833065128],[31.48361793423884,30.163467592204078],[31.48361315295292,30.163466348636486],[31.483608370615144,30.163465105958842],[31.483603590367643,30.163463862402921],[31.483598809095902,30.163462617932691],[31.483594027838112,30.163461372560192],[31.48358924656663,30.163460128089611],[31.483584467399247,30.163458881838636],[31.48357968719381,30.163457635575497],[31.483574906988508,30.163456389312167],[31.48357012679714,30.163455142146571],[31.483565346619713,30.163453894078657],[31.483560567494386,30.163452645120461],[31.483555788369195,30.163451396162095],[31.483551009244131,30.163450147203562],[31.483546230132998,30.163448897342732],[31.483541451035823,30.163447646579616],[31.483536671938758,30.16344639581634],[31.483531893893804,30.163445144162754],[31.483527114796999,30.16344389339913],[31.483522336779917,30.163442639940964],[31.483517558735358,30.163441388286881],[31.483512780718534,30.16344013482837],[31.483508002701843,30.163438881369704],[31.483503225737266,30.163437627020748],[31.483498447734636,30.1634363726596],[31.483493670770322,30.163435118310286],[31.483488893833741,30.163433862156584],[31.483484115845304,30.163432606892812],[31.483479339947159,30.163431350750756],[31.483474563024789,30.163430093694423],[31.483469786074913,30.163428838442133],[31.483465010218588,30.163427579593211],[31.483460233282777,30.163426323438465],[31.483455457426704,30.163425064589209],[31.483450680518775,30.163423806629879],[31.483445904662965,30.163422547780268],[31.483441128807282,30.163421288930504],[31.483436352951713,30.163420030080534],[31.4834315771101,30.163418770328299],[31.483426802320597,30.16341750968575],[31.483422026479239,30.163416249933185],[31.483417250651804,30.163414989278316],[31.483412475876499,30.163413727733147],[31.483407701087511,30.163412467089938],[31.483402926298652,30.163411206446558],[31.483398150499365,30.16340994398676],[31.48339337572456,30.163408682440917],[31.483388600977523,30.163407419090653],[31.483383827254968,30.163406156654361],[31.483379052494371,30.163404894205883],[31.483374277747721,30.163403630855129],[31.483369503015005,30.163402366602071],[31.483364729292965,30.1634011041651],[31.483359954560509,30.163399839911694],[31.483355180866354,30.163398575670126],[31.483350407172324,30.163397311428398],[31.483345633478425,30.163396047186488],[31.4833408587603,30.163394782030306],[31.483336085080474,30.163393516885925],[31.483331311400772,30.163392251741403],[31.483326537721201,30.163390986596696],[31.483321764055571,30.163389720549699],[31.483316991400613,30.163388456318774],[31.483312216697072,30.163387190259453],[31.483307444070004,30.163385924223938],[31.483302670418698,30.163384657274147],[31.483297896753712,30.16338339122629],[31.483293124127044,30.163382125190278],[31.4832883515143,30.163380858251994],[31.483283576825347,30.163379591289512],[31.483278804212862,30.16337832435088],[31.483274030562335,30.163377057400051],[31.483269257963919,30.163375789558952],[31.483264485351825,30.163374522619797],[31.483259711715501,30.163373254766341],[31.48325493910367,30.163371987826874],[31.483250166505773,30.163370719985082],[31.483245392856023,30.163369453033248],[31.483240621296556,30.163368185203129],[31.483235847660882,30.163366917348846],[31.483231075049694,30.163365650408494],[31.48322630246626,30.163364381663765],[31.483221529869141,30.163363113820949],[31.483216757272146,30.163361845977988],[31.483211983637119,30.163360578122852],[31.483207211040391,30.163359310279528],[31.483202439481964,30.16335804244806],[31.483197665874943,30.163356772788156],[31.483188120682385,30.163354237100357],[31.473025453457918,30.160653509807521],[31.473020800064461,30.1606522727614],[31.473016146657223,30.16065103661721],[31.473011493264014,30.16064979957077],[31.473006839857025,30.160648563426253],[31.473002187502193,30.160647326391576],[31.472997534109354,30.160646089344628],[31.472992880716628,30.160644852297541],[31.472988228362183,30.160643615262348],[31.472983574969707,30.160642378214934],[31.472978921577354,30.160641141167346],[31.472974269223272,30.160639904131681],[31.472969615831165,30.160638667083781],[31.472964963477324,30.160637430047792],[31.472960310085465,30.160636192999565],[31.472955656707644,30.160634955049048],[31.472951004354165,30.160633718012583],[31.472946350976578,30.160632480061761],[31.472941698637268,30.160631242122843],[31.472937046284155,30.160630005085903],[31.472932392906941,30.160628767134568],[31.472927739529851,30.160627529183103],[31.472923088229159,30.160626291255646],[31.472918434866223,30.160625052401734],[31.47291378254155,30.16062381355972],[31.472909130216994,30.160622574717564],[31.472904477878654,30.160621336777371],[31.472899824516201,30.160620097922813],[31.472895173230164,30.160618859092249],[31.472890520920004,30.160617619347338],[31.472885867571836,30.160616379590195],[31.472881216286154,30.160615140759145],[31.472876563976374,30.16061390101374],[31.472871911666704,30.160612661268178],[31.472867260409213,30.160611420632421],[31.472862608099792,30.160610180886536],[31.472857956842542,30.160608940250455],[31.472853304561188,30.160607698700019],[31.47284865330418,30.160606458063629],[31.472844002047303,30.160605217427069],[31.472839349766311,30.160603975876139],[31.472834698523588,30.160602734337139],[31.472830047294881,30.16060149189585],[31.472825396052411,30.160600250356524],[31.472820744823963,30.160599007914914],[31.472816093609538,30.160597764571047],[31.47281144341947,30.160596522141194],[31.472806792205294,30.160595278797004],[31.472802141005154,30.16059403455052],[31.472797490815456,30.160592792120191],[31.472792839615551,30.160591547873395],[31.472788190505966,30.160590302748474],[31.472783539292411,30.160589059403474],[31.472778889144934,30.160587814266151],[31.472774238997562,30.160586569128668],[31.472769588864239,30.160585323088902],[31.472764938731036,30.160584077048995],[31.472760288597957,30.160582831008902],[31.472755639517043,30.160581584078635],[31.472750990436246,30.160580337148197],[31.472746341355585,30.160579090217603],[31.472741691250807,30.160577842372643],[31.472737042198204,30.160576593637472],[31.472732393131821,30.160575345804297],[31.472727744079467,30.160574097068825],[31.472426539492435,30.160492306066882],[31.472125912315999,30.160408925878187],[31.472121280655315,30.160407627698714],[31.472116650046814,30.16040632862904],[31.472112019410613,30.160405031363467],[31.472107388816276,30.160403731391362],[31.472102758208155,30.160402432321234],[31.472098127614078,30.160401132348817],[31.472093498058257,30.160399832388329],[31.472088867492257,30.16039853061136],[31.472084237950614,30.16039722974844],[31.472079608409096,30.160395928885361],[31.472074978881619,30.160394627120009],[31.472070349340356,30.160393326256607],[31.472065719840959,30.16039202268669],[31.472061090313876,30.160390720920855],[31.472056460800818,30.160389418252748],[31.47205183233994,30.160388114694467],[31.472047202827145,30.160386812026012],[31.472042574380446,30.160385507565277],[31.472037944881823,30.160384203994415],[31.472033317459598,30.160382900447566],[31.47202868797514,30.160381595974265],[31.472024059542854,30.160380290610789],[31.472019431096804,30.160378986149247],[31.472014802664781,30.160377680785455],[31.472010175257104,30.160376376335684],[31.472005546839259,30.160375070069453],[31.472000918421532,30.160373763803044],[31.471996291028162,30.160372458450695],[31.471991662610701,30.160371152183981],[31.471987035245416,30.160369845027052],[31.471982406828204,30.160368538760029],[31.471977779463181,30.160367231602802],[31.47197315208436,30.160365925347527],[31.471968523695374,30.160364617275789],[31.471963897368862,30.160363310130165],[31.471959268980125,30.1603620020581],[31.471954641615746,30.160360694900078],[31.471950015303534,30.160359386851873],[31.471945387953323,30.160358078791415],[31.471940759579013,30.160356769816591],[31.471936133267192,30.160355461767899],[31.471931505917372,30.160354153706979],[31.471926878581581,30.16035284474377],[31.471922252284067,30.16035153579249],[31.471917624948532,30.160350226828953],[31.471912997613135,30.160348917865267],[31.47190837235414,30.160347608925594],[31.471903745019006,30.160346299961585],[31.471899117683989,30.16034499099743],[31.471894491387243,30.160343682045191],[31.47188986510454,30.160342372190687],[31.471885237769914,30.160341063226042],[31.471880611487467,30.160339753371204],[31.471875985219068,30.160338442614101],[31.471871357884829,30.16033713364898],[31.471866730564638,30.160335823781576],[31.471862105320849,30.16033451393821],[31.471857478000903,30.160333204070483],[31.471852851719241,30.160331894214711],[31.471848225437697,30.160330584358757],[31.471843599170207,30.160329273600542],[31.471838971850776,30.160327963732186],[31.4718297192886,30.160325344019181],[31.46073950791282,30.157184598204154],[31.46073473206215,30.157183244702857],[31.460729957221666,30.157181893017771],[31.460725181357251,30.157180540418249],[31.460720405492967,30.157179187818539],[31.460715629628819,30.157177835218668],[31.460710854816924,30.157176481728687],[31.460706078939033,30.157175130030584],[31.460701304113392,30.157173777442374],[31.460696528249802,30.157172424841825],[31.460691753410423,30.157171073155396],[31.460686976523018,30.157169719640205],[31.460682201683923,30.157168367953439],[31.46067742580686,30.157167016254313],[31.460672649943966,30.157165663652911],[31.460667875105269,30.157164311965637],[31.460663099228622,30.15716296026601],[31.460658323366133,30.157161607664097],[31.460653547475744,30.157160256866231],[31.460648770561413,30.157158905153921],[31.460643995709397,30.157157554367895],[31.460639219847451,30.157156201765314],[31.460634443957613,30.157154850966776],[31.460629668067916,30.157153500168072],[31.46062489114026,30.157152149357014],[31.46062011525084,30.157150798557975],[31.460615339361542,30.157149447758755],[31.460610563458388,30.157148097861501],[31.460605785493183,30.15714674703759],[31.460601009590295,30.157145397139974],[31.460596232635432,30.157144048132128],[31.460591456732811,30.157142698234196],[31.460586679778224,30.157141349226006],[31.460581902837795,30.157139999315532],[31.460577126921574,30.157138650319187],[31.460572349967396,30.157137301310499],[31.460567572999341,30.157135953203735],[31.460562796031425,30.157134605096836],[31.460558019077656,30.157133256087626],[31.460553241057905,30.157131908870298],[31.460548464090401,30.157130560762866],[31.460543687109023,30.157129213557379],[31.460538909075666,30.157127867241655],[31.460534131056448,30.157126520023645],[31.460529354075486,30.157125172817665],[31.460524576028529,30.157123827403531],[31.460519797995705,30.157122481087139],[31.460515019963033,30.15712113477057],[31.460510241902469,30.157119790258033],[31.460505462817963,30.157118444831067],[31.460500684757669,30.157117100318207],[31.460495905659421,30.157115755793019],[31.460491127585385,30.157114412181919],[31.460486348487414,30.157113067656375],[31.460481570399637,30.157111724947068],[31.460476791273891,30.157110382225408],[31.460472012162313,30.157109038601451],[31.46046723198474,30.157107696769387],[31.460462452845388,30.157106354949331],[31.460457672668095,30.157105013116922],[31.460452893515011,30.157103672198637],[31.460448114362066,30.157102331280175],[31.460443334157134,30.157100991251504],[31.460438553952354,30.157099651222634],[31.4604337727096,30.157098311181418],[31.460428992491078,30.157096972054322],[31.460424212272674,30.157095632927078],[31.460419431002315,30.157094294689568],[31.460414649718061,30.157092957354024],[31.46040986948606,30.157091619128352],[31.46040508820208,30.157090281792453],[31.4604003068902,30.157088946260615],[31.460395524554393,30.157087609814315],[31.460390743242787,30.157086274282122],[31.460385960893223,30.157084938737601],[31.460381178529783,30.157083604095021],[31.460376397190558,30.157082270366537],[31.460371613789295,30.157080935711434],[31.460366832436321,30.157079602884735],[31.460362048993272,30.157078270935621],[31.460357265564383,30.157076938084227],[31.460352482107595,30.157075607036894],[31.460347698650942,30.157074275989377],[31.46034291519442,30.157072944941689],[31.46033813068593,30.15707161478376],[31.460333347215666,30.157070284637857],[31.460328562679411,30.157068956283823],[31.460323779181383,30.157067627941803],[31.460318993607306,30.157066299575245],[31.460314209043418,30.157064973024919],[31.460309424493687,30.157063645572315],[31.46030463887795,30.157062319911567],[31.460299853262359,30.157060994250667],[31.46029506658077,30.157059670381642],[31.460290282003541,30.157058344732583],[31.460285495308216,30.157057021765315],[31.460280708627025,30.157055697895778],[31.460275921917955,30.157054375830281],[31.460271135208998,30.157053053764624],[31.460266348486172,30.157051732600927],[31.460261560711363,30.157050412326964],[31.460256772936685,30.157049092052834],[31.460251986186229,30.157047772692824],[31.460247198369771,30.157046455124711],[31.460242408491276,30.157045136629915],[31.46023762067508,30.15704381906146],[31.460232831792908,30.157042503284849],[31.460228042924875,30.157041186605973],[31.460223254028936,30.157039871731158],[31.460218464095043,30.157038556843968],[31.460213674147266,30.157037242858717],[31.460208884185597,30.157035929775425],[31.460204094210052,30.157034617594061],[31.46019930318252,30.157033306302484],[31.460194513179204,30.15703199592501],[31.460189721113853,30.157030684620878],[31.460184930044683,30.157029376035112],[31.460180137937535,30.157028067436986],[31.460175345830528,30.157026758838686],[31.460170553695615,30.157025452044451],[31.460165761546822,30.157024146152143],[31.460160969398157,30.157022840259668],[31.460156176183503,30.157021536159068],[31.46015138296897,30.157020232058304],[31.46014658871648,30.157018927945177],[31.459838013129854,30.156936894742731],[31.459528287653576,30.156858201087573],[31.459523457520149,30.156857002097119],[31.459518628396893,30.156855804922923],[31.459513798235669,30.156854607736367],[31.459508968046531,30.156853412353833],[31.459504136819422,30.156852216958956],[31.459499305592434,30.156851021563906],[31.459494475361581,30.156849828887196],[31.45948964305467,30.156848636185952],[31.459484810733855,30.156847444386642],[31.459479979465282,30.156846251697225],[31.45947514711667,30.15684506170178],[31.459470314768186,30.15684387170618],[31.459465482405797,30.156842682612499],[31.459460648991417,30.156841494408571],[31.459455815577147,30.156840306204479],[31.45945098214899,30.156839118902315],[31.459446148692905,30.156837933404194],[31.45944131523693,30.156836747905917],[31.459436480728975,30.156835563297378],[31.45943164623516,30.156834377786566],[31.459426811699394,30.156833194981896],[31.45942197716375,30.156832012177077],[31.459417141576115,30.156830830261992],[31.459412307026696,30.156829648358908],[31.459407472463369,30.156828467357773],[31.459402635809951,30.156827287234208],[31.459397800180739,30.156826108024756],[31.459392963513547,30.156824928802951],[31.459388127884562,30.156823749593162],[31.459383291175545,30.156822573077335],[31.459378455518753,30.156821395671411],[31.459373617771888,30.156820219143064],[31.45936878106323,30.156819042626715],[31.459363944326643,30.156817867914416],[31.459359105513997,30.156816693177575],[31.459354268763626,30.156815519367026],[31.459349430961264,30.156814346446236],[31.45934459317305,30.156813172623167],[31.459339755370934,30.156811999702036],[31.459334916502794,30.156810828572763],[31.459330077634775,30.156809657443308],[31.459325238752847,30.156808487215805],[31.459320400909139,30.156807317000307],[31.459315562027456,30.156806146772432],[31.459310722079749,30.156804978336446],[31.459305883184289,30.156803809010352],[31.459301044274923,30.156802640586182],[31.459296204313556,30.156801473051772],[31.459291364338295,30.156800306419296],[31.459286524363151,30.15679913978666],[31.459281684374087,30.156797974055941],[31.459276844385165,30.15679680832503],[31.459272003358258,30.15679564258178],[31.459267163355552,30.156794477752658],[31.45926232230083,30.156793313813292],[31.45925748124624,30.156792149873741],[31.459252640177748,30.156790986836125],[31.459247799109374,30.156789823798331],[31.459242957003021,30.156788660748177],[31.459238115920868,30.15678749861214],[31.459233273772686,30.156786338267977],[31.459228432676735,30.156785177033704],[31.45922359054282,30.156784015787089],[31.459218749433095,30.15678285545458],[31.459213907285392,30.156781695109718],[31.459209065123783,30.156780535666776],[31.459204221910181,30.156779377113583],[31.459199379748817,30.156778217670301],[31.459194536535449,30.156777059116763],[31.459189695398397,30.156775900587451],[31.459184852171251,30.156774742935667],[31.459180008930193,30.156773586185828],[31.459175165689263,30.156772429435811],[31.459170323500562,30.156771271795712],[31.459165480245847,30.156770115947474],[31.459160635967184,30.156768959184735],[31.459155792698677,30.15676780423826],[31.459150949444318,30.156766648389453],[31.459146106176046,30.156765493442624],[31.45914126188384,30.156764337581311],[31.459136417549665,30.156763184426175],[31.459131574295789,30.156762028576683],[31.459126729961852,30.156760875421188],[31.45912188564208,30.156759721363386],[31.459117042346474,30.156758568219718],[31.45911219801291,30.156757415063698],[31.459107353679464,30.156756261907478],[31.459102509346128,30.156755108751117],[31.459097665012916,30.156753955594549],[31.459092819613687,30.156752804229853],[31.459087976304776,30.15675165198725],[31.459083130919815,30.156750499720101],[31.459078285506909,30.156749349256973],[31.459073442198356,30.156748197013847],[31.459068596799725,30.156747045648274],[31.459063752425276,30.156745895196828],[31.459058907026879,30.156744743830906],[31.45905406161458,30.156743593366905],[31.459049217240487,30.156742442914954],[31.459044371842452,30.156741291548485],[31.459039526416479,30.156740141986077],[31.459034680990637,30.156738992423513],[31.459029835578924,30.156737841958655],[31.45902499117738,30.15673669331002],[31.459020144727834,30.156735542832617],[31.459015300340543,30.156734393281528],[31.459010453877209,30.156733243705883],[31.459005609476144,30.156732095056547],[31.459000762999004,30.156730946382673],[31.458995917574121,30.156729796818702],[31.458991072135312,30.156728648156648],[31.458986226710671,30.156727498592325],[31.458981381272114,30.156726349929933],[31.458976535833671,30.15672520126736],[31.458971690409385,30.156724051702511],[31.458966843919058,30.156722903929502],[31.45896199848098,30.156721755266414],[31.458957153043023,30.156720606603145],[31.458952306567095,30.156719457927501],[31.458947461115347,30.156718310165999],[31.458942615691772,30.156717160600103],[31.458937770240269,30.156716012838224],[31.458928078313544,30.156713716399686],[31.458389483895047,30.156586074811873],[31.458384669501644,30.156584933710679],[31.458379855108351,30.156583792609322],[31.458375039663064,30.156582652397713],[31.458370225284046,30.156581510393881],[31.458365410891115,30.156580369292012],[31.458360596498299,30.156579228189969],[31.458355781067521,30.156578087075541],[31.458350966674939,30.156576945973146],[31.458346152282481,30.156575804870585],[31.45834133790418,30.156574662865726],[31.458336523511953,30.156573521762812],[31.458331709133894,30.156572379757609],[31.458326893703816,30.156571238642147],[31.458322080364081,30.156570096648807],[31.458317264948285,30.156568954630885],[31.458312450542618,30.156567814429213],[31.458307636165145,30.15656667242316],[31.458302821787786,30.156565530416913],[31.458298008448637,30.156564388422691],[31.458293193061504,30.156563244599685],[31.4582883786845,30.15656210259294],[31.458283565359753,30.156560959696098],[31.458278750982991,30.15655981768899],[31.458273936620376,30.156558674779603],[31.458269123295981,30.156557531882232],[31.458264308933607,30.156556388972508],[31.458259494585388,30.156555245160494],[31.458254681261351,30.156554102262607],[31.45824986692741,30.156552957548133],[31.458245052579546,30.156551813735579],[31.458240239269895,30.156550669935072],[31.458235425960353,30.156549526134384],[31.458230611612862,30.156548382321319],[31.458225799369718,30.156547236728269],[31.458220985036494,30.156546092012768],[31.458216171741462,30.156544947309275],[31.458211358460606,30.156543801703496],[31.458206545179852,30.156542656097553],[31.45820173191326,30.156541509589324],[31.458196918632758,30.15654036398303],[31.458192106390449,30.156539218388765],[31.458187293138248,30.156538070977909],[31.458182479858099,30.156536925371086],[31.458177667658262,30.156535777069958],[31.458172855444506,30.156534629670801],[31.458168042192785,30.156533482259242],[31.458163229993303,30.156532333957596],[31.458158416755861,30.156531185643594],[31.458153604556617,30.156530037341607],[31.45814879340962,30.156528888149527],[31.458143981224648,30.156527738945098],[31.458139169039811,30.156526589740476],[31.458134356869117,30.156525439633576],[31.458129544712591,30.156524288624386],[31.45812473356618,30.156523139431457],[31.458119922447981,30.156521988434125],[31.458115111329896,30.156520837436613],[31.458110299201913,30.156519684622534],[31.458105488098102,30.156518532722572],[31.458100677008449,30.156517379920317],[31.458095865918914,30.156516227117898],[31.458091054829506,30.156515074315301],[31.45808624479233,30.156513920622643],[31.45808143371719,30.156512766917597],[31.458076623694296,30.156511612322465],[31.458071812647479,30.156510456812846],[31.458067002624823,30.156509302217369],[31.458062192630369,30.156508145817476],[31.458057382621984,30.156506990319535],[31.458052573665849,30.156505833931529],[31.458047763685791,30.156504676629027],[31.458042954743938,30.15650351933856],[31.458038144778161,30.156502361133587],[31.45803333585058,30.156501202940653],[31.458028526937166,30.156500043845426],[31.458023718037907,30.156498883847942],[31.458018910176854,30.156497723862444],[31.458014101277836,30.156496563864611],[31.458009293431072,30.156495402976674],[31.458004484546326,30.156494242076384],[31.457999675675747,30.15649308027379],[31.457994868895494,30.156491917593314],[31.457990061077279,30.156490754900471],[31.457985253273222,30.156489591305334],[31.457980446521422,30.156488426820129],[31.457975638731639,30.156487262322543],[31.457970831994107,30.15648609693487],[31.457966025242669,30.156484932449143],[31.457961217495367,30.156483765244712],[31.457956411810333,30.156482598966615],[31.457951606153483,30.15648143088411],[31.457946799458675,30.156480262789252],[31.457941993802073,30.156479094706413],[31.457937188173677,30.156477924819178],[31.457932381493258,30.156476755821689],[31.457927576917232,30.156475585044205],[31.457922772341316,30.156474414266537],[31.457917966741476,30.156473242574389],[31.457913162193883,30.156472069992159],[31.457908357632377,30.15647089831187],[31.457903553113095,30.156469723925067],[31.457898748579911,30.156468550440213],[31.45789394511301,30.156467375163167],[31.457889141660267,30.156466198983829],[31.457524327700312,30.156374811420324],[31.457160822463521,30.156279569283424],[31.457156052811602,30.156278290615568],[31.457151284183848,30.156277012861832],[31.457146514532187,30.156275734193617],[31.457141746970876,30.156274454647527],[31.457136979409693,30.156273175101273],[31.457132210838651,30.156271893738438],[31.457127443291771,30.15627061328972],[31.457122675773125,30.156269331036633],[31.45711790826865,30.156268047881241],[31.457113140764299,30.156266764725704],[31.457108375350302,30.156265480692301],[31.457103607860269,30.1562641966343],[31.457098842460582,30.156262911698427],[31.457094074998892,30.156261625835874],[31.45708930857543,30.156260339985376],[31.457084544228259,30.156259054159076],[31.457079777847195,30.156257765601904],[31.457075013514345,30.156256478873168],[31.457070248171622,30.156255190327862],[31.457065482843078,30.156253900880255],[31.457060717500632,30.156252612334608],[31.457055953224483,30.156251321996759],[31.45705118896252,30.156250030756627],[31.457046423648549,30.156248740406241],[31.457041660424927,30.156247449177982],[31.457036897215481,30.156246157047448],[31.457032132968092,30.15624486490454],[31.457027368734874,30.156243571859349],[31.457022605553924,30.156242277924083],[31.45701784341119,30.15624098400087],[31.457013080230499,30.156239690065263],[31.457008317063984,30.156238395227383],[31.457003553925706,30.156237098585116],[31.456998791797545,30.156235803759106],[31.456994028659526,30.156234507116501],[31.456989266545666,30.156233211388045],[31.456984505498124,30.156231913867398],[31.456979743412631,30.15623061633438],[31.456974982379403,30.156229317911283],[31.456970220294174,30.156228020377917],[31.456965459275256,30.156226721052388],[31.456960697218392,30.156225421714463],[31.456955936199734,30.156224122388576],[31.456951175195265,30.156222822160437],[31.45694641419092,30.15622152193211],[31.45694165423885,30.156220220813701],[31.45693689324882,30.156218919682935],[31.456932133297006,30.156217618564188],[31.456927372307241,30.156216317433092],[31.456922612369745,30.156215015411902],[31.456917852460464,30.156213711586314],[31.456913091499199,30.156212408650479],[31.456908331576148,30.15621110572668],[31.456903571653225,30.156209802802703],[31.456898812782562,30.156208498988676],[31.456894052873952,30.15620719516226],[31.456889294017614,30.156205890445772],[31.4568845351614,30.156204585729114],[31.456879776319376,30.156203280110173],[31.456875016425343,30.15620197538097],[31.456870257583574,30.156200669761702],[31.456865498741944,30.15619936414225],[31.456860739914493,30.156198057620529],[31.456855981087177,30.156196751098641],[31.456851223298067,30.156195444588786],[31.456846464471024,30.156194138066564],[31.456841705672197,30.156192829739936],[31.456836946845403,30.156191523217387],[31.456832189084938,30.156190214902619],[31.456827431296496,30.156188908391943],[31.456822672498205,30.156187600064641],[31.456817914752182,30.156186290847288],[31.456813156978185,30.15618498343397],[31.456808399232429,30.156183674216269],[31.4568036414868,30.156182364998408],[31.45679888374131,30.156181055780365],[31.456794125995952,30.156179746562152],[31.456789369274748,30.15617843825811],[31.456784610505622,30.15617712812524],[31.456779853812801,30.156175818016624],[31.456775096067958,30.156174508797765],[31.456770339375399,30.156173198688812],[31.456765581658939,30.156171887665362],[31.456760823914507,30.156170578445973],[31.45675606722234,30.156169268336541],[31.456751309506281,30.156167957312601],[31.456746552814376,30.156166647202809],[31.456741796136662,30.156165336190725],[31.456737039459082,30.156164025178491],[31.456732281743541,30.156162714153869],[31.456727525066228,30.15616140314129],[31.456722768389046,30.156160092128552],[31.456718010673917,30.156158781103436],[31.456713254011046,30.156157469188248],[31.456708497334258,30.156156158174987],[31.456703739619531,30.156154847149356],[31.456698982957064,30.15615353523367],[31.456694227318756,30.156152224232116],[31.456689469618475,30.156150912303879],[31.456684712942355,30.156149601289787],[31.456679956280425,30.156148289373434],[31.456675198580538,30.156146977444678],[31.456665686295416,30.156144353623301],[31.431455782566957,30.14919008302568],[31.431451145481827,30.149188803217136],[31.431446509434835,30.149187523420849],[31.431441872349964,30.149186243611997],[31.431437234227229,30.14918496379056],[31.431432597142607,30.149183683981384],[31.431427960058127,30.149182404172031],[31.431423322973764,30.149181124362556],[31.431418685889536,30.149179844552886],[31.431414048805419,30.149178564743057],[31.431409411721447,30.149177284933085],[31.431404773599596,30.149176005110547],[31.431400136530137,30.149174724398147],[31.431395500498812,30.14917344369799],[31.431390863415341,30.149172163887357],[31.431386226331998,30.149170884076572],[31.431381589263051,30.149169603363543],[31.431376953232238,30.149168322662756],[31.431372316163536,30.149167041949394],[31.431367679094979,30.149165761235874],[31.431363042040818,30.149164479620097],[31.431358404972514,30.149163198906255],[31.43135376894233,30.149161918204658],[31.431349131888545,30.149160636588395],[31.431344494820614,30.149159355874087],[31.431339858805092,30.149158074269906],[31.431335221751691,30.14915679265318],[31.431330585736422,30.14915551104869],[31.43132594868327,30.149154229431616],[31.431321312682524,30.149152946924708],[31.431316676681913,30.149151664417648],[31.431312040681419,30.149150381910406],[31.431307404681064,30.149149099403008],[31.431302767657108,30.14914781598096],[31.431298131671277,30.149146532571123],[31.431293496709287,30.149145250075666],[31.431288860723715,30.149143966665537],[31.431284224738267,30.149142683255242],[31.431279588767222,30.149141398942692],[31.431274953834293,30.149140114642393],[31.431270317849229,30.149138831231625],[31.431265682930839,30.149137546028886],[31.431261046974576,30.149136260813602],[31.431256412056438,30.149134975610561],[31.431251777124157,30.149133691309441],[31.431247142220549,30.149132405203982],[31.431242507317069,30.149131119098371],[31.431237872413728,30.149129832992582],[31.431233237510511,30.149128546886633],[31.431228602621694,30.149127259878419],[31.431223967733004,30.149125972870067],[31.431219333882431,30.149124685873936],[31.431214699008276,30.149123397963159],[31.431210065157973,30.149122110966726],[31.431205431336341,30.14912082216593],[31.431200797500559,30.149119534267072],[31.431196162655468,30.149118244551438],[31.43119152883423,30.149116955750184],[31.431186896065384,30.149115666059046],[31.431182262244395,30.149114377257451],[31.431177629504365,30.149113085761797],[31.43117299569791,30.149111796057785],[31.431168362958136,30.149110504561826],[31.431163730204208,30.149109213967797],[31.431159097478972,30.149107921569417],[31.430892524758153,30.149032900079579],[31.43062642385966,30.148956628639159],[31.430621808442879,30.148955293120057],[31.430617190950244,30.148953957575941],[31.430612574495726,30.148952622044106],[31.430607959107899,30.148951284720304],[31.430603343705933,30.148949948298466],[31.430598728318373,30.148948610974358],[31.430594111907229,30.148947272735569],[31.430589496505657,30.148945936313261],[31.430584882185048,30.148944597196881],[31.430580265774321,30.148943258957626],[31.430575651453971,30.148941919840947],[31.430571036095774,30.148940580711681],[31.430566421775694,30.148939241594682],[31.430561807470038,30.148937901575415],[31.430557192112225,30.148936562445687],[31.4305525778354,30.148935220621897],[31.430547963530135,30.148933880602183],[31.430543349239286,30.148932539680192],[31.43053873494857,30.148931198758032],[31.430534120672267,30.14892985693362],[31.430529507419806,30.14892851602357],[31.430524893143769,30.148927174198842],[31.43052027886786,30.148925832373966],[31.43051566565865,30.148924488757118],[31.430511052421,30.148923146944327],[31.43050643919776,30.148921804229285],[31.430501824950959,30.148920460599562],[31.430497211742271,30.1489191169821],[31.430492598519436,30.148917774266597],[31.430487986363289,30.148916429759108],[31.430483373155003,30.14891508614118],[31.430478759961129,30.148913741620987],[31.430474146753102,30.148912398002729],[31.430469533573785,30.148911052580118],[31.430464921418295,30.148909708071869],[31.430460308210662,30.148908364453128],[31.430455696069732,30.148907019042458],[31.430451082905222,30.148905672717103],[31.43044646971228,30.148904328195808],[31.430441857571743,30.148902982784669],[31.430437245431332,30.148901637373356],[31.430432633305344,30.1489002910598],[31.430428021179491,30.148898944746072],[31.430423408001481,30.148897599321892],[31.430418795875887,30.148896253007837],[31.430414183750429,30.148894906693659],[31.43040957161082,30.148893561281398],[31.430404959499906,30.148892214064798],[31.430400348412835,30.148890867762535],[31.430395736287906,30.148889521447707],[31.43039112417739,30.148888174230621],[31.430386512052724,30.148886827915494],[31.430381899942471,30.148885480698073],[31.430377287818075,30.14888413438263],[31.430372675708092,30.148882787164908],[31.430368063598234,30.148881439947026],[31.430363451488518,30.148880092728994],[31.430358840402633,30.148878746425318],[31.430354228293179,30.148877399206992],[31.430349617236129,30.148876051098782],[31.430345005126942,30.148874703880118],[31.430340393017879,30.148873356661298],[31.43033116878587,30.148870663125283],[31.429834192547151,30.148725481025586],[31.4298294626361,30.148724099897827],[31.429824732739476,30.148722717867791],[31.429820002842995,30.1487213358376],[31.429815272946652,30.148719953807237],[31.429810543050454,30.148718571776708],[31.429805813140103,30.148717190648107],[31.429801083244175,30.14871580861724],[31.429796353319809,30.148714428390441],[31.429791623424158,30.148713046359244],[31.429786892490664,30.148711664315464],[31.429782161543013,30.148710283173614],[31.429777431633489,30.148708902044021],[31.429772701738401,30.148707520012177],[31.429767971829161,30.14870613888224],[31.429763240882064,30.148704757739733],[31.429758510973102,30.148703376609479],[31.429753781049985,30.148701996381149],[31.429749050103307,30.148700615238152],[31.429744320194757,30.148699234107401],[31.429739589234067,30.148697853866157],[31.429734859325798,30.148696472735065],[31.429730128351093,30.148695093395602],[31.429725397390822,30.148693713153854],[31.429720667468672,30.148692332924384],[31.429715936508682,30.148690952682319],[31.429711204496542,30.148689573329754],[31.429706473522533,30.148688193989464],[31.429701742562948,30.148686813746888],[31.429697011574923,30.148685435308352],[31.429692280601333,30.148684055967543],[31.429687549627875,30.148682676626592],[31.429682817602284,30.148681298175127],[31.429678086614814,30.148679919735915],[31.42967335561319,30.14867854219867],[31.429668623588,30.148677163746708],[31.429663892586657,30.148675786209122],[31.429659160561759,30.148674407756822],[31.429654428508407,30.148673031108594],[31.429649697507475,30.148671653570485],[31.429644965454404,30.148670276921912],[31.429640233401475,30.148668900273147],[31.42963550134867,30.148667523624244],[31.429630769281726,30.148666147877261],[31.429626037214916,30.148664772130111],[31.429621304095964,30.148663397272482],[31.42961657204372,30.148662020622904],[31.429611838925041,30.14866064576492],[31.429607105792211,30.148659271808903],[31.429602372673806,30.148657896950599],[31.429597639541253,30.148656522994226],[31.429592907432536,30.148655149952226],[31.429588174300253,30.148653775995523],[31.429583440115834,30.148652402928349],[31.429578706969536,30.148651029873413],[31.429573972771099,30.148649657707999],[31.4295692385585,30.148648286444512],[31.429564505398329,30.148646914291177],[31.42955977118601,30.148645543027371],[31.429555036973827,30.148644171763376],[31.429550302747497,30.148642801401316],[31.429545567483306,30.148641431026686],[31.429540833257253,30.148640060664309],[31.429536099002743,30.148638692105958],[31.429531363724671,30.148637322632922],[31.429526629470448,30.148635954074248],[31.429521893126083,30.148634586392646],[31.42951715783413,30.148633217821217],[31.429512422513735,30.148631851053814],[31.429507687193478,30.148630484286254],[31.42950295084967,30.148629116603981],[31.429498215515395,30.148627750738182],[31.429493478090983,30.148626385749477],[31.429488741704706,30.148625020773007],[31.429484005318553,30.148623655796396],[31.429479267880264,30.148622291709284],[31.4294745314801,30.148620927634436],[31.429469794013503,30.14861956535119],[31.42946505656132,30.148618202165675],[31.429460319094993,30.148616839882102],[31.429455581628805,30.148615477598359],[31.429450844134159,30.148614117118644],[31.429446105615963,30.148612755724255],[31.429441367069305,30.148611396133891],[31.42943662853709,30.148610035641251],[31.429431889976417,30.148608676952641],[31.429427151415886,30.148607318263899],[31.429422411817498,30.148605959562534],[31.429417673242948,30.148604601775535],[31.429412932578252,30.148603244865622],[31.429408192937402,30.148601888870079],[31.429403453296672,30.14860053287433],[31.429398712603803,30.14859917776813],[31.429393972949065,30.148597822674184],[31.429389232227877,30.148596469371842],[31.429384491506838,30.148595116069338],[31.429379749747934,30.148593762754235],[31.429375009012858,30.148592410353487],[31.429370267225643,30.14859105884225],[31.429365525424267,30.14858970823294],[31.429360782599332,30.148588356708949],[31.429356040769651,30.148587007903526],[31.429351298954387,30.14858565819582],[31.429346556072687,30.14858431027972],[31.429341813191122,30.148582962363474],[31.429032727181259,30.148496697606262],[31.428722623433337,30.148413238641989],[31.428717849080613,30.148411977847012],[31.42871307369002,30.148410717039461],[31.428708299308951,30.148409458048341],[31.428703523890022,30.148408199044649],[31.428698748471227,30.148406940040768],[31.428693973023947,30.148405682840934],[31.428689196538819,30.148404425628474],[31.428684421077499,30.1484031693304],[31.428679643540335,30.148401913007298],[31.428674868064974,30.148400657610974],[31.42867009049947,30.148399403091734],[31.428665313972076,30.148398148584743],[31.428660537416203,30.148396895881781],[31.42865575982249,30.148395643166232],[31.428650982228888,30.148394390450495],[31.428646203583131,30.148393138624279],[31.428641427013478,30.14839188682274],[31.428636648339374,30.148390636800361],[31.428631869665402,30.148389386777833],[31.428627092029537,30.148388136767547],[31.428622313341517,30.148386887646783],[31.428617533587033,30.14838564031761],[31.428612754884973,30.148384392098595],[31.428607976183034,30.148383143879407],[31.428603196414628,30.148381897451813],[31.428598416646356,30.148380651024063],[31.428593636878215,30.148379404596145],[31.428588857081596,30.148378159972243],[31.428584077285098,30.148376915348184],[31.428579297503031,30.148375669821846],[31.428574515616521,30.148374426074689],[31.428569735791804,30.148373183254318],[31.428564954929229,30.148371940421335],[31.428560174081092,30.14837069668609],[31.428555393204466,30.148369454754878],[31.428550612327978,30.148368212823481],[31.428545831437301,30.148366971794033],[31.42854104950878,30.148365730751991],[31.428536267566074,30.148364490611858],[31.428531485609192,30.148363251373659],[31.428526703666748,30.148362011233193],[31.428521921710118,30.148360771994664],[31.42851713975363,30.148359532755951],[31.428512356730668,30.148358295308846],[31.428507574760115,30.148357056971896],[31.428502791751708,30.148355818622356],[31.428498009752822,30.148354582089265],[31.428493226730364,30.148353344641478],[31.42848844369373,30.148352108095622],[31.428483660657239,30.148350871549592],[31.428478876568573,30.148349635893062],[31.428474093503716,30.148348401150884],[31.428469311476974,30.14834716642099],[31.428464527388694,30.148345930763941],[31.428459744324211,30.148344696021262],[31.428454960207581,30.148343462168075],[31.428450176091076,30.148342228314728],[31.428445391988994,30.148340993559103],[31.428440607858438,30.148339760607513],[31.428435823728002,30.148338527655739],[31.428431038559697,30.148337294691384],[31.428426255453218,30.148336062653815],[31.428421471308855,30.148334830603641],[31.428416686112342,30.148333599442964],[31.428411900930243,30.148332367380021],[31.428407116771961,30.148331136231437],[31.428402331590124,30.148329904168147],[31.428397547432098,30.148328673019229],[31.428392762221907,30.148327442759797],[31.428387977026144,30.148326211598089],[31.42838319180191,30.148324982240425],[31.428378406592095,30.148323751980481],[31.428373622420398,30.148322521732808],[31.42836883615854,30.148321292362194],[31.428364050934807,30.148320063003847],[31.428359265711194,30.14831883364532],[31.428354480487716,30.148317604286635],[31.42834969421207,30.148316375817448],[31.428344908974534,30.148315147360503],[31.42834012271344,30.148313917988876],[31.428335337461849,30.148312690433691],[31.428330552239,30.148311461074154],[31.428325765963987,30.148310232604121],[31.428320979674787,30.148309005035983],[31.428316194438008,30.148307776578033],[31.428311408149067,30.148306549009579],[31.428306621845945,30.148305322343045],[31.42830183557156,30.148304093872145],[31.428297050306675,30.148302867217708],[31.428292264032546,30.14830163874646],[31.428287477729924,30.148300412079259],[31.42828269246542,30.148299185424307],[31.428277906177367,30.148297957854648],[31.428273118837133,30.14829673117449],[31.428268332549333,30.148295503604494],[31.428263547285333,30.148294276948871],[31.428258760983475,30.148293050280632],[31.428253973658052,30.148291822697701],[31.428249188394432,30.148290596041541],[31.428244402078651,30.148289370274895],[31.428239615791593,30.148288142703887],[31.428234829490364,30.148286916034795],[31.428225256888283,30.148284462696093],[31.425901473673449,30.147688873199293],[31.425896808418926,30.147687676770698],[31.425892141074243,30.14768648121915],[31.425887474781987,30.147685284777797],[31.425882808475532,30.147684089238371],[31.425878141145539,30.147682892784232],[31.425873474853635,30.147681696342389],[31.425868807523887,30.147680499887933],[31.425864142255886,30.147679304360313],[31.425859474940697,30.147678107003426],[31.425854808649277,30.147676910560921],[31.425850142343652,30.147675715020384],[31.425845476066804,30.147674517675441],[31.425840808723446,30.14767332212211],[31.425836143484819,30.147672124789324],[31.425831476156016,30.147670928333568],[31.425826809879645,30.147669730987996],[31.425822143603398,30.147668533642271],[31.425817477312943,30.147667337198481],[31.425812811036931,30.147666139852415],[31.425808144746714,30.147664943408305],[31.425803479508922,30.147663746074382],[31.425798813247589,30.147662547825721],[31.425794146957735,30.147661351381132],[31.42578948069665,30.147660153132154],[31.425784815473669,30.147658954895491],[31.425780149212827,30.14765775664619],[31.425775482937773,30.147656559298845],[31.425770816691497,30.147655360147141],[31.425766151468991,30.147654161909806],[31.425761485222946,30.147652962757785],[31.425756820015007,30.14765176361804],[31.425752153754885,30.147650565367783],[31.425747488547181,30.147649366227704],[31.425742823339604,30.147648167087457],[31.425738158146476,30.147646967044974],[31.425733491915487,30.147645766989854],[31.42572882672259,30.147644566947037],[31.425724161529825,30.14764336690407],[31.425719497389476,30.147642165971277],[31.42571483221127,30.147640965025868],[31.425710167033184,30.147639764080317],[31.425705501855226,30.147638563134585],[31.425700836677382,30.147637362188693],[31.425696172551969,30.147636160352981],[31.425691508440998,30.147634957615026],[31.425686844315823,30.147633755779012],[31.425682179167111,30.147632553028284],[31.425677515056503,30.147631350289835],[31.425672850960346,30.147630146649124],[31.425668186849986,30.147628943910355],[31.425663521716086,30.147627740256869],[31.425658858672588,30.147626535726044],[31.425654194576911,30.14762533208469],[31.425649530510007,30.14762412663897],[31.425644867466882,30.147622922107633],[31.425640204438196,30.14762171667406],[31.425635541395298,30.147620512142403],[31.42563087734322,30.147619305793949],[31.425626214343545,30.147618098555686],[31.425621551315341,30.147616893121441],[31.425616888315929,30.147615685882862],[31.425612226354602,30.147614478656553],[31.425607563355424,30.147613271417629],[31.425602900370688,30.147612063276458],[31.425239931873225,30.147516744043099],[31.424877775144108,30.147419123750673],[31.424873132846162,30.147417856282377],[31.424868491600652,30.147416587924265],[31.424863851393241,30.147415319578467],[31.424859210147975,30.147414051220039],[31.424854568917176,30.147412781959353],[31.424849927686498,30.147411512698504],[31.424845287493934,30.147410243449961],[31.424840646277847,30.147408973286705],[31.424836006099863,30.147407703135741],[31.424831364884025,30.147406432972165],[31.424826724720628,30.147405161918769],[31.424822084571687,30.147403889963122],[31.424817445446518,30.147402618921877],[31.424812805297833,30.147401346965918],[31.424808165149273,30.147400075009795],[31.424803525015175,30.147398802151418],[31.424798884881195,30.147397529292874],[31.424794245785339,30.147396256446633],[31.42478960566595,30.147394982685675],[31.424784966584667,30.147393708937017],[31.424780327489177,30.1473924360903],[31.424775689460454,30.147391161451683],[31.424771049355918,30.147389886787991],[31.424766410275137,30.147388613038661],[31.424761772246807,30.147387338399575],[31.424757133194948,30.147386062845758],[31.424752494143217,30.147384787291784],[31.424747855091628,30.147383511737633],[31.424743217078117,30.147382236195813],[31.424738578041111,30.147380959739262],[31.424733940027863,30.14737968419708],[31.424729300991114,30.147378407740216],[31.42472466299245,30.147377131295649],[31.424720024993924,30.147375854850889],[31.424715386995516,30.147374578406012],[31.424710749011577,30.147373301058845],[31.424706109989788,30.147372023699081],[31.424701472006102,30.147370746351598],[31.424696835060519,30.147369469016429],[31.424692197091417,30.147368190766528],[31.424687559108111,30.147366913418576],[31.424682921139265,30.147365635168367],[31.42467828317055,30.147364356917997],[31.424673646239938,30.14736307867992],[31.424669008257126,30.147361801331343],[31.424664370303134,30.147360522178367],[31.424659733372895,30.147359243939821],[31.424655095419141,30.147357964786551],[31.424650458474826,30.147356687449776],[31.424645819483349,30.147355408283708],[31.424641182567957,30.147354129142443],[31.424636544614721,30.147352849988522],[31.424631907699577,30.147351570846901],[31.424627270784562,30.147350291705152],[31.424622632831706,30.147349012550752],[31.42461799591694,30.147347733408655],[31.424613359002311,30.147346454266422],[31.424608722087804,30.147345175123998],[31.424604084135446,30.147343895968962],[31.424599447235533,30.147342615924153],[31.424594810321405,30.14734133678126],[31.424590173421748,30.147340056736105],[31.424580897503841,30.147337499326717],[31.424339187378944,30.147271771458328],[31.423456549030515,30.147031629018105],[31.419725379933634,30.146022976411874],[31.418001764202739,30.145547372827636]],[[31.782890192305995,29.911526384094177],[31.782890193322572,29.911199317344295],[31.782890193285951,29.910872248764431],[31.782890193187907,29.91054518197323],[31.782890192025725,29.910218114254349],[31.782890191848765,29.909891047431444],[31.782890190618648,29.909563978778561],[31.782890192434088,29.909236911943019],[31.782890192138744,29.908909845072497],[31.782890192839599,29.908582778195683],[31.782890193511953,29.908255710400734],[31.782890193109193,29.907928642580348],[31.782890191631349,29.907601574734535],[31.782890192174346,29.907274507794245],[31.782897540566317,29.906828667330409],[31.7829048909127,29.906382825049405],[31.782912240073689,29.905936983629399],[31.782919589095897,29.905491142177656],[31.782895219310401,29.905021319842035],[31.782843406307808,29.90468803823812],[31.782763614232312,29.904360326792133],[31.782759564034983,29.904346400116516],[31.782711427897688,29.904193158256628],[31.782657358909152,29.904041908195218],[31.782597437154816,29.903892879867062],[31.782531754164893,29.903746298800026],[31.782460890342445,29.903602985185138],[31.782384729878924,29.903462413667768],[31.78230338226491,29.903324780162258],[31.782212513808883,29.903177422278411],[31.78211563168761,29.90303394584852],[31.78201290069665,29.902894597826624],[31.78190449711855,29.902759617151183],[31.781790604613267,29.902629232000166],[31.781671420332824,29.902503667968869],[31.781544684848452,29.902409268745636],[31.781415467786822,29.902318296240516],[31.781283862600276,29.902230815378058],[31.781121970861975,29.90212988168792],[31.780957027686284,29.902034016191802],[31.780789193553492,29.90194330698926],[31.780618628919786,29.901857843984903],[31.78046065132035,29.901784374155845],[31.780300754515579,29.901715179874074],[31.780139052844863,29.901650310917944],[31.779975666892902,29.901589814416923],[31.779810712109445,29.90153373384404],[31.779644309143077,29.901482110916099],[31.779469902437743,29.901433045029457],[31.779294238160897,29.901388685772972],[31.779117445340372,29.901349066820966],[31.778939650998023,29.901314216415624],[31.778760984281163,29.901284158307515],[31.778566946959426,29.90125699229127],[31.778372214516189,29.901235367327992],[31.778176946221578,29.901219299327341],[31.777981298238476,29.901208804171208],[31.777785430992822,29.901203887855729],[31.777612808659512,29.901204153329701],[31.777440247452859,29.901208743303744],[31.777267854058294,29.901217655157268],[31.777095739314607,29.901230885406253],[31.776924010017634,29.901248422408536],[31.77672691315594,29.901273960751677],[31.776529712181222,29.901298688406161],[31.776332412320201,29.901322601810623],[31.776135013544582,29.90134570367157],[31.775937523130189,29.90136799225143],[31.775747160969537,29.901388697165864],[31.775556717858908,29.901408647573252],[31.775366196887216,29.901427845306767],[31.775175602245206,29.901446286795554],[31.77500102674567,29.901462511677629],[31.77482639368549,29.901478104133652],[31.774651706163624,29.901493065094662],[31.774476964205448,29.90150739275602],[31.774302171945539,29.901521088058328],[31.774127332504982,29.901534150128096],[31.773937723507654,29.901547597143335],[31.773748065582968,29.901560299877225],[31.773558357666406,29.901572261026843],[31.773368605997749,29.901583478845318],[31.773178810592277,29.901593952430336],[31.772988975585466,29.901603682722616],[31.772799105134872,29.901612668858434],[31.772609200269276,29.901620911749621],[31.772410890573934,29.901632125246795],[31.772212576574624,29.901643264410424],[31.772014260331886,29.901654330162017],[31.77181593771493,29.901665321560788],[31.771617612822205,29.90167624225429],[31.771419282602775,29.901687087702314],[31.771220949106088,29.901697859728646],[31.771022612321509,29.901708559235569],[31.770824270189408,29.90171918530152],[31.770661091416031,29.901723096729214],[31.770497911590777,29.901727008847242],[31.77033473176029,29.901730920762958],[31.77017155294908,29.901734833388343],[31.770008346025065,29.901737324317811],[31.769845139100465,29.901739815045072],[31.769681932175292,29.901742305570096],[31.769518725238434,29.901744796795178],[31.769355502607397,29.901745868245026],[31.769192279991511,29.901746938590488],[31.769029058415256,29.901748008743478],[31.768865834760806,29.9017490795773],[31.7686997817713,29.901754768288573],[31.768533728781826,29.90176045588797],[31.768367674745708,29.901766143268031],[31.768201621722998,29.901771831350409],[31.76803550114812,29.90177492789131],[31.767869378499643,29.901778024203271],[31.767703257908746,29.901781121227305],[31.767537136290922,29.901784217129823],[31.76737098650964,29.901784720956613],[31.767204836734507,29.901785224573999],[31.767038686954425,29.901785728884263],[31.766872538216077,29.901786232994816],[31.766706399656254,29.901784145388426],[31.766540263182328,29.901782057592285],[31.766374124652028,29.901779969567663],[31.76620798716095,29.901777882245852],[31.766041903390441,29.901773201810322],[31.765875817561025,29.901768522048933],[31.765709733826114,29.90176384209817],[31.765543649078978,29.901759161928979],[31.76537765739651,29.901751891722334],[31.765211665734842,29.901744622209684],[31.76504567412735,29.901737350684233],[31.764766418587477,29.901723347756228],[31.764216252329032,29.901690643887164],[31.763829878829156,29.901661622414725],[31.763806275607404,29.901659849118815],[31.763732238624328,29.901654286899021],[31.763553517012763,29.901640861847103],[31.763222578532318,29.901610804391282],[31.762891640281442,29.90158074611049],[31.762561210315102,29.901545529324327],[31.76223077855191,29.901510310794944],[31.761900939967433,29.901469941782327],[31.761571099597084,29.901429572834861],[31.761241930016535,29.901384064066242],[31.760912759718646,29.901338555376711],[31.760584340961032,29.901287914851622],[31.760255921507579,29.9012372753125],[31.759928332194754,29.90118151822092],[31.759600742240746,29.901125760315761],[31.75930481815827,29.901072550884386],[31.759008893378763,29.901019340787752],[31.758713805074642,29.900961674795717],[31.758418717122932,29.900904009054859],[31.758124531838043,29.900841898878564],[31.757830347965861,29.900779788967828],[31.7575371339307,29.900713250603555],[31.757243919250275,29.900646713392543],[31.756951740585379,29.900575760091833],[31.756659563381522,29.900504807066888],[31.756368488303536,29.900429455730517],[31.756077413674632,29.90035410466562],[31.755787508305222,29.90027437398037],[31.755497603430491,29.900194641767829],[31.755191880814305,29.900103278830244],[31.754886158768535,29.900011916100929],[31.754581607522603,29.899916729570737],[31.754277054796653,29.899821543235188],[31.753973719342795,29.899722547084718],[31.753670383453542,29.899623552047],[31.753368311251542,29.899520765692195],[31.753066237620921,29.899417978642102],[31.752765478278818,29.899311415203396],[31.752464717527591,29.899204851075879],[31.7521653164649,29.899094527244376],[31.751865912987871,29.898984201818632],[31.751567916635736,29.898870136100435],[31.751269920983226,29.89875606972647],[31.750973376829226,29.898638278833687],[31.750676833381803,29.898520488194354],[31.750381788889499,29.898398990644317],[31.750086745110224,29.898277494257126],[31.749793245647972,29.898152310352724],[31.749499745914289,29.898027124901859],[31.749207838931113,29.897898274064065],[31.748915930657773,29.89776942167741],[31.748625660483196,29.897636924200594],[31.74833539110579,29.897504425202154],[31.747835132622718,29.897268478421715],[31.747334875490399,29.897032531598104],[31.746834617637802,29.896796584711659],[31.746334360089151,29.896560638674515],[31.745834101831502,29.896324691672362],[31.745333843889071,29.896088744617302],[31.744833587274766,29.895852799323709],[31.744333328927272,29.895616852153069],[31.743863880664993,29.895395432238459],[31.743394432419063,29.895174013392705],[31.74292498422345,29.894952592909021],[31.742455535020017,29.894731172582098],[31.741986086857068,29.894509754236218],[31.741516637708962,29.89428833424261],[31.741047189623991,29.89406691442559],[31.740577740531183,29.89384549476538],[31.740108292501503,29.893624075281824],[31.739628482507296,29.893393586551959],[31.739148672652032,29.893163099722067],[31.738668861934293,29.892932612075498],[31.738189052402291,29.892702125436589],[31.737709242019186,29.892471637078796],[31.737403626763932,29.892324702157655],[31.737098012413053,29.892177767453493],[31.736746528257463,29.89201749080301],[31.736395045241686,29.891857214147052],[31.735896626435515,29.891630341839839],[31.735398205764255,29.891403470374335],[31.734892580453089,29.891177283248773],[31.734386955387084,29.89095109602852],[31.733881328495347,29.89072490869372],[31.733375702872813,29.890498722176474],[31.732870077506853,29.890272534662373],[31.732364452374625,29.890046347955955],[31.731858826452118,29.889820161145021],[31.731353200774759,29.889593974239556],[31.730847575342548,29.889367787239586],[31.730520292634292,29.889218289305365],[31.729236229021101,29.888607794196673],[31.728947293062319,29.888473992056312],[31.728658355810794,29.888340190185293],[31.72859738608431,29.888311956008728],[31.728467940719653,29.888252010612209],[31.728381413960509,29.888211941860405],[31.728334886108438,29.888190394316076],[31.728277527006835,29.888163830782872],[31.728275062412052,29.888162688996818],[31.72808711155465,29.888075651569615],[31.727896698504729,29.88798747301238],[31.727891534599053,29.887985081586514],[31.727707056899032,29.887899649937633],[31.727517416645959,29.887811828413316],[31.727467288024673,29.887788614365419],[31.727327775720525,29.887724004810469],[31.72713813512377,29.887636181845835],[31.72699891354257,29.88757170830457],[31.726859693191564,29.887507233728723],[31.726700924308453,29.88743370642489],[31.726553171038713,29.887365279843152],[31.726542153604395,29.887360178013736],[31.726383385198105,29.887286650339789],[31.726374243486312,29.88728241663059],[31.726365101775308,29.887278182920799],[31.726355961089041,29.887273950122633],[31.726346820415017,29.887269716421603],[31.726337678717869,29.887265481807717],[31.726328539080836,29.887261248115461],[31.726319398409196,29.88725701441258],[31.726310257761281,29.887252778904603],[31.7263011181381,29.88724854430826],[31.726291977491766,29.887244308799048],[31.726282837881641,29.887240073299211],[31.726273699330644,29.887235836004251],[31.726264559733568,29.887231599600945],[31.726255422219563,29.887227362314757],[31.726246282647004,29.887223124105713],[31.726237146192929,29.887218885023803],[31.726228007680302,29.887214645019014],[31.726218871239279,29.887210405033624],[31.726209734810528,29.887206164145368],[31.72620059942944,29.887201922364234],[31.72619146407208,29.887197678777991],[31.726182328715527,29.887193435191122],[31.726173195453512,29.887189189819146],[31.726164062192282,29.887184944446556],[31.726154928954802,29.887180697268818],[31.726145796764985,29.88717644919825],[31.726136665634314,29.887172199332536],[31.7261275345159,29.887167948563985],[31.726118405480577,29.887163696912545],[31.726109276457503,29.887159444358232],[31.726100148505058,29.887155189106565],[31.726091020564862,29.887150932952018],[31.726081893672355,29.887146675904617],[31.726072768874388,29.887142417072109],[31.726063644100169,29.88713815643446],[31.72605452142049,29.887133894011694],[31.726045397717684,29.887129630676068],[31.726036277156307,29.887125364663078],[31.726027155571778,29.887121097737211],[31.726018037117225,29.887116829036241],[31.726008918697872,29.887112557627884],[31.725999802350131,29.887108286238917],[31.725990686049073,29.887104011240339],[31.7259815707957,29.887099735348901],[31.725972457648346,29.887095456770073],[31.725963345560142,29.887091176396147],[31.725954234531084,29.88708689422711],[31.725945124572661,29.887082609360689],[31.725936016720254,29.887078321806904],[31.725926909915522,29.887074033360264],[31.725917805216827,29.887069742226249],[31.725908700553358,29.887065448384863],[31.725899597995909,29.887061151856098],[31.725890496486137,29.887056854434494],[31.725881397093875,29.88705255342327],[31.72587229878371,29.887048248812427],[31.725863202556642,29.887043943318712],[31.725854108435584,29.887039635137636],[31.725845015385168,29.887035324259188],[31.725835924452262,29.887031009791141],[31.725826833531624,29.887026694420232],[31.725817745786848,29.887022373665186],[31.725808660125161,29.887018052027287],[31.72579957451018,29.887013726779784],[31.725790492025162,29.887009399757133],[31.725781411657653,29.887005069144916],[31.725772333407654,29.887000734943054],[31.725763255192888,29.886996398033844],[31.72575418010809,29.886992059349506],[31.725746444164784,29.886988356229367],[31.725745107152274,29.886987716173319],[31.725641720945415,29.886937644354209],[31.725529190508329,29.886883143754311],[31.725362860324143,29.886800972986265],[31.725234547888917,29.886736612039442],[31.725095534336774,29.886665915841476],[31.725086611394886,29.886661343967894],[31.725077688511234,29.88665676758249],[31.725068769792976,29.886652189432002],[31.725059853192274,29.886647607691934],[31.72505093766225,29.88664302325455],[31.725042024238306,29.886638436129822],[31.725033112931918,29.886633845415503],[31.725024203731611,29.886629252013893],[31.725015295590499,29.886624656817183],[31.72500638956695,29.886620058030896],[31.724997485649471,29.886615456557294],[31.724988583826601,29.886610853298603],[31.724979684109805,29.886606247352589],[31.724970785475165,29.886601637806997],[31.724961887888259,29.886597027368595],[31.724952993454302,29.886592413350606],[31.724944099055634,29.886587796625282],[31.72493520675156,29.88658317811489],[31.724926315518168,29.886578556907185],[31.72491742845018,29.886573933934404],[31.724908540370595,29.88656930914653],[31.724899654408567,29.886564680769084],[31.724890769482787,29.886560052401084],[31.724883627245248,29.886556326996171],[31.72488188667457,29.886555420443511],[31.724873004937027,29.886550785788597],[31.724864125282618,29.886546150250872],[31.724855245652002,29.886541512908064],[31.724846368127476,29.886536872877951],[31.724837491650668,29.886532231955009],[31.724828616233061,29.886527589236991],[31.724819742921547,29.88652294383165],[31.724810869633831,29.88651829662124],[31.724801998440725,29.886513647625755],[31.724793128295346,29.886508997737455],[31.724784259197673,29.886504346956325],[31.72477539012381,29.886499694370126],[31.724766523156045,29.886495039096612],[31.724757657235994,29.886490382930273],[31.724748792375152,29.886485724968864],[31.724746642509647,29.886484595183973],[31.724739926491232,29.886481066094618],[31.724731063725827,29.886476406347565],[31.724722200984242,29.886471744795447],[31.724713340325771,29.886467082360507],[31.724704478655706,29.886462418110501],[31.724695619068768,29.886457752977659],[31.724686759505641,29.886453086039754],[31.724677900978744,29.886448419111275],[31.724669043499588,29.886443751289978],[31.724660186044225,29.886439081663593],[31.724651329625111,29.886434412046661],[31.724642474276681,29.886429739732396],[31.724633618906125,29.886425069222078],[31.724624763570869,29.886420396004421],[31.724615910318732,29.886415721903965],[31.724607056032045,29.886411047792905],[31.724598202793068,29.886406372789047],[31.724589349554947,29.886401697784606],[31.724580498399934,29.886397021897363],[31.724571645186458,29.886392345087277],[31.724562794044619,29.886387668296635],[31.724553941879712,29.886382990593155],[31.724545090751047,29.886378312899115],[31.724536239623216,29.886373635204517],[31.724527389554602,29.88636895571484],[31.72451853946384,29.886364278029074],[31.724509689385428,29.88635959944051],[31.724500839330823,29.886354919046855],[31.724491988218684,29.88635024044714],[31.724483138154277,29.886345560954574],[31.724474288102186,29.886340880559214],[31.724256480538418,29.886225713024103],[31.724038673495805,29.886110544239848],[31.723861492138255,29.886016862607914],[31.723820866951378,29.885995376010971],[31.723603059869735,29.88588020832745],[31.723385254344638,29.885765039404827],[31.723167447246944,29.885649871017577],[31.722976499952654,29.885548910087888],[31.722949639612033,29.885534703175672],[31.722731832498294,29.885419534084647],[31.72251402588272,29.885304365549018],[31.722294940263627,29.885188517429153],[31.722091515157633,29.88508095092913],[31.722075854147857,29.885072667143803],[31.721856767489374,29.884956818302012],[31.721637681358096,29.88484096820703],[31.721418594695614,29.884725118653314],[31.721288313659773,29.884656227569693],[31.721279464935346,29.88465154787988],[31.721270614117969,29.884646869973938],[31.721261762243042,29.88464219386189],[31.721252908263647,29.884637520435938],[31.721244051132896,29.884632850588329],[31.72123518978087,29.884628187015753],[31.721226326289834,29.884623528836045],[31.72121745649525,29.88461887781358],[31.721208580374086,29.884614235752814],[31.721206444889592,29.88461312139103],[31.721199697926341,29.884609602653789],[31.721190809128981,29.884604980320976],[31.721181912958137,29.884600367842115],[31.721173007297001,29.884595768806122],[31.721164093169428,29.884591184125274],[31.72115516851618,29.884586612877253],[31.721146234349586,29.884582056876607],[31.721137288575871,29.884577517907758],[31.721128331183511,29.884572996872958],[31.721119361125613,29.884568494664414],[31.721110378390648,29.884564012184381],[31.721101380896346,29.884559550315021],[31.721092369666582,29.88455510996862],[31.721083343631395,29.884550693841909],[31.721074302802325,29.884546301032607],[31.721065246109426,29.884541934237486],[31.720975240596175,29.884500365176798],[31.720865321215143,29.884453944093892],[31.720770867967936,29.884417679177979],[31.720675943099685,29.884384456901799],[31.720591103272337,29.884358596374241],[31.720110811671823,29.884267155171695],[31.719623953462168,29.88422233675573],[31.719135039528545,29.884224555704215],[31.718190937680838,29.884401498295546],[31.718181363665444,29.884404069957579],[31.718161386450312,29.884409436228406],[31.718071488945519,29.884433585311108],[31.717981591387979,29.884457735233415],[31.717891693800805,29.884481884190851],[31.717801796160895,29.884506033987897],[31.717711898491341,29.884530182820061],[31.71762057102401,29.884554714732356],[31.717529243514175,29.884579246580014],[31.717437915938742,29.884603780167527],[31.717346588343897,29.884628311885908],[31.717255259659616,29.884652844431805],[31.71717216034676,29.884675173049327],[31.717072153194419,29.884702036708902],[31.716972145967993,29.884728902095461],[31.716872137678333,29.884755765589933],[31.716772131396908,29.884782629929287],[31.716673929962738,29.884809008229016],[31.716575729503241,29.884835387366316],[31.716477529017709,29.884861764624379],[31.716379328471486,29.884888142709944],[31.716281126829188,29.884914521612966],[31.716182926173119,29.884940900451316],[31.716107614418274,29.884961130374688],[31.716032302634531,29.884981360254102],[31.715956990821876,29.88500159008958],[31.71586830698989,29.885025411975487],[31.715779623129396,29.885049232898218],[31.71569093921725,29.885073054662243],[31.715602255265033,29.885096876365314],[31.715513571272734,29.88512069800742],[31.715425400557308,29.885144381110862],[31.715337230826087,29.885168065066409],[31.715293478976573,29.885179817321145],[31.715249061066807,29.885191748059434],[31.715193077069234,29.885206783973121],[31.715092676122772,29.885233752361536],[31.714992274101125,29.885260719759508],[31.714891872016551,29.885287687981581],[31.714791470915991,29.885314656135613],[31.71469106872868,29.885341624201438],[31.714590667525396,29.885368592199189],[31.714490266270744,29.885395560118841],[31.714394991844816,29.885421151284188],[31.714299719431814,29.885446743301635],[31.714204444913381,29.885472334326266],[31.714105520020833,29.885498904859691],[31.71400659507843,29.885525475317252],[31.713907671121543,29.885552045709055],[31.713808746079415,29.885578616014925],[31.71370982097584,29.885605187147195],[31.713610895822406,29.885631758203608],[31.713511970630694,29.885658328281931],[31.713413047448299,29.885684899206833],[31.713314122156866,29.885711469133454],[31.713215196803986,29.885738039886462],[31.713122832268642,29.885762849081058],[31.713030466654434,29.885787658199423],[31.712938102043747,29.885812466359532],[31.712845737377993,29.885837275355758],[31.712742438233537,29.885865018558246],[31.712639139023121,29.885892762580269],[31.712535839746742,29.885920507421819],[31.712432541462984,29.885948251288532],[31.712329242089488,29.885975995062427],[31.712225942661611,29.886003738753619],[31.712127016771881,29.886030307769992],[31.712028090832288,29.886056876710523],[31.711929164842843,29.886083445575196],[31.71183023879194,29.886110015266247],[31.711731312691175,29.886136584881456],[31.711632386540554,29.8861631544208],[31.71153346138707,29.886189722992171],[31.711434535136735,29.886216292379803],[31.711335608848156,29.886242860789324],[31.711236682498114,29.886269430025241],[31.711134798792578,29.886296793248267],[31.711032916069552,29.886324156400917],[31.710931032269869,29.886351518560748],[31.710832002840739,29.886378115356749],[31.710829148394087,29.886378882444614],[31.710734571528661,29.886404281928048],[31.710637142239015,29.886430448446006],[31.710539710830233,29.886456614870159],[31.710442280396872,29.886482782133083],[31.71034484992677,29.886508948420186],[31.710247419408297,29.886535114633705],[31.710177865196762,29.886553793907822],[31.710075674408916,29.886581238119518],[31.709973482532487,29.886608682240151],[31.709871291638251,29.88663612628994],[31.709769100690824,29.886663570258776],[31.709666909678575,29.886691015048914],[31.709564718624758,29.88671845885586],[31.709462527517751,29.886745902581858],[31.709360337381316,29.886773347139286],[31.709258146167929,29.886800790703383],[31.709159218770974,29.886827358346267],[31.709060291335799,29.886853925011039],[31.708961363850776,29.886880491599957],[31.708862436304276,29.88690705901525],[31.708763508707936,29.886933626354683],[31.708664582108771,29.886960192726143],[31.70856565441273,29.886986759913839],[31.708466726666828,29.887013327025681],[31.708367798871087,29.887039894061665],[31.708268872060909,29.887066461031921],[31.708174007157073,29.887091936140138],[31.708079142207406,29.887117411178576],[31.707984277211903,29.887142886147256],[31.707889412158927,29.887168361948429],[31.707794547071753,29.88719383677758],[31.70769968192711,29.887219312439239],[31.707604816748265,29.887244787128878],[31.707509951535229,29.887270260846499],[31.707505178803419,29.887271543265452],[31.707500406083131,29.887272824781974],[31.707495633351098,29.887274107200554],[31.707490859606825,29.887275387804319],[31.707486087909949,29.887276670232705],[31.707481315189199,29.887277951748509],[31.7074765424567,29.887279234166382],[31.707471768711962,29.887280514769454],[31.70746699701462,29.887281797197137],[31.707462224293405,29.88728307871224],[31.707457450525038,29.88728436111926],[31.707452677803602,29.887285642634033],[31.707447906094153,29.88728692596322],[31.707443133360833,29.887288208379868],[31.707438359603643,29.887289489883951],[31.707433586870092,29.88729077230024],[31.707428815171827,29.88729205472649],[31.707424042438046,29.887293337142442],[31.707419269704147,29.887294619558194],[31.707414496958499,29.887295902876019],[31.70740972524812,29.887297186203828],[31.707404952513873,29.887298468619054],[31.707400180803273,29.887299751946514],[31.707395408057156,29.887301035263626],[31.707390636346314,29.887302318590717],[31.707385863599967,29.88730360190749],[31.707381091877256,29.887304886136469],[31.707376319119025,29.887306170355142],[31.707371547407732,29.887307453681512],[31.707366774649266,29.88730873789984],[31.707362003949843,29.887310023040495],[31.70735723222656,29.887311307268607],[31.707352460491503,29.887312592398793],[31.707347687732586,29.887313876616385],[31.707342915985656,29.887315162648456],[31.707338145285661,29.88731644778823],[31.707333373538503,29.887317733819941],[31.707328601802864,29.887319018949238],[31.707323831090878,29.887320304990734],[31.707319060378769,29.887321591032066],[31.707314287584104,29.887322877955182],[31.707309516860118,29.887324164898398],[31.707304747171417,29.887325451851602],[31.707299976447203,29.887326738794449],[31.707295204675827,29.887328026629252],[31.707290433951378,29.887329313571755],[31.707285664238931,29.887330602328745],[31.707280893502599,29.887331890173147],[31.707276122754518,29.887333178919629],[31.707271352006309,29.887334467665919],[31.707266582270108,29.887335758226687],[31.707261811521679,29.887337046972629],[31.70725704179689,29.887338336630787],[31.707252272071969,29.887339626288778],[31.707247503370695,29.887340916858989],[31.707242732598512,29.887342207408715],[31.70723796284997,29.887343498870671],[31.707233194136705,29.887344790342588],[31.70722842542332,29.887346081814318],[31.707223654627374,29.887347374167859],[31.707218885890473,29.887348667443739],[31.707214117176736,29.887349958914939],[31.707209349463358,29.887351253102874],[31.707204579690707,29.887352546368074],[31.707199811988733,29.887353839653404],[31.707195043239604,29.887355133830638],[31.707190275514112,29.887356428920103],[31.707185505729345,29.887357723086847],[31.707180739027383,29.887359019088354],[31.707175971289892,29.887360315079544],[31.707171202505243,29.887361611962621],[31.707166434767522,29.887362907953452],[31.707161668053438,29.887364204856492],[31.707156901339232,29.887365501759376],[31.707152133554594,29.887366801358649],[31.707147366828508,29.887368099163414],[31.707142600090663,29.887369397870245],[31.707137833352711,29.887370696576895],[31.707133066591343,29.887371997087861],[31.707128300876903,29.887373296706542],[31.707123535139061,29.887374598129558],[31.70711876942438,29.887375897747894],[31.707114002639262,29.887377200062662],[31.707109236889416,29.887378502387381],[31.707104472174862,29.88737980472208],[31.707099707448542,29.887381107958852],[31.707094941675052,29.887382412087526],[31.707090176936852,29.887383716226207],[31.707085413222288,29.887385021277066],[31.707080648483853,29.887386325415392],[31.707075882686603,29.887387631347863],[31.707071118960044,29.887388937300447],[31.707066356257112,29.88739024416525],[31.707061591483271,29.88739155100961],[31.707056827721416,29.887392859668413],[31.707052064994848,29.887394168337185],[31.707047302268158,29.887395477005786],[31.707042538505949,29.887396785664059],[31.707037776779487,29.887398097049189],[31.7070330140408,29.887399406619508],[31.707028252302454,29.887400718906541],[31.707023489540237,29.887402030281002],[31.70701872780165,29.887403342567669],[31.707013966051314,29.887404655756416],[31.707009205324599,29.887405969857383],[31.707004442526969,29.887407283937879],[31.706999682823785,29.887408598950877],[31.70699492208507,29.887409913953558],[31.706990161322949,29.887411230760563],[31.706985400572357,29.887412546665107],[31.706980640822106,29.887413865286405],[31.706975881095023,29.887415182103027],[31.706971122368294,29.887416501636356],[31.706966361570633,29.887417821149203],[31.706958885199779,29.887419894588003],[31.706951407758286,29.887421970722965],[31.706943932364005,29.887424048682259],[31.706936455910743,29.887426128435486],[31.706928980480935,29.887428209100651],[31.706921505027545,29.887430291569878],[31.706914030574307,29.887432376755566],[31.706906557144535,29.887434462853221],[31.70689908266742,29.887436549842526],[31.706891610225874,29.887438639558425],[31.706884137760731,29.887440731078396],[31.706876666307402,29.88744282441257],[31.706869193806735,29.887444918638405],[31.706861723353278,29.887447014688615],[31.706854251829167,29.887449113434954],[31.706846782375564,29.887451212201185],[31.706839311851333,29.887453313663539],[31.706831843374307,29.88745541695026],[31.706824373849933,29.887457521128663],[31.706816906361119,29.887459628033657],[31.706809437824958,29.887461735830303],[31.706801971336009,29.887463845451336],[31.706794503788064,29.887465956866258],[31.706787038287313,29.887468070105538],[31.706779571727584,29.887470185138728],[31.706772106191298,29.887472301083871],[31.706764640631423,29.887474418833076],[31.7067571771071,29.88747653930891],[31.70674971253543,29.887478660676376],[31.706742248975562,29.887480783858067],[31.7067347864275,29.887482908853976],[31.70672732386749,29.887485034751673],[31.706719861260581,29.88748716425793],[31.706712399700429,29.88748929287167],[31.70670493912877,29.887491425104098],[31.706697477509763,29.887493558228194],[31.706690017937962,29.887495693176643],[31.70668255834256,29.887497829929174],[31.706675098735214,29.887499967583491],[31.706667640128011,29.88750210795429],[31.706660181497206,29.887504250129133],[31.7066527238782,29.887506394118184],[31.706645267282649,29.887508539019205],[31.706637809639737,29.887510684811883],[31.706630354020735,29.887512834233426],[31.706622898401417,29.887514983654533],[31.706615442746855,29.887517135781934],[31.706607988115739,29.887519288821313],[31.706600534484775,29.887521444577132],[31.706593079806446,29.887523601224622],[31.706585626139923,29.887525759686326],[31.706578173485187,29.887527919962228],[31.706570720806848,29.887530082042208],[31.706563269140304,29.887532245936388],[31.706555818497208,29.887534410742557],[31.706548366783455,29.887536578244855],[31.70654091609315,29.887538746659125],[31.706533466414633,29.887540916887605],[31.706526016712502,29.88754308892015],[31.706518568022172,29.887545262766892],[31.706511119308235,29.887547438417727],[31.706503670582343,29.887549614970343],[31.706496223891985,29.887551794249589],[31.70648877718968,29.887553974430627],[31.706481330463756,29.887556156415751],[31.706473883714221,29.887558340204912],[31.706466439011887,29.887560525818465],[31.706458994285935,29.887562713236061],[31.706451548512621,29.887564901545332],[31.706444104786502,29.887567091678939],[31.706436661036768,29.887569283616628],[31.706429218287177,29.887571478270775],[31.706421775525616,29.887573673826751],[31.70641433377585,29.887575871196912],[31.70640689200247,29.887578070371148],[31.706399451264168,29.887580269555098],[31.706392011502718,29.887582473260007],[31.706384569670142,29.887584676944194],[31.706377130931813,29.887586881560633],[31.706369692146566,29.887589089785621],[31.706362253349344,29.887591298912444],[31.706354814540173,29.88759350894108],[31.706347376731131,29.887595721686168],[31.706339939933869,29.887597936245466],[31.706332504171705,29.887600150814485],[31.706325068362609,29.88760236899207],[31.706317631506145,29.887604588061293],[31.706310196708525,29.887606808052666],[31.706302761875637,29.88760903075033],[31.706295328054527,29.887611255262215],[31.706287895256846,29.887613480686078],[31.706280462435551,29.887615707913994],[31.706273028555238,29.887617936935822],[31.706265596722101,29.887620167781996],[31.70625816486535,29.887622400432271],[31.706250734020376,29.887624634896731],[31.706243304198839,29.887626870273174],[31.706235874342017,29.88762910835592],[31.706228444473233,29.887631347340477],[31.706221014580827,29.887633588129098],[31.706216295899125,29.887635012701185],[31.70621157617024,29.887636438165174],[31.706206858512022,29.887637863649307],[31.706202138771229,29.887639290015215],[31.706197421089449,29.887640717303498],[31.706192703407542,29.887642144591602],[31.706187985702215,29.887643573684031],[31.706183268008399,29.887645001874027],[31.706178551326548,29.887646431878498],[31.706173833609178,29.887647861872637],[31.706169116915419,29.887649292779038],[31.706164400221539,29.887650723685233],[31.706159683504211,29.887652156395756],[31.706154967822169,29.887653589116248],[31.706150253163734,29.88765502274898],[31.706145537469776,29.887656456371385],[31.706140820728642,29.887657890885709],[31.706136106058167,29.887659325420149],[31.706131392411322,29.88766076086684],[31.70612667669354,29.88766219629305],[31.706121963034782,29.88766363264164],[31.706117248328837,29.887665069882132],[31.706112533611112,29.887666508024708],[31.706107819940311,29.88766794527502],[31.706103107281475,29.887669384339805],[31.706098392551702,29.887670823384099],[31.706093679880958,29.887672263350773],[31.706088967210071,29.887673703317294],[31.706084253492008,29.887675144175724],[31.706079540809213,29.887676585044137],[31.706074829150051,29.887678026824769],[31.706070117502392,29.887679467702995],[31.706065404784251,29.887680911277613],[31.706060693113034,29.887682353959985],[31.706055981418388,29.887683798446666],[31.706051269746904,29.88768524112869],[31.706046558051995,29.887686685615019],[31.706041847380693,29.887688131013597],[31.706037135662214,29.887689577304073],[31.706032426037712,29.887691021810213],[31.70602771637812,29.887692469022912],[31.706023004659244,29.887693915312862],[31.706018295011049,29.887695361622974],[31.706013585351069,29.887696808835148],[31.706008874643889,29.887698256939238],[31.706004164972001,29.887699705053329],[31.705999456323717,29.887701154079629],[31.705994745604496,29.887702603085465],[31.7059900369443,29.887704053013668],[31.70598532726023,29.887705502029291],[31.705980618599771,29.887706951957153],[31.705975909939184,29.88770840188484],[31.705971201266813,29.887709852714607],[31.705966491547255,29.88771130443628],[31.70596178389837,29.887712756178086],[31.705957076249351,29.887714207919753],[31.705952367553149,29.887715660553305],[31.705947659892207,29.88771711319686],[31.705942952231148,29.887718565840228],[31.70593824352289,29.887720019375536],[31.705933536896968,29.887721472028705],[31.705928829223854,29.887722925573808],[31.705924121538956,29.887724380020995],[31.705919414877673,29.887725835380383],[31.705914708227922,29.887727289837375],[31.705909999507227,29.88772874427389],[31.705905293880953,29.88773019964292],[31.705900587219148,29.887731655001634],[31.705895880545562,29.887733111262428],[31.705891173883494,29.887734566620804],[31.705886468233384,29.887736023793657],[31.70588176052399,29.887737480043771],[31.705877054873628,29.887738937216248],[31.705872348187725,29.887740394378429],[31.70586764149003,29.887741852442669],[31.705862935850931,29.887743308712402],[31.70585823122379,29.887744766796615],[31.70585352453736,29.887746223958107],[31.705848818862886,29.887747682934073],[31.705844113199952,29.887749141007607],[31.705839407525211,29.887750599983232],[31.705834701862017,29.887752058056424],[31.70582999722242,29.887753517041848],[31.705825291547299,29.887754976016947],[31.705820586895786,29.887756435904254],[31.705815881220406,29.887757894879016],[31.705811175533231,29.887759354755843],[31.705806470892984,29.8877608137404],[31.705801766240953,29.887762273627047],[31.705797060541727,29.887763734405599],[31.705792355877772,29.887765195194135],[31.705787651225339,29.887766655080267],[31.705782946561126,29.887768115868454],[31.705778241908444,29.887769575754223],[31.70577353827936,29.887771036552234],[31.705768832579349,29.887772497329767],[31.705764128950008,29.887773958127418],[31.705759424285134,29.887775418914742],[31.705754719620131,29.887776879701917],[31.705750014943341,29.887778341391144],[31.705745311301815,29.887779803090364],[31.705740605601015,29.887781263866867],[31.705735900923834,29.887782725555571],[31.70573119728191,29.887784187254276],[31.705693561941093,29.887795879874492],[31.705684153596035,29.887798805062967],[31.705623353504009,29.887817697720347],[31.70556255234294,29.887836591241047],[31.705501751159897,29.887855484732992],[31.705440949954863,29.88787437819617],[31.705380148739533,29.887893270728323],[31.705319347490544,29.887912164133969],[31.705254343716589,29.887932362588025],[31.705189338870451,29.88795256190128],[31.705124335046257,29.887972760289589],[31.705059331196956,29.887992958645011],[31.704994327310857,29.888013157869793],[31.704929322364233,29.888033357051537],[31.704864318427894,29.888053556210572],[31.704799314478102,29.88807375443448],[31.704734310503188,29.888093952625503],[31.704669305456083,29.888114151675726],[31.704604301419263,29.888134350703258],[31.704539297357336,29.88815454969788],[31.704474293281944,29.888174747757386],[31.704409288134361,29.888194946676091],[31.70434428399706,29.888215145572079],[31.70427637278107,29.888236248020888],[31.704208462596409,29.888257348639488],[31.704140552361004,29.888278451026689],[31.704072642121517,29.888299551573507],[31.704004730795862,29.888320653878758],[31.703936820489883,29.88834175525605],[31.703868910156473,29.888362856597475],[31.703800999795654,29.888383957903013],[31.703733089395744,29.888405060074891],[31.703665178980092,29.888426161308647],[31.70359726748994,29.888447263398586],[31.70354025539184,29.888464977725665],[31.703483243262735,29.88848269292971],[31.703426230090571,29.888500407196045],[31.70336921688742,29.888518122339313],[31.703304212359885,29.88853831980698],[31.703239206760141,29.888558518133841],[31.703174202194049,29.888578714633507],[31.70310919654408,29.888598912894601],[31.703044191904397,29.888619111132979],[31.702979187239595,29.888639309338487],[31.702914181525944,29.888659506598689],[31.702849175787172,29.888679703826018],[31.702784171047011,29.888699901932874],[31.702719166281735,29.88872010000685],[31.702654161491331,29.888740298047946],[31.702589155640407,29.888760496045975],[31.702524150811456,29.88878069311906],[31.702459145945713,29.8888008910615],[31.702394141054846,29.888821088971074],[31.70232615835133,29.888842212252879],[31.702258173561198,29.888863334576097],[31.702190190802742,29.88888445778597],[31.702122206981397,29.888905580949686],[31.702054224167991,29.888926704087641],[31.701986241327116,29.888947827189611],[31.70191825743504,29.888968949343198],[31.701850273503808,29.888990072363057],[31.701782290580518,29.889011195357156],[31.701714306594337,29.889032318305073],[31.701646323616103,29.889053441227233],[31.701578339574986,29.889074564103229],[31.701510356541814,29.889095686953464],[31.701464710109924,29.889109869411879],[31.701419061618214,29.88912405002921],[31.701355177158533,29.889143899307179],[31.701291290615451,29.889163747630729],[31.701227406107254,29.889183596845161],[31.701163520539367,29.889203446017657],[31.701099635982654,29.889223295168559],[31.701035750377962,29.889243143375285],[31.700971864749011,29.88926299155025],[31.700907980119521,29.889282840605873],[31.700844094430355,29.889302689619555],[31.700780208716928,29.88932253860148],[31.700745730960541,29.889333251140847],[31.700711253208791,29.88934396276872],[31.700644433302411,29.889364723043144],[31.700577614393204,29.889385484195294],[31.700510794433733,29.889406244400256],[31.700443974459446,29.889427003668214],[31.700378967766234,29.889447199645961],[31.700313962059923,29.889467397405515],[31.700248956351899,29.88948759332769],[31.700183949571642,29.889507790109032],[31.700118943813383,29.889527985965444],[31.70005393803002,29.889548181788964],[31.699988932198114,29.889568379384094],[31.699923925329099,29.88958857513164],[31.699858919458677,29.88960877175877],[31.699793912527717,29.889628968342794],[31.699728906618777,29.889649164001888],[31.699663900661303,29.889669361432592],[31.699598894702131,29.889689557025918],[31.699533888694418,29.889709754390854],[31.699468882685018,29.889729949918411],[31.699423467546971,29.889744060846319],[31.699417074152823,29.889746046169712],[31.699413875879081,29.889747040620456],[31.699404286258066,29.88975002221877],[31.699394696671646,29.889753001109657],[31.699385104990402,29.889755981783871],[31.699375512273186,29.889758962447171],[31.699365921626278,29.889761943130175],[31.699356333073091,29.889764922028402],[31.699346741354507,29.88976790540649],[31.699337152788516,29.8897708852055],[31.699327563151407,29.889773867700338],[31.699317976467707,29.889776861954253],[31.69930838780634,29.889779848969059],[31.699298800168137,29.889782836895634],[31.699289213506223,29.889785829342902],[31.699279626867199,29.889788819984947],[31.699270041239608,29.889791812441],[31.699260456588313,29.889794809417751],[31.699250872995322,29.889797804599521],[31.699241289331471,29.889800805194021],[31.699231706714219,29.889803804895788],[31.699222125073266,29.889806809118245],[31.69921254550259,29.889809813360404],[31.699202965861076,29.889812823015323],[31.699193388301559,29.889815831787679],[31.699183809624049,29.889818846864841],[31.699174235087682,29.889821861982107],[31.699164659468469,29.889824880697432],[31.699155084837262,29.889827903031229],[31.69914551222946,29.889830928993675],[31.699135941656813,29.889833957682583],[31.699126373119292,29.889836989097912],[31.699116804510915,29.889840025925981],[31.699107238996529,29.889843063686232],[31.699097671352156,29.889846105936552],[31.699088108825737,29.889849152748408],[31.699078548311025,29.889852204091206],[31.699068986725173,29.889855258129788],[31.699059428186438,29.889858316709525],[31.699049872706539,29.889861378928156],[31.699040317179207,29.889864444755034],[31.699030763628418,29.889867517819567],[31.699021214183599,29.88987059363097],[31.699011665691604,29.889873675767568],[31.699002117163886,29.889876760610171],[31.698992573742405,29.889879850916582],[31.698983031262035,29.889882948450428],[31.698973488745946,29.889886048690308],[31.698963951359516,29.889889152589493],[31.698924950156904,29.889901919820797],[31.698916296310152,29.889904768039333],[31.698906772959173,29.889907907264696],[31.698897251584707,29.889911053727726],[31.698887734292764,29.889914204742102],[31.698878216894755,29.889917363875977],[31.698868704591252,29.889920529375896],[31.698859194322857,29.889923697602253],[31.698849688054938,29.889926876695661],[31.69884018378696,29.889930061222245],[31.698830683566332,29.889933253006941],[31.698821184298502,29.889936451116803],[31.698811690136893,29.889939654690494],[31.698802196881186,29.889942868198389],[31.698792708743401,29.889946086267834],[31.698783223594106,29.889949313389653],[31.698773741456716,29.889952547759332],[31.698764262319521,29.889955790279149],[31.698754788288522,29.889959038262766],[31.698745317246004,29.889962295298773],[31.698735849215375,29.889965559582624],[31.698726385196927,29.88996883383134],[31.698716923154958,29.889972115317697],[31.698707467231156,29.889975404082566],[31.698698013272111,29.889978700987374],[31.698688564360648,29.889982007867214],[31.698679119508228,29.889985321102895],[31.698669677632541,29.889988644293194],[31.698660238733574,29.889991977438118],[31.698650806988187,29.889995317871776],[31.698641378219531,29.889998668260038],[31.698631953509906,29.890002025004158],[31.698622530706409,29.890005394399417],[31.698613116091913,29.890008771093655],[31.698603704465842,29.890012156840232],[31.698594296851919,29.89001555255166],[31.698584894273829,29.890018959140384],[31.698575495743029,29.8900223729872],[31.698566104307194,29.890025798633989],[31.698556714824342,29.890029233322938],[31.698547331424471,29.890032677997159],[31.698537953048699,29.890036134450902],[31.698528576637635,29.890039599044592],[31.698519210451245,29.890043073664391],[31.69850984619438,29.890046559130855],[31.698501126947441,29.890049816346981],[31.69850048799703,29.890050056387079],[31.698491134858934,29.890053562716115],[31.698481785709514,29.890057080814461],[31.698472440572186,29.890060608877661],[31.698463105636051,29.890064148771486],[31.698453773653142,29.890067700424446],[31.698444447764913,29.890071261160408],[31.698435126900737,29.890074833675943],[31.698425812084341,29.890078418883473],[31.69841650333915,29.890082014978539],[31.698407200665169,29.890085621961109],[31.698397905097821,29.890089239841437],[31.698388613507383,29.890092870393335],[31.698379326929263,29.890096513627039],[31.698370049516903,29.890100168681176],[31.698360777116864,29.890103836417097],[31.698351510788012,29.890107515040555],[31.698342249506648,29.890111203639069],[31.698332998379556,29.890114907677212],[31.698323752288225,29.890118622592677],[31.698314510150329,29.890122351984203],[31.698305278213578,29.890126093206383],[31.698296051289141,29.890129847110376],[31.698286832506714,29.890133611922348],[31.698277619713391,29.890137393937543],[31.698268414038395,29.890141185948277],[31.698188892943936,29.890174623184361],[31.698135223192871,29.890197882423028],[31.698081759569995,29.890221613802005],[31.698034080716109,29.890243260954517],[31.697986575033106,29.890265286984047],[31.69791706102799,29.890298353591081],[31.697847942297209,29.890332237086486],[31.697769249164313,29.890372061905744],[31.697718711724182,29.890398352229969],[31.697668409752751,29.89042508791648],[31.697586354934742,29.890469938957043],[31.697503448848082,29.890516857865375],[31.697428895066114,29.890560467226425],[31.697377089326803,29.890591580627852],[31.697325583624281,29.8906231905606],[31.697275558885341,29.890654550706195],[31.697225833488538,29.890686381209509],[31.697174160625913,29.890720166819253],[31.697122827978941,29.890754464697718],[31.69706666824548,29.890792844971276],[31.697010936393024,29.890831843951677],[31.696961016254669,29.890867566100884],[31.696911457191721,29.890903788996045],[31.696832794155,29.890962887893878],[31.696764039905826,29.89101621118574],[31.696708249201674,29.89106066961676],[31.696657700401957,29.891101951176523]]]}},
{"type":"Feature","properties":{"Shape_Length":24657.841052318021},"geometry":{"type":"MultiLineString","coordinates":[[[31.785347478308172,30.30756282785191],[31.767249114317394,30.308581359649686],[31.767244039974898,30.308581644791143],[31.767238964592551,30.308581929922617],[31.76723389127854,30.308582215975676],[31.767228815896154,30.308582501106752],[31.767223741553558,30.308582786247424],[31.767218668250774,30.308583071397681],[31.767213593919433,30.308583355635744],[31.767208518536947,30.308583640766027],[31.767203445234099,30.308583925915691],[31.7671983708914,30.308584211055372],[31.767193296548676,30.308584496194847],[31.767188222205931,30.30858478133413],[31.767183147874452,30.308585065571027],[31.767178073542961,30.308585349807696],[31.767173000239975,30.308585634956192],[31.767167924868605,30.308585919182658],[31.767162850525754,30.30858620432096],[31.767157776205465,30.308586487654651],[31.767152701873854,30.308586771890333],[31.76714762650241,30.308587056116043],[31.767142553210572,30.308587340361122],[31.767137478890202,30.30858762369402],[31.767132404558506,30.308587907928914],[31.767127330238075,30.308588191261414],[31.767122255928925,30.30858847369149],[31.767117180568633,30.308588757013801],[31.767112107287971,30.3085890403555],[31.767107031938934,30.308589322775187],[31.767101957629688,30.308589605204492],[31.767096883320427,30.308589887633588],[31.767091808999847,30.308590170964706],[31.767086733650725,30.308590453383605],[31.767081660392517,30.30859073491969],[31.767076585043338,30.30859101733822],[31.767071510756558,30.3085912979619],[31.767066436469751,30.3085915785854],[31.767061362171628,30.308591860110894],[31.767056286844955,30.308592140724212],[31.767051212546797,30.308592422249323],[31.767046138271201,30.308592701969815],[31.767041062955755,30.308592981680306],[31.76703598762899,30.30859326229282],[31.76703091439315,30.308593542022507],[31.767025839088944,30.308593820830204],[31.767020763784704,30.308594099637705],[31.76701568950898,30.308594379357032],[31.767010615244519,30.308594658173938],[31.767005539951519,30.308594936078613],[31.767000464658491,30.308595213983107],[31.766995390416565,30.308595490995021],[31.76699031513478,30.308595767996906],[31.766985239852989,30.308596044998612],[31.766980165610988,30.308596322009915],[31.766975091380274,30.308596598118797],[31.766970016109699,30.308596874217692],[31.766964940839117,30.308597150316395],[31.766959865591101,30.308597424610486],[31.766954791371589,30.308597699816367],[31.766949716112229,30.308597975012265],[31.766944640864153,30.308598249305749],[31.766939565627343,30.308598522696837],[31.766934490390518,30.308598796087711],[31.766929415164963,30.308599068576203],[31.766924339928092,30.30859934196668],[31.766919264713788,30.308599613552559],[31.766914189488169,30.308599886040447],[31.766909114285127,30.308600156723717],[31.766904039059462,30.308600429211186],[31.766898962827845,30.308600698982065],[31.766893887636034,30.308600968762544],[31.766888813472729,30.308601239454816],[31.766883737241056,30.308601509225092],[31.766878661020645,30.308601778092957],[31.766873585851339,30.308602046068209],[31.766868510682013,30.308602314043274],[31.76686343448414,30.308602581106129],[31.766858359326076,30.308602848178577],[31.766853284167983,30.308603115250836],[31.766848209021163,30.308603381420699],[31.766843132857101,30.308603645776142],[31.766838056681713,30.308603911033583],[31.766832980506308,30.308604176290832],[31.766827906433129,30.308604439763062],[31.766822830268978,30.308604704117716],[31.766817754127402,30.308604966667726],[31.766812677985811,30.308605229217573],[31.76680760185549,30.308605490865006],[31.766802525713853,30.308605753414433],[31.76679744959479,30.308606014159245],[31.766792373487011,30.308606274001676],[31.766787298419029,30.308606533853698],[31.766782222322497,30.308606792793501],[31.766777146237253,30.308607050830911],[31.766772069112161,30.308607308858306],[31.766766993026867,30.308607566895308],[31.766761916952852,30.308607824029913],[31.766756840890114,30.308608080262115],[31.766751763798833,30.308608335582115],[31.766746687747368,30.308608590911682],[31.766741610667342,30.308608845329079],[31.766736534638422,30.308609098853854],[31.766731457569655,30.308609352368642],[31.766726381563291,30.308609604088595],[31.76672130451708,30.308609855798565],[31.766716228521982,30.308610106615919],[31.766711152515562,30.308610358335301],[31.766706075491889,30.308610608240254],[31.766700998468206,30.308610858145009],[31.76669592146709,30.308611106245145],[31.766690844465963,30.308611354345096],[31.766685767487409,30.308611600640411],[31.766680690497541,30.308611847837753],[31.766675612479126,30.308612094122896],[31.766670535523112,30.308612338613219],[31.766665458567083,30.308612583103333],[31.766660381622327,30.30861282669105],[31.766655304677574,30.308613070278565],[31.766650227744083,30.308613312963665],[31.766645150833167,30.308613553844157],[31.766640072882417,30.308613794714667],[31.766634995994064,30.308614033790349],[31.766629918054576,30.308614273758231],[31.766624840137659,30.308614511921498],[31.766619763249249,30.308614750996586],[31.766614686383438,30.30861498826706],[31.76660960850036,30.308615223723109],[31.766604530617272,30.308615459178966],[31.766599452745474,30.308615693732413],[31.766594374884946,30.308615927383453],[31.766589297024407,30.308616161034308],[31.766584219186445,30.308616392880552],[31.766579141348469,30.308616624726575],[31.766574062493241,30.308616854758181],[31.766568984677829,30.308617084799408],[31.766563906873699,30.308617313938221],[31.76655882908085,30.30861754217462],[31.766553751310582,30.308617768606414],[31.766548672489176,30.308617995930426],[31.766543594741471,30.308618220557392],[31.766538515942624,30.308618446076576],[31.766533437166366,30.308618669791144],[31.76652835944121,30.308618892613108],[31.766523280676221,30.308619115425085],[31.766518202973629,30.308619336442231],[31.766513124253795,30.30861955564497],[31.766508045522656,30.308619775749705],[31.766502965774265,30.30861999404004],[31.766497888105512,30.308620212349776],[31.766492809419525,30.308620428845096],[31.766487729693694,30.308620645330414],[31.766482651041564,30.308620859118708],[31.766477572389423,30.308621072906796],[31.766472492708743,30.308621285782706],[31.76646741407917,30.308621497765984],[31.76646233546089,30.308621708846861],[31.766457255814057,30.308621919015529],[31.766452177218344,30.308622128291599],[31.76644709760539,30.308622335753238],[31.766442019032233,30.308622543224505],[31.766436939430559,30.308622749783527],[31.766431859840154,30.308622955440168],[31.766426780272344,30.308623159292196],[31.76642170071581,30.308623362241807],[31.766416621170578,30.308623564289011],[31.766411541636629,30.308623765433808],[31.766406462125254,30.308623964774004],[31.766401381574042,30.308624164104188],[31.766396302085248,30.308624361639559],[31.766391222607734,30.308624558272523],[31.766386143130219,30.308624754905299],[31.766381062635457,30.308624949723644],[31.766375983191818,30.308625143649394],[31.76637090273093,30.30862533576072],[31.766365822270036,30.30862552787185],[31.766360741831733,30.308625718178344],[31.766355662444532,30.308625907592262],[31.766350582028807,30.308626096093974],[31.766345500584539,30.308626283683466],[31.766340421231202,30.308626470390163],[31.766335340860646,30.308626655282428],[31.766330260512664,30.308626838370078],[31.766325180175972,30.308627020555335],[31.766320098810763,30.308627201828376],[31.766315018474046,30.308627384013235],[31.766257982984786,30.308629350102734],[31.766200944114619,30.308631170862704],[31.766143899772874,30.308632847175701],[31.76608685205073,30.308634378159159],[31.76602979990863,30.308635763803281],[31.765972745426463,30.308637004127657],[31.765915686513551,30.308638100014896],[31.765858626300894,30.308639050592216],[31.765801562709111,30.308639855839999],[31.765744498846619,30.308640516689906],[31.76568743160551,30.308641032210286],[31.765630365145316,30.308641402440387],[31.765573297375347,30.308641628262784],[31.765516228318464,30.308641707873097],[31.765459160031956,30.30864164309537],[31.76540209149886,30.308641432115362],[31.765345023736643,30.308641076747335],[31.765287957785372,30.308640577001075],[31.765230892628107,30.308639931062388],[31.765173830322105,30.3086391407553],[31.765116768799306,30.308638205158015],[31.765059710139592,30.308637124290183],[31.765002655383039,30.30863589816159],[31.764945603478782,30.308634527664655],[31.764888554438354,30.308633011897175],[31.764831510341672,30.30863135087883],[31.764774470149167,30.308629544599757],[31.764717434889587,30.308627593972037],[31.764660404585822,30.308625497191247],[31.764603380255309,30.308623256071652],[31.764546360869794,30.308620869701247],[31.764489348497861,30.308618339001846],[31.764432343151064,30.308615663071294],[31.764375343789837,30.308612841899777],[31.764318353511271,30.308609877321214],[31.764261369241407,30.308606765697288],[31.764204393026201,30.308603509754295],[31.764147425894389,30.308600110404296],[31.764090467880191,30.308596564940675],[31.764033518972521,30.308592874265656],[31.763976579160332,30.308589039281458],[31.763919649483665,30.308585059997938],[31.763862729965428,30.308580934610706],[31.76380582161174,30.30857666583622],[31.763748924445458,30.308572251870078],[31.763692038455542,30.308567693614524],[31.763635162602398,30.308562991059745],[31.763578301056889,30.308558143342857],[31.763521450688465,30.308553151336625],[31.763464613588358,30.3085480141585],[31.763407789745482,30.30854273271072],[31.763350980199892,30.308537307003139],[31.763294183912031,30.308531737025959],[31.763237402973093,30.308526021896657],[31.76318063526972,30.308520164302205],[31.763123883978245,30.308514159761089],[31.763067146962644,30.308508012764726],[31.763010426336781,30.308501720626161],[31.762953722078237,30.308495285149849],[31.762897034198591,30.3084887054336],[31.762840362709412,30.308481980575259],[31.762783708628113,30.308475112389072],[31.762727073006079,30.308468099982697],[31.762670454792406,30.308460944248552],[31.762613855049818,30.308453643392077],[31.762557273755881,30.30844619921773],[31.762500711962009,30.308438610833157],[31.762444169657101,30.308430879140605],[31.762387646841397,30.308423004140092],[31.762331144566282,30.308414984939279],[31.762274662820673,30.308406822440411],[31.76221820162748,30.308398514839141],[31.762161763032566,30.308390064861726],[31.762105344967882,30.30838147158639],[31.762048949513282,30.308372735032808],[31.761992575629201,30.308363855191168],[31.761936225406849,30.308354831178995],[31.761879896744144,30.308345664781061],[31.761823592772124,30.308336355124695],[31.761767313502357,30.308326901307762],[31.761711056832766,30.308317305114976],[31.761654825894375,30.308307565673758],[31.761598618596452,30.308297683866623],[31.761542438070027,30.308287658820941],[31.761486283264169,30.308277491429106],[31.761430153161971,30.308267179876935],[31.761374049809284,30.308256726890725],[31.761317974268835,30.308246130675997],[31.761261925478355,30.308235393027317],[31.76120590346077,30.308224512140342],[31.761149909244764,30.308213488927148],[31.761093943870407,30.308202323397648],[31.76103800734926,30.308191014649655],[31.760982097567883,30.308179565370125],[31.760926219759632,30.308167972901742],[31.760870369754112,30.308156238107362],[31.760814550659671,30.308144361918771],[31.760758762476502,30.30813234433602],[31.760703004176396,30.308120184447116],[31.760647276799379,30.308107882261901],[31.760591582413962,30.308095438702377],[31.760586660825759,30.308094329152453],[31.76058173926036,30.308093217797918],[31.760576818757606,30.308092104648644],[31.760571898243622,30.308090992401414],[31.760566978814985,30.308089876554991],[31.760562059375101,30.308088761610612],[31.760557139958056,30.308087644861633],[31.760552219501303,30.308086528102638],[31.76054730219818,30.308085408666383],[31.760542382815533,30.308084289210228],[31.760537464495535,30.308083167959349],[31.760532547215469,30.30808204671812],[31.760527629958222,30.308080923672314],[31.760522712712458,30.308079799724105],[31.760517796517981,30.308078674883362],[31.760512880334971,30.308077549140236],[31.760507964174788,30.308076421592506],[31.760503048014716,30.30807529404461],[31.760498131888845,30.308074163789893],[31.760493216791531,30.308073034447073],[31.760488301717054,30.308071903299624],[31.760483386654052,30.30807077124981],[31.76047847264233,30.308069638307472],[31.760473558630739,30.30806850536494],[31.760468644653322,30.308067369715609],[31.760463730676022,30.308066234066086],[31.760458817761371,30.308065096621803],[31.760453904846841,30.308063959177371],[31.760448992994945,30.308062819938193],[31.760444080103365,30.308061680688962],[31.760439168274424,30.308060539645009],[31.760434256445599,30.308059398600861],[31.760429344639601,30.308058255752119],[31.760424433873549,30.308057112913044],[31.760419523118962,30.308055969171605],[31.760414612387208,30.308054823625536],[31.760409701655568,30.308053678079311],[31.760404791986577,30.308052530738337],[31.760399882317714,30.308051383397185],[31.76039497162051,30.308050235143774],[31.760390063025756,30.308049085105498],[31.76038515443113,30.308047935067012],[31.760380244808164,30.308046784116318],[31.760375337276301,30.308045632282912],[31.760370428727462,30.308044478635075],[31.760365521218546,30.308043324996909],[31.760360613732473,30.308042169554145],[31.760355706235163,30.308041015013412],[31.760350798760673,30.308039858668067],[31.760345891286324,30.308038702322573],[31.760340984874606,30.308037544182291],[31.76033607846302,30.308036386041877],[31.760331172074263,30.308035226096848],[31.760326265685627,30.308034066151627],[31.760321361388094,30.308032905323721],[31.760316455033763,30.308031742671545],[31.760311549708018,30.308030580931227],[31.760306645433566,30.308029418298382],[31.760301741181937,30.308028253860932],[31.760296835890625,30.308027089413454],[31.760291931661971,30.308025923171236],[31.760287027433421,30.30802475692883],[31.760282124256172,30.308023589793883],[31.760277220050579,30.308022421746724],[31.760272316884937,30.308021253709224],[31.760267413730759,30.308020084769318],[31.76026251058807,30.308018914927054],[31.760257608496669,30.308017744192242],[31.760252706416747,30.308016572555033],[31.760247804336956,30.308015400917661],[31.760242902268633,30.308014228377896],[31.760238000211796,30.308013054935738],[31.760233099206246,30.308011880601036],[31.760228197149647,30.308010707158527],[31.760223296167062,30.308009531019067],[31.760218395184598,30.308008354879423],[31.760213495253431,30.308007177847241],[31.76020859428257,30.30800600080503],[31.760203694363003,30.308004822870288],[31.760198793403731,30.308003644925495],[31.760193893495767,30.308002466088194],[31.760188992559474,30.308001286338641],[31.760184093725641,30.308000104804197],[31.760179194869213,30.307998925073985],[31.760174296046994,30.307997742636971],[31.760169396173715,30.307996561092136],[31.760164498402901,30.307995377762435],[31.760159598541232,30.307994195315029],[31.760154700782021,30.307993011082743],[31.760149803034302,30.307991825948061],[31.760144905286698,30.307990640813202],[31.760140006499402,30.307989455668302],[31.760135109814581,30.30798826873853],[31.760130212078707,30.307987082700926],[31.760125315394134,30.307985895770805],[31.76012041664141,30.30798470791855],[31.760115519968434,30.307983520085859],[31.76011062330695,30.307982331350775],[31.760105726668296,30.307981140811087],[31.760100830018416,30.307979951173415],[31.760095934419827,30.307978760643252],[31.760091037781553,30.307977570103002],[31.76008614219457,30.30797637867024],[31.760081245567896,30.307975187227459],[31.760076349992527,30.307973994892141],[31.760071455468449,30.307972801664285],[31.760066559893328,30.30797160932859],[31.760061664341038,30.307970415188329],[31.760056768800236,30.307969220145655],[31.76005187428802,30.307968026014873],[31.760046979787287,30.307966830981691],[31.760042085286674,30.307965635948349],[31.760037190797547,30.307964440012611],[31.760032296319892,30.307963243174495],[31.760027401842368,30.307962046336183],[31.760022507376334,30.307960848595503],[31.760017613938871,30.307959651766684],[31.760012720512897,30.3079584540355],[31.760007826058597,30.307957255392065],[31.760002931615773,30.30795605584624],[31.759998039241349,30.307954857222136],[31.759993144798781,30.30795365767597],[31.759988252435967,30.307952458149295],[31.759983359044814,30.307951257710421],[31.759978465653795,30.307950057271341],[31.75997357331407,30.307948855939721],[31.75996868097447,30.307947654607958],[31.759963787595179,30.307946453266133],[31.759958896307008,30.307945251041634],[31.759954002950689,30.307944047895042],[31.759949110622955,30.307942845660321],[31.759944218295338,30.30794164342543],[31.759939325979207,30.307940440288167],[31.759934433674569,30.307939236248508],[31.759929543449676,30.307938032228375],[31.759924651145294,30.307936828188339],[31.759919758852377,30.307935623245918],[31.759914866559598,30.307934418303329],[31.759909976346574,30.307933213380281],[31.75990508405404,30.307932008437326],[31.759900192812808,30.307930802601856],[31.75989530157171,30.307929596766193],[31.759890411370545,30.307928390940212],[31.759885519101235,30.307927184192124],[31.759880627860507,30.307925978355929],[31.759875736642631,30.30792477071514],[31.759870847493136,30.307923563996074],[31.759865956275508,30.307922356354926],[31.759861065058004,30.307921148713604],[31.759856173840632,30.307919941072079],[31.759851283663188,30.307918733440257],[31.759846393497238,30.307917524906028],[31.759841503320061,30.307916317273843],[31.759836612125898,30.307915107827199],[31.75983172194897,30.307913900194638],[31.759826831794875,30.307912690757494],[31.759821941629561,30.307911482222369],[31.759817051475729,30.307910272784866],[31.759812161310656,30.30790906424939],[31.759807271168434,30.307907853909313],[31.759802381003617,30.307906645373475],[31.759797490861647,30.307905435033046],[31.759792600719813,30.307904224692447],[31.75978771056673,30.307903015253853],[31.759782821464949,30.307901804922729],[31.759777931323487,30.307900594581596],[31.759773041170789,30.307899385142459],[31.759768152080749,30.307898173908615],[31.759763261951033,30.30789696266471],[31.759758371798707,30.307895753225043],[31.759753482709048,30.307894541990667],[31.759748592579708,30.307893330746225],[31.759743703478943,30.307892120413676],[31.759738814389657,30.307890909178724],[31.759733925300509,30.307889697943619],[31.759729035171674,30.30788848669847],[31.759724145031594,30.307887276355324],[31.759719254903008,30.30788606510983],[31.759714365814364,30.307884853874],[31.759709475686027,30.30788364262812],[31.759704586586274,30.307882432294122],[31.759699697509372,30.307881220155554],[31.759694808421226,30.307880008919007],[31.7596899182934,30.307878797672419],[31.726927933461724,30.299757955695448],[31.726923051437172,30.299756745120607],[31.726918168384678,30.299755533633245],[31.726913286360382,30.299754323058028],[31.726908403308148,30.299753111570343],[31.726903521284108,30.29975190099475],[31.726898639260185,30.299750690419017],[31.726893757248046,30.299749478940878],[31.726888874196316,30.299748267452451],[31.72688399218443,30.299747055973967],[31.726879109121306,30.299745845387385],[31.726874227109676,30.299744633908531],[31.726869344058446,30.299743422419414],[31.726864462047068,30.299742210940209],[31.726859580047474,30.299740998558629],[31.726854696996639,30.299739787068965],[31.726849814985638,30.299738575589217],[31.726844932974771,30.299737364109284],[31.726840050964022,30.299736152629212],[31.72683516896506,30.299734940246736],[31.726830286966216,30.29973372786408],[31.726825403916141,30.299732516373339],[31.726820521917556,30.299731303990328],[31.726815640958815,30.299730091617249],[31.726810758960482,30.299728879233889],[31.726805876973941,30.299727665948158],[31.726800994987524,30.299726452662238],[31.726796112989575,30.299725240278335],[31.726791231003407,30.299724026992045],[31.726786350068743,30.29972281281351],[31.72678146807117,30.299721600429091],[31.726776587136762,30.299720386250183],[31.726771705162761,30.299719172061],[31.726766824228598,30.299717957881743],[31.726761942254853,30.299716743692194],[31.726757061309286,30.299715530414783],[31.726752180387166,30.299714315332793],[31.726747298425458,30.299713100240528],[31.726742417503594,30.299711885158178],[31.726737535542139,30.299710670065529],[31.72673265463218,30.299709454080642],[31.726727774762068,30.299708238105683],[31.726722893852365,30.29970702212043],[31.726718012942786,30.299705806135002],[31.726713132044999,30.299704589247177],[31.726708252187048,30.299703372369319],[31.726703371301173,30.299702154578949],[31.726698491455146,30.299700936798537],[31.726693610557863,30.299699719909999],[31.726688730712077,30.299698502129225],[31.726683850866422,30.299697284348262],[31.726678971032559,30.299696065664929],[31.72667409119882,30.299694846981421],[31.726669211365202,30.299693628297725],[31.726664330515323,30.299692407799341],[31.72665945173334,30.299691188223225],[31.726654571923422,30.29968996773459],[31.726649693141688,30.299688748158111],[31.726644814383409,30.299687526777056],[31.726639934573875,30.299686306287885],[31.726635055827501,30.299685084004302],[31.726630177081262,30.299683861720496],[31.726625298323484,30.29968264033872],[31.7266204195775,30.299681418054579],[31.726615540843291,30.299680194868056],[31.726610663148936,30.299678971691474],[31.726605784426649,30.299677747602392],[31.72660090569283,30.299676524415329],[31.726596028022168,30.299675299433815],[31.726591151403014,30.299674073560059],[31.726586272692899,30.299672848568083],[31.726581396073993,30.299671622693953],[31.726576518415513,30.299670396809535],[31.726571640757157,30.299669170924936],[31.726566763110576,30.299667944137955],[31.72656188548746,30.299666715546408],[31.726557008892517,30.299665487867003],[31.726552133337417,30.299664260197527],[31.726547255726331,30.299663030703265],[31.726542380183147,30.29966180213124],[31.726537503623703,30.299660571744521],[31.726532628092436,30.299659342269951],[31.726527751533247,30.299658111882874],[31.726522876025555,30.299656880603539],[31.726517999478283,30.299655649313941],[31.726513125022219,30.299654417142175],[31.726508248498526,30.299653184047791],[31.726503375094094,30.299651950983602],[31.726498499622032,30.299650716996794],[31.7264936251898,30.299649483019934],[31.726488749729654,30.299648248130573],[31.726483876349068,30.299647013261275],[31.726479001952214,30.299645776577286],[31.726474127543817,30.299644540795313],[31.726469254186934,30.299643304121094],[31.726464380853503,30.299642065642306],[31.726459507508533,30.29964082806552],[31.726454634175354,30.29963958958637],[31.726449759802602,30.299638351096913],[31.726444887532711,30.299637110823134],[31.726440015251299,30.299635871451358],[31.726435142993335,30.29963463027504],[31.726430269707453,30.299633388186205],[31.726425398501121,30.299632146117435],[31.726420526266871,30.299630903136173],[31.726415655072465,30.299629660164861],[31.72641078285012,30.299628416281045],[31.726405911690964,30.299627170602783],[31.726401040520251,30.299625925826533],[31.726396171440779,30.299624680168144],[31.726391300293656,30.299623433587154],[31.726386430186384,30.299622187016105],[31.726381559062851,30.299620938630373],[31.726376690018878,30.299619690264681],[31.726371819946976,30.299618440986496],[31.726366950926582,30.299617190816072],[31.726362080866604,30.299615940635348],[31.726357211858137,30.299614689562372],[31.726352342861453,30.299613437587013],[31.72634747491627,30.299612184719393],[31.726342605931517,30.299610931841503],[31.72633773903798,30.299609678081456],[31.726332871116515,30.29960842340892],[31.726328004246572,30.299607167844126],[31.726323136337029,30.299605912269037],[31.726318269490658,30.2996046548995],[31.726313401616373,30.299603396617478],[31.726308535821641,30.299602138355503],[31.726303668998991,30.299600879181043],[31.726298803227841,30.299599619114321],[31.726293938496539,30.299598359057562],[31.726289072748987,30.299597097186098],[31.726284207001555,30.299595835314456],[31.726279342317298,30.29959457164836],[31.7262744765818,30.299593308874172],[31.726269612949174,30.299592044315641],[31.726264749328347,30.299590778854771],[31.726259885730979,30.299589511589303],[31.726255022122078,30.299588245225859],[31.726250158536637,30.299586977057825],[31.726245294951326,30.299585708889651],[31.726240433468888,30.299584438937124],[31.726235569907171,30.29958316896419],[31.726230708436663,30.299581898109128],[31.726225845938249,30.299580626341548],[31.726220984503001,30.299579352779542],[31.726216124095934,30.29957808012967],[31.726211262684274,30.299576804762914],[31.726206402300789,30.299575530308292],[31.726201541952442,30.299574253146904],[31.726196681604225,30.299572975985345],[31.726191823347214,30.299571697941651],[31.726186963022588,30.299570418975357],[31.726182103749469,30.29956913911678],[31.72617724551619,30.29956785926818],[31.726172387318041,30.299566576712792],[31.72616752806864,30.299565295049302],[31.726162670933785,30.299564010699303],[31.726157812747697,30.299562727241199],[31.726152955636444,30.299561441086439],[31.726148098525325,30.299560154931523],[31.72614324350543,30.299558867894451],[31.726138386417905,30.299557579934774],[31.726133531433259,30.299556290190772],[31.726128675409043,30.299555000436488],[31.726123820459662,30.299553707985549],[31.726118965487093,30.29955241733882],[31.726114110549638,30.299551123985328],[31.726109256663701,30.299549829739583],[31.726104403829272,30.299548534601584],[31.726099549966921,30.299547238551114],[31.726094697167756,30.299545940706189],[31.726089844357059,30.299544643763252],[31.726084991569827,30.299543345015781],[31.726080139834107,30.29954204537604],[31.726021087594273,30.299526253910397],[31.725962079050937,30.299510301330457],[31.725903114227702,30.299494185831879],[31.725844194141189,30.299477909229267],[31.725785318779998,30.299461472424852],[31.725726488179401,30.299444872712151],[31.725667704384058,30.299428112818028],[31.725608965338164,30.299411190917958],[31.725550274137774,30.29939410884673],[31.725491628715371,30.299376865682017],[31.725433032167018,30.299359463258604],[31.725374482448551,30.29934189884974],[31.725315980576607,30.29932417427003],[31.725257528619171,30.299306290442004],[31.725199125571812,30.299288244648992],[31.725140773479175,30.299270039617905],[31.725082470262095,30.299251675328581],[31.725024216972209,30.299233150889037],[31.724966014637793,30.299214467211634],[31.724907865350186,30.299195623414544],[31.724849767006866,30.29917662128198],[31.724791719631437,30.299157459009571],[31.724733727359617,30.299138138442363],[31.724675787095872,30.299118657745627],[31.724617899845125,30.299099019636156],[31.724560067698718,30.299079223232109],[31.724502289628848,30.299059267621239],[31.724444566663788,30.299039153715924],[31.724386898792091,30.29901888241848],[31.724329287077069,30.298998451934676],[31.724271731483899,30.298977864971238],[31.724214232036196,30.298957119723816],[31.7241567887225,30.298936217094692],[31.724099404662155,30.298915157114365],[31.724042077775994,30.298893939762635],[31.723984810143651,30.298872565059874],[31.723927599674258,30.298851033888056],[31.723870449487158,30.298829346277699],[31.723813358542873,30.298807502218732],[31.723756327893017,30.298785500819221],[31.72369935751443,30.298763343883614],[31.723642449486753,30.298741031432254],[31.723585600714483,30.298718561630441],[31.72352881530988,30.298695938127622],[31.723472091228828,30.29867315819698],[31.723415429511242,30.298650221848757],[31.723358832213385,30.298627130907715],[31.723302298284054,30.298603886265973],[31.723245826718848,30.298580485206919],[31.7231894206137,30.298556929565457],[31.723133078917439,30.298533220233722],[31.723076802681646,30.298509356319759],[31.723020591906533,30.29848533782366],[31.72296444658063,30.298461165647669],[31.722908368783532,30.298436839812204],[31.722852357475738,30.298412360307239],[31.722796412645781,30.298387728034978],[31.722740537436319,30.29836294122164],[31.722684728705104,30.298338001641216],[31.722628988519997,30.298312910216321],[31.722573317932625,30.298287666054961],[31.722517716954851,30.29826226825509],[31.722462184523792,30.298236718611008],[31.722406723758748,30.298211017153257],[31.722351332580502,30.298185163861628],[31.722296014108341,30.298159158766669],[31.72224076626307,30.298133001848182],[31.72218558903316,30.298106694008471],[31.722130484498205,30.298080235267896],[31.722075453709781,30.298053624734514],[31.722020495593284,30.298026865104898],[31.721965612275067,30.297999952790637],[31.721910800577756,30.297972892272341],[31.72185606470709,30.29794567998195],[31.721801402548774,30.297918318605834],[31.72174681723375,30.297890807272367],[31.721692306671109,30.297863146863527],[31.721637871900729,30.297835337389564],[31.721583513974167,30.297807377958552],[31.721529231828519,30.297779270364796],[31.721475027566719,30.297751012824364],[31.721420902193522,30.297722608054034],[31.72136685260174,30.297694055121312],[31.721312882950276,30.297665354066876],[31.721258992199648,30.297636504880668],[31.721205180349976,30.297607507562848],[31.721151448417711,30.297578363927986],[31.721097796414732,30.297549073074073],[31.721044224341192,30.297519635001116],[31.720990733236935,30.297490049719464],[31.720937324118395,30.297460319043704],[31.720883995969444,30.297430441159431],[31.720830749818234,30.297400416979087],[31.720777586681159,30.297370248317335],[31.720724506581796,30.297339933369894],[31.720671509508605,30.29730947303905],[31.720618596501389,30.297278867335066],[31.720565766508916,30.297248117150104],[31.720513021622402,30.297217221602381],[31.720460361806857,30.297186183398587],[31.720407787109284,30.297154998930043],[31.720403607288922,30.297152498363914],[31.720399426452531,30.297149995983087],[31.720395246667749,30.297147492710117],[31.720391067922858,30.297144989447201],[31.720386891280992,30.297142484400062],[31.720382712559971,30.297139979332496],[31.720378536969928,30.297137473393096],[31.720374361403543,30.297134965649189],[31.720370185837353,30.297132457905146],[31.720366011322803,30.297129949268925],[31.720361837871568,30.297127438838405],[31.72035766544851,30.29712492932007],[31.720353493049103,30.29712241799724],[31.72034931962196,30.297119905761924],[31.720345149337497,30.29711739175259],[31.720340978001857,30.297114878635146],[31.720336808757516,30.297112364635712],[31.720332638485424,30.2971098497238],[31.72032847134431,30.297107333940051],[31.720324303175449,30.297104817243827],[31.720320136069908,30.297102298753277],[31.720315967913191,30.297099781154575],[31.720311802910896,30.297097260879713],[31.720307636869123,30.29709474059452],[31.720303472906938,30.297092220329557],[31.720299307917003,30.297089699152089],[31.720295145018358,30.297087177092649],[31.720290981091971,30.297084654120706],[31.720286819256877,30.297082130266784],[31.720282656382317,30.297079606402566],[31.720278494571087,30.297077080744003],[31.720274333799768,30.297074555095477],[31.720270175131446,30.297072027662789],[31.720266015411951,30.29706950112196],[31.7202618557161,30.297066972776651],[31.720257697060152,30.297064444441357],[31.720253540495499,30.297061915224099],[31.720249381863422,30.297059385084175],[31.720245226362316,30.297056854072437],[31.720241068793786,30.297054322138038],[31.720236914344522,30.297051790234018],[31.720232757827819,30.297049257407338],[31.720228604442099,30.297046723708842],[31.720224448977234,30.297044189989883],[31.720220295603664,30.297041655388931],[31.720216143293417,30.297039118993641],[31.720211990983397,30.297036582598214],[31.720207837633911,30.297034046192508],[31.72020368741541,30.297031508914984],[31.720199536169151,30.297028970724948],[31.72019538597451,30.297026431642792],[31.720191235780089,30.297023892560485],[31.720187086637285,30.29702135258605],[31.720182937494695,30.297018812611469],[31.720178789403725,30.297016271744734],[31.720174641324679,30.297013729975696],[31.72017049428554,30.29701118821669],[31.720166347270059,30.297008644653175],[31.720162201294464,30.297006101099687],[31.720158054291133,30.297003556633715],[31.720153909367376,30.297001012187959],[31.720149763415872,30.296998466829709],[31.720145618515986,30.296995920579306],[31.720141474644272,30.296993375241147],[31.720137331835907,30.296990828108655],[31.720133187988068,30.296988280965834],[31.72012904519184,30.296985732930885],[31.720124903447243,30.296983184003775],[31.720120760663171,30.296980635066387],[31.720116618919,30.296978086139013],[31.720112478238168,30.296975535417324],[31.720108336517868,30.296972984685326],[31.720104196877152,30.296970433973534],[31.72010005724837,30.296967882359425],[31.720095917631518,30.296965329842994],[31.720091779054563,30.296962777336613],[31.720087640489549,30.296960223927908],[31.720083501913024,30.296957671421289],[31.720079365439531,30.296955117130477],[31.720075226898604,30.296952561916999],[31.720071090437258,30.296950006723744],[31.720066952948162,30.296947450618003],[31.720062816487257,30.296944895424499],[31.720058681077948,30.296942339338823],[31.720054545680586,30.296939782350854],[31.720050410283449,30.296937225362754],[31.720046275949642,30.296934666580306],[31.720042140564651,30.296932108689766],[31.720038007270961,30.29692954991723],[31.720033872937808,30.296926991134409],[31.720029739667989,30.29692443055724],[31.720025607426344,30.296921870892302],[31.720021474156958,30.296919310314891],[31.72001734192748,30.296916749747517],[31.720013209698205,30.296914189180011],[31.720009078520551,30.296911627720355],[31.720004947343117,30.2969090662606],[31.720000816189337,30.296906502996304],[31.719996686063737,30.296903940644256],[31.719992554898678,30.296901378281902],[31.719988424796945,30.29689881412521],[31.71998429469544,30.296896249968409],[31.719980165633832,30.296893685821608],[31.719976035532749,30.296891121664558],[31.719971907522972,30.296888556625511],[31.719967778485454,30.296885990673992],[31.719963650476114,30.296883425634697],[31.719959522478707,30.296880859693061],[31.71995539449324,30.29687829284914],[31.719951266496267,30.296875726907288],[31.719947139550925,30.296873160073257],[31.719943011566109,30.296870593228963],[31.71993888566087,30.296868026404869],[31.719934758739605,30.296865457766078],[31.71993063284653,30.296862890039545],[31.719926506965383,30.296860321410691],[31.719922381096175,30.296857751879521],[31.719918255215475,30.296855183250418],[31.719914130386378,30.296852613729151],[31.719910004506108,30.296850045099799],[31.719905880728852,30.296847474686267],[31.719901755900409,30.296844905164654],[31.719897632123587,30.296842334750867],[31.719893507307308,30.296839764326805],[31.719889382502956,30.2968371930004],[31.719885258738515,30.296834621684045],[31.719881136002247,30.296832051279953],[31.719877012249952,30.296829479061163],[31.719872888497875,30.296826906842238],[31.719868765785698,30.296824334633367],[31.719864643062021,30.29682176332657],[31.719860520362001,30.296819190215253],[31.719856397650478,30.296816618006012],[31.719852275990572,30.296814044904618],[31.719848154330883,30.29681147180311],[31.719844030603774,30.296808897778934],[31.719839909984209,30.296806324687342],[31.719835788336898,30.296803750683253],[31.719831666689799,30.296801176679043],[31.719827545042918,30.296798602674709],[31.719823424435937,30.296796028680422],[31.719819302789489,30.296793454675853],[31.719815182194672,30.296790879779117],[31.719811060560385,30.296788304872077],[31.719806940993948,30.296785730887471],[31.719802820399785,30.296783155990369],[31.719798699805825,30.296780581093142],[31.719794579223812,30.296778005293607],[31.7197904586303,30.296775430396107],[31.719786338060437,30.296772853694126],[31.719782218507035,30.296770278806566],[31.719778097925893,30.296767703006534],[31.719773979424321,30.296765127226688],[31.719769858843623,30.296762551426404],[31.719765739314528,30.296759974733966],[31.71976161873425,30.296757398933405],[31.719757500245279,30.296754822250897],[31.719753379677165,30.296752245547918],[31.719749261176908,30.296749669767344],[31.719745141637187,30.296747093976471],[31.71974102314908,30.296744517293458],[31.719736902593567,30.296741939687756],[31.71973278409417,30.296739363906692],[31.719728664567047,30.296736787213142],[31.719724546091534,30.296734209627417],[31.719720426564841,30.296731632933625],[31.719716308066328,30.296729057152056],[31.719712188551792,30.296726479555794],[31.719708070065433,30.296723902871779],[31.719703950539607,30.296721326177462],[31.719699832065405,30.296718748591008],[31.719695712540016,30.296716171896463],[31.719691594054531,30.296713595211944],[31.719687474541306,30.29671101761495],[31.707835725675643,30.289294797404999],[31.707831636701336,30.289292237791308],[31.707827546687639,30.289289678167226],[31.707823457713769,30.289287118553315],[31.707819368728277,30.289284559841448],[31.707815279742995,30.289282001129461],[31.707811189741996,30.289279440602716],[31.707807100757154,30.289276881890487],[31.70780301178435,30.289274322275947],[31.707798922811754,30.289271762661272],[31.707794832799788,30.28926920303622],[31.70779074382763,30.289266643421318],[31.707786654855685,30.289264083806277],[31.707782565883946,30.28926152419114],[31.707778476924261,30.289258963673664],[31.707774387941136,30.289256404960444],[31.707770298970051,30.289253845344938],[31.7077662110506,30.289251284837363],[31.707762122079934,30.289248725221601],[31.707758034172748,30.289246163811576],[31.707753945202523,30.289243604195573],[31.707749856244337,30.28924104367724],[31.707745768325967,30.289238483169047],[31.707741680407803,30.289235922660762],[31.70773759248986,30.289233362152334],[31.707733503544365,30.289230800731307],[31.707729415626847,30.289228240222638],[31.707725327721377,30.289225678811665],[31.70772123980429,30.289223118302733],[31.707717152938841,30.289220556901761],[31.707713065045844,30.289217994588213],[31.707708978180822,30.289215433187003],[31.707704890288252,30.289212870873218],[31.707700803435493,30.289210308569576],[31.707696715531522,30.289207747157725],[31.707692629718785,30.289205184864095],[31.707688542878497,30.289202621657889],[31.707684457054366,30.289200060266211],[31.707680370214508,30.28919749705975],[31.707676284414458,30.289194933863442],[31.707672197586856,30.289192369754566],[31.707668111787243,30.289189806558007],[31.707664025987835,30.289187243361333],[31.707659941240074,30.289184679272605],[31.707655855452924,30.289182115173503],[31.707651769665993,30.28917955107427],[31.707647684930702,30.289176986082982],[31.707643601235212,30.289174421101837],[31.707639516500361,30.289171856110315],[31.707635431777536,30.289169290216474],[31.7076313480827,30.289166725234974],[31.707627264399903,30.289164159351145],[31.707623179689556,30.289161592554741],[31.707619097046788,30.289159026680956],[31.707615013376468,30.289156459894571],[31.707610930745961,30.289153893118343],[31.707606848115667,30.28915132634199],[31.707602765509243,30.289148757761129],[31.707598682879372,30.289146190984543],[31.70759460130115,30.289143623315876],[31.707590518695358,30.289141054734667],[31.707586438168992,30.289138486173837],[31.707582355575479,30.289135916690185],[31.707578275049531,30.28913334812912],[31.707574193507867,30.289130777753289],[31.707570114033764,30.289128208300067],[31.707566033532125,30.289125637934244],[31.707561954082124,30.289123066676396],[31.707557873580914,30.28912049631036],[31.707553795170938,30.289117925062524],[31.707549715733411,30.289115352902108],[31.707545638375287,30.289112780762103],[31.707541558938182,30.289110208601446],[31.70753748055273,30.289107635548746],[31.707533403195249,30.289105063408375],[31.70752932587348,30.289102488561319],[31.707525247500488,30.289099914606059],[31.707521172246501,30.289097340681479],[31.707517094925375,30.289094765834054],[31.707513018644054,30.289092190996758],[31.707508943402541,30.289089616169633],[31.707504868173071,30.28908704044019],[31.707500791916054,30.289084463798154],[31.707496717738451,30.289081887176529],[31.707492642533289,30.289079309642343],[31.707488569407527,30.289076732128546],[31.707484495254228,30.289074153702195],[31.707480422128896,30.289071576188149],[31.707476349027441,30.289068996869634],[31.707472276965795,30.289066417561241],[31.707468203864778,30.289063838242459],[31.707464132854991,30.289061258041919],[31.707460060817656,30.289058676928772],[31.707455990859721,30.28905609583606],[31.707451919874238,30.289053513830758],[31.707447849940397,30.28905093093341],[31.707443779994939,30.289048348938135],[31.707439711101113,30.289045766050808],[31.707435641179746,30.289043182250918],[31.707431573349609,30.289040597569237],[31.7074275055197,30.289038012887442],[31.707423437689989,30.289035428205526],[31.707419369884168,30.289032841719084],[31.707415303106316,30.289030256145004],[31.707411236340516,30.28902766966862],[31.707407169574939,30.289025083192087],[31.707403104912412,30.289022494931608],[31.707399040261937,30.2890199057688],[31.707394974572075,30.289017316595604],[31.707390911989389,30.289014728355298],[31.707386848390986,30.289012138300215],[31.707382784804619,30.289009547342804],[31.707378722258067,30.289006956395546],[31.7073746597354,30.289004363643802],[31.707370598240701,30.289001771804383],[31.707366536758059,30.28899917906265],[31.707362476315208,30.288996586331056],[31.707358415896248,30.288993991794992],[31.707354356505267,30.288991398171248],[31.707350297138159,30.288988802742999],[31.707346237771272,30.288986207314633],[31.707342180507442,30.288983610102285],[31.707338123243829,30.288981012889831],[31.707334065992271,30.288978414775059],[31.707330008740922,30.288975816660184],[31.707325952541204,30.288973217653247],[31.707321897381313,30.288970618656457],[31.707317843273053,30.28896801876764],[31.707313788137242,30.288965417966221],[31.707309735092668,30.288962816283032],[31.707305681020557,30.288960213687279],[31.707301629027835,30.288957611111925],[31.70729757600758,30.288955007624008],[31.707293525066724,30.2889524041565],[31.707289474149736,30.288949798884484],[31.707284238586567,30.288946431191441],[31.707279004087017,30.288943061704089],[31.707273769587818,30.288939692216545],[31.70726853720366,30.288936320042744],[31.707263304831699,30.288932946966558],[31.707258073511532,30.288929572998242],[31.707252843243133,30.288926198137819],[31.707247614026535,30.288922822385278],[31.707242384845792,30.288919443925955],[31.707237155677245,30.288916064564241],[31.707231928600066,30.28891268432066],[31.707226702574687,30.288909303184973],[31.707221476573324,30.288905920244702],[31.707216251623752,30.288902536412298],[31.707211027749636,30.288899149883399],[31.707205804903627,30.288895764266769],[31.707200582093485,30.288892375943352],[31.707195361374726,30.288888986738105],[31.707190139628565,30.288885596620169],[31.707184919985615,30.28888220471822],[31.707179701394459,30.288878811924121],[31.707174481775901,30.288875418217373],[31.707169265300148,30.288872022736861],[31.707164047797001,30.288868626343678],[31.707158832397059,30.288865228166454],[31.707153617009308,30.288861829086848],[31.707148402673351,30.28885842911512],[31.70714318940102,30.288855027349054],[31.707137976140885,30.288851624680643],[31.707132763932528,30.288848221120091],[31.707127552799626,30.288844814863033],[31.707122342706693,30.288841408616047],[31.707117133677365,30.288838000574756],[31.707111924660239,30.288834591631066],[31.707106716694909,30.28883118179527],[31.707101509793183,30.288827770165156],[31.707096303955087,30.288824356740719],[31.707091099156944,30.288820943326371],[31.707085894382836,30.288817528107437],[31.70708069067236,30.288814111094197],[31.707075488001824,30.28881069409103],[31.707070286394913,30.288807275293554],[31.707065083784276,30.288803853779033],[31.707059884280941,30.288800433197324],[31.70705468377388,30.288797009898556],[31.707049485358201,30.288793585717944],[31.707044286954723,30.288790160634942],[31.707039089614874,30.288786733757643],[31.707033894354552,30.288783306900672],[31.707028698078684,30.288779878228866],[31.707023503917863,30.288776446870827],[31.707018309745571,30.28877301641478],[31.707013116648735,30.288769583262233],[31.707007924603687,30.288766149217565],[31.707002732570839,30.288762714270511],[31.706997542629377,30.288759278441624],[31.706992352723777,30.288755839905956],[31.70698716385813,30.288752401380354],[31.706981976056117,30.288748961060456],[31.706976788278133,30.288745518935972],[31.706971601540101,30.288742076821563],[31.706966415865701,30.288738632912839],[31.706961231243081,30.288735188112007],[31.706956046656344,30.288731740604423],[31.706950864137305,30.288728294019357],[31.706945681654137,30.288724844727536],[31.706940500210937,30.288721395445759],[31.706935319855017,30.288717942565313],[31.706930139487632,30.288714490586873],[31.706924961223468,30.288711036824377],[31.706919782971497,30.288707582159507],[31.706914604743574,30.288704125690046],[31.706909428607016,30.288700668338738],[31.706904252494507,30.288697209182878],[31.70689907847337,30.288693749145153],[31.70689390446444,30.288690288205036],[31.706888731507295,30.288686826372839],[31.706883557546448,30.28868336182358],[31.706878386704716,30.288679897304942],[31.706873215887025,30.28867643098171],[31.706868046132968,30.288672962864172],[31.706862877418871,30.288669494756746],[31.706857708728801,30.288666024844701],[31.70685254109053,30.288662554040584],[31.706847374515885,30.288659081442145],[31.706842208993034,30.288655607951561],[31.706837043494218,30.288652132656438],[31.706831880074944,30.28864865738166],[31.70682671565196,30.288645179389821],[31.706821554348103,30.288641701428613],[31.706816392040544,30.288638220750375],[31.706811231812519,30.28863474009249],[31.70680607160854,30.288631257630012],[31.706800912456348,30.288627774275437],[31.706795754367786,30.288624289126552],[31.706790597331015,30.288620803085536],[31.706785440306465,30.288617316142147],[31.706780284333686,30.288613828306651],[31.706775129436384,30.288610337774657],[31.706769974539437,30.28860684724248],[31.706764821745718,30.288603354926256],[31.706760848958655,30.28860066108183],[31.706756876171809,30.288597967237298],[31.706752905499865,30.288595270706619],[31.706748932725297,30.288592575959679],[31.706744962041956,30.288589880330964],[31.706740992422102,30.288587182908017],[31.706737022814295,30.288584484582778],[31.706733054234462,30.288581787169861],[31.706729085678511,30.288579087952485],[31.706725118162385,30.288576388745252],[31.706721150658307,30.288573688635704],[31.706717184205871,30.288570987634142],[31.706713217753652,30.288568286632433],[31.706709252353079,30.288565584738723],[31.706705286964564,30.288562881942674],[31.706701321576269,30.28856017914654],[31.706697359330626,30.28855747457672],[31.70669339499419,30.288554770888425],[31.706689431709407,30.2885520663081],[31.706685469476252,30.288549360835752],[31.706681508306584,30.288546653569178],[31.70667754607388,30.288543948096571],[31.706673585944245,30.288541240840054],[31.706669624787075,30.288538532670941],[31.706665664657876,30.288535825414161],[31.70666170455257,30.288533116352902],[31.706657745487064,30.288530407301806],[31.706653788512803,30.288527697368956],[31.70664983049916,30.288524987425703],[31.706645872509412,30.288522275677941],[31.706641915547646,30.288519564842552],[31.70663795859792,30.288516853104849],[31.706634002711688,30.288514139572932],[31.706630046813835,30.288511426943082],[31.706626091955787,30.288508714323406],[31.706622137121638,30.288505999899215],[31.706618183315452,30.288503286387382],[31.706614228493581,30.288500571060773],[31.706610275751093,30.288497855754606],[31.706606323008842,30.288495140448305],[31.706602371318219,30.288492424250013],[31.706598417560485,30.288489707128832],[31.706594466921729,30.288486990038383],[31.706590515255446,30.288484272035351],[31.706586563589383,30.288481554032199],[31.706582612974966,30.288478835136999],[31.706578664439938,30.288476116262252],[31.706574713825955,30.28847339736684],[31.706570765315043,30.288470676687478],[31.706566814713344,30.28846795688964],[31.706562867242454,30.288465236220329],[31.706558917704459,30.288462514628169],[31.706554971285442,30.288459793066718],[31.706551022775628,30.288457072386795],[31.706547076368881,30.288454349922908],[31.706543128922767,30.288451627448637],[31.706539182540148,30.288448903180154],[31.706535237185484,30.288446179824032],[31.706531291842886,30.288443455565574],[31.706527346488656,30.288440732209221],[31.706523401146498,30.288438007950564],[31.706519455816398,30.288435282789578],[31.706515511526096,30.288432557638778],[31.706511568287439,30.288429831595938],[31.70650762504901,30.288427105552973],[31.706503680783051,30.288424378597455],[31.706499737545059,30.288421652554273],[31.706495795358709,30.288418925619052],[31.706491853172576,30.288416198683731],[31.706487909958923,30.288413470835831],[31.706483968824664,30.28841074300836],[31.706480026651032,30.288408015170511],[31.706476084489459,30.288405286430336],[31.706472144419109,30.288402556808446],[31.706468204337156,30.288399828088597],[31.706464263215821,30.288397099358367],[31.706460323157984,30.288394368833931],[31.706456383088518,30.288391639211561],[31.70645244407071,30.288388908697161],[31.706448504013519,30.288386178172374],[31.706444565007985,30.28838344675556],[31.706440625990833,30.288380716240813],[31.706436686997563,30.288377983921581],[31.706432747980848,30.28837525340662],[31.706428810027621,30.28837252109744],[31.706424872074603,30.288369788788152],[31.706420934109978,30.288367057380931],[31.706416996169242,30.288364324169212],[31.706413059268314,30.288361590967657],[31.706409122367603,30.288358857765999],[31.706405185467116,30.288356124564203],[31.706401247515419,30.288353392254233],[31.706397311666798,30.288350658160319],[31.706393374778809,30.288347924056005],[31.706389438930625,30.288345189961856],[31.706385502043076,30.288342455857315],[31.706381567234921,30.288339721773223],[31.706377631399235,30.288336986776539],[31.706373695563769,30.288334251779759],[31.706369759728524,30.288331516782844],[31.706365824933091,30.288328781796107],[31.706361889110124,30.288326045896781],[31.706357955354708,30.288323310920099],[31.706354019532192,30.288320575020549],[31.706350084737629,30.288317840033354],[31.706346149955134,30.288315104143855],[31.706342216212434,30.288312368264528],[31.706338282493647,30.288309630580699],[31.706334347711806,30.288306894690852],[31.706330412930196,30.288304158800919],[31.706326480227958,30.288301422931401],[31.706322546498207,30.288298686149297],[31.706318611729092,30.288295949356833],[31.706314678011619,30.288293211672325],[31.706310745322114,30.288290474900169],[31.706306810553652,30.28828773810735],[31.706302877864587,30.288285001334973],[31.706298944159844,30.288282262747824],[31.706295011471205,30.288279525975216],[31.706291077743217,30.288276789192224],[31.706287145055036,30.288274052419396],[31.706283212390741,30.28827131384206],[31.706279278675254,30.288268576156533],[31.706275346011413,30.288265837578976],[31.706271413324103,30.288263100805715],[31.706267479609274,30.288260363119839],[31.706263546934245,30.288257625444135],[31.706259614271286,30.288254886866138],[31.706255680545269,30.288252150082126],[31.706251748910489,30.288249412416359],[31.706247816248183,30.288246673838024],[31.706243882534682,30.288243936151481],[31.706239950912398,30.288241197583179],[31.706236018238904,30.288238459906683],[31.703849252363792,30.286576760191107],[31.703841289415678,30.286571216058455],[31.703833327508036,30.286565671935634],[31.703825363510298,30.286560128693935],[31.703817401580732,30.286554586374567],[31.703809438636224,30.286549042240061],[31.703801475680752,30.286543499007255],[31.703793511674768,30.28653795666591],[31.703785548697383,30.286532415236579],[31.703777584693196,30.286526872894303],[31.703769619638493,30.28652133144346],[31.703761654584671,30.28651578999213],[31.703753689508048,30.286510250344758],[31.703745724444182,30.286504709794716],[31.703737757278365,30.286499171027991],[31.70372979010158,30.286493633162987],[31.703721821886141,30.286488095287236],[31.703713852620172,30.286482558302897],[31.70370588437094,30.286477023132797],[31.703697914055347,30.286471487039439],[31.703689941637812,30.286465952729415],[31.703681970236996,30.286460420233588],[31.703673996757971,30.286454887716708],[31.703666023256105,30.28644935700375],[31.703658047652297,30.286443828074102],[31.703650071009818,30.286438299133703],[31.703642094344527,30.286432771997209],[31.703634114549565,30.28642724573157],[31.703626134731781,30.286421721269818],[31.703618153863488,30.28641619769952],[31.703610170881355,30.286410676814718],[31.703602186860572,30.286405155919155],[31.703594201765529,30.286399637719409],[31.703586214568528,30.28639412130298],[31.703578226332869,30.286388604875782],[31.703570235971537,30.286383092036299],[31.703562244559663,30.286377580088224],[31.703554251045837,30.28637206992347],[31.703546256457756,30.286366562454532],[31.703538259779585,30.28636105586672],[31.703530260999454,30.286355551062211],[31.703522260105515,30.28635004894322],[31.70351425814917,30.286344548617848],[31.703506254079006,30.286339050977968],[31.703498246867333,30.286333555111131],[31.703490238581391,30.286328061940097],[31.703482229233067,30.286322570562668],[31.703474215691788,30.286317081850132],[31.703466201088116,30.286311594931217],[31.703458184370618,30.286306110697812],[31.703450164499749,30.28630062913961],[31.703442143554611,30.286295150277212],[31.703434120495654,30.286289674100328],[31.703426094295168,30.28628419969645],[31.703418064929444,30.286278728869963],[31.703410034501314,30.286273259837088],[31.70340199985651,30.286267795273517],[31.703393964161176,30.286262331601339],[31.703385925288725,30.286256872408735],[31.703377883274744,30.286251414989152],[31.703369839123223,30.286245962059457],[31.703361791830162,30.286240510902775],[31.70335374241143,30.286235063333798],[31.703345689827426,30.286229619342166],[31.70333763410191,30.286224177123561],[31.703329576238836,30.286218739394858],[31.703321514170945,30.286213305233215],[31.703313450001101,30.286207872854888],[31.70330538161457,30.286202444945836],[31.70329731110234,30.286197020624471],[31.703289238464418,30.286191599890788],[31.703281160582112,30.286186182713905],[31.703273079534561,30.286180769114395],[31.703264997400872,30.286175359112857],[31.703256910022798,30.286169952668136],[31.70324882051904,30.286164549811065],[31.703240725747161,30.286159152315157],[31.703232628873316,30.28615375660257],[31.703224528810484,30.286148366271725],[31.7032164245547,30.286142978605792],[31.703208317098053,30.286137597223785],[31.703200206499872,30.286132217614782],[31.703192090621727,30.286126844269141],[31.703183971590175,30.28612147359868],[31.703175849369632,30.286116108309983],[31.703167722956138,30.286110745686159],[31.703159593341788,30.286105389346272],[31.703151458494908,30.286100035660969],[31.703143321486724,30.286094688269934],[31.703135180273723,30.286089344445958],[31.703127033804467,30.286084005080948],[31.703118884146214,30.286078671097691],[31.703110730283136,30.286073340681494],[31.703102572191501,30.286068015636758],[31.703094409871294,30.286062695963448],[31.703086243346281,30.286057379857226],[31.703078072580826,30.286052070024649],[31.703069897610543,30.286046763759135],[31.703061718399834,30.28604146376723],[31.703053534960556,30.286036169146794],[31.703045347316461,30.286030878093428],[31.703037154392362,30.286025593303386],[31.703028957239706,30.286020313884762],[31.703020754830789,30.286015038925115],[31.703012549220997,30.2860097702494],[31.70300433835494,30.286004506032622],[31.702996123248454,30.285999248089485],[31.702987902861974,30.285993996409669],[31.702979678270662,30.285988748296912],[31.702971449427036,30.285983507359969],[31.702963214287593,30.285978270871663],[31.702954974907719,30.285973040656977],[31.70294673128739,30.285967816715942],[31.702932739927846,30.285958981626933],[31.702918736910163,30.28595016356476],[31.702904723238277,30.28594136524633],[31.702890697920107,30.285932583052531],[31.70287666092003,30.285923819689962],[31.702862614329042,30.285915074277018],[31.702848555028467,30.285906346782777],[31.702834484045976,30.285897638119753],[31.702820403496297,30.285888945601947],[31.702806311252822,30.285880272817554],[31.7027922073393,30.28587161796214],[31.702778091755718,30.285862981035734],[31.702763965541628,30.285854362048624],[31.702749829724713,30.285845761913311],[31.702735682249603,30.285837178804805],[31.702721523080665,30.285828615429637],[31.702707353304962,30.285820068189405],[31.702693171847283,30.285811539780319],[31.702678979735339,30.285803031114884],[31.702664778056146,30.285794538594661],[31.702650563643566,30.285786065797467],[31.70263633963998,30.285777610949864],[31.702622103966295,30.285769174031216],[31.702607857650186,30.285760755953991],[31.702593600715382,30.285752354913861],[31.702579334177695,30.285743972725474],[31.702565054906568,30.285735610260094],[31.702550766056302,30.285727264842084],[31.702536465524027,30.285718938255179],[31.702522156452151,30.285710628725951],[31.702507834646816,30.285702338919723],[31.702493503250455,30.285694067063034],[31.702479161211599,30.28568581404776],[31.702464807502597,30.285677578961405],[31.702450444190656,30.285669362726757],[31.702436070236235,30.285661165333533],[31.702421684623502,30.285652984967005],[31.702407290435506,30.285644824364692],[31.702392884577332,30.285636681691269],[31.702378469128064,30.28562855696735],[31.70236404198485,30.285620451976726],[31.70234960525055,30.285612364935588],[31.702335157885599,30.285604295833632],[31.702320700917664,30.285596245583356],[31.702306233295317,30.285588215076668],[31.70229175505418,30.285580201606972],[31.702277266158607,30.285572207880815],[31.702262766632369,30.285564232093851],[31.702248258542674,30.285556275168826],[31.702233738770865,30.285548337074864],[31.70221921044747,30.285540416940691],[31.702204671481489,30.285532515647869],[31.702190120821502,30.285524634088262],[31.702175560582234,30.285516769575938],[31.702160991767599,30.285508924827752],[31.702146412310373,30.285501098920896],[31.70213182222242,30.285493290953188],[31.702117222519526,30.285485502739295],[31.702102612174023,30.285477733366736],[31.702087992249204,30.285469981041434],[31.702073362697558,30.285462249372127],[31.702058722527042,30.285454534739753],[31.702044072741554,30.285446839861194],[31.702029414392531,30.285439163844536],[31.7020147443613,30.285431506658899],[31.702000064726974,30.285423868324866],[31.701985375489542,30.285416248842427],[31.701970677688536,30.285408648221914],[31.701955969244874,30.285401066442684],[31.701941251209952,30.285393502612873],[31.701926522508593,30.285385959428698],[31.701911786295074,30.28537843421454],[31.701897039438855,30.285370927841676],[31.701882281928068,30.285363441212262],[31.701867515877424,30.285355971640367],[31.701852740199868,30.285348522724423],[31.70183795389147,30.285341091747558],[31.701823158995687,30.285333681436938],[31.701808354508607,30.285326289075687],[31.701793540430216,30.285318914663822],[31.701778716724874,30.285311560907878],[31.701763884455882,30.285304226013814],[31.701749041556017,30.285296909058804],[31.701734190080614,30.285289611867842],[31.701719328990109,30.285282334430605],[31.701704459347809,30.285275074953034],[31.701689579050857,30.285267835218875],[31.70167469019021,30.285260614346562],[31.701659791726325,30.28525341232578],[31.701644883647312,30.285246230058725],[31.701629967016466,30.285239065751316],[31.701615041798156,30.285231922110118],[31.701600106976581,30.285224797320431],[31.70158516151217,30.285217691371951],[31.701570208523588,30.285210604295603],[31.701555246959376,30.285203536983275],[31.701540274740449,30.285196489414325],[31.701525295021082,30.285189458913109],[31.70151030462322,30.285182449959667],[31.701495306713021,30.285175458976131],[31.701486312437385,30.285171272369865],[31.701477311853935,30.28516709111425],[31.701468309108989,30.285162916152736],[31.701459301072006,30.285158748356572],[31.701450289857743,30.28515458503982],[31.701441275430536,30.285150428909034],[31.701432256762718,30.28514627905172],[31.701423234905739,30.285142134575999],[31.701414208796265,30.285137997275921],[31.701405179497609,30.285133865357459],[31.701396147021665,30.285129737918375],[31.701387110293222,30.28512561765497],[31.701378070375604,30.285121502773126],[31.70136902725692,30.285117394175089],[31.701359979921396,30.285113290046098],[31.701350930424354,30.285109192211223],[31.701341876710462,30.28510509884542],[31.701332819795493,30.285101011763405],[31.701323759679465,30.285096930965157],[31.701314697437571,30.285092853754424],[31.701305630955048,30.285088782817166],[31.701296562311011,30.285084718173966],[31.701287489461997,30.285080657097684],[31.701278414451455,30.28507660231547],[31.701269335235953,30.285072551100146],[31.701260253858912,30.285068506178909],[31.701251170356009,30.285064464845178],[31.701242081572921,30.28506042977461],[31.701232991691626,30.285056399204024],[31.701223898633007,30.285052373112862],[31.701214804464296,30.285048352423885],[31.70120570505107,30.285044335291481],[31.701196603500069,30.285040322648786],[31.701187499787526,30.285036316300161],[31.701178393960991,30.285032312636869],[31.701169284933375,30.285028315257325],[31.701160172752211,30.285024320552793],[31.701151059460937,30.285020331250465],[31.701141942992347,30.285016346427515],[31.701132824409758,30.285012364289884],[31.7011237016103,30.285008386621332],[31.701114577700729,30.285004414354987],[31.701105451665278,30.285000445676133],[31.701096323503926,30.28499648058478],[31.701087193204803,30.284992519983142],[31.701078059740251,30.284988562958677],[31.701068925177459,30.284984610434229],[31.701059788512552,30.284980659692913],[31.701050647618889,30.284976714322848],[31.701041506690313,30.28497277165873],[31.701032362572519,30.284968834376169],[31.701023217392152,30.284964898887036],[31.70101407008589,30.284960966985434],[31.701004919614181,30.284957038661005],[31.70099576909568,30.284953113944724],[31.700986615411733,30.284949192805612],[31.700977459601891,30.284945275254003],[31.700968302717577,30.284941360398022],[31.700959143719256,30.284937448227357],[31.700949983646471,30.284933538752313],[31.700940822475438,30.284929633777299],[31.700931658162737,30.284925730575058],[31.700922491724143,30.284921830960322],[31.700913325250617,30.284917934051542],[31.700904155623537,30.284914039817743],[31.700894985961536,30.284910148289896],[31.700885814185504,30.284906259447347],[31.700876641335022,30.284902373300429],[31.700867466370514,30.284898489838813],[31.700858290331535,30.284894609072825],[31.700849113229978,30.284890730100287],[31.700839934014393,30.284886853813035],[31.70083075372435,30.284882980221415],[31.700821572371712,30.284879108423219],[31.700812389956493,30.284875238418483],[31.700803206466801,30.28487137110934],[31.700794020874984,30.284867505583321],[31.700784835248221,30.284863642763256],[31.700775646491682,30.284859780813782],[31.700766458739768,30.284855921580576],[31.700757269913368,30.284852065043005],[31.700748078996714,30.284848209386336],[31.700738888068923,30.284844354631254],[31.700729696066645,30.284840502571768],[31.700720503001794,30.284836652305735],[31.700711308886234,30.284832802930929],[31.700702113696195,30.28482895625174],[31.700692918506899,30.284825109571948],[31.700683721215459,30.284821264675237],[31.700674523900979,30.284817421582293],[31.700665325523911,30.284813580282783],[31.70065612818712,30.284809738992969],[31.700646927696763,30.284805900378114],[31.700637729298116,30.284802060881081],[31.700628527745906,30.284798224059063],[31.700619327233969,30.284794387246698],[31.700610125659448,30.284790552227797],[31.700600923046103,30.284786717197935],[31.700591721461162,30.284782883079934],[31.700582517785975,30.284779049842872],[31.700573315127272,30.284775218419874],[31.700564111441665,30.284771386083744],[31.700554906705342,30.284767554638854],[31.700545702997413,30.28476372410584],[31.70053649929023,30.28475989357219],[31.700527293492787,30.28475606391947],[31.700518088723737,30.284752235178615],[31.700508883955418,30.284748406437167],[31.70049967919973,30.284744576792878],[31.700490473393344,30.284740748039823],[31.700481267575789,30.284736920188323],[31.700472062810412,30.284733091444348],[31.700008944422311,30.284540478899242],[31.699999755180677,30.284536658397563],[31.699990565963574,30.2845328360909],[31.6999813767472,30.284529013783576],[31.699972188559194,30.284525192388163],[31.699963000395726,30.284521369187747],[31.69995381223298,30.284517545986699],[31.699944624082882,30.284513721882806],[31.699935436973039,30.284509897788642],[31.699926249875826,30.284506072791661],[31.699917062791258,30.284502246891858],[31.699907876746948,30.284498421001771],[31.699898690727178,30.284494593306665],[31.699889505771473,30.28449076381688],[31.699880321856043,30.284486934336794],[31.699871137965133,30.284483103051713],[31.699861955126408,30.28447927087414],[31.699852773351743,30.284475436901889],[31.699843590562068,30.284471601114326],[31.699834410915553,30.284467763552719],[31.699825231281661,30.284463925088286],[31.699816052711846,30.284460084829192],[31.699806875218005,30.284456241873222],[31.699797698776329,30.284452398024793],[31.699788524462075,30.284448550587612],[31.699779350148546,30.284444703149809],[31.699770176922897,30.284440852112958],[31.699761005812753,30.28443699838957],[31.699751835766694,30.284433142871499],[31.699742666796602,30.284429284656582],[31.699733499942027,30.284425423755124],[31.699724334163427,30.28442156015679],[31.699715170500337,30.28441769387193],[31.699706006873697,30.28441382487987],[31.699696846402105,30.284409953211625],[31.699687687018393,30.284406077944311],[31.699678529750191,30.284402199990481],[31.699669373569876,30.284398318437571],[31.699660219505084,30.284394434198148],[31.699651067567697,30.284390546370005],[31.699641917769643,30.284386654050959],[31.69963277008711,30.284382759045378],[31.6996236245439,30.284378859548873],[31.69961448111621,30.284374957365831],[31.699605338788306,30.284371050681585],[31.699596199627354,30.284367140418933],[31.69958706260574,30.284363225665359],[31.699577928751093,30.284359307333421],[31.69956879598432,30.284355385402428],[31.699559667447872,30.284351458098989],[31.699550538971657,30.284347526283991],[31.69954141366242,30.2843435908906],[31.69953229154396,30.284339650114472],[31.699523172604362,30.284335704857757],[31.699514055792196,30.284331756012321],[31.69950494218271,30.284327800881929],[31.699495830700648,30.284323842162827],[31.69948672242127,30.284319877158779],[31.699477617320774,30.284315907674152],[31.699468515411052,30.284311932806794],[31.699459414601122,30.284307953438184],[31.699450319072955,30.28430396780529],[31.699441225696031,30.284299976779309],[31.69943213549799,30.284295981272763],[31.699423048490733,30.284291980383443],[31.699413965737602,30.284287972317326],[31.699404886175259,30.284283958868468],[31.699395809803693,30.284279940036839],[31.699386736634825,30.284275914920276],[31.699377666656741,30.284271884420974],[31.699368601972331,30.284267846755188],[31.699359539439182,30.284263803696334],[31.699350481148258,30.284259754362846],[31.699341426071928,30.284255697842251],[31.699332376265481,30.284251635959542],[31.69932332863409,30.284247566879412],[31.699314286296374,30.2842434906328],[31.699305247149468,30.284239409003433],[31.699296212256705,30.284235320197283],[31.699287180578541,30.284231224204003],[31.6992781552336,30.284227121054617],[31.699269133103265,30.284223010718087],[31.699260115215186,30.284218894106964],[31.699251100553621,30.284214769406535],[31.699242092213375,30.284210638452173],[31.699233087099643,30.284206499408516],[31.699224087291523,30.284202352296195],[31.699215091737546,30.284198198007086],[31.699206101489175,30.284194035649335],[31.699197115483059,30.284189867017009],[31.699188133742993,30.284185690305701],[31.699179158371894,30.284181503731702],[31.699170187243041,30.284177310883127],[31.699161221419807,30.284173109965902],[31.699152258823101,30.284168900959394],[31.699143302583444,30.284164682992373],[31.699134351649388,30.284160456956741],[31.699125407060492,30.284156222862805],[31.699116466749576,30.284151979787712],[31.699107531744279,30.284147728644001],[31.69909860204459,30.284143469431655],[31.69908967767434,30.284139200346285],[31.699080759649235,30.284134923202664],[31.699073231290672,30.284131305019685],[31.699065706134625,30.284127680551968],[31.699058184181091,30.284124049799519],[31.699050665441977,30.284120411860133],[31.699043149917273,30.284116766733813],[31.699035637595092,30.284113115322757],[31.699028128499236,30.284109455822595],[31.699020622593984,30.284105790939872],[31.699013120942706,30.284102118880536],[31.699005622505851,30.284098439634302],[31.698998127271505,30.284094754103336],[31.698990635251597,30.284091061385418],[31.698983146434212,30.284087362382778],[31.698975660843157,30.284083655291028],[31.698968179494173,30.284079941924873],[31.69896070030817,30.284076222263653],[31.698953225364235,30.284072496328033],[31.698945752607099,30.284068762292964],[31.69893828409203,30.284065021983494],[31.698930818779498,30.284061275389302],[31.698923357732841,30.284057520716313],[31.698915898837274,30.284053760650465],[31.698908445235229,30.284049993418378],[31.698900992768543,30.284046218978688],[31.698893544543932,30.284042438264599],[31.698886100561388,30.284038651276127],[31.698878659805199,30.284034856198556],[31.698871222251558,30.284031054836241],[31.698863787900443,30.284027247189211],[31.698856356763791,30.284023432355276],[31.698848929869204,30.284019611246926],[31.69884150618908,30.284015782951666],[31.698834085711486,30.284011948371681],[31.698826669499798,30.284008105712942],[31.698819256478746,30.284004257671668],[31.698811845620707,30.284000403335337],[31.698804440068088,30.28399654093057],[31.698797036678506,30.283992672230749],[31.698789636491458,30.283988797246206],[31.698782241597947,30.283984915095424],[31.698774848879356,30.283981025747394],[31.698767461430489,30.283977131037517],[31.698760076156546,30.283973229130392],[31.698752694097067,30.283969320036363],[31.698745316291589,30.283965403765759],[31.698737941676754,30.283961482112634],[31.698730571315931,30.283957553282928],[31.698723203130033,30.283953617255992],[31.698715839186232,30.283949674954673],[31.69870847948452,30.283945726378978],[31.698701123009204,30.283941769714193],[31.698693769736437,30.283937806764694],[31.69868641965434,30.28393383843267],[31.698679074865773,30.283929862934407],[31.698671732252151,30.283925880238918],[31.698664393880641,30.283921891269053],[31.698657058723601,30.2839178951123],[31.698649727808657,30.283913892681156],[31.69864240009629,30.283909883965315],[31.698635075598403,30.283905868062575],[31.698627756394075,30.283901844993604],[31.69862043935278,30.283897815629604],[31.698613125502142,30.283893780883073],[31.698605816956981,30.283889738068133],[31.698598510574847,30.283885688958172],[31.698591209474372,30.283881633584148],[31.698583910548844,30.283877571012912],[31.698576615865438,30.283873502167317],[31.698569325424135,30.283869427047332],[31.698562038197338,30.283865344740484],[31.698554754173102,30.283861256148917],[31.698547475430534,30.283857161293323],[31.69854019782338,30.283853059230172],[31.698532925509795,30.283848950000799],[31.698525658465961,30.283844835409589],[31.698518392569451,30.283840712708642],[31.698511131942698,30.283836584645854],[31.698503873478991,30.283832450288038],[31.698496621360302,30.283828307872135],[31.698489371392753,30.283824160063403],[31.698482124639714,30.28382000506781],[31.698474883168331,30.283815843808163],[31.698467643860017,30.283811676253492],[31.698460408817638,30.283807500620085],[31.698453178005476,30.283803319614524],[31.698445951435456,30.2837991323346],[31.698438728079939,30.2837949378678],[31.69843150896655,30.283790737126647],[31.698424293055758,30.283786530100805],[31.698417081399015,30.283782315898414],[31.698409872932963,30.283778096313533],[31.698402668732861,30.283773868649916],[31.698395468774898,30.283769634711941],[31.69838827200762,30.283765395391484],[31.698381079494407,30.283761148894477],[31.698373891223319,30.28375689612313],[31.698366706166752,30.283752636164905],[31.69835952535233,30.283748369932329],[31.69835234774051,30.283744097415092],[31.698345174382734,30.283739817721283],[31.698338005267114,30.283735531753148],[31.698329621183106,30.283730506443032],[31.698321244495812,30.283725472182873],[31.698312873126149,30.283720428952009],[31.698304509141302,30.283715377673307],[31.698296151477898,30.283710320140791],[31.698287800183586,30.283705252745722],[31.698279455210727,30.283700179096869],[31.698271115543598,30.283695097379475],[31.698262784312721,30.283690006722406],[31.698254457336155,30.283684908888681],[31.698246136681021,30.28367980480115],[31.698237822383081,30.283674691753262],[31.69822951439469,30.283669573353773],[31.698221211723954,30.283664445983582],[31.698212915374665,30.2836593123596],[31.698204624331133,30.283654170667116],[31.69819633856951,30.283649022710502],[31.698188060180801,30.283643867608248],[31.69817978602256,30.283638707133722],[31.698171518221528,30.283633537698851],[31.698163254639052,30.283628363793873],[31.698154998441396,30.283623181841094],[31.698146746486142,30.283617993613838],[31.698138498761363,30.283612800014335],[31.698130258409492,30.283607599269171],[31.698122022288103,30.283602393151774],[31.698113791460564,30.283597179868043],[31.698105564863504,30.283591961212046],[31.69809734354838,30.283586736291944],[31.698089127515182,30.283581505107716],[31.698080916752009,30.283576268561571],[31.698072711258853,30.283571026653497],[31.69806450999619,30.283565779373177],[31.698056312975929,30.28356052581838],[31.698048121225682,30.283555266901676],[31.698039932666401,30.283550002602365],[31.698031750416675,30.283544732951466],[31.698023571345988,30.283539458820176],[31.698015396505799,30.283534179316618],[31.698007226947546,30.283528893548958],[31.697999061584046,30.283523605115601],[31.697990900462951,30.283518310407811],[31.6979827425209,30.283513011219593],[31.69797458984889,30.283507706669479],[31.697966440355916,30.283502397638948],[31.697958295069618,30.283497085040544],[31.697950152974286,30.283491767059555],[31.697942016137059,30.283486444618834],[31.69793388246697,30.283481118599912],[31.69792575092449,30.283475788992408],[31.697917624652042,30.283470454023014],[31.697909501558641,30.283465114573229],[31.697901381608549,30.283459773349598],[31.697893264861349,30.283454425841182],[31.697885152308896,30.283449075667086],[31.697877042923587,30.283443721914782],[31.6978689356778,30.283438363671753],[31.697860832626773,30.283433002763029],[31.697852731703346,30.283427638265763],[31.697844634986609,30.283422270200639],[31.697836541448915,30.283416897655105],[31.697828448963563,30.28341152421725],[31.697820359657257,30.283406146298976],[31.697812273518103,30.283400764802529],[31.697804190534182,30.283395380630047],[31.697796109665941,30.283389993771209],[31.697788031952946,30.28338460423636],[31.697779956355635,30.283379212015166],[31.697771881834495,30.28337381709725],[31.697763811520037,30.283368418611488],[31.697755742257915,30.283363019233388],[31.697747675123402,30.283357616266748],[31.697739611144119,30.283352210624102],[31.69773154822909,30.283346803186962],[31.697723488457374,30.283341393975974],[31.697715428722294,30.283335982057949],[31.69770737213053,30.283330568366111],[31.697699316603035,30.283325152879765],[31.697691263191224,30.28331973470705],[31.697683210831755,30.283314315642038],[31.697675160587991,30.283308893890663],[31.697667112424167,30.283303472159488],[31.697659065348446,30.283298046829429],[31.697651019325061,30.283292620607064],[31.697642974342095,30.283287194394575],[31.697634930447215,30.28328176458319],[31.697626887592772,30.283276334781675],[31.697618845790654,30.28327090408786],[31.697610806092325,30.283265471609869],[31.697602766394887,30.283260039131395],[31.69759472672218,30.283254604848096],[31.697586689141346,30.283249169682826],[31.697578651573313,30.283243733614878],[31.69757061608524,30.283238297567145],[31.697562579570441,30.283232860606425],[31.697554544107987,30.283227422753367],[31.69754650864644,30.283221984899843],[31.69753847423722,30.283216546154009],[31.697530439828885,30.283211107407695],[31.697522406472903,30.283205667769092],[31.697514371026834,30.283200229011488],[31.697506336621199,30.28319479026376],[31.689240396382083,30.277597859599656],[31.689232348476676,30.277592410296574],[31.689224301611635,30.277586961003411],[31.689216253720016,30.277581510797205],[31.689208206868759,30.277576060600914],[31.689200160006404,30.277570611306366],[31.689192113156942,30.277565161109123],[31.689184067359822,30.277559710019638],[31.689176020524151,30.277554258919285],[31.689167974728825,30.277548807828854],[31.689159928946403,30.277543355835785],[31.689151884216333,30.27753790295046],[31.689143839487159,30.277532450064651],[31.689135795798347,30.277526997188783],[31.689127753161877,30.277521543420654],[31.689119709510837,30.277516087837281],[31.689111667939617,30.277510632274264],[31.68910362743275,30.277505174916801],[31.689095586926772,30.277499717558875],[31.689087547461167,30.277494260210862],[31.689079508020438,30.277488801058034],[31.689071469644055,30.277483340110766],[31.689063434386956,30.27747787919424],[31.68905539812728,30.277472415560293],[31.68904736289597,30.277466952838459],[31.689039328729002,30.277461488322199],[31.689031296665849,30.277456022021916],[31.689023264627579,30.277450553916772],[31.689015234669142,30.277445085831985],[31.689007205787032,30.277439615050593],[31.688999178984755,30.27743414428954],[31.688991153258819,30.277428670831863],[31.68898312755778,30.277423195569344],[31.688975104988003,30.277417719435423],[31.688967083494578,30.277412240604868],[31.688959063053506,30.277406760882066],[31.688951043664787,30.277401280267021],[31.688943028482797,30.277395796084395],[31.688935012274239,30.2773903109887],[31.688926999208952,30.277384824119419],[31.688918987220017,30.277379334553512],[31.688910978362358,30.277373844116173],[31.68890296955357,30.277368350069647],[31.688894963876063,30.277362855151686],[31.688886960326361,30.277357356645311],[31.688878957829022,30.277351857246707],[31.688870958486945,30.277346355172334],[31.688862960209228,30.27734085130351],[31.688854965098766,30.277335343856723],[31.688846971052662,30.277329834615504],[31.688838980161826,30.27732432269849],[31.688830991374797,30.277318808997464],[31.688823004715584,30.277313291708051],[31.688815021199648,30.277307772645038],[31.688807039799507,30.277302250895822],[31.688799060527188,30.277296725558216],[31.68879108439813,30.277291198447013],[31.68878311039688,30.277285667747424],[31.688775138511449,30.277280134361643],[31.68876716978129,30.277274598300078],[31.688759205257846,30.277269058670949],[31.688751241798766,30.277263517247398],[31.688743280479489,30.277257971333277],[31.688735324394415,30.277252422764185],[31.688727370437135,30.277246870606724],[31.688719417544217,30.277241316654841],[31.688711469897484,30.277235759145817],[31.688703525430032,30.277230197156637],[31.688695583090372,30.277224631579088],[31.688687643893989,30.277219064227932],[31.688679707864885,30.277213493298806],[31.688671776054502,30.277207917899936],[31.688663847411398,30.277202338923143],[31.688655920884102,30.277196757260114],[31.688647997536073,30.277191171116957],[31.6886400804737,30.27718558142708],[31.688632164499673,30.277179988138407],[31.688624251704923,30.277174390369598],[31.688616344156358,30.277168789043632],[31.688608439775066,30.27716318413971],[31.688600538573048,30.277157574755648],[31.688592641577763,30.277151961804048],[31.688584748777206,30.277146346187084],[31.688576860219385,30.277140724296029],[31.688568973789369,30.277135098816583],[31.68856109260555,30.27712946978],[31.688553214601004,30.277123836263311],[31.688545341854653,30.277118198287276],[31.688537473327024,30.277112555841526],[31.688529607966679,30.277106909817824],[31.688521746825057,30.2771012593244],[31.688513889926163,30.277095602556873],[31.68850603826148,30.277089943134417],[31.688498189776055,30.277084279231826],[31.688490346572827,30.277078609065544],[31.688482507564331,30.277072936233921],[31.688474672798581,30.277067257128195],[31.68846684433047,30.27706157357358],[31.688459017990173,30.27705588643061],[31.688451197971535,30.277050193034391],[31.688443382171624,30.277044495168436],[31.688435570602458,30.277038791930572],[31.688427765330935,30.277033084243833],[31.688419963250695,30.277027371174796],[31.688412167480092,30.277021652754673],[31.688404375928243,30.27701592986482],[31.688396588607119,30.277010201603087],[31.68838880758366,30.277004468892475],[31.688381031842383,30.276998729918191],[31.688373261371297,30.276992985582435],[31.688365495118962,30.276987236776947],[31.688357735188266,30.276981481718234],[31.688349980515778,30.276975722200209],[31.688273699752891,30.276921276998056],[31.688197915784478,30.276866144662243],[31.688122633760504,30.276810328854502],[31.688047859858301,30.276753834149101],[31.687973600255177,30.276696665120369],[31.687899861116385,30.276638827244831],[31.687826646552232,30.276580324173736],[31.68775396584622,30.27652116141487],[31.687681823108537,30.276461342619541],[31.687610224492254,30.276400874166441],[31.687539176174361,30.276339760629959],[31.687468682252899,30.276278006563572],[31.687398750959662,30.276215618366834],[31.68732938746809,30.276152597897127],[31.687260595816024,30.276088954218867],[31.687192383243676,30.276024690112521],[31.687124753824857,30.27595981193593],[31.687057715803064,30.275894325186524],[31.686991272260599,30.275828232603008],[31.686925429301926,30.275761544172862],[31.686860192112153,30.275694260851306],[31.686795565780219,30.27562639081102],[31.686731557521981,30.275557938636801],[31.686668170371398,30.275488910676113],[31.68660541049276,30.275419312405532],[31.686543283022864,30.275349148388983],[31.686481792034993,30.275278424984361],[31.686420943681252,30.275207148570438],[31.686360743086283,30.275135324613281],[31.686301195374661,30.27506295857907],[31.686242302528566,30.274990057707029],[31.686184073842263,30.274916626602742],[31.686126511309851,30.27484267160326],[31.686069619004275,30.274768199066482],[31.686013404116714,30.274693215381536],[31.685957868665174,30.274617725081058],[31.68590301981671,30.274541736358575],[31.685848859589221,30.274465253746715],[31.685795394110247,30.274388285428547],[31.68574262748848,30.27431083505537],[31.685690562733054,30.274232910778949],[31.685639205983346,30.274154519880181],[31.685588560296491,30.274075666902089],[31.685538628693504,30.273996359094255],[31.685489418377085,30.273916601943586],[31.68544093131672,30.273836403591392],[31.6853931705453,30.273755770385055],[31.685346143277439,30.273674706909304],[31.685299849379582,30.273593223088898],[31.685254295038838,30.273511322595947],[31.685209484303318,30.273429013592587],[31.685165419154252,30.273346303317883],[31.685122103687782,30.273263196325221],[31.68507954297926,30.273179701689344],[31.68503773902183,30.273095825747095],[31.684996695899471,30.27301157395403],[31.684956415557163,30.272926956255684],[31.684916903142256,30.272841976313693],[31.6848781606237,30.272756642269204],[31.684840193100658,30.272670961392546],[31.684803000487261,30.272584939999643],[31.684766588909962,30.272498586273354],[31.684730959310205,30.272411907442265],[31.684696115783673,30.272324908059581],[31.684662060275055,30.272237598070831],[31.684628795816504,30.272149983823155],[31.684596326479582,30.272062071674199],[31.684564653193494,30.271973869754543],[31.684533778978285,30.271885385313542],[31.684503706878044,30.271796623796149],[31.684474437797839,30.271707595137293],[31.684445976872524,30.27161830390061],[31.684418323967709,30.271528760010586],[31.684391483154712,30.27143896982475],[31.684365455386665,30.271348939669263],[31.684340242631933,30.271258677685086],[31.684315847898326,30.271168192023634],[31.684292273178254,30.271077489021486],[31.684269519400651,30.270986576809101],[31.684247588557909,30.270895461723033],[31.684226483645666,30.270804152816801],[31.68420620561686,30.270712656416492],[31.68418675645178,30.270620979760768],[31.684168137067214,30.270529131882252],[31.684150349455443,30.270437119117393],[31.684133394557321,30.270344948694373],[31.684117275380366,30.270252628764471],[31.684101990774611,30.270160167437115],[31.684087542744287,30.270067570146562],[31.68407393531221,30.269974846858787],[31.684061165273647,30.269882003857987],[31.684049236663434,30.269789050207947],[31.68403814940697,30.269695991321939],[31.684027904420947,30.269602836232387],[31.684018501594629,30.269509593059098],[31.684009943959555,30.269416268148799],[31.684002231417018,30.269322868719058],[31.683995361765529,30.269229403770943],[31.683989340103274,30.269135880574204],[31.683984164228733,30.269042308129851],[31.683979835118684,30.268948690959277],[31.683979631031562,30.268939833675496],[31.683979436286744,30.268930977387921],[31.683979248841613,30.268922119369098],[31.683979069711437,30.268913261433841],[31.683978898908261,30.268904402679965],[31.683978736408022,30.268895544911814],[31.683978580143986,30.268886687206361],[31.683978433246335,30.268877828692734],[31.683978293612231,30.268868971154404],[31.683978162317146,30.268860111895275],[31.683978037246234,30.268851253600978],[31.683977920490285,30.26884239539028],[31.683977811009914,30.268833537252686],[31.683977708817146,30.268824678286034],[31.683977613887926,30.268815820294666],[31.683977526258346,30.268806960572061],[31.6839774458923,30.268798101824771],[31.683977372801824,30.268789243150565],[31.683977305959584,30.268780383636869],[31.683977247420241,30.268771525108917],[31.683977194089756,30.268762665731],[31.683977148022802,30.268753807328398],[31.683977109243443,30.268744948096717],[31.683977075660902,30.268736088917262],[31.683977050393281,30.268727229821376],[31.683977031361849,30.268718370788143],[31.683977017527223,30.26870951180716],[31.683977010968171,30.268700652899298],[31.683977009605915,30.268691794043626],[31.683977015519201,30.268682935261097],[31.68397702665337,30.268674074726412],[31.683977045039022,30.26866521606922],[31.683977068633503,30.268656356562055],[31.683977098452125,30.268647498019764],[31.68397713347958,30.268638638627483],[31.683977173691805,30.268629780189631],[31.683977221191601,30.268620920922721],[31.683977272848821,30.268612061697553],[31.683977330730183,30.268603203437269],[31.68397739382036,30.268594344327017],[31.6839774631467,30.268585485279431],[31.683977535591104,30.268576626263176],[31.683977615299003,30.268567768222216],[31.683977699176356,30.268558909320848],[31.683977789301895,30.268550049579986],[31.683977882533444,30.268541190772609],[31.683977981989123,30.268532332930103],[31.683978085614246,30.268523474227177],[31.683978194448198,30.268514614674299],[31.683978308454854,30.268505756977998],[31.683978425591594,30.268496898410863],[31.683978547925115,30.268488039895932],[31.683978675455403,30.268479181433218],[31.683978806103742,30.268470323001843],[31.683978941948855,30.268461464622696],[31.683979081951371,30.268452606285322],[31.683979226111305,30.268443747989721],[31.683979374428635,30.268434889735882],[31.683979525851974,30.268426032415583],[31.683979682484114,30.268417174245297],[31.68397984223429,30.268408316106349],[31.683980006141869,30.268399458009178],[31.683980173167487,30.268390599943324],[31.683980345389855,30.268381741929719],[31.683980518651545,30.268372883926521],[31.683980697097947,30.268364026877741],[31.683980878674426,30.268355168958095],[31.683981064408286,30.268346311080236],[31.683981252208792,30.268337454125419],[31.683981443139348,30.268328596299771],[31.683981638215272,30.268319739418065],[31.683981835393926,30.268310880752896],[31.683982035666528,30.268302023923386],[31.683982239069202,30.268293166223053],[31.683982445589894,30.268284308554023],[31.683982655216575,30.268275451818514],[31.683982865882548,30.268266595093454],[31.683983080705914,30.268257738410142],[31.683983296592633,30.268248879932909],[31.683983516612674,30.268240023301807],[31.683983737684041,30.268231165778975],[31.683983961861401,30.268222309189639],[31.683984188129443,30.26821345171901],[31.68398441749143,30.268204596084061],[31.683984646877423,30.268195738644749],[31.683984879369394,30.268186882138941],[31.683985113952044,30.268178024751819],[31.683985349561961,30.268169168277339],[31.683985588289886,30.268160311834166],[31.683985828057097,30.26815145540143],[31.683986068875644,30.268142598076935],[31.683986311760794,30.268133741675516],[31.683986555685234,30.268124885284532],[31.683986801688324,30.26811602891441],[31.683987048742743,30.268107171652566],[31.683987296812369,30.268098316205496],[31.683987546984717,30.268089458974956],[31.683987798184308,30.268080602657019],[31.683988049383832,30.268071746339082],[31.683988301622644,30.268062890031572],[31.683988555940093,30.268054033744939],[31.683988810269511,30.268045176556118],[31.683989064574774,30.268036321171632],[31.683989320970717,30.268027464905867],[31.683989577378622,30.268018607737901],[31.683989833762372,30.268009752374276],[31.683990092236812,30.268000896129358],[31.683990348644482,30.267992038961342],[31.683990607118766,30.267983182716385],[31.683990865580931,30.267974327373615],[31.683991124055055,30.267965471128626],[31.683991382541144,30.267956613981461],[31.6845317667172,30.249440392076913],[31.684532024932636,30.249431543021064],[31.684532283148016,30.249422693965219],[31.684532541363303,30.249413844909352],[31.684532798527336,30.249404996745213],[31.684533056742481,30.249396147689328],[31.684533313918372,30.249387298622985],[31.684533571094182,30.24937844955662],[31.68453382721875,30.249369601382021],[31.68453408334322,30.249360753207373],[31.684534339479644,30.249351904130535],[31.684534592498494,30.249343055022379],[31.684534846556435,30.24933420592464],[31.684535100614298,30.24932535682689],[31.684535352593748,30.249316507708269],[31.684535604573128,30.249307658589611],[31.684535855501249,30.249298810362706],[31.684536105390119,30.249289962125342],[31.684536354251776,30.249281112975332],[31.684536602074196,30.249272263814902],[31.684536847818208,30.249263414633564],[31.684537092522987,30.24925456544177],[31.684537337227688,30.249245716249991],[31.684537578814822,30.249236867026848],[31.684537820401875,30.249228017803716],[31.684538059910537,30.249219168559708],[31.684538298367936,30.249210320207421],[31.684538533719785,30.249201470921612],[31.684538769083591,30.249192620733634],[31.684539002344952,30.249183772329122],[31.684539232500772,30.249174922991095],[31.684539461629381,30.249166072740461],[31.684539688655548,30.24915722427329],[31.684539914654497,30.24914837489348],[31.684540137547906,30.249139524580187],[31.684540359378037,30.249130676060787],[31.68454057811466,30.2491218257057],[31.68454079476086,30.249112976231924],[31.684541009328676,30.249104126737254],[31.684541220778932,30.249095277211254],[31.684541431201971,30.249086426772617],[31.68454163848342,30.249077578107048],[31.684541841632189,30.249068727595336],[31.684542043729703,30.249059877975359],[31.684542242709675,30.249051028324082],[31.684542439623261,30.249042177749718],[31.684542634446458,30.24903332805664],[31.684542824073777,30.249024478311391],[31.68454301163472,30.249015627643047],[31.684543197105253,30.249006777856003],[31.684543379470263,30.248997927135466],[31.684543557666544,30.248989077275361],[31.684543732745279,30.248980227383925],[31.684543905757643,30.248971376569401],[31.68454407461331,30.248962525713157],[31.684544240339413,30.248953675727751],[31.684544402959986,30.248944824808831],[31.684544561411847,30.248935974750353],[31.684544716758179,30.248927123758367],[31.684544867935788,30.248918273626806],[31.684545016007881,30.24890942256172],[31.684545159911263,30.248900572357101],[31.684545300709118,30.248891721218953],[31.684545437338254,30.248882870941205],[31.684545569822728,30.248874019719555],[31.684545698138464,30.248865169358321],[31.68454582334871,30.248856318063567],[31.684545943363094,30.248847466716633],[31.684546059208774,30.248838616230142],[31.684546170909776,30.248829764799673],[31.684546279481228,30.248820914240074],[31.684546381829691,30.248812062715665],[31.684546481060639,30.248803211159952],[31.684546576134892,30.24879435956246],[31.684546664962131,30.24878550880452],[31.684546750671831,30.248776658015274],[31.684546831197725,30.248767806271658],[31.684546906515749,30.248758955378012],[31.684546977677101,30.248750104442625],[31.684547043666655,30.248741251650657],[31.68454710651465,30.248732400631752],[31.684547162100511,30.248723548637589],[31.684547213505667,30.248714698406044],[31.684547258699865,30.248705846307494],[31.684547299725363,30.248696995069377],[31.684547335567071,30.248688142876883],[31.684547366188905,30.248679292436567],[31.684547390599789,30.248670440129239],[31.684547410854005,30.248661587780163],[31.68454742484921,30.248652737172833],[31.684547432633465,30.248643884698502],[31.684547436237029,30.248635033986783],[31.684547433617631,30.248626182310254],[31.684547424775289,30.248617329668892],[31.684547410713083,30.248608478779715],[31.684547391467081,30.248599626936183],[31.684547364934925,30.248590775921745],[31.684547333218994,30.248581923952937],[31.684547295256074,30.248573072823692],[31.6845472510702,30.248564220729619],[31.684547199586177,30.248555370366876],[31.684547143969535,30.248546518157987],[31.684547081066764,30.248537666778212],[31.68454701192903,30.248528815335831],[31.68454693551719,30.248519963820371],[31.68454685389753,30.248511113154915],[31.6845467650278,30.24850226061201],[31.684546669899081,30.248493409810848],[31.684546550425519,30.248483032058509],[31.684546419521237,30.24847265419136],[31.684546281342854,30.248462276251129],[31.684546132772891,30.248451898206518],[31.684545975889684,30.24844152007843],[31.684545809642039,30.24843114275858],[31.684545635069121,30.248420766257407],[31.684545450128695,30.248410387847478],[31.684545256850981,30.248400011158427],[31.684545054208854,30.248389635277611],[31.684544842226355,30.248379258400696],[31.684544620891465,30.248368881429808],[31.684544390192166,30.24835850526717],[31.684544151179637,30.248348129021043],[31.684543901775577,30.248337752670519],[31.684543645073404,30.248327378051336],[31.684543377991712,30.248317002425562],[31.684543101557662,30.248306626705848],[31.684542815759208,30.248296251794393],[31.684542521647547,30.248285876799418],[31.684542218171508,30.248275502612707],[31.684541906370235,30.248265129244675],[31.684541584189468,30.248254754870068],[31.684541252644333,30.248244381303728],[31.684540912785998,30.248234007653867],[31.684540562524131,30.248223634801825],[31.684540204976212,30.248213262778894],[31.68453983704881,30.248202889749408],[31.684539460784187,30.248192518440785],[31.684539075167216,30.248182147038239],[31.684538680209936,30.248171774639559],[31.684538274837138,30.24816140394087],[31.684537862178285,30.248151034071295],[31.684537439127961,30.248140664097349],[31.684537007764462,30.248130294039917],[31.684536567048642,30.248119923888527],[31.684536116956469,30.24810955544757],[31.684535657523995,30.248099186010514],[31.684535189754328,30.248088818294288],[31.684534711605217,30.24807844957153],[31.684534226158057,30.248068082580083],[31.684533730307432,30.248057716386402],[31.684533225116525,30.248047349196636],[31.684532710561292,30.248036982815101],[31.684532187668879,30.248026618154448],[31.684531655448222,30.248016251595455],[31.68453111383922,30.2480058876491],[31.684530562877921,30.247995523608807],[31.684530003591469,30.247985160387216],[31.684529434952736,30.247974797071659],[31.68452885696173,30.247964433662158],[31.684528269594416,30.2479540719631],[31.684527672874829,30.247943710170112],[31.6845270678301,30.247933349195797],[31.684526453433111,30.247922988127545],[31.684525828632683,30.247912627857108],[31.684525195495116,30.24790226930752],[31.684524554056452,30.247891909772274],[31.684523903253506,30.247881551045257],[31.6845232430863,30.247871193126485],[31.684522572515675,30.247860836005522],[31.684521894659088,30.247850479713684],[31.684521207438227,30.247840124230098],[31.684520509838016,30.24782976773994],[31.684519803900667,30.24781941297066],[31.684519088599064,30.247809059009608],[31.684518364972362,30.247798705867265],[31.684517630954279,30.247788352620528],[31.684516888611096,30.247778000192469],[31.684516136903682,30.247767648572676],[31.684515375832024,30.247757297761098],[31.684514606435275,30.247746947768235],[31.684513826647169,30.247736597670993],[31.684513038521953,30.247726249294605],[31.684512242083688,30.247715900834702],[31.684511435230029,30.247705554074823],[31.684510620063307,30.247695207231434],[31.684509794493227,30.247684861185856],[31.68450896059808,30.247674515958941],[31.684508118389886,30.24766417064852],[31.684507265766307,30.247653827038111],[31.684506404817679,30.247643484246392],[31.684505534504837,30.247633142262909],[31.684504654839817,30.247622800185471],[31.684503765798578,30.247612459818477],[31.684502868432286,30.247602120270173],[31.684501960674684,30.247591780617491],[31.684501044592039,30.247581441783471],[31.68450012017232,30.247571104670332],[31.684499186388422,30.247560768365432],[31.684498243252371,30.247550431966584],[31.684497289700968,30.247540097267741],[31.684496328863681,30.247529763398013],[31.684495357623078,30.247519430326111],[31.684494378069473,30.247509097170671],[31.684493389139675,30.247498765725695],[31.684492390845708,30.247488435088936],[31.684491384226742,30.247478105270869],[31.684490367204461,30.247467776250609],[31.684489341857176,30.247457448049023],[31.684488459569298,30.247448629042605],[31.684487569995532,30.247439810865295],[31.68448667520212,30.247430994440183],[31.684485773146839,30.247422177039788],[31.684484863793642,30.247413361370711],[31.684483949256879,30.247404544747269],[31.684483028473348,30.247395728963383],[31.684482101431051,30.247386914921226],[31.684481168166052,30.247378099914254],[31.684480227615147,30.247369285736401],[31.684479282883778,30.247360473321166],[31.684478330890542,30.247351659930686],[31.684477373689713,30.247342847390197],[31.684476411293311,30.247334034797493],[31.684475441598998,30.247325223936123],[31.684474466709105,30.247316413022535],[31.684473485584512,30.247307602046313],[31.684472501330593,30.247298791940985],[31.684471508763679,30.247289981752125],[31.684470512016308,30.247281173325899],[31.684469510085375,30.247272363945278],[31.684468501895704,30.247263556306404],[31.684467488522472,30.247254747713143],[31.68446647096879,30.247245940882493],[31.684465448219544,30.247237133999647],[31.684464420262721,30.247228327966809],[31.684463386071187,30.247219521871333],[31.68446234772324,30.247210715734088],[31.684461305194844,30.247201911359468],[31.6844602574829,30.247193106030451],[31.68445920351223,30.247184302443198],[31.68445814643631,30.24717549792242],[31.684457084140789,30.247166695153815],[31.684456016649719,30.247157892333025],[31.684454946053407,30.247149088578723],[31.684453870237508,30.247140286576585],[31.684452790253182,30.247131485434885],[31.684451705073307,30.247122684240974],[31.684450616776168,30.247113883015771],[31.684449524322638,30.247105081748764],[31.68444842561037,30.247096282223531],[31.684447324832011,30.24708748177521],[31.68444621987322,30.247078683089502],[31.684445110782072,30.247069882557675],[31.684443997498459,30.247061084690635],[31.684442880070474,30.247052285879658],[31.684441759501194,30.247043488841715],[31.684440634787546,30.247034690859838],[31.684439506944614,30.247025893748809],[31.684438374945305,30.247017096596014],[31.684437239816713,30.247008300314107],[31.684436100531745,30.246999503990427],[31.684434959168662,30.246990707645843],[31.684433813625148,30.246981913063884],[31.684432664988432,30.246973116646231],[31.684431513210434,30.24696432200162],[31.684430358303167,30.246955528227879],[31.684429199239514,30.246946734412372],[31.684428038109786,30.246937939673781],[31.684426873850793,30.246929145806067],[31.684425707513693,30.246920351917453],[31.684424537008198,30.246911558889263],[31.684423364424593,30.246902765840201],[31.684422187672602,30.246893973651545],[31.684421009869624,30.246885182354642],[31.684419828961435,30.246876390124225],[31.684418645975143,30.246867597872892],[31.684417459871611,30.246858805590261],[31.684416271665945,30.246850015091091],[31.684415082433354,30.246841223679301],[31.684413889032356,30.246832433127942],[31.684412693565282,30.246823641653474],[31.684411495996084,30.246814851962512],[31.684410297387927,30.246806062261108],[31.68440909567455,30.246797271626185],[31.684407891871079,30.246788481872542],[31.684406687016615,30.246779693010648],[31.684405480096085,30.246770903225677],[31.684404271085441,30.246762114321999],[31.684403059996718,30.246753325397442],[31.684401847857018,30.246744537364613],[31.684400633651244,30.2467357484087],[31.684399418406528,30.246726959442334],[31.684398201071691,30.246718171357283],[31.684396982697905,30.246709383261759],[31.684395763285167,30.246700595155794],[31.684394541794351,30.24669180702892],[31.684393320303727,30.246683018902058],[31.68439209568384,30.246674231646036],[31.68439087210329,30.246665444400435],[31.68438964644465,30.246656657133947],[31.684388418719944,30.246647868944407],[31.684387192022548,30.246639081667432],[31.684385963235044,30.246630295271789],[31.684384734459751,30.246621507973913],[31.684383503606366,30.246612720655175],[31.684382272741164,30.246603934238578],[31.684381041888155,30.24659514691982],[31.68437980997216,30.246586361394947],[31.684378578080416,30.246577574065682],[31.684377345149702,30.246568786725977],[31.684376112195142,30.246560001190634],[31.684374879264819,30.246551213850893],[31.684373645271503,30.24654242830508],[31.684372411302416,30.246533640954866],[31.684371177333514,30.24652485360464],[31.684369943340769,30.246516068058767],[31.683877162612571,30.243007389392545],[31.68387592595106,30.242998575840875],[31.683874688238614,30.242989763180923],[31.683873450538393,30.242980949618786],[31.683872213853412,30.242972137871419],[31.683870977180636,30.242963325221876],[31.683869740532103,30.24295451076792],[31.683868504898818,30.242945698128775],[31.683867270316835,30.242936884597846],[31.683866035723014,30.242928071969111],[31.683864803207584,30.242919259361219],[31.683863569677293,30.242910444938495],[31.683862339240441,30.242901632351479],[31.683861108827813,30.242892817960048],[31.683859880493575,30.242884003589484],[31.683858653186597,30.242875190131539],[31.683857426930928,30.242866375781809],[31.683856202741623,30.242857562355148],[31.683854979615639,30.242848747134524],[31.683853758556015,30.242839932836961],[31.683852539586798,30.242831117658074],[31.683851322683939,30.242822303402228],[31.683850107883494,30.242813487362874],[31.683848895149406,30.242804672246567],[31.683847684505725,30.242795856248954],[31.68384647594042,30.24278704027218],[31.68384527049259,30.242778224326731],[31.683844067123129,30.242769408402129],[31.6838428658561,30.242760590694022],[31.683841667694512,30.242751773919405],[31.683840472662418,30.242742956273894],[31.683839280747787,30.242734138659696],[31.68383809195063,30.242725321076804],[31.683836906282959,30.242716502623033],[31.683835722693654,30.242707684190123],[31.683834544312038,30.242698864907204],[31.683833368008788,30.24269004564513],[31.683832194822994,30.242681226414394],[31.683831025805798,30.242672406323194],[31.683829860945142,30.242663586273753],[31.683828700253066,30.242654765363852],[31.683827542690477,30.242645943583085],[31.683826389272408,30.242637122746221],[31.68382524002293,30.242628301048946],[31.683824094954037,30.24261947758902],[31.68382295401765,30.242610655975234],[31.683821818312975,30.242601831707052],[31.683820685701711,30.242593009274561],[31.683819559349228,30.242584185100316],[31.683818436126217,30.242575360055181],[31.683817318098836,30.242566535062227],[31.68381620630619,30.242557710131901],[31.68381509764302,30.242548884330699],[31.68381399522659,30.242540057689926],[31.683812898005804,30.242531231101353],[31.683811804965586,30.24252240275014],[31.683810718136051,30.242513576265932],[31.683809636538211,30.242504747127356],[31.683808561175098,30.242495918051379],[31.683807491007599,30.242487089027602],[31.683806427086846,30.242478259164265],[31.683805369424856,30.242469427559179],[31.683804315907359,30.242460596898034],[31.683803269663674,30.242451766309937],[31.683802229678747,30.242442933980112],[31.683801195940546,30.242434100810708],[31.683800168437049,30.242425267703933],[31.683799147180281,30.242416433757604],[31.683798133197303,30.242407599884331],[31.683797125461048,30.242398765171501],[31.683796123983548,30.242389928716932],[31.683795128728722,30.242381093227166],[31.683794141810811,30.242372256016541],[31.683793162166687,30.242363418878995],[31.683792188769289,30.242354580901871],[31.683791222645652,30.242345742997802],[31.683790264846927,30.242336904275088],[31.683789314346008,30.242328063821045],[31.683788371106854,30.242319224342268],[31.683787435165517,30.242310383132157],[31.683786506509971,30.242301541092942],[31.683785587206376,30.24229269914769],[31.683784675188569,30.242283856373305],[31.683783771495648,30.242275012780247],[31.683782875076488,30.242266169260258],[31.683781986994223,30.242257324019405],[31.683781108263897,30.242248478872483],[31.683780236819349,30.242239632896446],[31.683779373687646,30.242230787003933],[31.683778520971,30.242221939411436],[31.683777675528116,30.242213091891994],[31.683776840500297,30.242204242672585],[31.683776011695105,30.242195394417962],[31.683775194356087,30.242186543571648],[31.683774385317871,30.242177693710996],[31.683773585643596,30.242168843042112],[31.683772795333262,30.242159991564996],[31.683772014386864,30.242151139279642],[31.683771242804394,30.242142286186066],[31.683770480573827,30.242133433186414],[31.683769728746284,30.242124579388996],[31.683768986294691,30.242115723881142],[31.683768254222045,30.24210686937986],[31.683767531525358,30.242098013168146],[31.683766819231671,30.242089156158656],[31.683766118368052,30.242080299263982],[31.683765425841283,30.242071440648452],[31.683764744732553,30.242062583049933],[31.683764074038827,30.24205372375144],[31.683763413748107,30.242044863655138],[31.683762764887433,30.242036003673686],[31.683762126429745,30.242027142894429],[31.683761498363015,30.242018282219579],[31.683760881750374,30.242009419855172],[31.683760275540717,30.242000556692965],[31.683759681800183,30.241991693656029],[31.683759099501707,30.241982829831741],[31.683758527594172,30.241973966111853],[31.683757968179805,30.241965100712871],[31.683757419144346,30.241956236320462],[31.683756882602047,30.241947370248948],[31.683756357501789,30.24193850339006],[31.683755844882668,30.241929635754296],[31.683755343681518,30.241920769135529],[31.683754854973515,30.241911900837664],[31.683754377707551,30.241903031752432],[31.683753913949761,30.241894162802943],[31.683753461621965,30.241885293968274],[31.683751568399291,30.241835841912415],[31.683750044269161,30.241786377323194],[31.683748892324253,30.241736902036276],[31.683748109410647,30.241687418726951],[31.683747697545858,30.241637931926984],[31.683747656693242,30.241588444342945],[31.683747986852246,30.241538955974825],[31.683748687938138,30.241489473137921],[31.683749759950352,30.241439995832224],[31.683751201801176,30.241390527655994],[31.68375301550806,30.241341073141047],[31.683755197941217,30.241291633158223],[31.683757752181236,30.241242210445364],[31.683760676113355,30.241192807688122],[31.683763969676882,30.241143429397393],[31.683767632871273,30.241094075573155],[31.683771666638869,30.241044753443298],[31.683776069976105,30.240995460290755],[31.683780841759209,30.240946202420393],[31.683785983002643,30.240896981646941],[31.683791491591663,30.240847800656017],[31.683797369567792,30.240798662175024],[31.683803615843342,30.240749569802237],[31.683810229354634,30.240700525331476],[31.683817210077112,30.240651530567092],[31.683824557938081,30.240602590922123],[31.683832271873904,30.240553708190447],[31.683840351872036,30.240504883274152],[31.683848796832766,30.240456120673684],[31.683857607758586,30.240407423105946],[31.683866782546779,30.240358792354375],[31.683876323226887,30.240310232048472],[31.683886225618064,30.240261743950807],[31.683896491749877,30.240213331690885],[31.683907119507598,30.240164997954338],[31.683918109905761,30.240116744555849],[31.683929461844698,30.240068575995828],[31.683941174260795,30.240020494068112],[31.683953246102487,30.239972499664344],[31.683965677297152,30.239924598197522],[31.683978466793224,30.239876790559329],[31.68399161349106,30.239829081250118],[31.684005119456302,30.239781471192853],[31.684018980496159,30.23973396305221],[31.684033195523021,30.239686560426389],[31.684047766590524,30.239639265140536],[31.684062691572006,30.239592080782383],[31.684077970430955,30.239545010058375],[31.68409360106477,30.239498054751877],[31.684109583436953,30.239451217569329],[31.684125915420882,30.239404502098456],[31.684142597004087,30.239357909241317],[31.684159627075001,30.239311444400471],[31.684177004606152,30.239265106663147],[31.684194729525018,30.239218901442317],[31.684212799741069,30.239172829619168],[31.68423121520582,30.2391268948023],[31.684249973816726,30.239081098775053],[31.684269075513328,30.239035446048231],[31.684288518229138,30.238989935698623],[31.684308300840602,30.238944574030942],[31.684328423347363,30.238899361045014],[31.684348883622864,30.238854300328601],[31.684369681642739,30.238809393685884],[31.684390815280441,30.238764644704606],[31.684412283472557,30.238720055178511],[31.684434085143629,30.238675627803591],[31.684456219218255,30.238631365275786],[31.684478683593962,30.238587269378453],[31.68450147927344,30.238543342828418],[31.68452460206413,30.238499588290313],[31.684548051917684,30.238456009372722],[31.684571827794727,30.238412606065065],[31.684595928607891,30.238369381965441],[31.684620352242753,30.2383263397594],[31.684645097611913,30.238283483045063],[31.684670163676085,30.238240811811806],[31.684695549347882,30.238198329657802],[31.684721251473899,30.23815603925809],[31.684747270029842,30.238113942416899],[31.684773602901352,30.238072041819727],[31.684800250064189,30.23803033927074],[31.684827208352932,30.237988838347249],[31.684854475677259,30.237947539930346],[31.684882053039992,30.237906446736879],[31.684909938314792,30.237865562354504],[31.684938127357306,30.237824885839149],[31.684966621110309,30.23778442441856],[31.684995416480518,30.237744176256836],[31.685024513431738,30.23770414406038],[31.685053908786632,30.237664332308636],[31.685083601494007,30.237624741893168],[31.685113590502656,30.237585373705546],[31.685143873662316,30.237546233137824],[31.685174449933829,30.237507320179397],[31.68520531618794,30.237468635700939],[31.685236471313452,30.237430185104994],[31.685267914259221,30.23739196928307],[31.685299640856986,30.237353989095485],[31.685331653136711,30.237316248171634],[31.685363945879111,30.237278748263556],[31.685369999750328,30.237271593233899],[31.685376063926984,30.237264444623516],[31.68538213839707,30.237257303334584],[31.685388221118536,30.237250166639697],[31.685394315160465,30.237243038178907],[31.685400418480807,30.237235915224765],[31.685406531079547,30.237228797777274],[31.685412652944684,30.237221686738636],[31.68541878407623,30.237214582108837],[31.6854249255132,30.237207483898299],[31.685431075189541,30.237200391184],[31.685437234144281,30.237193303976344],[31.685443402365411,30.237186223177524],[31.685449579852943,30.237179148787522],[31.685455765579835,30.237172079893767],[31.685461959558104,30.237165015594027],[31.685468163829793,30.23715795861574],[31.685474376340835,30.237150907133664],[31.685480597091239,30.237143861147796],[31.685486826081004,30.237136820658151],[31.68549306331013,30.237129785664724],[31.685499308778613,30.237122756167501],[31.685505563513491,30.237115733079101],[31.685511825472688,30.237108713672107],[31.685518094620207,30.237101700653088],[31.685524373034109,30.237094694042881],[31.685530658672345,30.237087691114073],[31.685536951510898,30.237080693671071],[31.685543253627849,30.237073701734666],[31.685549562933101,30.237066716186238],[31.685555879462683,30.237059734319207],[31.685562203192582,30.237052757937942],[31.685568534134809,30.237045786140261],[31.68557487331638,30.237038819838808],[31.685581217632212,30.237031858100046],[31.685587571226417,30.23702490186793],[31.685593930993914,30.237017950208948],[31.685600297973721,30.237011003133567],[31.685606671126813,30.237004060631328],[31.685613051492229,30.236997122712673],[31.685619439057952,30.236990190279766],[31.685625831757928,30.236983262409602],[31.685632232721257,30.236976338231226],[31.68563863881884,30.236969418615583],[31.685645052128727,30.236962503583527],[31.6856514715999,30.236955594026796],[31.685657897256355,30.23694868814102],[31.685664329098085,30.236941785926188],[31.685670767113102,30.236934888284519],[31.685677210262366,30.236927995205573],[31.685683659596915,30.236921105797553],[31.685690115104734,30.236914220962682],[31.685696576797838,30.236907339798762],[31.685703042586159,30.236900463187144],[31.685709515598784,30.236893590256887],[31.685715993757661,30.236886720987151],[31.685722477050785,30.236879856280147],[31.685728965502154,30.23687299433146],[31.685735459099774,30.236866136043297],[31.685741957831624,30.236859282317852],[31.685748461709732,30.236852432252924],[31.685754971785123,30.23684558495674],[31.685761485955716,30.236838742212854],[31.685768005284551,30.236831902227294],[31.685774527681581,30.236825065881391],[31.685781057302908,30.236818233216852],[31.685787589992419,30.23681140419199],[31.685794126813146,30.236804577012862],[31.68580066876811,30.236797754396395],[31.685807215893327,30.23679093363609],[31.68581376711375,30.236784117428073],[31.685820322453385,30.236777303967919],[31.685826880873197,30.236770493245263],[31.685833444451259,30.236763685280952],[31.685840011097497,30.236756880956257],[31.685846581862936,30.23675007937949],[31.685853156759606,30.236743279648419],[31.685859735775487,30.236736482665258],[31.685866318898558,30.236729689332169],[31.685872905113825,30.236722897834351],[31.685879494397266,30.236716109976207],[31.68588608781192,30.23670932396379],[31.685892684306758,30.236702540688828],[31.685899283881756,30.23669576015131],[31.685905886560946,30.236688980546923],[31.685912493347352,30.236682204592583],[31.685919102174889,30.23667543136531],[31.685925715145654,30.23666865908152],[31.685932330169557,30.236661888622614],[31.685938948261636,30.23665512180337],[31.685945569457907,30.236648355917197],[31.685952191656281,30.236641592747649],[31.685958819024901,30.236634831434237],[31.685965447419633,30.236628071033046],[31.685972078894551,30.236621313369323],[31.685978712434604,30.236614556628261],[31.685985348015812,30.236607802614266],[31.685991985650169,30.236601050425101],[31.685998627427733,30.236594299179455],[31.686005269180381,30.236587549737802],[31.686011914025212,30.236580802131446],[31.686018559896155,30.236574055437295],[31.686025207832248,30.23656730966584],[31.686031857821479,30.236560565719206],[31.686038509875868,30.23655382269526],[31.686045163971396,30.236547082398342],[31.68605181910505,30.236540342111471],[31.686058475264808,30.236533602736845],[31.686065133477715,30.236526865187066],[31.68607179272875,30.236520127647346],[31.686078452993893,30.236513391922031],[31.686085115324186,30.236506657119399],[31.686091777653559,30.236499922316376],[31.686098442036084,30.236493189338205],[31.686105107456726,30.236486456370095],[31.68611177182542,30.236479724293378],[31.686118439310288,30.236472992247531],[31.686125105743223,30.236466261093099],[31.686131774241289,30.236459530861321],[31.68613844273845,30.236452800629166],[31.68614511226173,30.236446071309238],[31.686151781784091,30.236439341988955],[31.686158452344568,30.236432612678705],[31.686165121853108,30.23642588425988],[31.686171792411759,30.236419154948891],[31.686178462945492,30.236412427441905],[31.686185133502324,30.236405698130167],[31.686585262246901,30.23600210373537],[31.686588542180996,30.235998796261498],[31.686591821087845,30.235995487874956],[31.686595101021496,30.235992180400928],[31.686598379927901,30.235988872014186],[31.686601658810094,30.235985565431765],[31.686604937716041,30.235982257044853],[31.686608217660812,30.235978948668258],[31.686611496554331,30.235975641183352],[31.686614776498658,30.235972332806593],[31.686618055391737,30.235969025321513],[31.6866213342966,30.235965716934142],[31.686624613189242,30.235962409448899],[31.686627892093647,30.23595910106134],[31.686631171009839,30.23595579177152],[31.686634449901817,30.235952484285995],[31.686637727766549,30.235949175887754],[31.686641006658093,30.235945868402041],[31.686644284534363,30.235942559101463],[31.686647564488478,30.235939249821598],[31.686650842352325,30.235935941422994],[31.686654120215941,30.235932633024319],[31.686657398091342,30.235929323723347],[31.686660675954528,30.235926015324505],[31.686663953829481,30.235922706023356],[31.68666723170422,30.235919396722121],[31.686670508539702,30.235916087410381],[31.686673786414001,30.235912778108982],[31.68667706324905,30.235909468797058],[31.686680340095876,30.235906158582861],[31.686683616930484,30.235902849270765],[31.686686893776869,30.235899539056376],[31.686690169584004,30.235896228831489],[31.686693446429942,30.235892918616937],[31.686696722224646,30.235889609294084],[31.686699998031116,30.23588629906892],[31.686703273849364,30.235882987941487],[31.686706548628365,30.235879676803535],[31.686709824446179,30.235876365675928],[31.686713099212746,30.235873055440006],[31.686716373991086,30.23586974430178],[31.686719648769213,30.235866433163494],[31.686722922520079,30.235863121112494],[31.686726197309756,30.235859809071819],[31.686729471060186,30.235856497020652],[31.686732743771362,30.235853184958952],[31.686736016494319,30.235849871994994],[31.686739290244088,30.235846559943553],[31.686742562966607,30.23584324697941],[31.68674583464988,30.235839934004773],[31.68674910738395,30.235836620138254],[31.686752379078779,30.235833306261242],[31.686755650761384,30.235829993286316],[31.68675892245577,30.235826679409129],[31.686762193122902,30.23582336461924],[31.686765463777817,30.235820050731444],[31.68676873444452,30.235816735941377],[31.686772004071965,30.235813421140804],[31.686775272660171,30.235810106329708],[31.686778542299169,30.235806790626775],[31.686781810898925,30.235803474913315],[31.686785079498463,30.235800159199787],[31.686788348109772,30.235796842583952],[31.686791615681841,30.235793525957643],[31.68679488325369,30.235790209331224],[31.686798149798278,30.235786891792127],[31.686801416330663,30.235783575155097],[31.686804681835788,30.235780257605409],[31.686807948379723,30.235776940066032],[31.686811213908403,30.235773620711765],[31.686814479412874,30.235770303161807],[31.686817742863063,30.235766983786526],[31.686821007340058,30.235763665323777],[31.6868242708018,30.235760345046131],[31.686827534251332,30.23575702567058],[31.686830796661614,30.235753706284541],[31.686834060134689,30.235750385104438],[31.686837321529499,30.235747063903421],[31.686840582924091,30.235743742702329],[31.686843844306456,30.235740422403325],[31.686847104673575,30.235737100289438],[31.686850365040467,30.235733778175444],[31.68685362438012,30.235730455148776],[31.686856882680523,30.235727132111599],[31.686860142019725,30.235723809084746],[31.686863400331681,30.235720485145208],[31.686866657604394,30.235717161195144],[31.68686991487689,30.235713837245012],[31.686873171122134,30.235710512382184],[31.686876427379151,30.235707186617066],[31.686879682596924,30.235703860841465],[31.686882937814474,30.235700535065746],[31.686886191992787,30.235697209279554],[31.686889445155835,30.235693881678454],[31.686892699345695,30.235690554989887],[31.686895952496322,30.235687228290811],[31.686899203592652,30.235683899766439],[31.686902455727804,30.235680571252377],[31.686905706835685,30.235677241825634],[31.686908956892346,30.235673913290576],[31.686912206972774,30.235670582951048],[31.686915456013946,30.23566725260104],[31.686918705054914,30.235663922250914],[31.686921953068619,30.235660590988111],[31.686925200043085,30.235657259714799],[31.68692844701734,30.235653928441405],[31.68693169297633,30.235650595353096],[31.686934938935099,30.235647262264727],[31.686938183854622,30.235643929165864],[31.686941427746902,30.235640595154294],[31.686944670599932,30.235637261132236],[31.686947914503772,30.235633926218291],[31.686951157368355,30.235630591293862],[31.686954398166673,30.235627255446307],[31.686957638976761,30.235623918696493],[31.686960878747605,30.235620581936164],[31.686964118518237,30.235617245175753],[31.686967358312632,30.235613906610872],[31.686970596016774,30.235610568927267],[31.68697383269366,30.235607230330977],[31.686977070421328,30.235603890842821],[31.686980306070755,30.235600551333743],[31.686983540704919,30.235597210009775],[31.686986775338863,30.235593868685726],[31.686990008921558,30.235590528253372],[31.686993560737502,30.235586856252791],[31.686997112565169,30.235583183349924],[31.687000664392578,30.235579510446936],[31.687004213138625,30.235575834806031],[31.687007762911438,30.235572160077634],[31.687011310617933,30.2355684844261],[31.687014858336159,30.235564807872269],[31.687018405027086,30.235561130405738],[31.687021950690724,30.235557452026505],[31.687025496366083,30.23555377274495],[31.687029040990158,30.235550094355094],[31.687032583571909,30.235546413237721],[31.687036127192414,30.235542732130668],[31.687039668746607,30.235539050100474],[31.687043210312517,30.235535367167991],[31.687046749800125,30.235531684214582],[31.687050290362457,30.235527998564898],[31.687053827795481,30.235524313786076],[31.687057366279241,30.235520628115371],[31.687060903723722,30.235516942434135],[31.687064440152898,30.235513254937992],[31.68706797452775,30.235509565616553],[31.687071509929353,30.235505877207611],[31.687075044303675,30.235502187885967],[31.687078576623673,30.235498496738991],[31.68708210998242,30.235494805602343],[31.687085641262865,30.235491114444752],[31.687089171539988,30.235487420570077],[31.687092701804875,30.23548372759749],[31.687096231042446,30.235480033712193],[31.687099759252732,30.235476338914182],[31.687103287474748,30.235472643213889],[31.687106813642433,30.235468945688275],[31.687110339797858,30.235465249064756],[31.687113864937981,30.235461550626322],[31.687117389038821,30.235457852177387],[31.68712091316338,30.235454151923975],[31.687124435209633,30.235450451649612],[31.687127957255623,30.23544675137515],[31.687131478286297,30.235443049285799],[31.687134999328702,30.235439346294147],[31.687138518292805,30.235435643281573],[31.687142037268629,30.235431939366688],[31.687145555229154,30.235428233636913],[31.687149072150394,30.235424527896626],[31.68715258803234,30.23542082214583],[31.687156103950002,30.235417113688339],[31.687159618816377,30.235413406122529],[31.687163131616447,30.235409697633617],[31.687166645467261,30.23540598825279],[31.687170158290773,30.235402277959285],[31.687173669047983,30.235398566742656],[31.687177179816903,30.235394854623713],[31.687180689558545,30.235391141592082],[31.68718419929991,30.235387428560333],[31.687187706974964,30.235383714605483],[31.687191214661738,30.235379999748346],[31.687194721321227,30.235376283978489],[31.687198226941426,30.23537256819812],[31.687201731546317,30.23536885060285],[31.687205236150948,30.235365133007498],[31.687208739740271,30.235361413597218],[31.687212242278321,30.235357695078626],[31.687215743801065,30.235353974745131],[31.687219245323547,30.235350254411557],[31.687222744791693,30.235346532252656],[31.687226245298607,30.235342810104058],[31.687229742712173,30.235339086119751],[31.687233241164499,30.235335362145747],[31.687236737538512,30.235331638150818],[31.687240233936244,30.235327912351416],[31.687243730345699,30.235324185649699],[31.687247223637826,30.235320458916664],[31.68725071798071,30.235316731291736],[31.687254211296295,30.235313002754104],[31.687257702545562,30.235309273293375],[31.687261193806556,30.235305542930327],[31.687264685067277,30.235301812567183],[31.687268175300712,30.235298081291351],[31.687271664506845,30.235294349102791],[31.687275151646674,30.235290615991126],[31.687278638798219,30.235286881977178],[31.687282124922472,30.235283147050517],[31.68728561104647,30.235279412123749],[31.687289096143168,30.235275676284271],[31.687292580224543,30.235271938629921],[31.687296063254671,30.235268201867218],[31.687299545269486,30.235264463289649],[31.687303027296014,30.235260723809777],[31.687306508283264,30.235256984319388],[31.687309988243221,30.235253243916283],[31.687313467187874,30.235249501698316],[31.687316945081257,30.235245760372006],[31.687320422998347,30.235242017241202],[31.687323899876155,30.235238274099906],[31.687327375738661,30.23523452914371],[31.687330850561882,30.235230784176998],[31.687334325396826,30.235227038307997],[31.687337798153465,30.23522329241808],[31.687341270945812,30.235219543821479],[31.687344742686879,30.235215796116552],[31.687347891848759,30.235212394374042],[31.68735104102241,30.235208991729248],[31.687354189156824,30.235205589073974],[31.687357337291012,30.235202186418601],[31.687360483370938,30.235198781937946],[31.687363629438643,30.235195378359379],[31.687366774491093,30.235191972965957],[31.687369918504306,30.235188567562059],[31.68737306251731,30.23518516215805],[31.68737620550306,30.235181755841378],[31.687379347461558,30.235178348611999],[31.687382489407856,30.23517494228474],[31.687385630338888,30.235171534142605],[31.687388770230694,30.235168125989983],[31.68739190908326,30.235164717826862],[31.687395047947593,30.235161308761462],[31.687398185784684,30.235157898783381],[31.687401323621557,30.235154488805208],[31.687404461458215,30.235151078826988],[31.687407597228599,30.235147667925634],[31.687410731971749,30.235144256111621],[31.687413866702677,30.235140845199702],[31.687417001445382,30.235137433385507],[31.687420135172825,30.235134019756444],[31.687423267849052,30.235130607019059],[31.687426400525059,30.235127194281628],[31.68742953218581,30.235123779729303],[31.687432663846327,30.235120365176904],[31.687435795518631,30.235116949722212],[31.68743892508871,30.235113536051013],[31.687442053655506,30.235110119662764],[31.687445183249114,30.235106704186997],[31.687448311827463,30.235103286896397],[31.687451440381615,30.235099871410064],[31.687454566881506,30.235096454098461],[31.687457694420182,30.235093036797181],[31.687460819892603,30.235089618572815],[31.687463945352821,30.235086201250549],[31.687467069797766,30.235082782113409],[31.687470195281524,30.235079362986596],[31.687473318687019,30.235075943838883],[31.687476443131317,30.235072524701508],[31.687479565509353,30.235069104641028],[31.687482687899156,30.235065683678268],[31.687485810276769,30.235062263617628],[31.687488931627108,30.23505884264431],[31.687492052977248,30.2350554216709],[31.687495174339155,30.235051999795228],[31.687498293622816,30.235048577898645],[31.68750141394527,30.235045156012387],[31.687504533240471,30.235041733213453],[31.687507651496439,30.23503831040404],[31.687510769764188,30.23503488669234],[31.687513888019723,30.235031463882752],[31.687517006287038,30.235028040170889],[31.687520122476091,30.235024616438114],[31.687523239715933,30.235021191813491],[31.687526355916546,30.23501776717838],[31.687529472128922,30.235014341640966],[31.687532587290072,30.235010916995279],[31.687535702462998,30.235007491447337],[31.687538816608686,30.235004064986668],[31.687541930742164,30.235000639428137],[31.687545044887404,30.234997212967311],[31.687548159044418,30.234993785604246],[31.687551272138219,30.234990360035038],[31.68755438525579,30.234986932661386],[31.687557497322132,30.234983506179418],[31.687560609412223,30.234980077893017],[31.687563721502109,30.234976649606509],[31.687566831501755,30.234973222201301],[31.687569942552184,30.23496979390422],[31.687573053602407,30.234966365607058],[31.687576163613379,30.234962937299432],[31.687579274663161,30.234959509002096],[31.687582384685683,30.234956079792088],[31.687585493668987,30.234952650571593],[31.687588602652067,30.234949221351027],[31.687591711634937,30.234945792130368],[31.68759482062956,30.234942362007441],[31.687597929623976,30.234938931884436],[31.687601037591147,30.234935500848731],[31.687604144507095,30.234932070704737],[31.687607253500861,30.23492864058149],[31.687610361455381,30.234925210447742],[31.687613468382658,30.234921779401311],[31.687616575309729,30.234918348354803],[31.687619682236576,30.234914917308217],[31.687622788124187,30.234911486251132],[31.687625894023576,30.23490805429179],[31.687628999910757,30.234904623234542],[31.687632105809708,30.234901191275021],[31.687635211708432,30.234897759315423],[31.687638316567934,30.23489432734533],[31.687641423505237,30.234890895395974],[31.687644528364302,30.234887463425736],[31.687647633235134,30.234884030553204],[31.687650738105749,30.234880597680597],[31.687653842976147,30.234877164807916],[31.687656946807316,30.234873731924722],[31.687660050638264,30.234870299041468],[31.687663155496018,30.234866867070718],[31.687666259326534,30.234863434187311],[31.687669363156822,30.234860001303801],[31.6876724669869,30.23485656842022],[31.687675569801719,30.234853133721771],[31.687678673631368,30.234849700838012],[31.687681777460789,30.234846267954172],[31.687684820140284,30.234842901228802],[31.687687899792593,30.2348395673569],[31.687868264282084,30.234639375191055],[31.688060622379655,30.234426469278983],[31.68812474087099,30.234355500264233],[31.688188859269413,30.234284531214616],[31.688252977574916,30.23421356213014],[31.688317096826516,30.2341425930212],[31.688381214946183,30.234071623867003],[31.688445334011938,30.234000654688334],[31.6885094519338,30.233929686366604],[31.68857357081373,30.233858717118203],[31.688637688561737,30.233787747824557],[31.688701807243845,30.233716779408653],[31.688765924806034,30.233645810045282],[31.688830043314294,30.23357484065745],[31.688894160678668,30.233503872126548],[31.688958277974077,30.233432901756402],[31.689022396191628,30.233361933166186],[31.689086514328235,30.2332909636389],[31.689150631320956,30.233219994968564],[31.689214749271748,30.233149025371556],[31.689278866090621,30.233078055729315],[31.68934298281658,30.233007086052208],[31.689407100476657,30.23293611725283],[31.689471217028775,30.232865146603807],[31.689535334503034,30.232794177734721],[31.689599450857351,30.232723207918177],[31.689663568145789,30.232652238979366],[31.689727684314299,30.232581269093103],[31.68979180141692,30.232510300084581],[31.689855917399605,30.232439330128614],[31.689920034328384,30.232368360148179],[31.68998415011329,30.232297391024698],[31.690048265817257,30.232226420964167],[31.690112382467301,30.232155450879159],[31.690176497985469,30.232084480748917],[31.690240614449699,30.232013510594204],[31.69030472977008,30.231942541296441],[31.690368846036538,30.231871571974207],[31.690432961183088,30.231800601704556],[31.690497077263739,30.231729632312618],[31.690561192224461,30.231658661973253],[31.690625308131278,30.231587691609402],[31.690689422894238,30.23151672210254],[31.690753537588211,30.231445750756414],[31.690817653204348,30.231374781190219],[31.690881767700578,30.231303810676593],[31.690945883130908,30.231232841040686],[31.691009998468338,30.23116187136992],[31.691074112685854,30.231090900751731],[31.69113822784945,30.231019930109074],[31.691202341869204,30.230948960323385],[31.691266456846993,30.230877989611024],[31.691330570692912,30.230807018853437],[31.69139468547295,30.230736048973561],[31.691458799133066,30.230665078146284],[31.691522912688335,30.230594108186331],[31.691587027189687,30.230523138201917],[31.691651140571111,30.230452167270087],[31.691715254898611,30.230381196313779],[31.691779369121271,30.230310226224809],[31.691843482224009,30.230239255188426],[31.691907596260865,30.230168285029762],[31.691971709177814,30.230097313923682],[31.692035823040836,30.230026342793131],[31.692099935771989,30.229955371617361],[31.692164049425333,30.229884402221529],[31.692228161970707,30.229813430976062],[31.692292275462147,30.229742459706127],[31.692356387809788,30.229671489293167],[31.692420501115439,30.229600517953525],[31.692484614328208,30.229529546579052],[31.692548726397177,30.229458576061557],[31.692612839400272,30.229387606421771],[31.692676951307345,30.229316634030205],[31.692741064136598,30.229245663418517],[31.692805175845944,30.229174691859455],[31.69286928848943,30.22910372117811],[31.692933400012993,30.229032749549344],[31.69299751247069,30.2289617787983],[31.693061623796545,30.228890808002056],[31.693125736068477,30.228819837181323],[31.693189847220491,30.228748865413198],[31.693253959318568,30.228677893620603],[31.693318071311829,30.228606922695331],[31.693382182185189,30.228535950822678],[31.693446292953723,30.228464979817392],[31.693510404668327,30.228394008787607],[31.693574516301979,30.228323036820793],[31.693638626791856,30.228252065710965],[31.693702738239732,30.228181093674472],[31.693766848531922,30.228110123397148],[31.69383095875509,30.228039151280612],[31.693895069924313,30.227968179139605],[31.69395918098872,30.227897207865922],[31.694023290933242,30.227826235644866],[31.694087401811888,30.227755264301511],[31.694151511558704,30.227684292912986],[31.694215622263521,30.227613320597758],[31.694279731824583,30.227542349139547],[31.694343842343628,30.22747137675465],[31.69440795170701,30.227400406128954],[31.694472062040301,30.227329433674381],[31.694536172268784,30.227258462087178],[31.6946002824163,30.22718748956294],[31.694664391420098,30.227116517895695],[31.694728501369944,30.227045546203982],[31.69479261019989,30.226974573564874],[31.694856718925053,30.226903601793122],[31.69492082859627,30.226832629996895],[31.69498493817461,30.226761658165831],[31.695049046621133,30.226690686289572],[31.695113156037557,30.226619712584448],[31.695177265337261,30.226548740648877],[31.695241373505169,30.226477768668126],[31.695305481580199,30.226406796652533],[31.6953695906132,30.226335823710251],[31.695433698502487,30.226264851625018],[31.695497808364841,30.226193880427822],[31.69556191608029,30.226122907370705],[31.695626023690956,30.226051935180941],[31.695690132259582,30.225980962064522],[31.695754239684501,30.2259099898051],[31.695818348067395,30.225839016618995],[31.695882454279563,30.225768043377389],[31.695946526412104,30.225697047204886],[31.696010518130326,30.225625996059474],[31.696074381033611,30.225554856976348],[31.696138066697596,30.225483598795236],[31.696201526721794,30.225412188551491],[31.696264712670029,30.225340595987227],[31.696327573037063,30.22526878720479],[31.696390060401978,30.225196733761173],[31.696452135595713,30.225124411807148],[31.696513795489984,30.225051822214454],[31.696575033839785,30.224978965823905],[31.696635853750337,30.224905843569264],[31.6966962510188,30.224832459018586],[31.696756224606652,30.224758812162136],[31.696815775505673,30.224684906619594],[31.69687489850984,30.224610743242099],[31.696933592556903,30.224536323824307],[31.696991858662457,30.224461650181503],[31.697049693674554,30.224386724989877],[31.697107095504002,30.224311549131524],[31.697164066181525,30.224236126236498],[31.697220599486119,30.224160455341188],[31.69727669950257,30.224084541900655],[31.697332398187701,30.224008405181713],[31.697387742939146,30.223932075432419],[31.697442786384638,30.223855580245743],[31.697497580077261,30.223778949910866],[31.697552173515977,30.22370221289178],[31.697606622444969,30.223625396812196],[31.697660974273354,30.223548531017503],[31.697715283729984,30.223471641316511],[31.697769588980709,30.223394748841759],[31.697823893094672,30.223317857233017],[31.69787819713455,30.223240964696181],[31.697932502115464,30.223164073046007],[31.697986805971507,30.223087181359631],[31.698041109765345,30.223010287842996],[31.698095414488332,30.222933396115188],[31.698149718086455,30.222856504351203],[31.698204021610501,30.222779611659149],[31.698258326087451,30.222702718951517],[31.69831263046655,30.22262582712025],[31.6983669326819,30.22254893524245],[31.698421236889057,30.222472043359428],[31.698475539995133,30.222395149635805],[31.698529844030347,30.222318257701048],[31.698584146952587,30.222241364827894],[31.698638449776979,30.222164472831047],[31.69869275355429,30.22208758081867],[31.698747075826752,30.222010697988072],[31.698801465065483,30.221933851889926],[31.698855974935938,30.22185707012644],[31.698910654959811,30.22178037935625],[31.698965557739719,30.221703808975395],[31.699020735901971,30.221627386575538],[31.699076238896748,30.221551144228197],[31.699132117308015,30.221475106797584],[31.699188418508079,30.221399306334444],[31.69924515280205,30.221323749256726],[31.699302321180785,30.221248439182943],[31.699359920503397,30.221173377886011],[31.699417951772627,30.221098568082262],[31.699476410844387,30.221024008827623],[31.69953529867395,30.220949706447264],[31.699594612179855,30.220875658203045],[31.699654350275321,30.220801867692888],[31.69971451189728,30.220728336710287],[31.699775094920092,30.220655068842838],[31.699836098304495,30.220582064079615],[31.699897518909737,30.220509324193525],[31.699959351564846,30.220436847328063],[31.700021554008167,30.220364607798611],[31.70008407567904,30.220292578935961],[31.700146868189535,30.220220726874103],[31.700209882053585,30.220149022247732],[31.700273067844513,30.220077431180719],[31.700336378165947,30.220005923426321],[31.700399763579465,30.219934466010805],[31.700463177751391,30.219863026893563],[31.700526591818939,30.219791588644366],[31.700590006821002,30.219720151273545],[31.700653421742423,30.219648712966361],[31.700716835532486,30.219577274614757],[31.700780251295903,30.2195058371518],[31.700843664900972,30.219434398731902],[31.7009070804794,30.219362961200666],[31.700970493899469,30.219291522712496],[31.701033908254036,30.219220085102684],[31.701097321489119,30.219148646546234],[31.701160735670555,30.219077207965935],[31.701224149747645,30.219005770253688],[31.701287563744089,30.218934331605112],[31.701350976597332,30.218862893814304],[31.701414391447639,30.218791455107752],[31.701477804115889,30.218720017248664],[31.701541217754208,30.218648577561339],[31.701604631276329,30.218577139644271],[31.701668043667105,30.218505701682773],[31.701731457016098,30.218434262795235],[31.701794870260738,30.218362824775756],[31.70185828342473,30.218291385819928],[31.701921696496242,30.218219946829986],[31.701985109463415,30.218148508708097],[31.702048522349937,30.218077069649873],[31.702111934081437,30.21800563235162],[31.702175346782987,30.217934193225123],[31.702238759392042,30.217862754064495],[31.702302170869761,30.217791314859433],[31.702365584308989,30.217719877445223],[31.702428995601743,30.217648438171892],[31.70249240784084,30.217576998874723],[31.702555819975618,30.217505560445627],[31.70261923202974,30.217434121080188],[31.702682642952546,30.217362681670327],[31.70274605480985,30.217291243138824],[31.702809466586512,30.217219803670989],[31.702872878258855,30.217148365071214],[31.702936288799879,30.217076926427019],[31.702999701337919,30.217005486867066],[31.703063111693975,30.21693404815462],[31.703126522996381,30.216862609418321],[31.703189934218134,30.216791169745687],[31.703253345335565,30.216719730941122],[31.703316756372352,30.216648291200233],[31.703380167304822,30.216576852327425],[31.703443577105993,30.216505413410179],[31.703506987877162,30.216433972664696],[31.703570397493372,30.216362533679209],[31.703633809094743,30.216291094680152],[31.703697218537808,30.216219654724192],[31.703760628915397,30.216148215646587],[31.703824039212339,30.216076775632661],[31.703887449393136,30.216005337388999],[31.703950859505117,30.215933897306812],[31.704014269512793,30.21586245809269],[31.704077679439813,30.215791017942262],[31.704141089262535,30.215719578659879],[31.704204497953945,30.215648139333112],[31.704267907603537,30.215576699080287],[31.704331317148828,30.215505259695536],[31.704394725562825,30.215433820266394],[31.704458134934988,30.215362379911181],[31.704521545241665,30.215290940434326],[31.704584954428874,30.215219500010871],[31.704648362472966,30.215148060445223],[31.704711771463405,30.215076620855708],[31.70477518036137,30.21500518123208],[31.704838589178685,30.214933740672123],[31.704901996852893,30.21486230096998],[31.704965406512255,30.21479086125424],[31.705028814013339,30.214719420581652],[31.705092222448936,30.214647980787387],[31.705155630792071,30.214576540959019],[31.705219039054548,30.214505100194323],[31.705282447212738,30.214433660297694],[31.705345855278466,30.214362220366958],[31.70540926325172,30.214290780402088],[31.705472670093702,30.214219340392834],[31.705536077905638,30.214147898555336],[31.705599484550866,30.214076459380045],[31.70566289319305,30.214005019288951],[31.705726299676972,30.213933578241026],[31.705789708134219,30.213862138081691],[31.705853115472003,30.213790696975771],[31.705916521666719,30.213719256727678],[31.705979928819573,30.213647815553529],[31.706043335856336,30.213576376149664],[31.706106742824261,30.213504934907274],[31.706170148637309,30.213433495424912],[31.7062335564591,30.21336205412452],[31.706296963137817,30.213290613681988],[31.706360363420487,30.213219178557011],[31.706423775190885,30.213147731782069],[31.706487191897516,30.213076297655096],[31.706550668242297,30.213004903785386],[31.706614251584682,30.212933583123586],[31.706677953292296,30.212862340293331],[31.706741771275663,30.212791176176118],[31.706805705522903,30.212720091674008],[31.706869750887172,30.212649083126749],[31.706933865167478,30.212578120341409],[31.706997993768212,30.212507167588942],[31.707062122276131,30.212436214801659],[31.707126250679433,30.212365262881736],[31.707190379001723,30.212294310024813],[31.707254508258178,30.21222335804552],[31.707318636394838,30.212152405118935],[31.707382764426882,30.212081453059749],[31.707446892377909,30.212010500063549],[31.707511020224338,30.211939547934726],[31.707575147989736,30.211868594868861],[31.707639275662327,30.211797641768204],[31.707703404280885,30.211726688642965],[31.707767530705478,30.21165573726682],[31.707831659138417,30.211584784071938],[31.70789578643976,30.211513830832015],[31.707959913648285,30.211442877557253],[31.708024040752218,30.211371925149884],[31.708088167775127,30.211300971805503],[31.708152294681657,30.211230020230715],[31.708216421518951,30.211159066816684],[31.708280549290418,30.211088114280301],[31.708344675942094,30.211017160796647],[31.708408802500959,30.21094620727817],[31.708472928967016,30.210875253724897],[31.708537056367256,30.210804301049247],[31.70860118159715,30.210733348318289],[31.708665308823559,30.210662394670813],[31.708729434906605,30.210591441880478],[31.708793560908635,30.210520488153122],[31.708857686806073,30.210449535293158],[31.708921812610711,30.210378582398395],[31.70898593937309,30.210307628576842],[31.7090500650039,30.21023667471022],[31.709114190530123,30.210165721711018],[31.709178315975322,30.210094767774805],[31.709242442354704,30.210023814716173],[31.709306566575542,30.20995286070011],[31.709370692769316,30.20988190757188],[31.709434817831536,30.209810954398602],[31.709498942800945,30.209740001190518],[31.709563067689338,30.209669047045441],[31.709627192484923,30.20959809286553],[31.709691318214698,30.209527139563246],[31.709755442812913,30.209456186215938],[31.709819567330101,30.209385231931609],[31.709883691730951,30.209314279416859],[31.709947817101298,30.209243325073132],[31.710011941340085,30.209172370684378],[31.710076065474315,30.209101417163012],[31.710140189527497,30.209030462704643],[31.710204314514893,30.20895950912389],[31.710268438382496,30.20888855459588],[31.710332562145524,30.208817600935287],[31.710396685815766,30.208746647239902],[31.710460809404985,30.208675692607493],[31.710524932889644,30.208604738842464],[31.710589057320249,30.208533785052868],[31.710653179580572,30.208462831208035],[31.710717303825589,30.208391877348824],[31.710781426939068,30.208320923444578],[31.710845549983286,30.208249967701136],[31.710909672911182,30.208179013727293],[31.710973796785026,30.208108059728843],[31.711037918500359,30.208037104772988],[31.711102042188621,30.20796615070493],[31.71116616474535,30.20789519659186],[31.711230288259788,30.207824241552007],[31.711294409580447,30.20775328826133],[31.711358532909305,30.207682333151872],[31.711422655094871,30.207611378899593],[31.711486785438773,30.207540429205221],[31.711550964075546,30.207469513337401],[31.711615243534002,30.207398666100495],[31.71167967528066,30.207327924092866],[31.711744310817245,30.207257321206288],[31.711809200559699,30.207186894930942],[31.711874394935688,30.207116681854703],[31.711939945423303,30.207046717673432],[31.712005900337431,30.206977041660981],[31.712072308004672,30.206907692188963],[31.712139216775117,30.206838705824484],[31.712206651260789,30.206770107171181],[31.712274609348764,30.206701898914417],[31.712343086836924,30.206634084621413],[31.712412082639368,30.206566667889962],[31.712481592589281,30.206499649580646],[31.71255161452687,30.206433035987693],[31.712622145335825,30.206366827079677],[31.712693179763736,30.206301027315796],[31.712764716736586,30.206235639391661],[31.712836752087686,30.20617066416786],[31.712909253863224,30.206106082381169],[31.712982173724679,30.206041856561129],[31.713055463321794,30.205977950139619],[31.713129074363042,30.205914322037597],[31.713202958533422,30.205850932980525],[31.713277068544883,30.205787744606411],[31.713351360260791,30.205724715877274],[31.713425785389603,30.205661805714509],[31.713500295616281,30.205598974843962],[31.713574849955496,30.205536179552013],[31.713649409311543,30.205473390580682],[31.713723967534296,30.205410601553424],[31.713798526689434,30.205347813392805],[31.713873085761701,30.205285024284233],[31.713947643700678,30.205222235119709],[31.714022202595501,30.205159445017401],[31.714096762422717,30.205096655781759],[31.714171320066185,30.205033867382177],[31.714245877638522,30.204971077132438],[31.714320437181968,30.204908287759519],[31.714394994553402,30.204845498320481],[31.714469552868948,30.204782708845883],[31.714544111089914,30.204719919325534],[31.714618669216289,30.204657129759433],[31.71469322724807,30.204594340147565],[31.71476778415829,30.204531549577574],[31.714842341989165,30.204468760776429],[31.714916898698483,30.204405971017135],[31.714991457390621,30.204343181232467],[31.715066013910761,30.204280391381669],[31.715140571386744,30.204217600593115],[31.715215127717702,30.204154810650827],[31.715289684992797,30.204092020672991],[31.715364242173294,30.204029230649393],[31.7154387992592,30.203966440580032],[31.715513356238816,30.203903651367145],[31.715587913135561,30.203840861206306],[31.715662468899016,30.20377807098955],[31.71573702560659,30.203715280737232],[31.715811582207856,30.203652491341327],[31.715886137699282,30.203589700085132],[31.715960694123105,30.203526909695569],[31.716035251491029,30.203464119270432],[31.716109806686994,30.203401328779204],[31.716184361776651,30.203338539144415],[31.716258917833851,30.203275747669672],[31.716333473784761,30.203212957051377],[31.716408029629367,30.203150167289554],[31.716482585402819,30.20308737567758],[31.716557141058278,30.203024585824245],[31.716631695592159,30.202961795012822],[31.716706251070157,30.202899004165811],[31.716780806453578,30.20283621327307],[31.716855360703722,30.202773422324423],[31.716929915886279,30.202710632242383],[31.717004470985948,30.202647841212414],[31.717079025991048,30.202585050136701],[31.717153579862877,30.2025222590051],[31.71722813467882,30.202459467837905],[31.717302690438867,30.202396676635122],[31.717377244026959,30.202333885366293],[31.717451797520482,30.202271094051728],[31.717526334511046,30.202208286289121],[31.717600806683564,30.202145422806158],[31.717675171978371,30.202082462587072],[31.71774938311901,30.202019366369861],[31.717823392875825,30.201956091283829],[31.717897154999317,30.201892598979544],[31.717970622236408,30.201828848390889],[31.718043745221564,30.201764801138157],[31.718116475651339,30.201700417047537],[31.718188765175515,30.201635659554075],[31.718260567486197,30.201570494819912],[31.718331869162451,30.201504916398378],[31.718402664987533,30.201438926043949],[31.718472952837434,30.20137252734591],[31.718542728534157,30.201305722068938],[31.718611990980698,30.201238514714667],[31.718680735975774,30.20117090885217],[31.718748960391853,30.201102905353977],[31.718816661066363,30.201034507799296],[31.718883834825075,30.200965720669537],[31.718950479567535,30.200896545749593],[31.719016593169933,30.200826986628819],[31.719082194071575,30.200757063339221],[31.719147329572507,30.200686813338834],[31.719212050112137,30.200616272311652],[31.71927640502107,30.200545481344609],[31.719340444762008,30.200474474317069],[31.719404221839905,30.200403287835154],[31.719467785631984,30.200331959376733],[31.719531189728471,30.200260521949069],[31.719594485583869,30.200189013050064],[31.719657724710938,30.200117465666494],[31.719720950266456,30.200045916312749],[31.719784182078406,30.199974357963864],[31.719847409573358,30.199902804953741],[31.719910638026324,30.199831251017663],[31.719973866386994,30.199759697047639],[31.720037093616707,30.199688143033601],[31.720100321804438,30.199616588093573],[31.720163549888198,30.199545034021828],[31.720226776840992,30.199473479906064],[31.720290004740146,30.199401925766516],[31.720353231508341,30.199330371582928],[31.720416460249872,30.199258818287909],[31.720479686833471,30.199187264036517],[31.720542914375073,30.199115708859118],[31.720606141812723,30.199044154550052],[31.720669369146396,30.198972601109254],[31.720732596411111,30.198901045830169],[31.720795822521534,30.198829492311411],[31.720859048563003,30.198757936954383],[31.720922275527489,30.198686383377972],[31.720985503449974,30.198614828875598],[31.721048729202884,30.198543274319025],[31.721111955902131,30.198471719738695],[31.721175182509089,30.198400165124458],[31.721238407996768,30.198328609563994],[31.721301634407467,30.198257055784158],[31.721364859698898,30.198185501058074],[31.721428085936662,30.198113946308233],[31.721491312070484,30.198042392426682],[31.721554538135322,30.197970836706816],[31.721617764096209,30.197899281855264],[31.72168098892616,30.197827726959691],[31.721744214690805,30.197756172942526],[31.721807440374818,30.197684617989264],[31.721870665966524,30.197613063002088],[31.721933891465952,30.197541507981025],[31.721997115834441,30.19746995291592],[31.72206034114928,30.197398397827044],[31.722123566371831,30.197326842704296],[31.722186791490426,30.197255288449814],[31.722250015489767,30.197183733249133],[31.722313240435433,30.197112178024657],[31.722376465288825,30.197040622766295],[31.722439689022934,30.196969066561678],[31.722502913680099,30.196897512137724],[31.722566138256624,30.196825956777655],[31.722629361690572,30.196754402275786],[31.722692587132794,30.196682845955824],[31.722755811420797,30.19661129139627],[31.722819034589545,30.196539735890486],[31.722882257665997,30.196468180350823],[31.7229454816888,30.196396624787358],[31.723008705607675,30.196325070092225],[31.723071930496161,30.196253513568863],[31.723135153191841,30.19618195879583],[31.72319837580687,30.196110403086653],[31.723261600395226,30.196038848266053],[31.723324822837338,30.195967291586889],[31.72338804621414,30.195895735786156],[31.723451269487029,30.195824180853744],[31.723514491640646,30.195752624975103],[31.72357771474061,30.195681069072705],[31.72364093773664,30.195609514038591],[31.723704160652037,30.195537958068396],[31.72376738347516,30.195466402064287],[31.723830606205983,30.195394846026304],[31.723893827805934,30.195323289944316],[31.723957050340562,30.195251734740751],[31.724020272794561,30.195180178601063],[31.724083495144647,30.195108623329723],[31.724146717414083,30.195037067122257],[31.724209938552637,30.194965510870826],[31.724273160637512,30.194893954595571],[31.724336381579885,30.194822399178552],[31.724399604518819,30.194750842845639],[31.724462826315232,30.194679287370921],[31.724526047004037,30.194607730047807],[31.724589268627533,30.194536173603122],[31.724652490147129,30.194464618026746],[31.724715710535843,30.194393062406391],[31.724778931882522,30.194321505860014],[31.724842153136922,30.194249949279762],[31.724905374299048,30.19417839266562],[31.724968595357279,30.194106836919797],[31.725031816334855,30.19403528023787],[31.72509503720854,30.193963724424293],[31.725158256974595,30.193892166762279],[31.725221477663737,30.193820610880909],[31.725284698272233,30.193749054063431],[31.725347918776826,30.193677498114287],[31.72541113920078,30.193605941229031],[31.725474358482241,30.193534385202017],[31.725537578721653,30.193462828248993],[31.725600798868797,30.193391271262076],[31.725664018912045,30.193319715143495],[31.725727238874654,30.193248158088814],[31.725790457706392,30.193176600990164],[31.725853678511438,30.193105044780008],[31.725916897158651,30.193033487613601],[31.725980116740562,30.192961931325577],[31.72604333624183,30.192890374101481],[31.72610655461224,30.192818816833388],[31.726169774967563,30.192747259551616],[31.726232994180421,30.192675703128071],[31.726296213312615,30.192604145768442],[31.726359431302367,30.192532589267024],[31.726422650250033,30.192461031839628],[31.726485869093835,30.192389475280546],[31.726549087856988,30.192317917785374],[31.726612306516255,30.192246361158535],[31.726675524056297,30.19217480358552],[31.726738742531044,30.192103246890905],[31.72680196092514,30.192031689260215],[31.726865179226987,30.191960131595621],[31.726928397424945,30.191888574799393],[31.726991614492078,30.19181701795917],[31.727054832517126,30.191745460192951],[31.727118051476896,30.191673903305134],[31.727181269305824,30.191602346373376],[31.727244486027129,30.191530787593209],[31.727307703671546,30.191459230593697],[31.727370921235298,30.191387672658067],[31.727434137656626,30.191316115580712],[31.727497356074444,30.19124455758741],[31.727560573338216,30.191173001354585],[31.727623789494384,30.191101443273393],[31.727687006596845,30.191029885168362],[31.727750223595468,30.190958327931696],[31.727813440513433,30.190886769758922],[31.727876657339131,30.190815211552277],[31.72793987406099,30.190743654213971],[31.728003089652017,30.190672096831722],[31.72806630722793,30.190600539435728],[31.728129522646054,30.190528981083521],[31.728192739010485,30.190457422707489],[31.728255955271081,30.190385865199808],[31.728319171451005,30.190314306756033],[31.72838238648853,30.19024274917053],[31.728445603522523,30.190171190669069],[31.728508819414095,30.190099633025884],[31.728572035213435,30.190028075348817],[31.728635249893543,30.189956516725619],[31.728698465508383,30.189884958980809],[31.728761681030971,30.18981340120213],[31.728824897499859,30.189741843399641],[31.728888111810985,30.189670284640947],[31.728951327068408,30.189598725858428],[31.729014542221996,30.189527167944252],[31.729077757283353,30.189455609996209],[31.729140972252445,30.189384052014301],[31.729204187140887,30.189312493096295],[31.729267400886933,30.18924093503659],[31.729330615590882,30.189169376050842],[31.729393830191,30.189097817933447],[31.729457044698869,30.18902625978216],[31.729520259126083,30.188954700694833],[31.729583473437877,30.188883143378021],[31.729646686642052,30.188811584212882],[31.729709900792528,30.188740025023915],[31.729773114839183,30.188668466703302],[31.729836328793606,30.18859690834881],[31.729899542655769,30.188525349960464],[31.729962757475821,30.188453790646086],[31.730025970114966,30.188382232179944],[31.730089183711989,30.188310672787779],[31.730152397193617,30.188239115166148],[31.730215610606152,30.188167555706261],[31.73027882391489,30.188095997114686],[31.730342037142954,30.188024437587053],[31.730405250267196,30.187952878927756],[31.730468463299211,30.187881320234599],[31.73053167625056,30.187809760605351],[31.730594889098082,30.187738201844475],[31.730658100814853,30.187666643039659],[31.730721313489475,30.187595083308828],[31.730784443660177,30.187523470411673],[31.730847287444341,30.187451666124129],[31.730909620235153,30.18737952841262],[31.730971216399158,30.18730691433176],[31.731031849137381,30.187233690850888],[31.731091281196502,30.187159730252542],[31.731149272127077,30.187084911104964],[31.731205593653311,30.187009134652737],[31.731260160652635,30.186932397367567],[31.731312949932807,30.186854726097017],[31.731363940309535,30.186776153122047],[31.731413110598712,30.186696710723563],[31.731460443793733,30.186616429418216],[31.731505918699391,30.186535342389032],[31.731549518309503,30.186453480152583],[31.731591224521758,30.186370877726361],[31.731631019268733,30.186287567421214],[31.731668889675827,30.186203581598114],[31.731704818679827,30.186118955284464],[31.731738792367974,30.186033720831109],[31.731770796781447,30.185947914197644],[31.731800820084846,30.185861567754817],[31.731828850385142,30.185774718384419],[31.731854873770221,30.185687398437015],[31.731878882524526,30.185599643029928],[31.7319008668325,30.185511489064812],[31.73192081796342,30.185422969844378],[31.731938726090402,30.185334123172289],[31.731954585598501,30.185244982381228],[31.731968390826623,30.185155584412655],[31.731980134082985,30.185065962578985],[31.73198981279905,30.184976155656035],[31.731997422364032,30.184886199692798],[31.732002959228787,30.184796128943816],[31.732006420871201,30.184705978575739],[31.732007807826911,30.184615788296366],[31.732007117608493,30.184525590565524],[31.732004350774719,30.184435423286395],[31.731999509996054,30.18434532167544],[31.731992595842819,30.184255322733463],[31.73198361098542,30.184165461676702],[31.731972559121193,30.184075774633659],[31.731959446024426,30.183986297752771],[31.731944275403904,30.183897066260108],[31.731927053022247,30.18380811720613],[31.73190778676522,30.183719484052439],[31.731886484483827,30.183631202967177],[31.731863154017411,30.18354331102066],[31.73183780534,30.18345584079205],[31.731810448367721,30.183368829371535],[31.731781094101308,30.183282310250419],[31.731749752491304,30.183196317812037],[31.73171643969593,30.183110888304395],[31.731681166727064,30.183026054316304],[31.731643947688752,30.182941850271046],[31.731604797746503,30.182858308797499],[31.731563733069422,30.182775465241079],[31.73152076883424,30.182693351328286],[31.731475924371399,30.182611998825749],[31.731429214799391,30.182531443970863],[31.731380660521456,30.182451715833526],[31.731330281894333,30.182372847092402],[31.731278098236089,30.182294870416083],[31.731224128922349,30.182217813962065],[31.731168397401547,30.1821417122434],[31.731110924087332,30.182066593427557],[31.731051733512352,30.181992488428744],[31.73099085023215,30.181919426356707],[31.730928296713497,30.18184743720332],[31.730864098561483,30.181776549186083],[31.730798282430971,30.181706789630415],[31.73073087286491,30.181638188548156],[31.730661897567693,30.181570772372481],[31.730591385270372,30.181504568448808],[31.730519362661472,30.181439601395851],[31.730445927785684,30.181375838774116],[31.730371287026685,30.181313141816275],[31.730295650137858,30.181251351936876],[31.730219217607278,30.181190304144941],[31.730142187938615,30.181129826212121],[31.730064748223938,30.18106974489767],[31.72998708459793,30.181009880635752],[31.729909368460092,30.180950069057815],[31.729831651366517,30.180890258328144],[31.729753933340355,30.180830446642304],[31.729676216435379,30.18077063582485],[31.729598498597827,30.180710824051225],[31.729520781881472,30.180651013145987],[31.729443066297865,30.180591202206919],[31.729365348743222,30.180531390301635],[31.72928763230977,30.180471579264729],[31.729209915982192,30.180411767281722],[31.72913219871046,30.180351955244753],[31.729054482559917,30.180292144076176],[31.728976775977191,30.180232323029944],[31.728899194663633,30.180172378631973],[31.728821919492596,30.180112136681981],[31.728745138641482,30.180051420343911],[31.728669043345135,30.179990057323351],[31.728593825818962,30.179927879847526],[31.728519693750787,30.179864728414962],[31.728446857885764,30.179800448065905],[31.728375485650623,30.179734941169865],[31.728305623670941,30.179668216302201],[31.728237298609663,30.179600299891259],[31.728170539183203,30.179531220189912],[31.728105369988675,30.179461002704169],[31.72804181662665,30.179389675656701],[31.72797990469741,30.179317267270147],[31.727919659801014,30.179243805767157],[31.727861103371882,30.179169320232287],[31.727804259959537,30.179093839780244],[31.727749150974752,30.179017395299926],[31.72769579890128,30.178940014983645],[31.727644224110957,30.17886172971015],[31.727594446952249,30.178782572162568],[31.727546487819772,30.178702571415165],[31.727500366023072,30.178621760140864],[31.727456096740969,30.178540169167867],[31.727413701359506,30.178457831189164],[31.727373175210808,30.178374785863507],[31.727334358192508,30.178291126383314],[31.727297007934272,30.17820696318897],[31.727260874878514,30.178122400334527],[31.72722570649222,30.178037531017022],[31.727191246158984,30.177952442979588],[31.727157237344361,30.177867217649574],[31.727123420422576,30.177781934619507],[31.727089621267893,30.177696647241564],[31.72705582219217,30.17761135805107],[31.727022023160625,30.177526069754684],[31.726988224173233,30.177440782352413],[31.726954380415282,30.177355508041835],[31.726920272947584,30.177270312372404],[31.726885640035768,30.177185277622133],[31.726850224088427,30.177100487011383],[31.726813767422062,30.177016030977885],[31.726776014361207,30.176932005392526],[31.726736718437639,30.176848517043229],[31.726695638294689,30.176765679083438],[31.726652663881147,30.176683569847878],[31.726607809297857,30.176602223760099],[31.72656109075713,30.176521672557005],[31.72651252756312,30.176441949810194],[31.726462140081377,30.176363087296846],[31.726409946612019,30.176285115871707],[31.726355968558593,30.176208067321902],[31.726300229436042,30.176131970748106],[31.726242748570598,30.176056857917192],[31.726183550491964,30.175982759744258],[31.726122659752772,30.175909705339887],[31.726060098851804,30.175837721990099],[31.725995894394838,30.175766840630054],[31.725930070933753,30.175697090370264],[31.725862655155041,30.175628495830367],[31.725793673675302,30.175561087043288],[31.725723155222493,30.175494891355417],[31.725651126482344,30.175429933386408],[31.725577618282319,30.175366238698405],[31.725502658311207,30.175303834627776],[31.725426277395904,30.175242746736725],[31.725348505371176,30.175182996968484],[31.725269373063416,30.175124610885359],[31.725188913398803,30.175067612265305],[31.725107157261281,30.175012022159574],[31.725024138638151,30.174957862551896],[31.724939890443181,30.174905158122645],[31.724854444632811,30.174853927226568],[31.724767838320375,30.174804190975632],[31.724680104465357,30.174755970441471],[31.724591278150278,30.17470928310707],[31.724501395472558,30.174664148270082],[31.72441049045262,30.174620585207901],[31.724318602360697,30.174578608737566],[31.724225766243521,30.174538239048943],[31.724132019317363,30.174499489134551],[31.724037398728527,30.174462377400232],[31.723941943792926,30.174426915054411],[31.723845690629677,30.174393119590793],[31.723748680619444,30.174361003140401],[31.723650949950748,30.174330577783866],[31.723552538930594,30.17430185834893],[31.723453485870458,30.174274853327763],[31.723353832150295,30.174249574851775],[31.723253616058003,30.174226033217803],[31.723152877969742,30.174204237840716],[31.723051658273164,30.174184197233352],[31.722949998417466,30.174165918114316],[31.722847936701633,30.174149409878602],[31.722745516651415,30.174134679265297],[31.72264277768544,30.174121729364288],[31.722539761240853,30.17411056779687],[31.722436508801245,30.174101198575617],[31.722333060823406,30.174093624800911],[31.722229459817587,30.174087851397896],[31.722125746287027,30.174083877858333],[31.72202196172675,30.174081707293123],[31.721918147655057,30.174081341008797],[31.721814346663535,30.174082777615592],[31.721710600270459,30.17408601842029],[31.721606947963899,30.174091061100807],[31.721503433385511,30.174097903375628],[31.721400096023402,30.174106542922868],[31.721296978504196,30.17411697564674],[31.721194122392859,30.174129199245897],[31.721091567235909,30.17414320688777],[31.720989354633389,30.174158993564646],[31.720887518402719,30.174176513588353],[31.72078604453511,30.174195564702277],[31.720684902897904,30.174215906594803],[31.720584048798671,30.174237300616916],[31.720483430218888,30.174259512559633],[31.720382981665228,30.174282306277757],[31.720282639710415,30.174305446548356],[31.720182333507715,30.174328709806172],[31.720082030329152,30.174351976625061],[31.719981726044466,30.174375245160071],[31.719881421738695,30.17439851181253],[31.719781118415241,30.174421779299134],[31.719680812982261,30.174445045785127],[31.719580508531603,30.174468313105294],[31.719480205074923,30.174491580357419],[31.719379899520391,30.17451484570671],[31.719279595974903,30.174538112802505],[31.71917929134661,30.174561379810015],[31.719078986685584,30.17458464583715],[31.718978681968483,30.17460791268833],[31.718878378257035,30.174631178569282],[31.718778073439449,30.17465444616634],[31.718677767562411,30.174677711870682],[31.718577462667685,30.174700978409206],[31.718477158778622,30.174724243977483],[31.718376853795085,30.174747510359683],[31.718276548778821,30.174770775761498],[31.71817624370648,30.174794041987354],[31.718075938589735,30.174817308135051],[31.717975634478659,30.174840573312515],[31.717875329273106,30.174863839303878],[31.717775022984753,30.174887105206913],[31.717674717702074,30.174910370139727],[31.71757441340171,30.17493363590674],[31.717474108030235,30.174956900683224],[31.717373801564275,30.174980166273599],[31.717273497142386,30.175003430903896],[31.717173190587626,30.175026696337945],[31.717072886065257,30.175049961714116],[31.716972580471779,30.175073226099755],[31.716872274822212,30.175096491309439],[31.716771969128242,30.175119756440942],[31.71667166340157,30.175143020592088],[31.716571356580403,30.175166285557108],[31.716471051803332,30.175189549562059],[31.716370745920074,30.175212815283114],[31.716270440015812,30.175236079121568],[31.716170134067148,30.175259342881859],[31.716069828050689,30.175282608368398],[31.715969522013239,30.175305871972338],[31.715869215919682,30.175329136400329],[31.715768909793439,30.175352399847927],[31.715668602572695,30.17537566410941],[31.715568297384355,30.175398928313051],[31.715467991113218,30.175422192428336],[31.713685570886813,30.175684234767306]]]}}
]
}
