{
"type": "FeatureCollection",
"name": "Study_Area_Sector",
"crs": { "type": "name", "properties": { "name": "urn:ogc:def:crs:OGC:1.3:CRS84" } },
"features": [
{"type":"Feature","properties":{"اسم_المحور":"2","مساحة_المنطقة_كم2":2583.7616969738338,"اسم_القطاع":"10","نوع_المحور":null,"طول_المحور":null,"الحرم_المكاني_للمحور":null,"نوع_الرسم":null,"sector":null,"GlobalID":"{10425DB7-B38C-45C3-83EE-8A46857377E3}","Shape_Length":337484.26009307435,"Shape_Area":2583761696.9738336},"geometry":{"type":"Polygon","coordinates":[[[32.091536751106382,30.640110343095877],[32.091537692957473,30.640112066788113],[32.09154670816072,30.640128576330778],[32.091547008768238,30.640129127040574],[32.09154774748832,30.64013047755839],[32.091557775851996,30.640148897168213],[32.091566462246973,30.640164859411978],[32.091567155696069,30.640166141037199],[32.091575122465414,30.640180831397732],[32.091595411896506,30.64021834356279],[32.091600298618729,30.640227402690602],[32.091603559463238,30.640233452958011],[32.091606869483755,30.640239601019303],[32.091607265397066,30.640240338272342],[32.091617722450657,30.640259786808226],[32.091637148142318,30.64029604141686],[32.091637595276502,30.640296880989577],[32.091657530038042,30.640334272463196],[32.091666863317506,30.640351812862161],[32.091667312480119,30.640352658765202],[32.091677060365001,30.640371058359776],[32.091686578479987,30.640389032258938],[32.091696749229271,30.64040830103151],[32.091706221388328,30.640426280022066],[32.091706444934935,30.640426702063955],[32.091716110290932,30.640445112809129],[32.091717056716448,30.640446906010506],[32.09172578786859,30.640463556122405],[32.091731647028858,30.640474754216001],[32.091740138750943,30.64049100743901],[32.091745279982355,30.640500863281375],[32.091764125751979,30.640537097577734],[32.091764697763267,30.640538197889963],[32.091767396626054,30.640543392694067],[32.09177009287226,30.640548588511404],[32.09177278650121,30.640553785346238],[32.091775477512329,30.640558983193756],[32.091778165905467,30.640564182053925],[32.091780851679829,30.640569381927293],[32.09178353483491,30.640574582809784],[32.091784041194408,30.640575561752716],[32.091786738784322,30.640580778099444],[32.091789433767552,30.64058599545276],[32.091792126143737,30.64059121381289],[32.091794815912429,30.640596433178231],[32.09179750307301,30.640601653547691],[32.091800187625168,30.640606874920749],[32.09180286956807,30.640612097296021],[32.091803310284114,30.640612953967402],[32.091806006442404,30.640618191988441],[32.09180870000705,30.640623431006798],[32.091811390977497,30.640628671022387],[32.091814079353448,30.640633912032509],[32.091816765134126,30.640639154038247],[32.091819448319072,30.640644397037978],[32.09182212890795,30.640649641029178],[32.091822503980431,30.640650375429008],[32.09182519880644,30.640655634957913],[32.091827891018944,30.640660895486892],[32.091830580617476,30.640666157016174],[32.091833267601743,30.640671419543089],[32.091835951970957,30.640676683067632],[32.091838633724961,30.640681947590338],[32.091841312862897,30.640687213107018],[32.091841624370218,30.640687826152178],[32.091844317451766,30.640693107101715],[32.091847007938497,30.640698389039724],[32.091849695829858,30.640703671966367],[32.091852381125562,30.640708955878921],[32.091855063824845,30.640714240777413],[32.09185774392752,30.640719526662352],[32.09186042143282,30.640724813529555],[32.091860670426811,30.640725304325116],[32.091863361598243,30.640730607015012],[32.091866050247702,30.640735910661398],[32.091868736375034,30.640741215263585],[32.091871419979618,30.640746520819928],[32.091874101061009,30.640751827329357],[32.091876779618893,30.640757134792416],[32.091879455652716,30.64076244320642],[32.091879641098224,30.640762810842812],[32.091882330320544,30.640768135101197],[32.091885017057869,30.640773460297307],[32.091887701309616,30.640778786431188],[32.091890383075338,30.640784113501223],[32.091893062354742,30.64078944150523],[32.091895739147176,30.640794770445904],[32.091898413452427,30.640800100318515],[32.091898536375965,30.64080034660758],[32.091901223794892,30.640805692380155],[32.091903908716993,30.640811039089041],[32.091906591141694,30.640816386736681],[32.091909271068559,30.640821735319317],[32.091911948497419,30.640827084837984],[32.091914623427527,30.640832435291106],[32.091917295858472,30.640837786677686],[32.091917357320291,30.640837909822192],[32.091920042676627,30.640843277204326],[32.091922725610765,30.640848645491456],[32.09192540612198,30.640854014684532],[32.091928084209975,30.640859384781898],[32.091930759874465,30.64086475578037],[32.091933433115109,30.640870127683669],[32.091936103931126,30.640875500486711],[32.092002229867326,30.641009550685038],[32.092067401600474,30.641143949843844],[32.092131616664041,30.641278692885024],[32.092194872627303,30.64141377471536],[32.092257167095944,30.641549190231654],[32.09231849771183,30.64168493431751],[32.092378862153268,30.641821001840473],[32.092422215685296,30.641920294074751],[32.092465054941982,30.64201975306646],[32.092507379063711,30.642119376824045],[32.09254918720157,30.642219163352642],[32.092590478516634,30.642319110652643],[32.092631252180546,30.642419216725013],[32.09267150737503,30.642519479563532],[32.092772631645865,30.64277805730249],[32.092870301593514,30.643037625941737],[32.092964504207764,30.643298150981714],[32.093055226938944,30.643559597790631],[32.093142457699756,30.64382193161644],[32.093226184866772,30.644085117591292],[32.093306397281843,30.644349120728656],[32.09335098299308,30.644501486988709],[32.093394397387499,30.644654105926893],[32.093436638544866,30.644806970813001],[32.093477704595948,30.644960074903171],[32.093517593724115,30.645113411443575],[32.093556304163805,30.645266973671625],[32.093593834201954,30.645420754810825],[32.093658785177574,30.645696369964341],[32.093720010433842,30.64597262195155],[32.093777501594083,30.646249473123664],[32.093831250790352,30.646526885743455],[32.093881250664694,30.646804822001105],[32.093927494369922,30.647083244016336],[32.093969975570388,30.647362113837818],[32.093974576557819,30.647393915813588],[32.093979128614038,30.647425723052553],[32.093983631730666,30.647457535499385],[32.093988085899788,30.647489353097583],[32.09399249111366,30.647521175788974],[32.093996847364167,30.647553003520304],[32.094001154643728,30.647584836231935],[32.094006373147721,30.647623896989412],[32.094011517774852,30.647662965070502],[32.094016588511366,30.647702040374405],[32.09402158534342,30.647741122792947],[32.094026508257876,30.647780212223811],[32.094031357241157,30.647819308563172],[32.094036132280287,30.647858411704281],[32.094057165758102,30.648038541009353],[32.094076632629566,30.648218801921512],[32.094094531785721,30.64839918425599],[32.094110862206769,30.648579677818219],[32.094125622961236,30.648760272411508],[32.094138813206008,30.64894095783059],[32.094150432186993,30.649121723866141],[32.094169340341232,30.649492610632699],[32.094181633613019,30.649863705316697],[32.094187309005292,30.6502349197294],[32.09418636509313,30.650606165652981],[32.094178802025347,30.650977354861848],[32.09416462152317,30.651348399144144],[32.094143826881066,30.651719210316799],[32.094124880202301,30.653169074602552],[32.094109917055242,30.654314073699862],[32.094076553999798,30.656866815236718],[32.094059645784839,30.658160465646695],[32.094058818557954,30.658223755517831],[32.094303586697357,30.658314208781864],[32.09803895053961,30.659694592807462],[32.098770263335368,30.65996484438578],[32.106459606554509,30.662806332340246],[32.111838835266497,30.664794100921984],[32.112469115917108,30.665027008359711],[32.113246753047001,30.665314362659124],[32.114147872329113,30.665647338909928],[32.114978310956332,30.665954201791017],[32.115311756035233,30.66607741538018],[32.124270574388738,30.665900625963221],[32.124389766587178,30.665898273775191],[32.124527197424726,30.665895561618601],[32.126417040806196,30.665858267581086],[32.126417180701004,30.665858264912295],[32.127616233996747,30.665834645365031],[32.136648021308453,30.665656372784067],[32.136648103780708,30.66565637152739],[32.136648381482246,30.665656366153875],[32.157984286691118,30.665235328249725],[32.173005277183002,30.664938905970711],[32.183119870736405,30.664040455513515],[32.183200026598939,30.664033335615503],[32.183200113298035,30.664033328039515],[32.183290968437902,30.664024926359378],[32.184088913314,30.663951169474661],[32.184641869097113,30.663900057571318],[32.185078602265087,30.66385968849055],[32.185350649555204,30.663834541927546],[32.185506943763897,30.663820094577627],[32.186013969932468,30.663773227629857],[32.186598060383183,30.663719236292312],[32.187150159204009,30.663668203060976],[32.187445447931673,30.663640907370908],[32.187716684504295,30.663615835587784],[32.187772070259484,30.663610246225321],[32.18782759309277,30.663605787585706],[32.187883222119154,30.663602462152706],[32.187938926394438,30.663600271772818],[32.187994674932412,30.663599217665777],[32.188050436722285,30.66359930041925],[32.188106180746267,30.663600519985245],[32.188776068695667,30.663596933599241],[32.189623077915186,30.663592399232293],[32.189778801457656,30.663591565585147],[32.190147720416704,30.66358959089402],[32.191098451064057,30.663584499480198],[32.191746792031985,30.663581028933137],[32.192005982282822,30.663579641426132],[32.192638372303193,30.663576255836141],[32.193398601714961,30.663572185423206],[32.194056633733688,30.66356866243872],[32.194086097228407,30.66356850498839],[32.194616039346919,30.663565667255742],[32.195388803227495,30.663561530236425],[32.196404358604717,30.663556093921308],[32.196427643600806,30.663555969016642],[32.196541315370752,30.663555683827315],[32.197497556231077,30.663548829133269],[32.197587250788523,30.663548185617124],[32.197621751334495,30.66354793936009],[32.198061679083992,30.663544784399459],[32.198679227651418,30.663546931791451],[32.198704326061417,30.66354701887969],[32.199734460461798,30.663540664694128],[32.200698054660592,30.663534721417292],[32.200813624462413,30.663534008340012],[32.201926350732641,30.663530267853684],[32.202940368649564,30.663527379626654],[32.204315671925983,30.663523335852599],[32.205091966768592,30.66352102513472],[32.206016669795886,30.663517559309078],[32.206330070882444,30.663518071550694],[32.20672446852425,30.663518714762279],[32.207225097191596,30.663515828013875],[32.207725726925283,30.66351293844026],[32.20874847448782,30.663507740019551],[32.209667730758547,30.663503805383719],[32.209693323472848,30.663503695745501],[32.21075300635902,30.663497919332016],[32.211548455401946,30.663493130066318],[32.211616061291949,30.663492722723493],[32.211878058908866,30.663491143862512],[32.211904017326653,30.663490988183248],[32.21279447198576,30.663486944275146],[32.21374200785479,30.663485211227488],[32.214873544179696,30.663477701916197],[32.215857343148379,30.66347423612806],[32.216255584360347,30.663472035774308],[32.216419461646538,30.663471130938166],[32.216589315983015,30.663470193351035],[32.218149291354855,30.663465571499724],[32.219251952158572,30.663459218247851],[32.219603834810854,30.663457064765737],[32.219724041365907,30.663456329323253],[32.220467429914201,30.66345401878834],[32.220805385333968,30.663451975214077],[32.221136279103007,30.663449975962738],[32.221217234468789,30.663449917038111],[32.221934733991219,30.663449398302159],[32.222426968808961,30.663448820050757],[32.223002474433478,30.66344593250578],[32.223966798362916,30.663441310734633],[32.224855911230996,30.663435534800261],[32.225467007623166,30.663434957370189],[32.225863770560679,30.663432403837461],[32.226005578905188,30.663431490788884],[32.226304411911158,30.663433224279462],[32.226326746188583,30.663432343446239],[32.2263489961571,30.663430450074841],[32.226371100433326,30.663427549390239],[32.226392998035124,30.663423649393277],[32.226414628550977,30.663418760844593],[32.226435932306281,30.663412897230177],[32.226456850527484,30.663406074725824],[32.227973176715153,30.662954359514263],[32.229011589402397,30.662645014754652],[32.22910016929518,30.662618626450818],[32.230180511373597,30.66228660268947],[32.231338237331151,30.66193481537961],[32.231952173296719,30.66174785770183],[32.23247447432572,30.661588803702692],[32.232966709812857,30.661441502552002],[32.234181970329267,30.661070429675515],[32.234420740124875,30.66101584775733],[32.234624379774225,30.660969296786988],[32.234656437600215,30.660997456037123],[32.23488411648129,30.66119744752687],[32.23498088175316,30.661179429173643],[32.235492959039284,30.661084083115991],[32.238124372514761,30.660594093726662],[32.238201376363278,30.660579752314231],[32.23839126057247,30.660544394818302],[32.238757184749865,30.660476253457517],[32.238990306088787,30.660432841474485],[32.239690785168236,30.660302409206452],[32.241162988679484,30.660028268139559],[32.241178744255215,30.660025333714692],[32.241089094213216,30.659669084009725],[32.241013736756493,30.659369627446601],[32.241023788660165,30.659369159188156],[32.246224465380848,30.659127010153593],[32.246325059140922,30.659122324833259],[32.246381447482669,30.659119698492223],[32.246388896966806,30.659194871682416],[32.246389807822574,30.65920406360938],[32.246405547932824,30.659362905810248],[32.246550500187922,30.660825683218174],[32.24662028331133,30.661529883319872],[32.246665747249935,30.66150539319899],[32.248087739892668,30.660739383170419],[32.248942977866228,30.660278667308521],[32.249141947963928,30.660171482096732],[32.249912539129355,30.659756356362134],[32.250114275196601,30.659647677796233],[32.250282434360393,30.659557087379849],[32.250342713704839,30.659524613654465],[32.250822813394279,30.66018407636745],[32.250835845379044,30.6601766964197],[32.251138058737645,30.660005557574539],[32.251188252279896,30.659977133662785],[32.252393997695485,30.659294324017829],[32.253978575874356,30.658396963805522],[32.254951731707962,30.657845862548182],[32.255820390924967,30.65735393153011],[32.256841476036726,30.656775671023343],[32.256767649329063,30.656593488180267],[32.256534637421936,30.656018472467949],[32.256477844072663,30.65587832104239],[32.256612340048768,30.655796211925022],[32.259173437301193,30.654232656410208],[32.259372107952544,30.653999011175845],[32.259967308455742,30.653299026296818],[32.260264740142617,30.652949225815689],[32.259891606612882,30.651419496130842],[32.259077514084169,30.644416141371089],[32.259046421349758,30.644148639113645],[32.258596203299824,30.64320122397223],[32.257551967208869,30.641003730077223],[32.24920602423721,30.630593547487592],[32.249492396167817,30.630273589850901],[32.249717083559219,30.630022550741447],[32.250053435682773,30.629646749415464],[32.251040850978818,30.628543506191072],[32.251364914145064,30.62848456103762],[32.251935126319736,30.628380839771257],[32.252903855045268,30.628297806601065],[32.253548680194051,30.628251669029552],[32.254348278621542,30.628237820770224],[32.256983655872666,30.628192156464852],[32.262989100819198,30.628013620650115],[32.27066592720611,30.629560925884697],[32.27676358486837,30.631683471219279],[32.277507572728751,30.631708670467734],[32.281743147889671,30.631852082696277],[32.287806225394959,30.629560926139209],[32.288866900193128,30.628306454456332],[32.289588410312106,30.627453095831552],[32.290099848237347,30.626848191933664],[32.290621051043615,30.626231728747147],[32.290868548679349,30.62593899386497],[32.295084120675334,30.62295338889307],[32.293380241390963,30.621171830871173],[32.293266090413631,30.621052473236293],[32.2933769502663,30.620973955539306],[32.293404703213255,30.620954299912711],[32.293425022654361,30.620939907862681],[32.293585111285537,30.620826523829436],[32.293616204399278,30.620804501408259],[32.306884076006313,30.611406953281598],[32.310531450344158,30.609377811751735],[32.310833196114118,30.609209937585913],[32.311360886091009,30.608916356719924],[32.316981342154797,30.607770572135035],[32.311210937927655,30.598379839892321],[32.310173213771627,30.596057452952333],[32.30850568346473,30.592325382152303],[32.306474672052346,30.592355278606664],[32.306107477605643,30.592360681569605],[32.305477591837395,30.592369949635287],[32.303791719596369,30.591799729805842],[32.303344417264476,30.59164843424135],[32.302289291147083,30.591324103087494],[32.29898490779884,30.590308400391216],[32.297104968561129,30.589730497901929],[32.294504707728763,30.588897893396719],[32.294016048959023,30.588741442932228],[32.292209730334427,30.588163033968776],[32.291491747820807,30.587916134226802],[32.291126134707419,30.587783470850834],[32.290960756290744,30.587723462631832],[32.290780361640707,30.587690020465999],[32.290445667581025,30.587627972574708],[32.290123562834438,30.587609008250489],[32.286839121627821,30.587888764064186],[32.286621532951024,30.587907295888673],[32.284892676408148,30.588632641764082],[32.283558726176828,30.589957624333184],[32.282883059578353,30.590628735245073],[32.280100512402811,30.590894876446928],[32.277002963533008,30.590050001035767],[32.276660540061087,30.58995660220933],[32.271956760193817,30.588673599155079],[32.267283375140337,30.587398872731868],[32.262902823449217,30.586204006018427],[32.259640525249381,30.584328524593179],[32.259592764315983,30.584301067077327],[32.259286106014081,30.584124768253311],[32.258381597485794,30.58360476249473],[32.258367447190039,30.583596627542207],[32.258419473792678,30.583462176086869],[32.258498039444561,30.583259146982851],[32.259056543001698,30.581815816088739],[32.259987502034633,30.579594179837013],[32.260428001971825,30.578542942580601],[32.260660767294965,30.578205148606923],[32.260920487648349,30.577882400415376],[32.261205869224142,30.577576305474874],[32.261515490446627,30.577288388295887],[32.261847809055723,30.577020082846801],[32.262201169789257,30.576772725403746],[32.262573812626606,30.576547547908522],[32.262963881554874,30.576345671831252],[32.263369433809707,30.576168102580642],[32.270587830630419,30.572379056812867],[32.272068162029449,30.570928013572896],[32.272917771121548,30.570095192168989],[32.272925184373001,30.570087412748627],[32.272932644425239,30.570079666898167],[32.272940151075538,30.570071954831104],[32.272947704119403,30.5700642767566],[32.272955303351246,30.570056632882178],[32.272962948564377,30.570049023418047],[32.272970639550401,30.570041448569274],[32.272978374925934,30.570033907474919],[32.272986155901478,30.570026401589786],[32.27299398226328,30.570018931120583],[32.273001853795833,30.57001149627208],[32.273009770282727,30.570004097248521],[32.273017731506116,30.569996734254683],[32.273025737247075,30.569989407491839],[32.273029754776374,30.569985756216969],[32.273033783873515,30.569982114497581],[32.273037824508179,30.569978482363357],[32.273041876649877,30.569974859840471],[32.273045940268254,30.569971246955646],[32.273050015332323,30.569967643738273],[32.273054101811681,30.569964050212331],[32.273164150167545,30.569873825945077],[32.27328101740973,30.569790268591643],[32.27340416522506,30.569713763025245],[32.273533026375198,30.569644661632385],[32.273667007310372,30.569583282697121],[32.27380549090207,30.56952990893387],[32.273947839285754,30.56948478618321],[32.274093396798648,30.569448122282978],[32.274241492999117,30.569420086107502],[32.274391445753793,30.569400806791293],[32.274542564380106,30.569390373136123],[32.27469415282583,30.569388833201401],[32.274845512875018,30.569396194079062],[32.274851315032656,30.56939665292278],[32.274857115710667,30.569397125564993],[32.274862914865246,30.56939761200379],[32.274868712452729,30.569398112235127],[32.274874508429363,30.569398626254472],[32.274880302751022,30.569399154059958],[32.274886095374143,30.569399695644154],[32.274899605414419,30.569401005394365],[32.274913105952869,30.56940238655892],[32.274926596485436,30.569403839089446],[32.274940076508507,30.569405362928865],[32.274953545518592,30.569406958019506],[32.274967003012542,30.569408624305311],[32.274980448488016,30.56941036172109],[32.274991963375683,30.569411905720361],[32.275003468798388,30.569413501678337],[32.275014964442562,30.569415149555624],[32.275026449995799,30.569416849302652],[32.275037925145327,30.569418600875721],[32.275049389578875,30.569420404228435],[32.275060842984416,30.569422259308148],[32.275214139496825,30.569452241868699],[32.275364616695995,30.569491487744898],[32.275511528012942,30.569539802228938],[32.275654144566836,30.569596945614517],[32.275791758781068,30.569662634394895],[32.275923687893176,30.56973654266849],[32.276049277342352,30.569818303748072],[32.27658897260384,30.570193163036315],[32.277775514440307,30.571017292312799],[32.285152402581758,30.561056428672643],[32.286447175054214,30.557946262970827],[32.286343427818338,30.556919790913902],[32.286279039483354,30.556282727068986],[32.286293147820729,30.556091242831922],[32.286321929302218,30.555900993361071],[32.286365256584041,30.555712819857767],[32.286422938010517,30.555527554331444],[32.286494718462912,30.555346015935733],[32.286580280488884,30.555169007337675],[32.286679245707077,30.55499731117018],[32.286791176481579,30.554831686577142],[32.286915577857677,30.554672865850737],[32.287051899750814,30.554521551200377],[32.287199539379941,30.554378411640297],[32.287855446547731,30.553824007279356],[32.288206660547488,30.553527143753435],[32.288910637964037,30.552932093953203],[32.28983292766879,30.551558907164775],[32.289898001389261,30.551462020121576],[32.290280877417246,30.550891948815899],[32.290408120783844,30.550730180141809],[32.290547574990605,30.550576135775046],[32.290698616016321,30.550430504966837],[32.290860568005812,30.550293939313679],[32.291032706293684,30.550167049854977],[32.291214260646768,30.550050404330918],[32.291404418711096,30.549944524646669],[32.291602329645663,30.549849884535192],[32.291807107929031,30.549766907442336],[32.292017837321055,30.54969596462584],[32.292233574961223,30.549637373502343],[32.292453355586552,30.549591396221867],[32.292676195849559,30.549558238497884],[32.292901098716825,30.549538048685914],[32.29312705792826,30.549530917121313],[32.293353062499087,30.549536875713024],[32.293578101240982,30.549555897802076],[32.293925511292869,30.549542055134882],[32.29427317516069,30.549549766837988],[32.294619309956516,30.549578993371359],[32.294962140630346,30.54962958485466],[32.295299909069136,30.549701281851114],[32.295630883109453,30.549793716683023],[32.295953365417915,30.549906415326703],[32.296265702192279,30.55003879983909],[32.296566291640346,30.550190191316243],[32.297384916480425,30.550432969401882],[32.298472254630234,30.550755431284301],[32.299773549310501,30.55070940505194],[32.301702642320322,30.55042976130358],[32.303771521238559,30.550271295796627],[32.304301943848685,30.550085234514853],[32.305795934928099,30.549561154987238],[32.305901201787492,30.549524228700186],[32.306680872294592,30.549250727597798],[32.30686438601122,30.549038504521722],[32.307073284682112,30.548796923721277],[32.307681072822476,30.54809404467494],[32.30850234043848,30.547144277140355],[32.310732523313241,30.544667556340858],[32.311017791882868,30.544350746678436],[32.314558221918759,30.540296485579852],[32.31483997204635,30.539973841012273],[32.31597444365633,30.538674677139088],[32.316000275971668,30.538645094610086],[32.316546099070941,30.538020030154264],[32.318644941602912,30.535616441530902],[32.320931675437571,30.532997620927848],[32.321279697415648,30.532599042591723],[32.32132839025298,30.532543276147589],[32.325452571680202,30.527819954440744],[32.327086988136074,30.525948032525516],[32.32727205629633,30.525736030737935],[32.327316758306701,30.525684822598176],[32.327457123649026,30.525524028668638],[32.329066568951951,30.523680352464094],[32.330449614534608,30.522095947266354],[32.333921285662797,30.516331221740092],[32.338694903418734,30.50285822472096],[32.341361300336004,30.488017426623131],[32.345103055196098,30.469609414295626],[32.351201278322378,30.440779974405867],[32.356717775213795,30.411833590729497],[32.355902612839941,30.412251718587591],[32.355761165720423,30.413104638041062],[32.353270739739926,30.41309232823901],[32.353265564670167,30.413877237884083],[32.354591996320131,30.413883798977139],[32.355631097820691,30.413888932619713],[32.355642462759448,30.413977524009212],[32.355646979701149,30.414066575302293],[32.35564462848091,30.414155689311148],[32.355635419566681,30.414244468559783],[32.355619394014617,30.414332517071092],[32.355596623284995,30.414419442122007],[32.355567208924469,30.414504855999706],[32.355531282112942,30.414588377735271],[32.355489003079533,30.414669634791437],[32.355440560582856,30.414748264917382],[32.355386170469636,30.414823917226236],[32.35532607532619,30.41489625428132],[32.355260543186283,30.414964953434051],[32.355189866337113,30.415029708260036],[32.355114360014888,30.415090229928133],[32.355034360998751,30.415146248488789],[32.354950226109473,30.415197514076468],[32.35486233061652,30.415243798026346],[32.354860681364578,30.415244597504092],[32.354830014464021,30.415259004088199],[32.354798977215935,30.415272802061551],[32.354767585697118,30.415285984280828],[32.354735856167814,30.415298543915199],[32.35470380506348,30.415310474457961],[32.354671448985776,30.415321769734049],[32.354638804694858,30.415332423887005],[32.354541111696506,30.415360255025725],[32.354441502270952,30.415382403313856],[32.354340415975003,30.415398771020104],[32.354238298883864,30.415409285912688],[32.354135601621167,30.415413901594356],[32.354032777371728,30.415412597695433],[32.353930279880551,30.415405379970913],[32.353828561450129,30.415392280271302],[32.353728070945323,30.415373356404533],[32.353629251810972,30.415348691876702],[32.353532540116177,30.415318395528814],[32.353438362628644,30.415282601053381],[32.353347134932065,30.415241466402687],[32.353300881289442,30.415207642988367],[32.353255154312208,30.415173285874001],[32.353209962197624,30.415138401220258],[32.353165313046581,30.415102995280581],[32.353121214863002,30.415067074401051],[32.353077675551738,30.415030645023482],[32.353034702917547,30.414993713676569],[32.352865843568352,30.414838406271677],[32.35270702607307,30.414675335546683],[32.352558724735978,30.414504988565167],[32.352421382445016,30.414327874115834],[32.352295409349125,30.414144521196551],[32.352181181633064,30.413955477440417],[32.352079040395886,30.413761307469358],[32.351886704195223,30.413536803814093],[32.351863005280606,30.413505042445642],[32.351841922726955,30.413471924503323],[32.351823559425583,30.413437611621276],[32.351808004995711,30.413402271263791],[32.351795335347859,30.413366075908662],[32.351785612313087,30.413329202207841],[32.351778883341126,30.413291830122738],[32.351775181269197,30.413254142048391],[32.35177452416184,30.413216321921006],[32.35177691522226,30.413178554319149],[32.35178234277776,30.413141023568866],[32.351790780335882,30.413103912836963],[32.351802186713726,30.413067403239449],[32.351816506240091,30.413031672962024],[32.351833669025751,30.412996896383046],[32.351481076733378,30.41278899526688],[32.351459406676405,30.412779117665377],[32.351438529869938,30.412768030711646],[32.35141853602871,30.412755782054589],[32.351399511073609,30.412742424327469],[32.351381536760996,30.412728014935244],[32.351364690332588,30.412712615799407],[32.351349044182925,30.412696293096609],[32.351334665548585,30.412679116969834],[32.351321616218911,30.412661161232268],[32.351309952270718,30.412642503045376],[32.351299723827019,30.412623222590611],[32.35129097484247,30.412603402722112],[32.351283742913338,30.412583128611697],[32.351278059116765,30.412562487385635],[32.351273947876997,30.412541567746345],[32.351271426860464,30.412520459592173],[32.35127050689966,30.412499253630809],[32.351271191946914,30.412478040992898],[32.351273479057411,30.41245691283445],[32.351277358401745,30.412435959952376],[32.351282813307755,30.412415272385946],[32.351352411695785,30.412192031941572],[32.35065717343312,30.411735253640835],[32.346958914546725,30.409305360904376],[32.345534275814792,30.408369309680634],[32.344780424675378,30.408062193195054],[32.345827850952013,30.407280380127677],[32.343585605077273,30.406182559204744],[32.336271505798109,30.407463425276937],[32.33635564167691,30.407797229961268],[32.335856378889794,30.407967218767411],[32.335754143630844,30.407741629301213],[32.335692128577989,30.407604787205045],[32.335647099223436,30.407630942728044],[32.33560137162813,30.407656171734537],[32.335554971161706,30.407680460227603],[32.335507923567356,30.407703794731354],[32.335460254947471,30.407726162300456],[32.335411991748394,30.407747550524395],[32.335363160747143,30.407767947535785],[32.335352910299761,30.407772074669772],[32.335342636626017,30.407776158183694],[32.335332339972808,30.407780197983254],[32.335322020587959,30.40778419396807],[32.335311678719556,30.407788146042588],[32.335301314616146,30.407792054113926],[32.335290928527051,30.407795918085874],[32.335156544372701,30.407841310824534],[32.33501915257601,30.407879342477962],[32.334879289253074,30.407909864644253],[32.334737500166419,30.407932758220277],[32.334594338593817,30.407947933875157],[32.334450363169843,30.407955332390529],[32.334306135705482,30.407954924898615],[32.334162218995047,30.407946712988281],[32.334019174619918,30.407930728704578],[32.333877560757003,30.407907034421374],[32.333737930000297,30.407875722595122],[32.333600827203355,30.407836915412194],[32.333466787353991,30.407790764299911],[32.333336016972737,30.407801693215397],[32.333161761573315,30.407838985730706],[32.332938239140383,30.407886820575371],[32.332762851185997,30.407924354922901],[32.332780283611164,30.407938198301803],[32.332796547886637,30.407953071494379],[32.332811563233875,30.407968900633168],[32.332825255077225,30.407985607099278],[32.33283755541413,30.408003107920592],[32.332848403153079,30.408021316175326],[32.332857744417041,30.408040141432938],[32.332865532810523,30.408059490194429],[32.332871729651139,30.408079266361426],[32.332876304160301,30.408099371715835],[32.332879233617419,30.40811970640042],[32.332880503471905,30.408140169421699],[32.332880107415882,30.408160659147342],[32.332878047415299,30.408181073811825],[32.332874333700516,30.408201312025316],[32.33286898471497,30.408221273270279],[32.332862027024113,30.408240858406682],[32.332853495183365,30.408259970165016],[32.332843431566381,30.408278513620978],[32.332831886154402,30.408296396678356],[32.33281891628873,30.408313530515898],[32.332804586385187,30.408329830039278],[32.332788967614647,30.408345214291927],[32.332548404073272,30.408423470557519],[32.332302544636448,30.408488191338289],[32.332052401884816,30.408539110082963],[32.331799006045131,30.408576017078005],[32.331543400745815,30.408598760320789],[32.33128663871846,30.408607246143852],[32.331029777459399,30.408601439599519],[32.330773874873856,30.408581364603805],[32.330519984917125,30.408547103838576],[32.330381497424476,30.408523757738219],[32.330120941459548,30.408479833886599],[32.329391608356893,30.408356885199307],[32.329341289158769,30.408581131237614],[32.328497094679491,30.408438811926501],[32.328530788468029,30.408288662236888],[32.328095871014277,30.408126488443244],[32.328132812623956,30.407961867943349],[32.326542534088141,30.407503098608757],[32.325367815906347,30.407660301989623],[32.324698967936691,30.40754752244197],[32.323408254742645,30.407116408316035],[32.323467071691653,30.406854369408812],[32.32230005408443,30.406657568454431],[32.322141485164927,30.406965411552065],[32.321339313906108,30.406678669688802],[32.317386265046103,30.405276582711746],[32.316038836718072,30.404814738497141],[32.3135021264074,30.40336033832547],[32.313930658694773,30.402780022139897],[32.314113334012276,30.402884213170136],[32.315287108155907,30.403553677356332],[32.316963100150552,30.404160352747386],[32.317097676580296,30.402612651265599],[32.315446681311151,30.402077242881479],[32.315385784352543,30.40209433589639],[32.315317351261839,30.402113544245292],[32.315124393339424,30.402167704606228],[32.314525169165115,30.402335896566733],[32.31410839433007,30.402452877799455],[32.3140287652609,30.402393697980862],[32.313944897144644,30.402339094953671],[32.313857139487361,30.402289296262857],[32.31376585800232,30.402244509431323],[32.313671433085595,30.402204921095276],[32.313574258231519,30.402170696230588],[32.313474738392046,30.402141977457521],[32.313373288290414,30.402118884454346],[32.313270330692646,30.402101513454543],[32.313166294645711,30.402089936846156],[32.313061613690628,30.402084202870821],[32.31295672405475,30.402084335424057],[32.312852062835674,30.402090333953055],[32.312748066178735,30.402102173459127],[32.312645167460126,30.402119804605732],[32.312543795481645,30.402143153919369],[32.312444372683217,30.402172124096133],[32.312382148126694,30.402159594451113],[32.312319052811731,30.402150934264007],[32.312255406559508,30.402146187435765],[32.312191531984325,30.402145378025839],[32.312127752856881,30.402148510136289],[32.312064392464634,30.402155567891754],[32.312001771972596,30.402166515516402],[32.31194020879542,30.402181297518904],[32.311880014988546,30.402199838970148],[32.311821495667331,30.402222045887406],[32.311764947459274,30.402247805705976],[32.311710657001676,30.402276987852087],[32.31165889948808,30.402309444405294],[32.311609937273516,30.402345010847302],[32.311564018544871,30.402383506895553],[32.311521376062828,30.402424737418979],[32.311482225981592,30.402468493422436],[32.311225676862705,30.402183703357924],[32.311100348880231,30.402044578541492],[32.311557779676676,30.401379797021171],[32.311866994541063,30.40000282480591],[32.310375491322233,30.400881798615064],[32.310215449436988,30.400599500414373],[32.310407445772022,30.400312776120618],[32.310392642236351,30.399885733459595],[32.310053351852048,30.399056537862013],[32.310013397947998,30.398946055806856],[32.310253907796437,30.398829039309987],[32.30843104659526,30.39513163675052],[32.307986891493449,30.395296184032421],[32.307110740279882,30.39351891987819],[32.30670304572773,30.391830418181755],[32.306418979893969,30.390653904740546],[32.306128498123371,30.389250745760819],[32.305984362160849,30.388219493162449],[32.305963691210181,30.38691510295715],[32.305954855624272,30.38635753158297],[32.305946307542143,30.385818193281708],[32.306188427166731,30.384821350959289],[32.306412896605465,30.383897162916536],[32.306948975956537,30.382391285796587],[32.307064141129644,30.382104537703853],[32.307022097635709,30.381709383544539],[32.306957858551606,30.38110564650259],[32.306753324698477,30.379183360069558],[32.306734408463321,30.37900554570621],[32.306695519785649,30.378640039356881],[32.306674685767014,30.378444213289153],[32.306620346347749,30.377933474940622],[32.30640866642856,30.375943941145035],[32.30610384457993,30.373078718993408],[32.305581879703837,30.368172267816245],[32.305482878169663,30.367241626661027],[32.305353466578111,30.367065377727233],[32.305237578448725,30.366882189325327],[32.305135706570617,30.366692840547589],[32.305048284114086,30.3664981366768],[32.304975682790818,30.366298905771771],[32.304918211273602,30.366095995135911],[32.3048761138852,30.365890267715223],[32.304849569561014,30.365682598433875],[32.304838691089877,30.365473870464669],[32.304843524635118,30.365264971480659],[32.30486404954123,30.365056789873421],[32.304900178422329,30.364850210982699],[32.304951757536131,30.364646113319949],[32.304994725270554,30.364418395350221],[32.30502039222268,30.364188725200094],[32.305028648176666,30.363958090176876],[32.305019457764999,30.363727481724101],[32.30499286061697,30.363497891167324],[32.304948971187699,30.363270305448658],[32.304887978263324,30.363045702885369],[32.304810144147432,30.362825048965284],[32.304715803531806,30.362609292195383],[32.304605362055646,30.362399360024288],[32.304479294560849,30.362196154858886],[32.304338143048369,30.362000550183847],[32.304182514347971,30.361813386806688],[32.304013077508415,30.361635469244405],[32.303830560920524,30.361467562269628],[32.303635749185666,30.361310387618978],[32.303429479742654,30.361164620893057],[32.303421573282428,30.360459654176157],[32.30342013617058,30.360331471758954],[32.3034068402592,30.359146230270113],[32.303401110640706,30.358635397386546],[32.303378695060879,30.356636963307693],[32.303378741848505,30.356577494066418],[32.302745370002242,30.356513814903671],[32.302891294684194,30.355422239736416],[32.303433261785692,30.355476727666677],[32.303857664699066,30.353704544974335],[32.304216034137646,30.352208048639469],[32.303369105684432,30.352088004934263],[32.302910217951407,30.350381888390551],[32.302341294723554,30.348266616708226],[32.302331996324313,30.347905952512015],[32.302357766901487,30.347552925476165],[32.302435522211269,30.346487747391361],[32.302440104540267,30.346444261159963],[32.302444767104767,30.346400781342744],[32.302449509892718,30.346357308054525],[32.302454332892076,30.346313841404402],[32.302459236090158,30.346270381504187],[32.302464219474437,30.346226928466216],[32.302469283031982,30.346183482399592],[32.302530707046088,30.345702916742336],[32.302601933960212,30.345223369917928],[32.302682941290584,30.344744992343404],[32.302773703486288,30.344267934066728],[32.302874191938308,30.34379234471675],[32.302984374987929,30.343318373465735],[32.303104217937751,30.342846168970315],[32.303194859047409,30.34251309453218],[32.303290303515631,30.342181031107156],[32.303390536315234,30.341850030808974],[32.303495541668141,30.341520145581992],[32.30360530304764,30.341191427197696],[32.303719803181579,30.340863927244083],[32.303839024054213,30.340537697113238],[32.3033532064143,30.340484051264092],[32.3036668163016,30.339855462407264],[32.305154701621376,30.336873095035919],[32.305169116469365,30.336020995430896],[32.305174121087653,30.33572522297262],[32.305144528325016,30.335618465400639],[32.305123456317155,30.335510197239188],[32.305111004503161,30.335400929553874],[32.305107231630785,30.335291178121395],[32.305112155480131,30.335181461003412],[32.305125752780171,30.33507229609928],[32.305147959319186,30.334964198695683],[32.30517867024821,30.334857679043587],[32.305217740576971,30.334753239940667],[32.305264985857782,30.334651374365201],[32.305320183058086,30.334552563145543],[32.305383071611836,30.334457272691807],[32.305453354651775,30.334365952791472],[32.305530700409115,30.334279034494223],[32.305614743780964,30.334196928067165],[32.30606780330146,30.333819034590103],[32.307753826337539,30.332412711643663],[32.309734485721272,30.330627625643846],[32.310181117002259,30.330928784635248],[32.310469368461249,30.330650878957478],[32.310357182993556,30.330542605154079],[32.310604883733873,30.330311165609885],[32.310085926154002,30.329893212783102],[32.311614447584212,30.328675178273116],[32.311858363677267,30.328871619429549],[32.312588708694413,30.328454630567379],[32.312772422146502,30.328677025621417],[32.312963357703268,30.328530747038574],[32.312773494140181,30.328304935090426],[32.313785142447117,30.327580207143473],[32.313875695186866,30.32771587826954],[32.314012412655181,30.327647208367303],[32.313647499364308,30.327274851813286],[32.313799178403613,30.327162989511887],[32.313806018965593,30.327077631889129],[32.314468316146019,30.326744452296442],[32.315803150027932,30.32607292244661],[32.315526500584248,30.325956649334302],[32.315941838661601,30.325563210441704],[32.316157294534769,30.325734377868145],[32.316407426177115,30.325497430554897],[32.315229054893649,30.324561271201283],[32.315157682057688,30.324504567986622],[32.31506664289391,30.324407418848129],[32.314669507315379,30.323983621018698],[32.313674531513868,30.322921830116066],[32.313514614435547,30.322751174806392],[32.313376251161337,30.322603518721266],[32.313345003865706,30.322570173112119],[32.313205837827972,30.32242165897804],[32.313115393083876,30.322325138768147],[32.312510902917289,30.321680028383511],[32.311640369320408,30.320750986085891],[32.310977976557055,30.321295670429492],[32.309972369560761,30.322122564996491],[32.309948873471853,30.322130134167452],[32.309925251504993,30.322137402490103],[32.309901508778132,30.322144368392564],[32.309877650435567,30.322151030365216],[32.309853681646423,30.322157386962626],[32.309829607603788,30.32216343680992],[32.309805433523401,30.322169178595171],[32.309794119228904,30.32217175205475],[32.309782785639449,30.322174258635073],[32.309771431714957,30.32217669833069],[32.309760058508218,30.322179069342344],[32.309748667059374,30.322181371675505],[32.309737258395955,30.322183607140406],[32.309725831490482,30.322185773926829],[32.309714388410605,30.32218787385046],[32.309702928135181,30.322189904198723],[32.309691452731855,30.322191866787339],[32.309679961160498,30.322193761610762],[32.309668455514085,30.322195586875313],[32.309656935779955,30.322197344385671],[32.309645401970805,30.322199032337114],[32.30963385616058,30.322200651642998],[32.309622296269055,30.322202202292324],[32.309610725416647,30.322203684301567],[32.309599142563229,30.322205097665236],[32.309587548755317,30.322206441486447],[32.309575945026715,30.322207716673052],[32.309564331390114,30.322208921420362],[32.309552708873014,30.322210057538538],[32.309541076435295,30.322211125022115],[32.309529437203729,30.322212122985189],[32.309517789098052,30.322213051416771],[32.309506135238713,30.32221391033336],[32.309494473545442,30.322214699723961],[32.309482806098551,30.322215419599551],[32.30947697054161,30.322215744334297],[32.309471133938182,30.32221606996562],[32.30945945705804,30.322216651724521],[32.309453616787664,30.322216906949741],[32.309447775470801,30.322217163071546],[32.309436089176494,30.322217604006706],[32.309430244186416,30.322217790624748],[32.309424400242762,30.322217976345655],[32.309412708682274,30.322218278283735],[32.30940101448239,30.3222185116256],[32.309389182413263,30.3222186774621],[32.30937734876391,30.322218772000838],[32.309365513540705,30.322218794339449],[32.309353679851398,30.322218746299086],[32.309341846668559,30.32221862606961],[32.309328714454146,30.32221840957105],[32.309315584555449,30.322218105199589],[32.309302457753773,30.322217712975718],[32.309289334830048,30.322217232921297],[32.309276216565145,30.322216665064136],[32.309263103739546,30.322216009441153],[32.309249997133634,30.322215266089042],[32.309244077025099,30.322214891921409],[32.30923815899687,30.322214517764518],[32.309232241215618,30.322214108415647],[32.309226326554814,30.322213699083001],[32.3092145008603,30.322212808245308],[32.309202682947131,30.322211846159288],[32.309190872815343,30.322210812824903],[32.309179070464971,30.322209708242212],[32.309163910479299,30.322208183541026],[32.309148766898957,30.322206540717321],[32.309133640947145,30.322204779904695],[32.309118533845094,30.322202901245671],[32.309103446812848,30.322200904889765],[32.309088381068847,30.322198791002101],[32.309073337829304,30.322196559749358],[32.309071667334877,30.322196306081636],[32.309069997237685,30.322196050450593],[32.309068327540984,30.322195792859517],[32.309066658247716,30.322195533307902],[32.309064989360984,30.322195271795739],[32.309063320883872,30.322195008323607],[32.309061652819402,30.32219474289224],[32.309059984524055,30.322194479551513],[32.309058316658842,30.322194214167748],[32.309056649226903,30.322193946743447],[32.309054982231686,30.322193677277014],[32.309053315676572,30.322193405769539],[32.309051649564815,30.322193132222672],[32.30904998389957,30.322192856635496],[32.309048317687697,30.322192583326686],[32.309046651928263,30.322192307949656],[32.309044986624613,30.322192030506368],[32.309043321780166,30.322191750996339],[32.309041657398339,30.322191469419575],[32.309039993482514,30.322191185777697],[32.309038330036046,30.322190900071256],[32.309036666044065,30.322190616714575],[32.309035002531061,30.322190331247096],[32.309033339500637,30.322190043672673],[32.309031676956366,30.322189753989672],[32.309030014901651,30.322189462200289],[32.309028353340047,30.322189168305037],[32.309026692275296,30.322188872302696],[32.309025030628291,30.322188579115007],[32.309023369494312,30.322188283746065],[32.309021708876884,30.322187986200415],[32.309020048780212,30.322187686475388],[32.309018389207843,30.322187384572082],[32.309016730163492,30.322187080493183],[32.309015071651174,30.322186774237633],[32.309013412201352,30.322186471201118],[32.309011753298002,30.32218616591917],[32.309010094945613,30.32218585839399],[32.309008437147895,30.322185548626152],[32.309006779908884,30.322185236615667],[32.309005123232758,30.322184922364158],[32.309003467123532,30.322184605870596],[32.309001810190288,30.322184293012899],[32.309000153829771,30.322183977878758],[32.308998498046456,30.322183660471406],[32.308996842844238,30.322183340790325],[32.308995188227435,30.322183018836629],[32.308993534200084,30.322182694611929],[32.308991880766349,30.322182368114923],[32.308990226363242,30.32218204524818],[32.308988572555087,30.322181720095156],[32.308986919346083,30.32218139265721],[32.308985266740422,30.322181062934892],[32.308983614742417,30.322180730928217],[32.308981963356253,30.322180396639929],[32.308980312585987,30.322180060068277],[32.30897453649969,30.322178877210547],[32.308972009430612,30.322178354916147],[32.308968762582467,30.322177681730672],[32.308967172357853,30.322177351422933],[32.308965582750183,30.322177018887199],[32.308963993763896,30.322176684123686],[32.308962405402994,30.322176347135095],[32.308960817671533,30.322176007919275],[32.308959230573969,30.322175666480046],[32.308957644113946,30.322175322817028],[32.308957232829719,30.3221752340154],[32.308955703976416,30.32217490684566],[32.308954175732147,30.322174577539506],[32.308952648100821,30.322174246101252],[32.308951121086508,30.322173912529312],[32.308949594692884,30.32217357682585],[32.308948068924309,30.322173238991446],[32.308946543784273,30.322172899026615],[32.308945723327788,30.322172716922545],[32.308944255837559,30.322172393560141],[32.308942788949381,30.32217206814725],[32.308941322667209,30.32217174068721],[32.308939856994769,30.32217141117842],[32.308938391935783,30.322171079620905],[32.308936927494265,30.322170746018472],[32.30893546367372,30.322170410370415],[32.308932007517662,30.32216962302801],[32.308928553556669,30.322168828467543],[32.308925101810885,30.322168026696254],[32.308921652300292,30.322167217716959],[32.308918205045011,30.322166401534055],[32.30891476006483,30.322165578153573],[32.308911317379888,30.322164747579052],[32.308899893048299,30.322161952095396],[32.308888492081678,30.322159088152951],[32.308877113439941,30.322156155746285],[32.308865758175898,30.322153153076176],[32.308854427310699,30.322150082855153],[32.308843121890838,30.322146944186418],[32.30883184295012,30.322143737977783],[32.308820588420993,30.322140462413579],[32.308809361411178,30.322137119314991],[32.308798161933389,30.322133706877338],[32.308786988928475,30.322130227802194],[32.308775845516891,30.322126682106013],[32.308764729631044,30.322123067973148],[32.308753643338541,30.322119387219285],[32.30874258768587,30.322115638947572],[32.308731561613925,30.32211182585959],[32.308720566188178,30.32210794435143],[32.308717220431745,30.322106750592646],[32.308713878022836,30.322105549796948],[32.308710538981089,30.322104341971869],[32.308707203326307,30.322103127123441],[32.308703871077803,30.322101905259309],[32.308700542255501,30.322100676388704],[32.308697216878713,30.322099440514776],[32.308695864914611,30.322098940623658],[32.308694513893919,30.322098438815008],[32.308693163820067,30.322097935093318],[32.308691814696935,30.322097429458097],[32.308690466528077,30.322096921910418],[32.308689119317044,30.322096412452996],[32.308687773067213,30.322095901085966],[32.308686684814667,30.322095490164166],[32.308685285100623,30.32209496239081],[32.308683886362772,30.322094432671882],[32.308682488604838,30.322093901009975],[32.308681091830522,30.32209336740674],[32.308679696043079,30.322092831862161],[32.308678301246523,30.322092294380059],[32.308676907444038,30.322091754959164],[32.308676184398941,30.322091476813103],[32.30867473713289,30.322090920969472],[32.308673290909553,30.322090363085461],[32.30867184573296,30.322089803165227],[32.308670401606697,30.322089241208278],[32.308668958534604,30.322088677216776],[32.308667516520721,30.322088111192333],[32.308666075568567,30.322087543135758],[32.308665715618922,30.322087402266245],[32.308664221138962,30.322086817757675],[32.308662727755902,30.322086231140151],[32.308661235473998,30.322085642420028],[32.30865974429684,30.322085051595675],[32.308658254228583,30.322084458669298],[32.308656765273241,30.322083863643577],[32.30865527743444,30.322083266518131],[32.308653736377835,30.322082652749369],[32.308652196459491,30.32208203683367],[32.308650657683373,30.32208141877253],[32.308649120053644,30.32208079856866],[32.308647583574192,30.322080176222109],[32.308646048248995,30.322079551736639],[32.308644514081834,30.322078925111771],[32.308642978026718,30.322078301782536],[32.308641443099653,30.322077676365375],[32.308639909304318,30.3220770488619],[32.308638376644751,30.322076419273731],[32.308636845124489,30.322075787601971],[32.308635314747406,30.322075153848246],[32.308633785517102,30.322074518014318],[32.30863225476039,30.322073885389564],[32.308630725120842,30.322073250731776],[32.30862919660207,30.322072614046775],[32.308627669207958,30.322071975334037],[32.308626142941762,30.322071334593577],[32.308624617807332,30.3220706918292],[32.308623093807824,30.322070047041532],[32.308621568002863,30.322069404826937],[32.308620043321547,30.322068760606204],[32.308618519767514,30.322068114381963],[32.308616997344004,30.322067466155843],[32.308615476054889,30.322066815927847],[32.308613955903262,30.322066163700697],[32.30861243689278,30.322065509475308],[32.308610916385895,30.3220648582307],[32.308609396991322,30.322064205033978],[32.308607878712486,30.322063549888529],[32.308606361552791,30.322062892794925],[32.308604845515326,30.322062233754252],[32.308603330603496,30.322061572768138],[32.308601816820563,30.322060909838466],[32.308600301790214,30.322060249003673],[32.308598787852205,30.322059586286436],[32.308597275009603,30.322058921690314],[32.308595763265679,30.32205825521368],[32.3085942526235,30.322057586860875],[32.308592743086166,30.322056916631372],[32.308591234656667,30.322056244527083],[32.308589724879099,30.322055574492307],[32.308588216198082,30.322054902599902],[32.308586708616794,30.322054228853371],[32.308585202138033,30.322053553252172],[32.308583696765027,30.322052875798484],[32.308582192500872,30.322052196495019],[32.308580689348304,30.322051515340359],[32.308579185226542,30.322050836188556],[32.308577682169947,30.322050155263838],[32.308576180181497,30.322049472567663],[32.30857467926382,30.32204878810164],[32.30857317941971,30.322048101865779],[32.30857168065176,30.322047413863881],[32.308570182963074,30.322046724093997],[32.308556731381515,30.322040469798139],[32.308543345128726,30.322034110886786],[32.30853002528567,30.32202764787321],[32.308516772928101,30.322021081279996],[32.308503589126325,30.322014411636722],[32.308490474944954,30.3220076394831],[32.30847743144281,30.322000765363793],[32.308467335516617,30.321995349359934],[32.30845728335575,30.32198987242959],[32.308447275448771,30.321984334843126],[32.308437312282052,30.321978736867194],[32.308427394339773,30.321973078774388],[32.308417522103895,30.321967360839984],[32.308407696054047,30.32196158334008],[32.307600128839695,30.321350216009062],[32.307039120664982,30.320925500711191],[32.305693112843528,30.319977938388398],[32.304828729436785,30.319426148300238],[32.304342161093579,30.319733645329375],[32.301878508829624,30.322314841854567],[32.298540567243236,30.325998668574773],[32.29849008408511,30.326054382564514],[32.298422783056559,30.326013581311805],[32.298198448386813,30.325877583517091],[32.296401708597507,30.324788325641091],[32.296203980614372,30.324668453284684],[32.296380487074231,30.324525857225893],[32.299823610382127,30.321744114922826],[32.300213016504223,30.321330917230135],[32.303389623488265,30.317960090101522],[32.306595663377458,30.314374354530983],[32.301372762067302,30.310820452756253],[32.300565873486931,30.310386676891827],[32.299471695643405,30.309798446394165],[32.300104327655866,30.308912568337579],[32.297189452709382,30.307345453368022],[32.29760988740324,30.306756729770225],[32.296759720668838,30.30604315021322],[32.296350572168301,30.306410138150333],[32.292656564485164,30.304135328976315],[32.291537312414889,30.303898073970331],[32.29054710636801,30.303688167394444],[32.290360139703985,30.303696145873296],[32.290173649553992,30.303710154601564],[32.289987896023248,30.303730173334952],[32.289803139269523,30.303756174611813],[32.289619638476445,30.303788121942844],[32.289437648734001,30.303825969793973],[32.289257426218867,30.303869666321827],[32.289183295648542,30.303880059797166],[32.289108382260821,30.303884646642565],[32.289033294717022,30.303883390458846],[32.288958644472842,30.303876299982647],[32.288885036385764,30.303863433547324],[32.288813069767592,30.303844897283735],[32.288743329070066,30.303820838752983],[32.288676380699506,30.303791455952769],[32.288612769974833,30.303756986471974],[32.28855301381504,30.303717711962815],[32.288497598724376,30.303673949105722],[32.288446971387145,30.303626055874645],[32.288191985028909,30.303447952368231],[32.28793326589652,30.303273906837614],[32.287670898828566,30.30310397837772],[32.28740497595404,30.302938224318702],[32.287294310717954,30.302871870271012],[32.287135583186348,30.302776698347785],[32.286862811623365,30.302619455985539],[32.286584800459622,30.302481619158218],[32.285586537387921,30.302368630477165],[32.276354071633698,30.301323645839734],[32.16745785937637,30.30985259630766],[32.16733264085024,30.309862402331802],[32.167276983529277,30.309866762100871],[32.167051836741891,30.309884395165163],[32.166926622296742,30.309894201727932],[32.085504399344721,30.316270851078457],[32.079995191063254,30.316702294112332],[32.072540721760689,30.316696070876045],[32.071368411917149,30.31675622447413],[32.070195722039003,30.316810561772929],[32.069022688760313,30.316859080318771],[32.067849352858381,30.316901779493563],[32.066675751999149,30.316938657756147],[32.065501923848743,30.316969713566639],[32.064327909193437,30.316994945408844],[32.06315374567388,30.31701435445262],[32.061979472013633,30.317027937365065],[32.060805127933406,30.317035695333701],[32.059630752122445,30.3170376286376],[32.058456381215763,30.317033734835412],[32.057282057005324,30.317024016036054],[32.056107817140131,30.317008472515287],[32.054933699269043,30.316987104550268],[32.053759743129483,30.316959911532216],[32.052585987383978,30.316926896455385],[32.05141247072951,30.316888058706258],[32.050239231836763,30.316843400379586],[32.049066310416094,30.316792923579026],[32.047893743083648,30.316736627680065],[32.046721571602966,30.316674517511178],[32.045516523870852,30.316604577200167],[32.044311975591441,30.316528489830564],[32.043107968562417,30.316446258431959],[32.041904545612113,30.316357886945426],[32.040701750634625,30.316263376614248],[32.039499622288275,30.316162732254334],[32.038298203417114,30.3160559560067],[32.037097536838097,30.315943052720726],[32.035897664345043,30.315824025435131],[32.034698627713389,30.315698878994709],[32.033500469757698,30.315567618253368],[32.03230323019833,30.315430245336682],[32.031106951821577,30.315286767808413],[32.029911676408247,30.315137189616973],[32.028717446769356,30.314981515622314],[32.02752430362608,30.314819751572685],[32.026332287707447,30.314651902315493],[32.025141442843619,30.314477974527371],[32.02395180870365,30.314297974855464],[32.02276342809332,30.314111908167046],[32.021576341710464,30.313919782022158],[32.020390591318602,30.313721601283184],[32.019206217595183,30.313517375317563],[32.018023264372175,30.313307109908465],[32.016841770262495,30.313090812606006],[32.015661778037554,30.312868490992901],[32.014483327356565,30.312640151727571],[32.013306460970149,30.312405804200175],[32.012131219565624,30.312165455981948],[32.010957643819808,30.311919115547902],[32.009785775457047,30.311666790479883],[32.008615654083982,30.311408491954573],[32.007447321430973,30.311144226654289],[32.006280818159603,30.310874003961661],[32.005116185951529,30.31059783507316],[32.003953464452472,30.310315726659358],[32.002792693242625,30.310027691708083],[32.001633915075004,30.309733737818579],[32.000477169544546,30.309433876176666],[31.999322497293488,30.309128117075247],[31.998169936873264,30.30881647169473],[31.997019531002262,30.308498950346429],[31.995871319277299,30.30817556331905],[31.994725340235043,30.307846322699081],[31.993581634489953,30.307511240590181],[31.992440242673002,30.307170327292745],[31.991301206434606,30.306823594920978],[31.990164561174602,30.306471056444444],[31.989030350628344,30.306112723093545],[31.987898611231458,30.305748607848187],[31.986769386705852,30.305378722843507],[31.985642711384592,30.305003082850163],[31.984518627964025,30.304621698193017],[31.98339717493235,30.304234583677275],[31.982278390794189,30.303841752304621],[31.981162315091794,30.303443217086038],[31.980048987346485,30.303038992838101],[31.978938446037429,30.302629094370403],[31.977830729669524,30.302213533786841],[31.976725877738431,30.301792327711787],[31.975659077391395,30.301379208389573],[31.974595033194898,30.300960826045326],[31.973533777401673,30.300537191828742],[31.972475346384037,30.300108320532154],[31.971419775472267,30.299674226940592],[31.970367097924274,30.299234924921411],[31.969317348045045,30.298790427448658],[31.968270561148824,30.298340750212287],[31.96722676944718,30.297885907073923],[31.966186010329402,30.297425913741613],[31.965148315993066,30.296960784980946],[31.964113720722519,30.296490534672394],[31.963082257722121,30.296015180298149],[31.962053961271582,30.29553473574029],[31.961028865629345,30.295049216686269],[31.960007002952921,30.294558640612294],[31.958988408564299,30.294063020508741],[31.957973113557454,30.293562375649614],[31.956961152190821,30.293056720823035],[31.955952558701313,30.292546072622414],[31.954947365243989,30.292030447625304],[31.953945603961877,30.291509863312232],[31.952947309094125,30.290984335376397],[31.951952511729562,30.290453882193592],[31.950961245062697,30.28991851945004],[31.949973542247143,30.289378266441751],[31.946855560550549,30.287898742063597],[31.943740940732706,30.286413927218227],[31.940629693484368,30.284923825850111],[31.93752183052381,30.28342844281514],[31.934417365616689,30.281927785693686],[31.931316308406409,30.28042185842417],[31.928218672672735,30.278910666784117],[31.925124469064087,30.277394217428792],[31.922033710324985,30.275872515226634],[31.921807525006852,30.275760647909799],[31.921685595662449,30.275700345264955],[31.918946407128139,30.27434556412765],[31.915862571143677,30.272813371700074],[31.912782217177181,30.271275943734391],[31.909705353814431,30.269733284165607],[31.906631993756772,30.268185400573039],[31.903562149732583,30.266632297830025],[31.90049583237872,30.265073981695615],[31.897433054418268,30.263510457044735],[31.894373826462513,30.261941731442388],[31.891318161239177,30.260367808862824],[31.888266069364185,30.2587886959702],[31.885217563539573,30.257204398544825],[31.882172654385915,30.255614922350041],[31.879131356678304,30.25402027318545],[31.876093676874703,30.252420456780293],[31.873059631823203,30.250815478953506],[31.87002922900534,30.249205346346756],[31.867002483184976,30.247590064762722],[31.863979402898163,30.245969639048781],[31.860960002892785,30.244344075911407],[31.857944292728288,30.242713381110562],[31.854932285068422,30.241077561336194],[31.851923990516742,30.239436621456314],[31.848919421720883,30.237790569064568],[31.845918588250289,30.236139408118895],[31.842921503775429,30.234483147125736],[31.839928178899381,30.232821790053503],[31.836938625229834,30.231155343587137],[31.833952853332587,30.229483814403086],[31.830970875859297,30.227807208294625],[31.79951379788977,30.209674965648073],[31.785253671900392,30.201454154081375],[31.778190046142921,30.197381795101894],[31.777714596447257,30.19705436962132],[31.777243452407731,30.196722327480941],[31.776776671694545,30.196385710772265],[31.776314312980258,30.196044564303442],[31.775856438095133,30.195698929303109],[31.775403102590083,30.195348850550999],[31.774954366167705,30.194994372865828],[31.774510283345709,30.194635540115822],[31.774070913787433,30.194272399826826],[31.773912430751732,30.194153531913631],[31.773757610078139,30.194031109490375],[31.773606562910786,30.193905216623911],[31.773459389972182,30.193775939990736],[31.773316194037871,30.193643368091333],[31.773177072632528,30.193507593888754],[31.773032804591509,30.19335884277999],[31.772893429532648,30.193206647087962],[31.772759055023631,30.193051126942358],[31.772629788596266,30.192892405179432],[31.772505730476247,30.192730607273791],[31.772386980853444,30.192565861406496],[31.772273632634114,30.192398296592344],[31.772243117757203,30.192244698450246],[31.772219663165831,30.19209017744971],[31.772203308432069,30.191934973984569],[31.772194078542221,30.191779331920273],[31.772191986007911,30.191623495906732],[31.772197036070487,30.19146771052457],[31.77220921943114,30.191312220217132],[31.772228518505106,30.191157267544444],[31.772254901134431,30.191003097635885],[31.77228832897525,30.190849951952568],[31.772328746051233,30.190698069984769],[31.772376090167079,30.190547690261226],[31.772430288765587,30.190399049408033],[31.77249125479592,30.190252380305346],[31.772558891906769,30.19010791213616],[31.772705783650689,30.190012092290534],[31.772856382710277,30.189920672447666],[31.773010511196148,30.189833759210615],[31.77316798922228,30.189751452847911],[31.77332863381147,30.189673851795149],[31.773492253769472,30.18960104719315],[31.773658660070595,30.189533122985086],[31.773827657504349,30.189470159447794],[31.773999047835684,30.189412229612056],[31.774172631859749,30.189359401086534],[31.774323595986957,30.189318074990826],[31.774475903010991,30.189280607910923],[31.774629419575863,30.18924703378736],[31.774784013454205,30.189217379353167],[31.775585595716532,30.1890366665335],[31.776388907315766,30.18886178042272],[31.777193890071203,30.188692733082135],[31.778000486853141,30.188529535681859],[31.778808640521966,30.188372200295632],[31.779618296027543,30.188220738115653],[31.780429394177776,30.188075159394561],[31.781241878886249,30.187935475317651],[31.782055690974186,30.187801695238146],[31.782870775418026,30.187673828549311],[31.783687074079545,30.187551884616791],[31.78450452779396,30.187435871895847],[31.785323081562677,30.187325797979394],[31.786142674145523,30.187221671306308],[31.786963251584091,30.187123499481949],[31.787784753711467,30.187031288250981],[31.788607122416447,30.186945045183137],[31.789430300638074,30.18686477695702],[31.790254229260992,30.186790488428993],[31.791078851247416,30.186722184476054],[31.791904107471982,30.186659870859682],[31.792729940908913,30.186603551557514],[31.793556291428146,30.186553229617722],[31.794383103032164,30.186508909932613],[31.795210315591586,30.186470595553264],[31.796037871065341,30.186438288649082],[31.796865711423511,30.186411990488732],[31.797693778592464,30.186391705951205],[31.799804723106163,30.186564896117197],[31.801915202428656,30.186742270202259],[31.804025206436553,30.186923828140717],[31.806134721879662,30.187109570741381],[31.806296190097303,30.187090263320989],[31.806456583833661,30.187065134865897],[31.806615620007278,30.187034229725096],[31.806773021660266,30.186997601328049],[31.806928513793427,30.186955313048983],[31.807081823344749,30.186907440011428],[31.807232682348776,30.186854065507468],[31.80738082478851,30.186795283676137],[31.807525994936704,30.186731196872103],[31.807667935910121,30.186661917366255],[31.807806400066166,30.186587566537735],[31.807941145898194,30.186508273943357],[31.808071935936805,30.186424179103096],[31.808198541986165,30.186335427938172],[31.808320742992684,30.186242177263356],[31.808438324071666,30.186144589363842],[31.80855107957959,30.186042835632687],[31.808658814174379,30.185937094775277],[31.808761336616669,30.18582755004622],[31.808858466974542,30.185714394728571],[31.808950038776473,30.185597825836862],[31.809035888571586,30.185478048534005],[31.809115867418708,30.185355270821365],[31.809189834578959,30.185229709797881],[31.809257661767557,30.185101583577389],[31.809319228934299,30.184971116664368],[31.80937442947792,30.184838538196487],[31.809423165085661,30.184704079190556],[31.809465351931863,30.184567975305978],[31.809500916534351,30.184430465904452],[31.80827777884792,30.176769660306782],[31.807001716891197,30.168776738666942],[31.838447162900113,30.167051155726984],[31.833485116099922,30.155429873774246],[31.832062148799512,30.152096718510691],[31.826946819589448,30.140116210644031],[31.825677134548446,30.137142282120713],[31.825705312689649,30.137119874433065],[31.825725210187244,30.137103982512279],[31.825730268915315,30.137099937734462],[31.825735325600981,30.137095891027361],[31.825740380243378,30.13709184239352],[31.825745432841273,30.137087791832386],[31.825750483393907,30.137083739342888],[31.825755531900299,30.137079684929841],[31.825760578359372,30.13707562859047],[31.826132887321982,30.136767607063184],[31.826494716782463,30.136450291837971],[31.826845759861477,30.136123952125374],[31.827185718839473,30.135788864786051],[31.827514305409384,30.135445314101975],[31.827831240921078,30.135093591532009],[31.828136256617189,30.134733995463275],[31.828143123936691,30.134725644698651],[31.828149984566192,30.134717289780276],[31.828156838502629,30.134708930713089],[31.828163685742403,30.134700567500843],[31.828170526282538,30.13469220014672],[31.828177360119536,30.1346838286577],[31.828184187249889,30.134675453034141],[31.828193105064276,30.134664496989242],[31.828202011883278,30.134653534188551],[31.828210907700239,30.134642564642352],[31.828219792508275,30.134631588357571],[31.828228666300934,30.134620605342786],[31.828237529071313,30.134609615607054],[31.828246380812516,30.134598619156488],[31.82826820278077,30.134571419533493],[31.828286330758136,30.13454872758328],[31.828304411657861,30.134526007275433],[31.828322445421502,30.134503258683985],[31.828340431990352,30.134480481883212],[31.828358371306351,30.134457676944677],[31.82837626331089,30.134434843945876],[31.828394107946,30.134411982958763],[31.828415487065968,30.134384476167941],[31.828436796337808,30.134356928472776],[31.828458037227218,30.134329340907769],[31.8284792096354,30.13430171360422],[31.828500313464239,30.134274046686631],[31.828521348615684,30.134246340286442],[31.828542314991719,30.134218594532438],[31.828563212495229,30.134190809551047],[31.828572148092835,30.134178890037767],[31.828581070737748,30.134166963196101],[31.828589980421697,30.134155029037512],[31.828598877137139,30.134143087571051],[31.828607760875915,30.134131138807415],[31.82861663163013,30.134119182760006],[31.82862548939179,30.134107219436228],[31.829002541511244,30.133573946729893],[31.829354232323968,30.133027739281903],[31.829679975871084,30.13246950778165],[31.829979229483488,30.131900182947067],[31.83025149468439,30.131320713979935],[31.830496318018955,30.130732066979711],[31.830713291806006,30.130135223329034],[31.83071789821388,30.130121571754255],[31.830722489793658,30.130107916404128],[31.830727066541204,30.130094257293408],[31.830731628452526,30.13008059443337],[31.830736175523633,30.130066927834722],[31.830740707750333,30.130053257513033],[31.83074522512873,30.13003958347678],[31.830755710392484,30.130007663459068],[31.830766116492146,30.129975723873038],[31.830776443379229,30.129943764867892],[31.830786691005983,30.129911786590057],[31.830796859325073,30.129879789190806],[31.83080694828903,30.129847772817641],[31.830816957851059,30.129815737618394],[31.830821222294915,30.129802002315635],[31.830825472073801,30.129788263577378],[31.830829707183955,30.129774521417794],[31.830833927621853,30.129760775848155],[31.830838133383804,30.129747026880249],[31.830842324466271,30.12973327452535],[31.830846500865459,30.129719518795756],[31.830877530454888,30.12968761514735],[31.830908446133741,30.129655628055168],[31.830939247605052,30.129623557828072],[31.830969934573222,30.129591404771709],[31.831000506743475,30.129559169197623],[31.831030963822332,30.129526851414692],[31.83106130551705,30.129494451731553],[31.831150414302918,30.12939810032638],[31.831238501941801,30.129301042073415],[31.831325561016083,30.12920328515132],[31.831411584194495,30.129104837793104],[31.831496564233465,30.129005708293356],[31.831580493977043,30.128905905003844],[31.831663366358175,30.12880543632955],[31.832026470818072,30.128340949464288],[31.832366895450129,30.127863661446529],[31.832684044167344,30.127374408464384],[31.832977361685682,30.126874047652397],[31.833246334496629,30.126363455597943],[31.833490491763403,30.125843526797684],[31.833709406144589,30.125315172089689],[31.83391590950108,30.124739576084089],[31.834092456887777,30.124156496634498],[31.83423869232929,30.123567111153108],[31.834354321076468,30.122972609761941],[31.834439110197586,30.12237419289297],[31.834492889044313,30.121773068866684],[31.834515549591245,30.121170451443191],[31.834515759660011,30.121151284482085],[31.83451593821329,30.121132117278997],[31.834516085251206,30.121112949874675],[31.834516200773177,30.121093782306218],[31.834516284779227,30.121074614612354],[31.834516337268862,30.121055446836642],[31.834516358242233,30.121036279012603],[31.834514000060224,30.120801939397776],[31.834506927396184,30.120567671478074],[31.834495142447302,30.120333546929501],[31.834478648852372,30.120099637380861],[31.834457451691176,30.119866014394141],[31.83443155748181,30.119632749447366],[31.834400974179612,30.119399913902107],[31.834377441524392,30.119241461493903],[31.834351737903141,30.119083264205941],[31.834323866978806,30.118925344519376],[31.83429383272221,30.118767724872157],[31.834261639411253,30.118610427662322],[31.834227291630988,30.118453475241633],[31.834190794272079,30.118296889910692],[31.834144032035262,30.118174502630687],[31.834094859913755,30.118052831293745],[31.834043292409255,30.117931911766274],[31.833989344729765,30.117811779684228],[31.833933032784341,30.117692470454639],[31.833874373178418,30.117574019244845],[31.833813383209467,30.117456460963293],[31.833569724512444,30.117033571899551],[31.833296123306521,30.116624757831037],[31.83299365101249,30.116231619120526],[31.83266349202983,30.115855694745161],[31.832306939096281,30.115498456278303],[31.831925388224974,30.115161302130748],[31.831520333236767,30.114845552075408],[31.831093359912305,30.114552442087763],[31.830646139784179,30.11428311950894],[31.830180423593408,30.114038638557538],[31.829698034438621,30.113819956201535],[31.829200860641372,30.113627928422289],[31.828690848357351,30.113463306856158],[31.828476543505463,30.113403196979032],[31.828260530054681,30.113347903035812],[31.828042951155105,30.113297461671781],[31.827823950993658,30.113251906309802],[31.827603674697965,30.113211267137196],[31.827382268241241,30.113175571085566],[31.827159878344428,30.113144841806708],[31.82708676577073,30.113130365384993],[31.827013544860716,30.113116308970675],[31.826940218806683,30.113102673179021],[31.826866790805003,30.113089458602595],[31.826793264056395,30.113076665816241],[31.826719641766218,30.113064295381434],[31.826645927143701,30.113052347832934],[31.826649256498598,30.112770662720841],[31.826657332827846,30.112087248225524],[31.826693572059281,30.109020984563386],[31.825293812407967,30.10900847338533],[31.823850211919151,30.097323855137315],[31.811124269988589,30.098509048328278],[31.811124198221464,30.098508281583438],[31.809225888905235,30.098684956416168],[31.809225962614029,30.098685733105242],[31.803886608055539,30.099182542080573],[31.802800083089551,30.099283612387122],[31.802800003094447,30.099283017010276],[31.802710683144785,30.099291329366569],[31.802621406806665,30.099299638449942],[31.802621446387167,30.099300228946795],[31.802513491384953,30.099310270765319],[31.801699877811096,30.099385946617087],[31.801699796044741,30.099385412583242],[31.801340013745499,30.099418897482767],[31.801287106692421,30.099423822517686],[31.801099624006714,30.099441274872717],[31.796435370072981,30.099875370975777],[31.795385392820197,30.099973091544417],[31.777660200824144,30.101622793681411],[31.777478287819445,30.101639724372927],[31.777040299392109,30.101680487825615],[31.774381935807057,30.101927902059888],[31.772811598691256,30.102074053733975],[31.77263297773003,30.10209067817636],[31.772454323479405,30.102107304770541],[31.768908324519995,30.102437330371057],[31.766920571622574,30.102622328425969],[31.752566204759948,30.103958307092313],[31.751740555515674,30.104035151133342],[31.751656343916824,30.104042988068485],[31.746995505245383,30.104476774054316],[31.746786061328486,30.104496267032406],[31.746580383775225,30.10451540941261],[31.739899788299205,30.105137170318624],[31.738455752604676,30.105271566421422],[31.73827916305985,30.105307433721151],[31.738095333193002,30.105364629793318],[31.737911357478882,30.105421470480461],[31.737727236826753,30.10547795550535],[31.737542972146805,30.105534084585187],[31.737358564349471,30.105589857443121],[31.737174014346383,30.105645273806051],[31.736989323049233,30.105700333397106],[31.736573552917221,30.105822826326925],[31.736157083499553,30.105943511246899],[31.735739925201646,30.106062385144497],[31.735322088446377,30.10617944504563],[31.734903583673297,30.106294688028669],[31.734484421339197,30.106408111214748],[31.734064611917237,30.106519711767017],[31.734052633677997,30.106522867085616],[31.734040654921444,30.106526020919368],[31.73402867564781,30.106529173271205],[31.734016695857459,30.106532324137376],[31.73400471555053,30.106535473518957],[31.733992734727305,30.10653862141864],[31.733980753388082,30.106541767832194],[31.732775840674957,30.106849925902264],[31.731565983381884,30.107143083107378],[31.730351428688525,30.10742117956362],[31.729132424740225,30.107684158462835],[31.727909220597077,30.107931966085115],[31.726682066182516,30.108164551812301],[31.725451212232663,30.108381868133236],[31.724542784811231,30.108557348979623],[31.723413902166442,30.108774071490927],[31.72228089983799,30.10897389181784],[31.721144112752757,30.109156750909229],[31.720003876961982,30.109322594721412],[31.718860529540574,30.109471374246365],[31.717714408488,30.109603045517268],[31.716565852627085,30.109717569626412],[31.716207558982479,30.109757997503227],[31.71584903122692,30.109796825545445],[31.71549027881634,30.109834052731316],[31.715131311212232,30.109869678078937],[31.714772137882086,30.109903700649056],[31.714412768298875,30.109936119547196],[31.714053211940282,30.109966933914446],[31.713499082574405,30.110011254699057],[31.712944567335899,30.110051764969171],[31.712389700910165,30.110088462195218],[31.711834518004473,30.110121344082835],[31.711279053346189,30.110150408575617],[31.710723341680374,30.110175653860477],[31.710167417767231,30.11019707835656],[31.709148337451445,30.110353548532014],[31.70910709396842,30.11036020121098],[31.709066693800203,30.110366649215511],[31.709026233223081,30.110373033450539],[31.708986087650985,30.110379296247594],[31.708945910773252,30.110385491952048],[31.708905424920925,30.1103916638532],[31.708865073112182,30.110397743217032],[31.708824706648407,30.110403752042448],[31.708784498142897,30.110409664956453],[31.708743932845834,30.110415559913005],[31.708703505755341,30.110421361470959],[31.708663105589306,30.110427087485242],[31.708622673092254,30.110432745494272],[31.708582330937997,30.110438319559908],[31.708541777613313,30.110443850931755],[31.708501292804282,30.110449300852572],[31.708460711196928,30.110454692059722],[31.708420315578877,30.110459986729133],[31.708379807573415,30.110465224336263],[31.708339315066489,30.110470387189732],[31.708298681069223,30.110475496303902],[31.708258211187399,30.110480514981699],[31.70821765598134,30.110485470546895],[31.708177149504618,30.110490349880628],[31.708136476620886,30.110495176132122],[31.70809578699647,30.110499932726775],[31.70805532488275,30.110504592290233],[31.708014715064678,30.110509197150659],[31.707974094755979,30.110513730611089],[31.707933435879639,30.110518196906959],[31.707892627223689,30.110522608479116],[31.707852171830808,30.110526909820265],[31.707811511577216,30.110531162212123],[31.707770852260069,30.110535342414064],[31.707730160613767,30.110539454610411],[31.707689471979542,30.110543494637231],[31.707648772831881,30.110547465068432],[31.707608065269831,30.110551364119996],[31.707567364882713,30.110555190140673],[31.707526623829885,30.110558950780643],[31.707485890989901,30.110562638399905],[31.707445148698117,30.110566254629326],[31.707404519546465,30.110569789847382],[31.707363655452774,30.110573274916998],[31.707322734125487,30.110576691735705],[31.707282100463345,30.110580014823515],[31.707241319168762,30.110583277794092],[31.707200595945153,30.110586464625374],[31.707159694948412,30.110589594651902],[31.707118787613748,30.11059265331911],[31.707078121165118,30.110595624111717],[31.707037303994802,30.110598532951752],[31.706996542808721,30.110601366534375],[31.706955605937093,30.110604142430155],[31.706914666890594,30.110606846105256],[31.706873971832046,30.110609462838987],[31.706833282888827,30.110612008336126],[31.706792282225152,30.110614502025463],[31.706751410245356,30.110616916661613],[31.706710545418851,30.110619260071292],[31.706669674267143,30.110621531219447],[31.706628909960493,30.110623726708877],[31.7065879264083,30.110625862277356],[31.706547033097827,30.110627922023586],[31.706505944433026,30.110629920279283],[31.706465249259246,30.110631827652728],[31.706424350417805,30.110633674356087],[31.706383449390898,30.110635449741043],[31.70635215878826,30.110636754010745],[31.706305277889065,30.110634847613788],[31.706248457432125,30.110632467020285],[31.70619177170294,30.110630021859286],[31.706135106587794,30.110627508299771],[31.706078438242766,30.110624924302225],[31.706021773908486,30.110622271742695],[31.705965113608602,30.110619548816672],[31.705908445928323,30.110616755411751],[31.705851806126685,30.110613893679982],[31.705795159970851,30.11061096238177],[31.705738651645031,30.110607967449578],[31.705681881815824,30.110604890510992],[31.705625233213368,30.110601749774816],[31.705568622867311,30.110598540814159],[31.705512002028552,30.110595261343949],[31.705455386251195,30.11059191241981],[31.705398775535382,30.110588494041775],[31.705342154338975,30.110585004251959],[31.705285572413747,30.110581448052454],[31.705228978958669,30.110577821333191],[31.7051725181108,30.110574133636096],[31.705115810347813,30.110570359563727],[31.705059217574586,30.110566522535219],[31.705002667186267,30.110562619127823],[31.704946104242751,30.110558644288222],[31.704889674921134,30.110554610285817],[31.704832999746376,30.110550488113457],[31.704776457179577,30.110546304963599],[31.704719921739393,30.110542053282654],[31.704663393449465,30.110537731266181],[31.704606942792314,30.110533345925706],[31.704550357224317,30.1105288807276],[31.704493835834317,30.110524349365779],[31.704437350604042,30.110519751563952],[31.704380859034302,30.110515083293599],[31.704324444060163,30.110510351689197],[31.704267898350249,30.110505538463478],[31.704211352527537,30.110500654830616],[31.704154968299346,30.110495715921012],[31.704098515539908,30.110490700515349],[31.704042070946187,30.11048561658901],[31.703985634541862,30.110480462337527],[31.703929129606681,30.110475231589881],[31.703872788318382,30.110469947390804],[31.703816377473533,30.110464585783131],[31.703759975844477,30.110459154762832],[31.703703583431331,30.110453654329962],[31.703647126638824,30.110448077441788],[31.703590824166014,30.110442446108188],[31.703534458351783,30.110436738329586],[31.703478177412943,30.110430969103938],[31.703421755398502,30.110425115447217],[31.703365418271467,30.110419199441282],[31.703309231301926,30.110413229851602],[31.703252772681793,30.110407161006627],[31.703196545066934,30.110401046594845],[31.703140167061278,30.110394845855094],[31.703083879096774,30.110388585524237],[31.7030277454529,30.11038227074879],[31.702971334994192,30.110375854861857],[31.702915077795051,30.11036938632456],[31.702858831877197,30.110362849297605],[31.702802451146916,30.110356225193836],[31.702789728640418,30.110355076296198],[31.702734190508746,30.110351560891871],[31.702678496948955,30.110348106189679],[31.702622796248054,30.110344721775128],[31.702567091519072,30.11034140767898],[31.70251137964874,30.110338163870477],[31.702455663738302,30.110334991282556],[31.702399941724,30.110331888992501],[31.702344215692928,30.110328856118588],[31.702288483545971,30.110325894444745],[31.702232746332509,30.110323003078989],[31.702177005090135,30.110320182031543],[31.702121258781027,30.110317431292202],[31.702065508430984,30.11031475177337],[31.702009753025759,30.110312141660376],[31.701953993579366,30.110309602767888],[31.701898230103474,30.110307134193679],[31.701842462597963,30.110304735937763],[31.701786691062729,30.110302408000123],[31.701730915497638,30.110300150380723],[31.701675136928497,30.110297963992068],[31.701619354329278,30.110295847921655],[31.70156356769985,30.110293802169476],[31.701507778077804,30.110291826745787],[31.701451985463038,30.110289921650573],[31.701396189843631,30.110288087786028],[31.701340390193554,30.110286324239727],[31.701284588588095,30.110284631032133],[31.701228783989436,30.110283008152962],[31.701172977435181,30.110281455612533],[31.701117166837964,30.110279974292478],[31.701061355322622,30.110278563321362],[31.701005540813604,30.110277222678704],[31.700949724348519,30.110275952374693],[31.700893904889512,30.110274752399114],[31.700838084500099,30.110273623674669],[31.700782262154249,30.110272565288895],[31.700726437851852,30.110271577241775],[31.700670611592773,30.110270659533295],[31.70061478440282,30.110269813075966],[31.700558956293662,30.110269036967523],[31.700503126227474,30.110268331197705],[31.700447295230056,30.110267696679013],[31.700391495493989,30.110267131925308],[31.700335630488233,30.110266637786083],[31.700279796731795,30.110266214314038],[31.700223962055443,30.110265861190868],[31.700168127484975,30.110265579329067],[31.700112292006157,30.110265366913918],[31.700056456621173,30.110265226662328],[31.700000621365319,30.110265155867658],[31.699944785188968,30.110265155421846],[31.699888949117895,30.110265226237367],[31.6998331142015,30.11026536742229],[31.699777278364241,30.110265578956039],[31.69972144368144,30.110265860859197],[31.699665610152959,30.11026621313173],[31.699609775691457,30.110266636655307],[31.699553943421733,30.11026713055854],[31.699498111256464,30.110267695723103],[31.699442280256861,30.110268330354803],[31.699390422907044,30.110268985363074],[31.695445312445923,30.11019194548722],[31.69428890712236,30.110169341250533],[31.694233599103246,30.110170462514546],[31.693521151146165,30.110154890275499],[31.693287129489498,30.110149774009813],[31.693279604963525,30.110149627864224],[31.674657686642494,30.109785988443122],[31.67439354945741,30.109780811649241],[31.673354591040873,30.109760443770245],[31.673334679462307,30.109764844504642],[31.671284033166547,30.109633877264908],[31.671222673616004,30.109636669005098],[31.67116133096291,30.109639728602058],[31.671100006754028,30.10964305598085],[31.671038702535423,30.109646651055503],[31.670977419852921,30.109650513735165],[31.670916160251622,30.109654643925239],[31.670854925276366,30.1096590415181],[31.670821560655277,30.109661551542377],[31.670788204062564,30.109664140973614],[31.670754855748104,30.109666809794597],[31.67072151596216,30.10966955798472],[31.670688184954241,30.109672385521787],[31.670654862974278,30.10967529238734],[31.67062155027212,30.109678278556327],[31.670569932980229,30.109683062268108],[31.670518339500301,30.109688036378767],[31.670466770761418,30.109693200801615],[31.670415227692278,30.109698555442304],[31.670363711220695,30.10970410020483],[31.670312222274536,30.109709834989403],[31.670260761780835,30.109715759691188],[31.669890746767184,30.109764079855019],[31.669836195239771,30.109772057325305],[31.669781685757417,30.109780249181199],[31.669727219434861,30.109788655258143],[31.669672797385569,30.109797275381926],[31.669618420722387,30.109806109377754],[31.66956409055701,30.109815157063899],[31.669509808000306,30.10982441825584],[31.669434756787908,30.109837588947865],[31.668701797953926,30.109988874241363],[31.667980938119271,30.110179096653692],[31.667274910711981,30.110407534870404],[31.666586392966838,30.110673322664397],[31.66591799578023,30.110975452179069],[31.665272253817879,30.111312777749777],[31.664651615908042,30.111684020239736],[31.664588562323907,30.111727974258287],[31.664525277262939,30.111771676121666],[31.664461762058849,30.111815124911494],[31.664398018050825,30.111858319709004],[31.664334046581928,30.111901259605677],[31.664269849000924,30.111943943695785],[31.664205426660725,30.111986371078395],[31.663492045202386,30.112430155441626],[31.66275411755214,30.112842491079089],[31.661993476174978,30.1132223539277],[31.661212010013905,30.113568800565353],[31.660411659794573,30.113880970553424],[31.659594413201216,30.114158088583995],[31.65876229993464,30.114399466398499],[31.649901627483597,30.116677661867953],[31.649343042088855,30.116882533391603],[31.64877088614551,30.117056819455737],[31.648187373136139,30.117199845807352],[31.647594760511286,30.117311059124617],[31.646995340949537,30.117390029166444],[31.646391433481622,30.117436450431327],[31.645785374512091,30.117450143342474],[31.645179508772681,30.117431054942475],[31.644576180244616,30.117379259099927],[31.643977723082717,30.117294956221535],[31.643386452578614,30.117178472472006],[31.642804656197033,30.117030258521709],[31.642234584719471,30.116850887788111],[31.634999236760397,30.115529630132926],[31.634868108167137,30.115505683917132],[31.634761249882583,30.115486170319539],[31.634461855185137,30.115431497313089],[31.629234909836995,30.114476983404462],[31.628208605192203,30.114369287704459],[31.627193392705031,30.114199843272701],[31.626194182151956,30.113969469647699],[31.625215805822698,30.113679281024641],[31.624262995126504,30.113330680862546],[31.623340357689123,30.112925355092504],[31.622452355052889,30.11246526394735],[31.616041580832057,30.109750552863709],[31.607508596097212,30.107549394243499],[31.607110046732306,30.107446584304281],[31.596057823935809,30.104595490611729],[31.594606931759628,30.104295620667372],[31.593796277140957,30.104166605178161],[31.592986277669898,30.104034521444593],[31.592176948729588,30.103899371980233],[31.591368305690327,30.103761159352143],[31.590560363909312,30.103619886190568],[31.589753138730099,30.10347555518025],[31.588946645481958,30.103328169063555],[31.588885311701176,30.103316820519929],[31.588823983110721,30.103305472906008],[31.588701339439353,30.103282706455715],[31.588640023320927,30.103271287608191],[31.588578711368129,30.103259868777087],[31.588517404081063,30.103248414777685],[31.588456100959675,30.103236960794689],[31.58833351030222,30.103213981628656],[31.588272220691067,30.10320245642335],[31.588210935232837,30.10319093213667],[31.588088377826949,30.103167812341038],[31.58796583809762,30.10314462133967],[31.587843317069872,30.10312136004595],[31.58778206278636,30.103109694233559],[31.587720812668756,30.103098028437628],[31.587545837975245,30.103064574658074],[31.587370899853443,30.103030976865217],[31.587195998460384,30.102997235091607],[31.587021133953026,30.102963349365432],[31.58684630648845,30.102929319717596],[31.586671516223412,30.10289514617951],[31.586496763314631,30.102860828781335],[31.586422702196412,30.10284623898205],[31.586348647831077,30.102831623339949],[31.586274600230592,30.102816981858119],[31.586200559406898,30.10280231453828],[31.586126525371935,30.102787621381665],[31.586052498137576,30.102772902394339],[31.585978477715738,30.102758157574165],[31.58596412290996,30.102755293412333],[31.585910304946811,30.102744545933856],[31.585856491133704,30.102733799380534],[31.585839893030926,30.102730477043792],[31.585787207619241,30.1027199239747],[31.585734522219596,30.102709370884828],[31.585714264079719,30.102705305853906],[31.585694006454553,30.10270123888618],[31.585673749344373,30.102697169984765],[31.58565349274954,30.102693099146958],[31.585633236670187,30.102689026373866],[31.585612981106767,30.102684951666006],[31.585592726059236,30.102680875021949],[31.585541682765999,30.102670588574522],[31.585490640521726,30.102660302118753],[31.585229422160644,30.102607418090372],[31.58496829044087,30.102554212155727],[31.584707245888143,30.10250068442225],[31.584446289027618,30.102446834998897],[31.584185420384379,30.102392663991942],[31.583924640483229,30.102338171513587],[31.583663949848752,30.102283357669897],[31.583582974068165,30.102266258318792],[31.583530432106816,30.102255141957279],[31.583477890145215,30.102244026477294],[31.583462403076759,30.102240742893461],[31.583409411547841,30.102229498922011],[31.583356421056511,30.102218255842875],[31.583343019886158,30.102215406193565],[31.583288995268994,30.1022039110183],[31.583234971702801,30.102192415832373],[31.583223773288498,30.102190028451034],[31.583113541046743,30.102166506434632],[31.583102773125461,30.102164203992086],[31.582992131176603,30.102140526769986],[31.582984287062089,30.102138844163363],[31.582927511975946,30.102126660484977],[31.582870741042157,30.102114477729419],[31.582862585586877,30.102112724083607],[31.58280597552033,30.102100541231223],[31.582749369618952,30.102088358399655],[31.582742817790166,30.102086945977209],[31.582628018969494,30.102062169705302],[31.582623026265502,30.102061089908187],[31.582506688069316,30.102035910733072],[31.582502412335195,30.102034983939976],[31.582443892018542,30.102022283147395],[31.582385376892905,30.102009583287359],[31.582382294021873,30.102008912084802],[31.582264086516702,30.101983184672918],[31.582263340640008,30.101983021425657],[31.58220307514399,30.101969868583211],[31.582142815864728,30.101956717585121],[31.582141494809768,30.101956428121746],[31.582081527809194,30.101943303710687],[31.582021566000559,30.101930180230884],[31.58202150600156,30.101930166950886],[31.581900335873975,30.101903573501257],[31.58177912653565,30.101876896505313],[31.581718529145739,30.101863522403253],[31.581657936935382,30.101850150134105],[31.581597349408153,30.101836741795495],[31.581536768110965,30.101823334398848],[31.581415619037948,30.10179644838631],[31.581355052286892,30.101782970683804],[31.581294490728364,30.101769493912059],[31.581173383208231,30.101742469171811],[31.581112837246692,30.101728921203314],[31.581052296464879,30.101715375067794],[31.58093123051145,30.101688210697951],[31.580810184297686,30.101660976953244],[31.580689159898988,30.101633673856199],[31.580568156278005,30.101606301395666],[31.580507661747756,30.10159257956154],[31.58044717343498,30.101578859571681],[31.58038668876857,30.101565103501347],[31.580326210332547,30.101551348373111],[31.580265736580568,30.101537557175664],[31.580205269059022,30.101523766920309],[31.580144806221565,30.101509940595726],[31.580084349601687,30.101496116115467],[31.580023896628436,30.101482255554767],[31.579963449885671,30.101468395936237],[31.579903007814291,30.10145450115068],[31.579842571973437,30.101440607307296],[31.579721715903901,30.101412747522176],[31.579600879563476,30.101384819265036],[31.579480066077977,30.101356821667419],[31.579359272347855,30.101328753793577],[31.579238500422651,30.101300617470326],[31.579117750315511,30.101272411795584],[31.578997022026662,30.101244136769409],[31.578936665163756,30.101229963652788],[31.578876314531673,30.101215791478495],[31.578755629892992,30.101187376847491],[31.57869529484892,30.101173134379586],[31.578634966035725,30.101158892854048],[31.578514323984756,30.101130340411608],[31.578393703753232,30.101101718618061],[31.578273105341356,30.1010730274735],[31.578212813936318,30.101058646303439],[31.578152528762303,30.101044266075821],[31.578031973990452,30.101015436229389],[31.577971704405606,30.101000985708449],[31.577911441038946,30.100986537032139],[31.577790929908023,30.100957568484141],[31.577326310466155,30.100845184148078],[31.576862022651341,30.100731770235875],[31.576398069484753,30.100617327488155],[31.575934453985607,30.100501856648709],[31.575471179170357,30.100385358469346],[31.575008248053873,30.100267833711062],[31.574545663648266,30.100149283136318],[31.574506947568327,30.10013908831511],[31.574496287175787,30.100136269004032],[31.574485628666103,30.100133444314789],[31.57447497204274,30.100130614251935],[31.574464317309598,30.100127778813899],[31.574453664470056,30.100124938001795],[31.57444301352777,30.100122091819411],[31.574432364486206,30.100119240263531],[31.574395107064309,30.100109217338499],[31.574363193268304,30.100100568032815],[31.574331296057323,30.100091872603976],[31.574299415519754,30.100083131076811],[31.57426755174361,30.100074343473278],[31.574235704817003,30.100065509820144],[31.57420387482793,30.10005663014044],[31.574172061864395,30.100047704458817],[31.573981488359706,30.099993200426795],[31.57379156109193,30.09993701710971],[31.573602299634384,30.099879160300162],[31.573413723491484,30.09981963595957],[31.573225852097107,30.099758450223469],[31.573038704812269,30.099695609399333],[31.572852300923156,30.09963111996128],[31.572846985592889,30.099629254283446],[31.572841671082312,30.099627386840687],[31.572836357392397,30.099625517633985],[31.57283104452393,30.09962364666281],[31.572825732477675,30.099621773927176],[31.572820421254388,30.099619899428706],[31.572815110854634,30.099618023165476],[31.572809799141606,30.099616149843158],[31.572804488519981,30.099614274182443],[31.572799178991204,30.0996123961853],[31.572793870556684,30.099610515850095],[31.572788563217642,30.09960863317793],[31.572783256975441,30.099606748171524],[31.572777951831512,30.09960486082819],[31.572772644739292,30.099602978024173],[31.572767338726106,30.099601092920665],[31.572762033793246,30.099599205522523],[31.572756729942022,30.099597315825996],[31.572751427173795,30.099595423833254],[31.572746125489779,30.09959352954484],[31.572740824891419,30.099591632960728],[31.572735522121608,30.099589740676979],[31.572730220419157,30.099587846132813],[31.57272491978507,30.099585949331544],[31.572719620220767,30.099584050270472],[31.572714321727478,30.099582148950699],[31.572709024306711,30.099580245374945],[31.572703727959297,30.099578339540557],[31.572698429632705,30.099576437712617],[31.572693132371221,30.099574533641],[31.572687836176289,30.099572627330566],[31.572682541048884,30.099570718777525],[31.572677246990548,30.099568807982948],[31.572671954002455,30.099566894950659],[31.572666662085741,30.099564979676835],[31.57266136832688,30.099563068606894],[31.572656075637827,30.099561155296492],[31.572650784019778,30.099559239749425],[31.572645493473843,30.099557321964109],[31.572640204001569,30.099555401940574],[31.572634915603988,30.099553479681504],[31.572629628282403,30.099551555185194],[31.57262433901338,30.099549634725026],[31.57261905079535,30.099547712077893],[31.572613763629509,30.099545787244463],[31.57260847751709,30.099543860225303],[31.572603192459187,30.099541931019321],[31.572597908457002,30.099539999629236],[31.57259262551181,30.099538066054361],[31.572587340690252,30.099536135917369],[31.57258205691679,30.099534203611629],[31.572576774192775,30.099532269138923],[31.572571492519135,30.09953033249872],[31.572566211897104,30.099528393691052],[31.572560932328045,30.099526452718596],[31.572555653812913,30.099524509577897],[31.572550373648156,30.099522570394058],[31.572545094504669,30.099520629108291],[31.572539816383692,30.099518685721961],[31.572534539286153,30.099516740235615],[31.572529263213116,30.099514792649259],[31.572523988165965,30.099512842964522],[31.572518714145517,30.099510891180074],[31.572369241395691,30.099454988960446],[31.572220303494586,30.099398017839157],[31.572071910552619,30.099339981684352],[31.571924072643252,30.09928088443511],[31.57177679980202,30.099220730103788],[31.571630102026319,30.099159522777125],[31.571483989274174,30.099097266607473],[31.57144785663834,30.099081670712231],[31.571411761249379,30.099066011148526],[31.571375703107361,30.099050287916366],[31.571339681200737,30.099034499200165],[31.571303696528176,30.099018647717767],[31.571267749102699,30.099002732567008],[31.571231839974878,30.098986752857048],[31.571213898352557,30.098978729302718],[31.571195967056696,30.098970709467512],[31.571178045607802,30.098962654547051],[31.571160133447844,30.098954603334477],[31.571142230123286,30.098946515221012],[31.571124337099249,30.09893843263103],[31.571088577997976,30.098922198259395],[31.571052858206169,30.098905901144345],[31.571017175661797,30.098889540361153],[31.570981532439955,30.098873115932445],[31.570963724808323,30.09886487003012],[31.570945927490193,30.098856628749132],[31.570928139007595,30.098848350567337],[31.570910361863074,30.098840077920361],[31.570892592516547,30.098831768361283],[31.570874834508107,30.098823464337048],[31.570857085335224,30.098815123411999],[31.570839347500424,30.098806788021793],[31.570803898777982,30.098790048049889],[31.570768489365364,30.098773245334822],[31.570733119249663,30.098756380778813],[31.570697777134825,30.098739446138186],[31.570662499062074,30.098722460753592],[31.570627247926783,30.0987054070775],[31.570627198462617,30.098705383079324],[31.570609613162858,30.098696834569427],[31.570592038163642,30.098688291583173],[31.570591456992375,30.09868800734889],[31.570574157720024,30.098679557591169],[31.570556868748135,30.098671113357156],[31.570555437491876,30.098670411127639],[31.570538583948203,30.098662139458384],[31.570521739680299,30.09865387239951],[31.570520207499168,30.098653116737598],[31.570486650960191,30.098636568710269],[31.570484269797472,30.098635390552868],[31.57046793154187,30.098627295018083],[31.570451602574853,30.098619203191607],[31.570448545607388,30.098617682923535],[31.570416594524342,30.098601775843569],[31.570412280725229,30.098599619305617],[31.570396954291017,30.09859195254133],[31.570381628896733,30.098584285786625],[31.570377402809157,30.098582163587423],[31.57036205320539,30.098574448744749],[31.570346703604038,30.098566733900366],[31.570342085152149,30.098564403508639],[31.570326952423287,30.098556761402147],[31.570311819696805,30.098549119293953],[31.570188851340912,30.098486365154539],[31.570066407188516,30.098422840881096],[31.56994449361877,30.098358549785452],[31.569823116983049,30.098293495216243],[31.569702283604723,30.098227680562157],[31.569581999778816,30.098161109255141],[31.569462271771297,30.09809378476206],[31.569446235704973,30.098084677298811],[31.569430209938968,30.098075575359633],[31.569428414937668,30.098074552447347],[31.5694123959329,30.098065413585108],[31.569396387215466,30.098056281149127],[31.569386515722758,30.098050633661384],[31.569376648117451,30.098044981038527],[31.569366784403073,30.098039323285686],[31.569356924583328,30.098033660403434],[31.569347068661777,30.098027992391803],[31.569337216641575,30.098022319256739],[31.569327368526601,30.098016640996899],[31.569295189995191,30.09799803598338],[31.569293886129046,30.097997280087103],[31.569277712033383,30.097987887776203],[31.569261549262666,30.097978501902876],[31.56926055930894,30.097977925374916],[31.569244251018951,30.09796841249403],[31.569227954040954,30.097958906952808],[31.569227451886071,30.097958612745529],[31.569210922964299,30.097948928726282],[31.569194405354629,30.097939252046647],[31.569193889842051,30.097938948670706],[31.569160904228255,30.097919538097919],[31.569160217915947,30.097919133607792],[31.569143827076562,30.097909445670446],[31.569127448599779,30.097899764181911],[31.569126913569551,30.097899447058516],[31.569094039506776,30.097879930309919],[31.569077352565433,30.097869980177222],[31.569060676936289,30.097860037384159],[31.569027361925841,30.097840085415978],[31.568994094475496,30.097820074405391],[31.568960873560727,30.097800003438994],[31.5689277002061,30.097779873430291],[31.568911130608736,30.097769775674717],[31.568894573361117,30.097759685270148],[31.568861495126853,30.09773943717688],[31.5688449730897,30.097729280379102],[31.568828464439814,30.097719130943588],[31.568811966714545,30.097708943728211],[31.568795481326013,30.097698764765962],[31.568762546784018,30.097678341361831],[31.568746096606052,30.097668096006494],[31.568729659802329,30.0976578589156],[31.568713233923287,30.097647584044868],[31.568696821418492,30.097637317438604],[31.568664031619523,30.097616717833056],[31.568631290405445,30.097596060098986],[31.568598597776301,30.097575344236429],[31.568565954782628,30.097554569354561],[31.56853336036092,30.097533737246465],[31.568517081274205,30.097523288001611],[31.568500814524207,30.09751284700998],[31.5684845597365,30.097502368249863],[31.568468318310032,30.097491898656465],[31.568452088845877,30.097481391294576],[31.568435871718414,30.097470892185942],[31.568403474736396,30.097449828500647],[31.56838729385731,30.097439263010518],[31.568371126339446,30.097428706687126],[31.568338828589646,30.097407527670164],[31.568322698357715,30.097396904976634],[31.568306581487011,30.097386291449862],[31.568290476578674,30.097375640154649],[31.568274384007051,30.097364997112734],[31.568242235086238,30.097343646451851],[31.56821013890071,30.097322237708163],[31.568178091274387,30.097300772640779],[31.568162086623005,30.097290006927764],[31.568146095332839,30.097279250381529],[31.568114150038582,30.097257670919127],[31.568082255391626,30.097236034253623],[31.568066326711214,30.097225182735905],[31.568050412416515,30.097214341298503],[31.568034509046761,30.097203462081431],[31.568018620075726,30.097192592042507],[31.568002743067179,30.097181684235245],[31.567986879419824,30.097170785594823],[31.567971027734959,30.09715984918607],[31.567955189398287,30.09714892284633],[31.567939364061633,30.09713795874957],[31.567923552086175,30.097127003819693],[31.567907752073218,30.097116011121496],[31.567891965408464,30.097105028492344],[31.567860431440202,30.097082996886915],[31.567844683099207,30.097071947899337],[31.567828948106381,30.097060908980833],[31.567797518506556,30.097038765710241],[31.567766139541199,30.09701656613905],[31.567750470257952,30.097005433185611],[31.567734814322879,30.096994310301259],[31.567703540763553,30.096971999076466],[31.567687923139314,30.096960810736004],[31.567672319900765,30.096949632475969],[31.567656728637814,30.096938415545541],[31.567641151747541,30.096927209597673],[31.567625587857378,30.096915965892908],[31.567610037315379,30.096904732257261],[31.567594498735996,30.096893460853401],[31.567578974542272,30.096882199529976],[31.56756567847388,30.09687252545401],[31.567552392176029,30.096862841232699],[31.567539115659038,30.09685314687777],[31.567525848932874,30.096843442394217],[31.567512592008104,30.096833727789637],[31.567499344894806,30.096824003073309],[31.567486107603138,30.096814268249453],[31.567470676478997,30.096802887019393],[31.567455258715995,30.096791514956376],[31.567245176004853,30.096634017120923],[31.567037657662468,30.096473969749947],[31.566832744599147,30.096311404405782],[31.566630477209863,30.09614635314605],[31.566430895368025,30.095978848519145],[31.566234038416205,30.095808923558764],[31.566039945159503,30.095636611770292],[31.562963402582515,30.094376659428644],[31.561809280607648,30.093904003261738],[31.559931914240142,30.093135145742064],[31.556324305786219,30.091657666169525],[31.555609241593388,30.091364814878176],[31.554154357564492,30.090768966240358],[31.55146852191459,30.089668969971836],[31.551297737261308,30.089616373900245],[31.550907389385184,30.08949614130082],[31.537157235755163,30.085260973079798],[31.530993514685601,30.085514375188243],[31.529629213252406,30.085570424441443],[31.529628829070962,30.085570513981668],[31.521422520335079,30.087475992136255],[31.521697675708719,30.086883515141473],[31.521697854723925,30.086883129167116],[31.506842495069797,30.090212043333032],[31.506141033497169,30.090369230200782],[31.505864905131023,30.089382020296295],[31.505704616992695,30.088808959805519],[31.50504048114389,30.086434497963136],[31.50446257080505,30.084368268237249],[31.504364504125586,30.0840176434067],[31.502012644904632,30.075608459221517],[31.498740696285122,30.076117272152374],[31.491095031681045,30.077306225133537],[31.485958879329406,30.076579811634804],[31.485019005615989,30.076446883122969],[31.484308387601395,30.076389369774393],[31.483603956844622,30.076289721994883],[31.482909012414815,30.076148406500081],[31.482226808913016,30.075966085144888],[31.481560541218624,30.075743611820613],[31.480913329517243,30.075482028455529],[31.480288204679088,30.075182560128727],[31.479688094057828,30.074846609327015],[31.479115807775656,30.07447574937574],[31.478574025559936,30.074071717063326],[31.478065284191807,30.073636404496735],[31.477765376560157,30.073448945026001],[31.477584717099564,30.073336024035118],[31.477143413214797,30.073060189790873],[31.474373401390757,30.071328736578828],[31.47403129429512,30.071114919351146],[31.472596207231852,30.070217855379706],[31.470711338366566,30.069975938197263],[31.466591542358039,30.069447173524953],[31.46474323964107,30.069717818401063],[31.464219025295833,30.069794578560249],[31.464127762569419,30.069807942480036],[31.463968689060188,30.069831235790435],[31.463310029861432,30.069927682580595],[31.463118601808485,30.069955713456881],[31.461947931931711,30.070127135954337],[31.461743451477293,30.070157075603323],[31.461744490852055,30.069976763636522],[31.461750020091884,30.06901802418723],[31.461762110037338,30.066921290234482],[31.461770765922861,30.065419790694701],[31.461775608770701,30.064579445465387],[31.461767125147922,30.064322396821577],[31.461686273097342,30.061872620580846],[31.461665374112837,30.061239383904631],[31.461546536687646,30.057638604576692],[31.461520451431038,30.056848185684284],[31.461411918529073,30.053559581956275],[31.461400483919839,30.053213099465697],[31.449286130179605,30.052177213253241],[31.449040450363213,30.052156518756238],[31.442423946128855,30.051599000527929],[31.44242461145657,30.051590487214995],[31.442314440728477,30.051581066916402],[31.442218097824686,30.051572828132514],[31.442215853382802,30.051573291482811],[31.442171223541038,30.05158251102111],[31.442124844548019,30.051592091486732],[31.442006258220147,30.051616587419822],[31.442005197555343,30.0516270305475],[31.442003783252215,30.051640187171685],[31.441979714308381,30.051641764111565],[31.441955648130193,30.051643372683749],[31.441931584772966,30.051645012884201],[31.441907524291278,30.05164668470978],[31.441883466740375,30.051648388154707],[31.441859412175109,30.051650123217989],[31.441835360650011,30.051651889893918],[31.441163304454669,30.05171416708421],[31.440494880120646,30.051801133987446],[31.439831285461928,30.051912634745566],[31.439173709647388,30.052048469527918],[31.438523331070932,30.052208394903175],[31.437881315243867,30.052392124265378],[31.437248812707438,30.05259932835175],[31.436945577113121,30.052605862824542],[31.436413706861867,30.05261732202635],[31.435240096207853,30.052642609573432],[31.435042844927867,30.052646857647797],[31.432914188415104,30.052692713343898],[31.432643946313423,30.052698533027989],[31.432331744083875,30.05270525852816],[31.432214663535987,30.052692288912176],[31.431756541647236,30.05276711978798],[31.431295159086254,30.052824833026477],[31.430831360679509,30.052865322960553],[31.430365995680503,30.052888515457379],[31.429899916212115,30.052894368057956],[31.429433975706129,30.052882870056507],[31.428969027338891,30.052854042513673],[31.428385881435172,30.052779947204083],[31.427806853750713,30.052684492418638],[31.427232977703532,30.052567848538388],[31.426665277505968,30.052430223755881],[31.426104766335065,30.052271863709603],[31.425552444522786,30.052093051045269],[31.42500929776832,30.051894104906211],[31.424204290811655,30.051828809523553],[31.42339610238599,30.051809351236258],[31.422588177109109,30.051835812942713],[31.421783958472183,30.051908081815476],[31.420986874177455,30.052025849793761],[31.420200321542776,30.052188614892675],[31.419427653035843,30.052395683336091],[31.418672161997275,30.052646172521268],[31.417937068616649,30.052939014769269],[31.415965027949682,30.053468991608376],[31.415638478042116,30.053556748535247],[31.415631823322787,30.053558644337762],[31.415617243091305,30.05356303688572],[31.415603222607388,30.053567189854746],[31.415589052160879,30.053571315751206],[31.415574925565849,30.053575358262492],[31.415560596957576,30.053579385705813],[31.41554647470409,30.053583285705987],[31.415532335869383,30.053587119638294],[31.415518102334385,30.053590908216052],[31.415504028202381,30.053594586830481],[31.415489590677119,30.053598289034635],[31.415475363626076,30.05360186564991],[31.415460865890616,30.053605440805967],[31.415446541096628,30.053608902552764],[31.415432288210678,30.053612277643388],[31.415417918761559,30.053615612529562],[31.41540340575877,30.05361890869051],[31.415389178037518,30.053622071141479],[31.415374791092855,30.053625201896615],[31.415360166949267,30.053628312647994],[31.415345753079137,30.053631310440135],[31.415331281004846,30.053634250685526],[31.415316647719404,30.053637153797286],[31.415302175767799,30.053639955991986],[31.415287694494381,30.053642692206257],[31.415273013554994,30.05364539623703],[31.415258490795466,30.053648002019614],[31.415244143844724,30.05365050976652],[31.415229407963974,30.05365301643301],[31.415214848943407,30.05365542417421],[31.415200045594492,30.05365780370489],[31.415185460671719,30.053660079397655],[31.41517086019104,30.053662289937044],[31.415156059122509,30.053664461063413],[31.415141425480851,30.05366653946686],[31.415126813684918,30.053668548656383],[31.415111951453753,30.053670522343356],[31.415097288839423,30.053672400988599],[31.41508245166273,30.053674234218484],[31.415067764183632,30.053675980827744],[31.415053071531158,30.05367766150653],[31.415038179442966,30.053679295567726],[31.415023466102618,30.053680842456288],[31.415008766297934,30.053682320933056],[31.414994034315082,30.053683735860627],[31.414979324192625,30.053685080672199],[31.414964190328167,30.053686396012118],[31.414949463666108,30.053687607083425],[31.414934892780202,30.053688740630431],[31.414919954322382,30.053689834555485],[31.414904993076973,30.053690861435342],[31.414890232270331,30.05369180681792],[31.414875445522068,30.053692687824174],[31.414860660888486,30.053693501183229],[31.414845691495497,30.053694258176261],[31.414830730482308,30.053694944890758],[31.414815929336015,30.053695557739442],[31.414801153132721,30.053696102313886],[31.414786152793177,30.053696588242893],[31.414771356925641,30.053696999941689],[31.41475637225151,30.053697348909559],[31.414741569192515,30.053697626078534],[31.414726760960775,30.053697837316985],[31.41471195897762,30.053697981860367],[31.414696963060514,30.053698060001807],[31.414681963036504,30.053698070420985],[31.4146673592276,30.053698015238069],[31.414652362396772,30.053697890350346],[31.414637370806432,30.053697696950803],[31.414622566938434,30.053697439044374],[31.414607577490099,30.053697111227486],[31.414592783023107,30.053696718991297],[31.414577983383673,30.053696260824623],[31.414562997184504,30.053695729126499],[31.414548214190816,30.053695137619737],[31.414533421905571,30.053694478328218],[31.414518454481971,30.053693744740666],[31.414503685064602,30.053692952184104],[31.414488712567678,30.053692081385389],[31.414473939056521,30.05369115523866],[31.414459186297961,30.053690163474059],[31.414444243983958,30.053689090923516],[31.41442948716054,30.053687963764556],[31.414414746927456,30.053686771839836],[31.414399813048579,30.053685495470649],[31.414384883373714,30.053684150577173],[31.414370185724771,30.053682759757116],[31.414355466355083,30.053681300100177],[31.414340558582211,30.053679752452776],[31.41432585482217,30.053678159443315],[31.414311186318507,30.053676501893246],[31.414296305604108,30.053674753358706],[31.414281629939584,30.05367295947471],[31.414266984303442,30.053671103693887],[31.414252143106037,30.053669153520225],[31.41423749964213,30.05366716151806],[31.414222895539606,30.053665107731661],[31.414208279063931,30.053662984318855],[31.414193481559415,30.05366076578612],[31.414178891049509,30.053658510048066],[31.414164121613549,30.053656157410845],[31.41414955809212,30.053653770262169],[31.414135011190318,30.05365131654364],[31.414120280220754,30.053648763157046],[31.414105763404194,30.053646178967558],[31.414091262170341,30.053643528195725],[31.414076614143021,30.053640781814497],[31.414062105763549,30.053637993806692],[31.414047698792693,30.053635155590584],[31.414033026177115,30.053632195067571],[31.414018602771009,30.053629216796626],[31.41400420320058,30.053626174749738],[31.413989774751865,30.0536230574637],[31.413975409415105,30.053619884996056],[31.413960879828881,30.05361660588099],[31.413946559067053,30.053613304921871],[31.413932021399393,30.05360988224361],[31.413917916734697,30.053606493660268],[31.413903470134148,30.053602953878794],[31.413889182740711,30.053599381729722],[31.413874910916007,30.053595743900505],[31.41386053485812,30.053592008268314],[31.413846300392922,30.053588239153829],[31.413832322123003,30.053584469519482],[31.413818189008769,30.053580588839679],[31.41380385051103,30.05357657936138],[31.413789769188078,30.053572572984194],[31.413775666303714,30.053568487847013],[31.413761568661535,30.053564334198299],[31.413747505182233,30.053560119605244],[31.4137333520023,30.053555806482219],[31.413719339306283,30.053551464375094],[31.413705523826579,30.053547112916306],[31.413691392652982,30.053542590725353],[31.413677459747127,30.053538058293157],[31.413663606372932,30.05353348170507],[31.413649728355388,30.053528824515311],[31.413635874174126,30.053524103549805],[31.413622053118949,30.053519321627519],[31.413608085731742,30.053514415228101],[31.413594489747787,30.053509568347632],[31.413580587604649,30.053504538217922],[31.41356704754622,30.053499566592535],[31.413553299296119,30.053494447186598],[31.413539565650254,30.053489257577638],[31.413525945541128,30.053484037757446],[31.413512526566194,30.053478823069696],[31.413498902611416,30.053473454324138],[31.413485378770076,30.053468051596326],[31.413471896293398,30.05346259162037],[31.413458446957424,30.053457069785637],[31.413444944187322,30.053451451663086],[31.413431633189784,30.053445840364724],[31.413418366653538,30.053440172757917],[31.413405047720225,30.053434408875837],[31.413394253471861,30.053429675185086],[31.412911642259587,30.053162216533185],[31.412411910224801,30.052919718747162],[31.411896761283003,30.052703008590978],[31.411367951874137,30.052512824897338],[31.410827284977628,30.052349816058129],[31.410276603967688,30.052214537809363],[31.40971778633282,30.052107451342614],[31.419014982135209,30.06325457235986],[31.422860832199412,30.06618872685754],[31.423016682180236,30.066307627913147],[31.423219414821915,30.066520326545316],[31.423715246021484,30.067040530113079],[31.425491357821294,30.068310123018737],[31.426111358061167,30.068753305030846],[31.428651828984911,30.071146858427927],[31.43076213265055,30.073135078362924],[31.431530740336427,30.074173093153409],[31.43193168008716,30.075834818810719],[31.431949988162707,30.076059198154397],[31.43195800775575,30.076284033610914],[31.431955726072683,30.076508968467497],[31.431943146664061,30.076733645852894],[31.431920289417906,30.076957709299784],[31.431887190530361,30.077180803314526],[31.431843902447241,30.077402573938063],[31.431791027967385,30.07764418829419],[31.431786388762475,30.077718737119842],[31.431776142678288,30.0777928613265],[31.431760333746013,30.077866242286756],[31.431739029909298,30.077938564565315],[31.431712322732892,30.078009517281476],[31.431680327008685,30.078078795435633],[31.431643180263176,30.078146101231258],[31.431601042165571,30.07821114534358],[31.431554093842262,30.078273648175369],[31.431502537098158,30.078333341050222],[31.431446593549069,30.078389967369393],[31.431386503669199,30.078443283715909],[31.431322525758191,30.078493060904023],[31.431254934829614,30.078539084957651],[31.431184021429456,30.078581158034471],[31.431110090387431,30.078619099277937],[31.431033459505624,30.078652745591278],[31.430954458193607,30.078681952339807],[31.430873426050773,30.078706593972431],[31.430790711407603,30.078726564566356],[31.430706669827771,30.07874177827015],[31.429200553158427,30.079085565081829],[31.425982388565,30.078820412831266],[31.423759360857733,30.079114242443563],[31.420886289779858,30.079493990059547],[31.419648898145219,30.079657541362756],[31.412242189146255,30.081083262171635],[31.404638976126829,30.081096341278968],[31.387044266470831,30.080036863933948],[31.382343273565141,30.079552900643815],[31.377778322175526,30.078768092041283],[31.373712190632759,30.078741931901867],[31.372894606184087,30.07883472753424],[31.370647314266908,30.079089794908498],[31.368402774718763,30.079344548216493],[31.367184306947959,30.079482842461569],[31.366676820135382,30.079540442331716],[31.361997620807212,30.080071523992963],[31.361585624366704,30.080118285146028],[31.360454486670459,30.080246667116242],[31.359893464888287,30.080434815127742],[31.358432605761998,30.08092473166618],[31.35044182605661,30.088416627147144],[31.349180557373302,30.089599099484587],[31.348526360670203,30.090911007329538],[31.347520258587007,30.09226698811683],[31.345498847471728,30.093483648808988],[31.34240267597135,30.095347169004132],[31.348941005360476,30.099082799883746],[31.349164244965493,30.099210338586136],[31.358386945119666,30.10439866398147],[31.370249954605004,30.110392621886625],[31.370429223893723,30.110483192471836],[31.370300454399274,30.110624064657213],[31.367081859332778,30.1141450329661],[31.367023249965815,30.116937340692193],[31.368754491414869,30.118684444074646],[31.386771776906762,30.132504928721328],[31.391956045288413,30.136169882408467],[31.393706148934566,30.137131314914175],[31.399670594162295,30.139940034042706],[31.399952171570877,30.140072623642546],[31.400134201475407,30.140158339194887],[31.400807826038456,30.141006270522794],[31.400857137127094,30.14184695960914],[31.401571301821868,30.142468814943133],[31.401490368096947,30.142718704330488],[31.401440033007638,30.142874115624018],[31.400439644680304,30.142333737007046],[31.399956107988164,30.142009774450244],[31.398892128606487,30.142920386057028],[31.397099153043225,30.144454891432769],[31.392472483272392,30.148414486090338],[31.391206253346898,30.1494981221222],[31.391254080699156,30.149532908738262],[31.391350842603398,30.14960328948413],[31.401047336823328,30.156655321385312],[31.403805650591639,30.158661287464803],[31.404057924653451,30.158897620613548],[31.404340310837565,30.159162161601973],[31.404837245864265,30.159627689827129],[31.407651941217253,30.163762133491929],[31.409254110516706,30.165395536592928],[31.410569667494244,30.166760412817457],[31.411332221162361,30.16755153926097],[31.411558473369514,30.167916426667318],[31.412797465248961,30.1699145629428],[31.414290886544393,30.172082647146812],[31.414924885847341,30.174275044119529],[31.415131827574935,30.177412889988968],[31.415319374839214,30.181674023016928],[31.415341608245409,30.182836748001829],[31.415375731323021,30.18462128078507],[31.415326419621479,30.188012953303961],[31.414660723639205,30.190243294230484],[31.414492899098203,30.190483706728653],[31.414327016724695,30.190725134486996],[31.414163084669696,30.190967565665396],[31.414001110988185,30.19121098836904],[31.413841103639733,30.191455390657207],[31.4136830704871,30.191700760544482],[31.413527019296886,30.191947085990158],[31.412512611141224,30.193527819651322],[31.412295116670744,30.193866730168544],[31.412177383374608,30.194096191520071],[31.412078458874333,30.194332258464783],[31.411998830141048,30.19457376924845],[31.411938889195429,30.194819535311463],[31.411898931175344,30.19506834715035],[31.411879152880733,30.195318980258762],[31.411879651802614,30.195570201160898],[31.411900425639786,30.195820773477628],[31.41194137230735,30.196069464011277],[31.411951007437985,30.19612887706446],[31.411962479815134,30.19618804334516],[31.411975781131563,30.196246919994032],[31.411990901754372,30.196305464357422],[31.412007830733138,30.196363634023264],[31.412026555806914,30.1964213868545],[31.412047063413976,30.196478681009278],[31.41204916763942,30.196484267896047],[31.412051288817544,30.196489849943305],[31.412053426933813,30.196495427112485],[31.412055581973235,30.196500999364154],[31.412057753921115,30.196506566659419],[31.412059942761925,30.196512128962063],[31.412062148480675,30.196517686230116],[31.412120265112613,30.19664976944345],[31.412187905162984,30.196778386291648],[31.412264796510577,30.196903019271392],[31.412350629806813,30.197023166899296],[31.412445059720117,30.197138345744289],[31.412547706325345,30.197248092363047],[31.412658156631448,30.197351965167297],[31.412775966244102,30.197449546204965],[31.412900661152374,30.197540442836495],[31.41303173963701,30.197624289316778],[31.413168674288254,30.197700748269405],[31.413310914129102,30.197769512041511],[31.413457886831534,30.197830303942482],[31.413804821528828,30.198272508511909],[31.419207907092598,30.202436913367553],[31.419311294243975,30.202631355176983],[31.419615623143716,30.203203706886722],[31.419953068318414,30.203838334247145],[31.420327972500758,30.204543401589568],[31.420637927520904,30.206497647938207],[31.421246285914801,30.208228796259771],[31.421305080295234,30.208389980734534],[31.422183811274252,30.210798925641033],[31.423550507182561,30.214545463658631],[31.424429246850021,30.216706578900958],[31.425664558617591,30.220279027004811],[31.426164032470119,30.221723438959543],[31.426340447093203,30.222233598475544],[31.426985007895318,30.224596391218309],[31.428373987663161,30.229687752236988],[31.428492480718457,30.230122071088903],[31.430278483253055,30.236668345230779],[31.430343870089846,30.236908003947605],[31.430441575323265,30.237266114226816],[31.430704734848135,30.238230635273091],[31.433332010749726,30.242087341510231],[31.440698899779825,30.248326665984479],[31.441388426436134,30.248933153726171],[31.442132428161873,30.24958755001688],[31.442977710339587,30.25033102391108],[31.444193308495834,30.251400188454763],[31.444387845042694,30.251571286272863],[31.445135012797287,30.252228430411986],[31.454025876516294,30.259727320857444],[31.454343168719337,30.259994926894354],[31.455907087810804,30.261313933846989],[31.458358683081759,30.263381567309036],[31.459423113135266,30.264279275308553],[31.462268198942336,30.266678694043932],[31.464368991915713,30.268450372455831],[31.465233738537922,30.269179638290389],[31.468035850609745,30.27154269931501],[31.46870930951296,30.272110629917311],[31.468721467314129,30.272120882896591],[31.469132531754809,30.272467529403883],[31.471021628806621,30.274060587679699],[31.471256399354242,30.274258562373866],[31.471300292502111,30.274297851052985],[31.471343946947577,30.274337339594929],[31.471387361482364,30.274377026911466],[31.471430534905057,30.274416911900865],[31.471473466020601,30.274456993459829],[31.471516153640984,30.274497270481376],[31.471558596584433,30.274537741849368],[31.471594677370447,30.274572484991918],[31.471630577837573,30.274607368582675],[31.471666297259709,30.274642391917492],[31.47170183491497,30.27467755428631],[31.471737190084706,30.274712854980674],[31.471772362054192,30.274748293287303],[31.471807350112009,30.274783868486981],[31.471922224802306,30.274902994371715],[31.472035036696543,30.275023596311755],[31.472145760616126,30.275145647401136],[31.47225437184807,30.275269120405184],[31.472360846150245,30.275393987775796],[31.472465159757547,30.275520221651465],[31.472567289386106,30.275647793866074],[31.47258497150538,30.275670300550779],[31.472602586485682,30.275692847051705],[31.472620133287638,30.275715433356766],[31.472637611897223,30.275738060368102],[31.472655022356339,30.275760725379406],[31.472672363569735,30.275783431987026],[31.472689636632602,30.275806176594667],[31.47270684151696,30.27582896100656],[31.472715405282649,30.275840367196686],[31.472723977197418,30.275851784308532],[31.472741043673945,30.275874646500601],[31.472787480421562,30.275937524818968],[31.472833395915984,30.276000690866503],[31.472878787789675,30.276064141390041],[31.472923653702459,30.27612787311941],[31.472967991341022,30.276191882768011],[31.473011798419165,30.27625616703941],[31.473055072678068,30.276320722619264],[31.473070748666895,30.27634437337052],[31.473086352374953,30.276368060269675],[31.473101884869504,30.276391781524737],[31.473117345083203,30.276415538927768],[31.473132734083318,30.276439330686738],[31.473140389920438,30.276451239648555],[31.473148051855834,30.276463157703734],[31.473163478924924,30.276487303345348],[31.473178831820846,30.276511484575082],[31.473194110434363,30.276535701225789],[31.473209314657254,30.276559953121438],[31.473224444381358,30.276584240091935],[31.473239499499297,30.276608561965595],[31.473254479904082,30.276632918568328],[31.473260639549469,30.276642973571775],[31.473266785868645,30.276653034715274],[31.473272918853223,30.27666310198865],[31.473279038495395,30.276673175376274],[31.473285144786832,30.276683254865105],[31.473291237719664,30.276693340443771],[31.473297317285549,30.276703432095722],[31.473333534452571,30.276764106854358],[31.473369292484872,30.276824986422756],[31.4734045898443,30.276886068187221],[31.473439425012536,30.276947349519443],[31.473473796490712,30.277008827784318],[31.473507702800489,30.277070500341043],[31.473541142483114,30.2771323645349],[31.473544830540515,30.277139250092134],[31.473548512080299,30.277146138274396],[31.473552187100132,30.277153029080214],[31.473555855597471,30.277159922503689],[31.473559517569903,30.277166818540483],[31.473563173014877,30.277173717185708],[31.473566821930039,30.277180618433942],[31.473568647212918,30.277184069007717],[31.473570470427646,30.277187520403821],[31.473572291573856,30.277190972623337],[31.473574110650784,30.277194425664643],[31.473575927658171,30.277197879525584],[31.473577742595509,30.277201334207771],[31.473579555462081,30.277204789707714],[31.473586142700885,30.27721735490956],[31.473592710384789,30.277229927819533],[31.473599258501892,30.277242508416251],[31.473605787040309,30.277255096676448],[31.473612295988012,30.277267692576316],[31.473618785333098,30.277280296093675],[31.473625255063677,30.277292907205091],[31.473637988047873,30.277317854414402],[31.473644314885878,30.277330337932277],[31.473650645743234,30.27734283051937],[31.473656047262875,30.277353542924555],[31.473661434873264,30.277364260604347],[31.473666808567636,30.27737498354691],[31.473672168338922,30.277385711737615],[31.473677514180689,30.277396445162445],[31.47368284608584,30.277407183808918],[31.473688164047616,30.277417927661432],[31.474336070433253,30.278903872519219],[31.474844743864089,30.280070469607427],[31.475154371568063,30.280732725401897],[31.475662751726183,30.281820090910355],[31.475756037856971,30.282019619476621],[31.475999792230322,30.282540970155679],[31.47654923644091,30.283716131623958],[31.477239619135329,30.285192699867384],[31.478109432280718,30.285413327029357],[31.488757659633794,30.277516252114083],[31.500467624081693,30.276240493068816],[31.501684177257832,30.276278162002708],[31.502625216818455,30.276307293582768],[31.517360621561895,30.278039848086866],[31.534889456429315,30.280098619188127],[31.535776464661947,30.280816709760771],[31.536412024439212,30.281331227518169],[31.537332305664329,30.282076241163711],[31.549442354299103,30.291879410147665],[31.549704456187953,30.292091572287354],[31.553301420988568,30.295003162671993],[31.553959649258239,30.29553594205866],[31.554162396266342,30.295700025828722],[31.554293350005711,30.29580600703008],[31.55441992872235,30.295916096569453],[31.557150397694045,30.298291101685155],[31.558250942544916,30.29924831527309],[31.561051114810905,30.30168370095717],[31.568347769320567,30.308028947570893],[31.590616545505885,30.295833095299116],[31.597657232526934,30.295208506293729],[31.597851355047279,30.295191282022223],[31.615196385306525,30.295787147740931],[31.615407137283736,30.295796754065723],[31.616081902656951,30.295827510261947],[31.619214059486495,30.295970249290711],[31.619879549646683,30.296000570462432],[31.620133808645676,30.296012155614768],[31.619921930922363,30.296240610846681],[31.610324065204146,30.306588243139608],[31.615321884296559,30.310051591121344],[31.61736262381929,30.309862657850193],[31.617601672199708,30.310117804144497],[31.600999065364412,30.328297989903053],[31.600694176260141,30.328631764900617],[31.626249558488198,30.346008748183333],[31.626249586207042,30.346008774640872],[31.626249757373877,30.346008883811535],[31.626249864529704,30.346008958022669],[31.626250021109112,30.346009068844598],[31.62635911985209,30.346083239010966],[31.626655517348308,30.346289901463496],[31.627467479045428,30.346856041326777],[31.628055161864591,30.347265799856903],[31.629050258107434,30.34795967752612],[31.629899244980667,30.34855165349575],[31.629982435941759,30.348609659928847],[31.630082291608193,30.348679285543248],[31.630188007943801,30.34875299849547],[31.630234562580952,30.348785459722233],[31.631000354926996,30.34931942152182],[31.632048662551007,30.350050367807736],[31.632491568887975,30.350359187867799],[31.632491619381383,30.350359222682908],[31.632611113291699,30.350442541038323],[31.633857365511691,30.351311493829815],[31.635850277719751,30.352701042998618],[31.637750225729175,30.354025753400609],[31.639653969479692,30.355353092177587],[31.641613399095633,30.356719236994234],[31.642530044654027,30.357358326669782],[31.643628552914105,30.35812408385161],[31.645591305909541,30.359492276801308],[31.646679432249826,30.360250780599404],[31.646679544213065,30.360250659047669],[31.648324440194429,30.361397392354991],[31.651202559754246,30.363404482562323],[31.67002713689816,30.37652849277773],[31.67028976204837,30.376711545279068],[31.682850117472107,30.385468879781918],[31.683210912322298,30.385720421518297],[31.692255084047893,30.39202569886897],[31.692307111993799,30.392017592960531],[31.692784931435511,30.391943147469444],[31.709659730578771,30.389312800930696],[31.711611477365821,30.406020640116584],[31.723143163257969,30.413278898358019],[31.723299074089955,30.415878992626922],[31.723329380409364,30.415877901258302],[31.723688102642544,30.415864975116431],[31.731918322448895,30.415568275937861],[31.731926947626071,30.416161590883704],[31.731939210195726,30.417005147552189],[31.731971545933146,30.419229547479834],[31.731978580483958,30.419713421771601],[31.750226428313034,30.432257311757038],[31.758690283063988,30.432338084033937],[31.765964437842165,30.424324917847088],[31.765957897801304,30.425288894824387],[31.765912178691305,30.432025685324454],[31.7658105832055,30.446983442029168],[31.768123090774662,30.446988988954491],[31.768122736125076,30.447100239761252],[31.76811816441846,30.448535846124894],[31.768112142332498,30.450427388937396],[31.768111497671399,30.45062965613873],[31.768111165903669,30.450733940468364],[31.772944245752761,30.450745407467714],[31.78404998968778,30.454276261884665],[31.78712314302895,30.459017460512875],[31.788474215432291,30.461101704401916],[31.791287133841635,30.46110796788529],[31.811749568421455,30.461151705995778],[31.811745847587197,30.462507835340439],[31.811742289083984,30.463804539370045],[31.811741125739228,30.464228303086379],[31.811739438581931,30.464842783388683],[31.81173621086435,30.466018362276607],[31.811735563896406,30.4662540529634],[31.811735016170083,30.466453426898688],[31.811733717655613,30.466926120138755],[31.811731287228692,30.467811177444592],[31.811729770109441,30.46836344979053],[31.811721219306182,30.471475808027289],[31.811719264930439,30.472186853103413],[31.811718874478071,30.472328887969411],[31.811716224904309,30.473293069848491],[31.811714521554705,30.473912637253772],[31.811710649578185,30.475321098805161],[31.811710174653168,30.47549408896467],[31.811709902874568,30.475592886598573],[31.824104835090445,30.475617866098656],[31.824410432793972,30.475422667841006],[31.824747436576509,30.475207406753306],[31.8419960432647,30.464187397241616],[31.842784070095341,30.463683863662808],[31.843214139388824,30.463409029686549],[31.844104504219548,30.462840034274336],[31.844286838382871,30.462661101100981],[31.844481572889112,30.462492257594175],[31.844687965210927,30.462334147511402],[31.844905228384281,30.46218737367829],[31.845132534009664,30.462052495700341],[31.845369015409105,30.461930027825559],[31.845613770931035,30.461820436981768],[31.845617023949217,30.461819089520112],[31.845620278223212,30.461817744335121],[31.845623533751009,30.461816401430724],[31.845626790530307,30.461815060804224],[31.845630048559215,30.461813722457748],[31.845633307835531,30.461812386393969],[31.845636568357023,30.461811052610901],[31.845659428174688,30.461801779830672],[31.845682347987132,30.461792618866898],[31.845705327065904,30.461783570013026],[31.84572836468023,30.461774633554576],[31.845751460097528,30.461765809775496],[31.845774612583327,30.461757098959101],[31.845797821401401,30.461748501378707],[31.845801141851826,30.461747282227908],[31.845804463439407,30.461746065403084],[31.845807786162268,30.461744850907301],[31.845811110018087,30.461743638739975],[31.845814435004829,30.461742428902181],[31.845817761119999,30.461741221395513],[31.845821088361774,30.46174001621878],[31.846021087186301,30.461672491629429],[31.846224587190758,30.461613336254345],[31.846431122008081,30.461562685662802],[31.846640218318896,30.461520655931238],[31.846851396935019,30.4614873433799],[31.847064173898104,30.461462824354534],[31.847278061587655,30.461447155045359],[31.847598587542109,30.461440464997651],[31.847918843246241,30.461453683615499],[31.848237183105581,30.46148674298583],[31.8485519713666,30.461539473238631],[31.848861590517352,30.46161160342999],[31.849164449597122,30.461702762932322],[31.849458992368323,30.46181248333194],[31.849916623579755,30.461931005598149],[31.852517820419461,30.462604849882688],[31.85462491143231,30.463150625617587],[31.855824774760791,30.463461396464744],[31.85582479224734,30.463461326238022],[31.865902821990058,30.466071142721546],[31.882346651911966,30.470329801866157],[31.90414848453679,30.473037994072701],[31.925950314208819,30.475746186529612],[31.925911283728009,30.475982219133904],[31.925649883446695,30.477562823326494],[31.92536527017079,30.479283507657261],[31.924856990646365,30.482356553187632],[31.924307416997856,30.485679175056287],[31.923553832892281,30.490235141113939],[31.923290237821529,30.491828550652066],[31.921682710008671,30.501547759834065],[31.92101936253626,30.505558221607021],[31.920630158789539,30.507910914004633],[31.933365938382448,30.509489150428177],[31.933569049948318,30.509514309761144],[31.941051775205249,30.510440965714515],[31.941053983620893,30.510441239014078],[31.941056888273071,30.510441599179199],[31.951690410162584,30.51175940982262],[31.953592911732528,30.511995091459724],[31.961280010984829,30.512947068164589],[31.961371322725373,30.512958375616876],[31.961477806950811,30.512971564339018],[31.962225570177953,30.511384192320108],[31.963481900654738,30.508717119291795],[31.963621218002402,30.508421342640514],[31.964110320014004,30.507327082563517],[31.964134990471692,30.50733061992921],[31.964155766320982,30.507333597578395],[31.964203264508164,30.507340407700976],[31.965925258220018,30.507587302150466],[31.977065639662062,30.509183984453426],[31.991059160403982,30.511653845510221],[31.992034439851366,30.511825922652438],[31.99524721508633,30.512392668629445],[31.999580415187936,30.513157056059349],[31.999972218507089,30.513226197178277],[32.004860767864237,30.514088868472445],[32.007806904399345,30.514608784781867],[32.007929121104105,30.514630351399319],[32.009636801813066,30.51493167722931],[32.014473221222303,30.515785134564069],[32.015966405062358,30.516048645439543],[32.018924111639706,30.516570553992388],[32.020245254464754,30.516803695671374],[32.022095190244336,30.51713012812835],[32.022452632780528,30.517193237881578],[32.022514668782975,30.517204190972134],[32.022928922234541,30.517277329016359],[32.023451606822974,30.517369609130821],[32.029577035646739,30.518450512872388],[32.033244544655368,30.519097681408748],[32.035329102212167,30.519465521507676],[32.040791869746435,30.520429451530564],[32.044099447697775,30.521013113694003],[32.044553548979657,30.521093244966075],[32.044785179685739,30.521136813941325],[32.044785209855881,30.521136819576459],[32.044808993151882,30.521141381946578],[32.044898458796261,30.521158545847648],[32.045032162144707,30.521184196369795],[32.045238845709733,30.521223847871713],[32.04523091725315,30.521278905028716],[32.045223207363925,30.521333985445992],[32.04521571613374,30.521389088473171],[32.045208443651006,30.5214442134607],[32.04520139000244,30.521499359756341],[32.04519455527133,30.521554526711569],[32.045187939538856,30.521609713671005],[32.045175760304609,30.521716584037829],[32.045164402257207,30.521823522159906],[32.04515386590181,30.521930523310289],[32.045144151707177,30.522037582753846],[32.045135260105425,30.522144695755678],[32.045127191492796,30.522251857582237],[32.045119946228454,30.522359063489279],[32.045113511550021,30.522466544039613],[32.045107904449956,30.522574059328466],[32.045103125180106,30.52268160458101],[32.045099173955307,30.522789175020304],[32.045096050954101,30.522896765866491],[32.045093756317705,30.52300437234209],[32.045092290150997,30.523111989664933],[32.045091636044617,30.523268567559931],[32.04509273570293,30.523425143579981],[32.045095589030836,30.523581703005746],[32.045100195768548,30.523738231114415],[32.045106555491429,30.523894713187786],[32.045114667609987,30.524051134515553],[32.045124531369623,30.524207480386735],[32.045177880628991,30.52479985168814],[32.045256368000977,30.525390122745538],[32.045359887669598,30.52597749433437],[32.045488299918645,30.526561171138674],[32.04564143131865,30.527140362830515],[32.045819074958551,30.527714285145681],[32.046020990724315,30.528282160934399],[32.046148708812026,30.528616451838104],[32.046253075111423,30.528889622169853],[32.047670899613152,30.532600550120282],[32.047821321265829,30.532994245756235],[32.047890732950371,30.533153514422317],[32.047962299920279,30.533312066730335],[32.048036012321788,30.533469880828861],[32.048111860005967,30.533626934965238],[32.048189832528905,30.533783207491602],[32.048269919153832,30.533938676871337],[32.048352108852328,30.534093321672259],[32.048574702011422,30.534489897681851],[32.048811098209491,30.534880442944406],[32.049061079790491,30.535264597601902],[32.04932441657256,30.535642007676508],[32.04960086605962,30.536012325403114],[32.049890173663627,30.536375209550787],[32.050192072940114,30.53673032572738],[32.050237358343935,30.536781701909817],[32.050282906928707,30.536832903487021],[32.05032871779634,30.536883929451477],[32.050374790043776,30.53693477879543],[32.050421122762316,30.536985450514859],[32.050467715038522,30.537035943612672],[32.050514565953407,30.537086257090451],[32.050628205413616,30.537258911816682],[32.050811947022908,30.537482187092525],[32.050898513864958,30.537587381274943],[32.05335879140965,30.540576952751326],[32.053874289801605,30.541203342337624],[32.053884213077339,30.541215126709542],[32.053894120520482,30.5412269210582],[32.053904012117506,30.541238725368839],[32.053913887855245,30.541250539623633],[32.053923747720155,30.541262363807416],[32.053933591699014,30.541274197906663],[32.053943419778385,30.54128604190106],[32.054381730027949,30.541846068480147],[32.054784467026472,30.542425763673435],[32.05515045509339,30.543023436158958],[32.055478625706897,30.543637342132687],[32.055768020628868,30.544265690388677],[32.056017794707458,30.544906647552232],[32.056227218351246,30.545558343416857],[32.056240553308641,30.545605055739351],[32.056253680419118,30.545651812144001],[32.056266599487969,30.545698611940807],[32.056279310323575,30.545745454433042],[32.056291812737079,30.545792338928823],[32.056304106543195,30.545839264734656],[32.056316191559006,30.545886231151282],[32.056422405925126,30.546236386813369],[32.056550219512829,30.546657749810223],[32.059089868814674,30.555029643982436],[32.059099306026113,30.555050713140087],[32.059108665994607,30.555071808089274],[32.059117948625882,30.555092928620638],[32.059127153826715,30.555114074519977],[32.059136281504514,30.555135245573705],[32.059145331567265,30.555156441571928],[32.059154303924004,30.555177662298149],[32.059181998206689,30.555244514031699],[32.059208920342236,30.555311601596742],[32.0592350676488,30.555378918314634],[32.059260437521267,30.555446457481235],[32.059285027431891,30.555514212372039],[32.059308834930505,30.555582176240954],[32.059331857645063,30.555650342321282],[32.059347106800942,30.555696930918501],[32.059361988953647,30.55574360832005],[32.059376503412452,30.555790372364591],[32.05939064950347,30.555837220880488],[32.059404426569813,30.555884151693487],[32.059417833972098,30.555931162628955],[32.059430871087415,30.555978251504499],[32.059433435815748,30.555987677859378],[32.05943598495864,30.555997107379341],[32.059438518511094,30.556006540046941],[32.059441036467859,30.556015975841174],[32.059443538823693,30.556025414742642],[32.059446025573621,30.556034856734623],[32.059448496712491,30.55604430179384],[32.05945408302447,30.556065823800083],[32.05946192132059,30.556096596753797],[32.059469601936833,30.556127399472093],[32.059477124722413,30.556158231350025],[32.059484489529218,30.556189091781448],[32.059491696212561,30.556219980160868],[32.059498744630709,30.556250895881124],[32.059505634644779,30.556281838334272],[32.059510364554967,30.556303512961367],[32.059515016144957,30.556325200557481],[32.059517303322622,30.556336048588161],[32.059519590465953,30.556346900227847],[32.059524085424094,30.556368612859668],[32.059528595816218,30.556390779472324],[32.059533024769038,30.55641295812914],[32.0595373701887,30.556435149717309],[32.059541636271469,30.556457351560201],[32.059543728084677,30.556468457146579],[32.05954581986353,30.556479566341995],[32.059549924118592,30.556501791378498],[32.059551849391426,30.55651243557606],[32.05955377462984,30.556523083382643],[32.059553945900227,30.55652402754939],[32.059557735969356,30.556545424688892],[32.059557886242253,30.5565462757645],[32.059561458811658,30.556566873677554],[32.059569681082891,30.556615902225506],[32.059577508838217,30.556664979112846],[32.059584941697942,30.556714101965014],[32.059591979301487,30.556763268399568],[32.059598621307032,30.556812476034761],[32.059604867392522,30.556861722488414],[32.059610717254429,30.556911005373028],[32.059611930408657,30.556921759021634],[32.059613144588283,30.556932514482277],[32.059613250126262,30.556933463588145],[32.05961444469466,30.556944414711676],[32.059615640288456,30.556955367647241],[32.059615701600968,30.556955929336237],[32.059618027548652,30.556978005275564],[32.059618069610757,30.556978400797718],[32.059620333324617,30.557000659459487],[32.059620355189445,30.557000878882405],[32.059622559379527,30.557023363597779],[32.059623619750631,30.557034607909934],[32.059624681147092,30.557045854034111],[32.059626719449525,30.55706835018384],[32.059628676371879,30.557090852062025],[32.059629612592119,30.557102104500686],[32.059630549837692,30.557113358751351],[32.059632341932016,30.557135870266904],[32.059633196780752,30.557147127531781],[32.059634051603538,30.557158387503399],[32.059635677827039,30.557180908648789],[32.059637221636322,30.557203434612859],[32.05963795235116,30.557214698199719],[32.05963868409129,30.557225963598615],[32.059640063089368,30.55724849739552],[32.059641359681748,30.557271035108865],[32.05964196626244,30.557282305017736],[32.059642573877085,30.557293575836376],[32.059643705675327,30.557316119578054],[32.059644755076405,30.55733866633388],[32.059645721037697,30.557361216096375],[32.059646604601717,30.557383768873034],[32.059647405785803,30.557406322859332],[32.059648124572497,30.557428879859803],[32.059648760979151,30.557451438069926],[32.059649313954424,30.557473998384399],[32.059649784549535,30.557496559908532],[32.059650172764435,30.55751912264234],[32.05965047859906,30.557541686585765],[32.059650701019478,30.557564250829039],[32.059650841068205,30.557586815379704],[32.059650898745183,30.557609380237761],[32.05965087300779,30.557631945395634],[32.059650764898535,30.557654510860921],[32.059650574426058,30.557677075731313],[32.059650301599,30.557699639104555],[32.059649945357343,30.557722202777633],[32.059649506760984,30.557744764953544],[32.059648985809886,30.557767325632334],[32.059648684156983,30.557778605223156],[32.059648381461407,30.557789884806411],[32.059647695809346,30.55781244158862],[32.059646926759775,30.557834996866127],[32.059646075355239,30.557857550646467],[32.059645140570495,30.557880101117583],[32.059644124481927,30.557902649196802],[32.059643025013045,30.557925193966803],[32.059642434626717,30.557936465155855],[32.059641843197646,30.557947736337365],[32.059640578010523,30.557970274496427],[32.059639230476769,30.557992810256025],[32.059637801665019,30.558015340916942],[32.059636289472657,30.558037868268606],[32.059634694950908,30.55806039141628],[32.059633018099717,30.558082910359968],[32.059632137988203,30.55809416772609],[32.059631257885151,30.558105424189886],[32.059629416392298,30.558127932921089],[32.059627491535949,30.558150436538465],[32.059625484367324,30.55817293414735],[32.059623395911558,30.558195427559735],[32.05962122410952,30.558217914053788],[32.059618968952464,30.558240394531786],[32.059616697947028,30.558262247779357],[32.059616633568062,30.558262869016268],[32.059614274349883,30.558284787496362],[32.059611403072616,30.55831053550628],[32.059608423675279,30.558336274312282],[32.059605336197052,30.558362003578448],[32.059602140678756,30.558387722962479],[32.059598837162412,30.558413432124748],[32.059595425691462,30.558439130726192],[32.059591906311198,30.558464818426796],[32.064489280737085,30.565915191546036],[32.06478803264725,30.566369655181969],[32.065682043527779,30.567729627750722],[32.066201119550179,30.56815036667],[32.066686094648681,30.568600545380882],[32.067134743718668,30.569078098896632],[32.067545008194195,30.569580836621494],[32.067915005495898,30.570106452401792],[32.068243037674804,30.570652535100059],[32.068527599209482,30.571216579647523],[32.068767383924204,30.57179599853259],[32.068961290991894,30.572388133670763],[32.069108429999041,30.572990268589194],[32.069208125044256,30.573599640889963],[32.069259917855241,30.574213454922393],[32.069263569906923,30.574828894602788],[32.069202798848067,30.576445253712599],[32.069185092626348,30.576916215822383],[32.06909069765706,30.579426838549313],[32.068790795847001,30.583405679771158],[32.069626707019687,30.586952964542792],[32.069714040489146,30.587323563565338],[32.069863265580537,30.587956795368079],[32.070033141118493,30.588677656474186],[32.070107123069107,30.588775667119108],[32.070179741271808,30.588874438232764],[32.070250985280438,30.588973955613401],[32.070320844846187,30.589074204948922],[32.070389309919094,30.589175171824774],[32.070456370649744,30.589276841722981],[32.070522017390658,30.589379200023448],[32.070811910731592,30.589870081680587],[32.071069314091517,30.590374337655589],[32.071293406135197,30.590890359955491],[32.071483471716753,30.591416503037113],[32.071638904167067,30.591951089053609],[32.071759207234415,30.59249241321297],[32.071843996675028,30.593038749198307],[32.071857403094349,30.593155231502028],[32.071869193884332,30.593271844510269],[32.071879367343634,30.593388571453485],[32.071887922003235,30.593505395544014],[32.071894856627004,30.593622299981288],[32.071900170211897,30.593739267952916],[32.071903861987764,30.593856282635912],[32.071906049917821,30.59398778729658],[32.07190618676934,30.594119305520387],[32.071904272508995,30.594250813370277],[32.071900307477108,30.594382286905038],[32.071894292386943,30.594513702192998],[32.07188622832534,30.594645035313103],[32.071876116751852,30.594776262355602],[32.071949230091739,30.595434960593831],[32.072523369744133,30.600607326152755],[32.072716588782299,30.602347941027894],[32.072908662922167,30.606243120892977],[32.072993032925794,30.607954038987849],[32.074361851439392,30.612523027299609],[32.074623948158703,30.613397852804265],[32.074885851275759,30.614272008635371],[32.074912219333193,30.614360023417749],[32.074930463791596,30.61442091715773],[32.075026084981275,30.614740069859604],[32.075300126082489,30.615654733187498],[32.075393624056048,30.615966791804112],[32.075837406057282,30.616624570512283],[32.076247026559315,30.617298723711802],[32.07662167889341,30.617987924987681],[32.076960625144778,30.618690818280676],[32.077263197608481,30.619406020565375],[32.077528800109597,30.620132124565462],[32.077756909181353,30.620867701520098],[32.078022689220305,30.621333110692941],[32.078669310281654,30.622465448041421],[32.082163048665052,30.628582957739365],[32.086088919479835,30.633073692112106],[32.088131925223294,30.635396884974867],[32.08881127464457,30.63616937783739],[32.088883182042657,30.636251143620694],[32.088951388924983,30.636332191930116],[32.089019199140736,30.636413488772167],[32.089086611478287,30.636495032697812],[32.089153624732489,30.63657682224872],[32.089220237705668,30.636658855964967],[32.089286449207194,30.636741132382951],[32.089352258053502,30.636823650030536],[32.089444518616205,30.636940602473334],[32.089535970100876,30.637058029164642],[32.089626609244633,30.637175925920975],[32.089716432813695,30.637294288537596],[32.089805437603275,30.637413112797642],[32.089893620437628,30.637532394464504],[32.08998097817026,30.637652129285932],[32.090013474756951,30.6376970737563],[32.09004585439169,30.637742081300757],[32.090078116910483,30.637787151696941],[32.090110262150084,30.63783228471307],[32.090142289947863,30.637877480122189],[32.090174200141789,30.637922737696833],[32.090205992569949,30.637968057206528],[32.090330396864516,30.63814761718459],[32.090452965144387,30.63832811889759],[32.090573687866588,30.638509548309329],[32.090692555631435,30.638691891307325],[32.090809559183491,30.638875133709597],[32.090924689411992,30.639059261267928],[32.091037937351587,30.639244259656486],[32.091102052961027,30.639350777312753],[32.09116554522754,30.639457573804723],[32.091228412527435,30.639564646406463],[32.091290653252926,30.639671992381405],[32.091352265812127,30.639779608987109],[32.091413248629181,30.63988749347757],[32.091473600144511,30.639995643095297],[32.091479804345347,30.640006847339595],[32.091486002299646,30.640018054168642],[32.091492194006165,30.640029263580455],[32.091498379463196,30.640040475571269],[32.091504558669548,30.640051690137842],[32.091510731623657,30.640062907280715],[32.091516898323995,30.64007412699431],[32.091536751106382,30.640110343095877]],[[32.091506472511981,30.640055136143729],[32.09150930829005,30.640060285125497],[32.091512141912702,30.640065434993872],[32.091514973379944,30.640070585748514],[32.091517802691307,30.640075737388887],[32.091520629846329,30.6400808899139],[32.09152345484469,30.640086043325166],[32.091526277686043,30.640091197617863],[32.091516898323995,30.64007412699431],[32.091506472511981,30.640055136143729]],[[31.431951805508483,30.077776028019201],[31.432054326207265,30.077288639372863],[31.432120020955558,30.076796467244037],[31.432148609677505,30.076301613995003],[31.432139970808702,30.07580619340839],[31.432094141805553,30.0753123216628],[31.432011318976777,30.07482210828616],[31.433433093451658,30.076742136837421],[31.433472984514772,30.076793177138242],[31.433512444408077,30.076844470348423],[31.433551471011448,30.076896013712659],[31.433590062227807,30.076947804461902],[31.43362821598344,30.076999839815048],[31.433665930228173,30.077052116976734],[31.433703202935408,30.07710463313828],[31.433688770037477,30.077108651314472],[31.433638875263807,30.077071247305113],[31.433586108852701,30.077036953515922],[31.433530726606929,30.077005936197672],[31.433472997008863,30.076978345710902],[31.433413199919542,30.076954315810298],[31.433351625222585,30.076933962986022],[31.433288571417702,30.076917385903158],[31.433224344174754,30.076904664924335],[31.433159254851436,30.076895861714394],[31.433093618984689,30.076891018951567],[31.433027754760481,30.076890160111219],[31.432961981471347,30.0768932893561],[31.432896617969281,30.076900391516848],[31.432831981120131,30.076911432163865],[31.432768384266897,30.076926357772944],[31.432706135711154,30.076945095989984],[31.432645537219305,30.076967555975639],[31.43258688255867,30.076993628849205],[31.432530456073909,30.077023188216476],[31.432476531309216,30.077056090779678],[31.432425369681209,30.077092177035272],[31.432335128987045,30.07720387723872],[31.43225422167129,30.077320861113794],[31.432183055023764,30.077442539807453],[31.432121987307575,30.077568300831036],[31.432071325954897,30.077697511146308],[31.432031326019541,30.077829520350313],[31.432002188891133,30.077963663946729],[31.431984061281884,30.078099266696427],[31.431977034486351,30.078235646007165],[31.43197501796141,30.078256177268806],[31.431973894233973,30.078276760109148],[31.431973664907378,30.078297365173313],[31.431974330309394,30.078317963075989],[31.431975889491508,30.078338524437616],[31.431978340230454,30.078359019937039],[31.431981679031548,30.078379420340777],[31.43198215960361,30.078381967637366],[31.431982654026459,30.078384512927663],[31.431983162289146,30.078387056155492],[31.43198368438053,30.078389597263225],[31.431984220288669,30.078392136193688],[31.431984770001609,30.078394672892408],[31.431985333507097,30.078397207299773],[31.43198621261692,30.078401038825525],[31.431987123250021,30.078404864776832],[31.431988065359572,30.078408684959857],[31.431989038897509,30.078412499177745],[31.431990043813911,30.078416307234129],[31.431991080056935,30.078420108936381],[31.431992147573819,30.078423904086591],[31.431999490791235,30.078447363381052],[31.432008028346331,30.078470514882149],[31.432017743288583,30.078493312625316],[31.432028616329866,30.078515711343062],[31.432040625882259,30.07853766656276],[31.432053748101644,30.078559134694235],[31.432067956934151,30.078580073108917],[31.432136570339537,30.078693945450134],[31.432214396719445,30.078803245237559],[31.432301035341606,30.078907409639307],[31.432396040091255,30.079005902264377],[31.432498921768143,30.079098215925168],[31.432609150605888,30.079183875253154],[31.432726158998854,30.079262439143424],[31.432849344425623,30.079333503030931],[31.432978072552153,30.079396700965813],[31.430555094941926,30.079197144650205],[31.430697941007221,30.079146956014643],[31.430836720356798,30.079088773894835],[31.430970842363195,30.079022845909705],[31.431099736223288,30.078949452641297],[31.431222853387855,30.078868906442477],[31.431339669896456,30.078781550110683],[31.431449688607252,30.078687755421974],[31.431552441313045,30.078587921555282],[31.431647490733535,30.078482473389027],[31.431734432376629,30.078371859694926],[31.431812896259274,30.078256551224865],[31.431951805508483,30.077776028019201]],[[31.434478601506278,30.079199558330998],[31.434286958770446,30.079180948467432],[31.43409536431037,30.07916196672566],[31.43390381908112,30.07914261320073],[31.433712324036858,30.07912288798763],[31.433520880132097,30.079102791186205],[31.433329488320737,30.079082322896852],[31.433138149556211,30.079061483220912],[31.433061271983277,30.079050611285925],[31.432985407644296,30.079035273175716],[31.432910899169077,30.079015538165631],[31.432838083062595,30.078991495383061],[31.432767288186138,30.078963253416141],[31.432698834271843,30.078930939813514],[31.432633030477998,30.078894700516909],[31.432570173992943,30.078854699192529],[31.432510548693649,30.078811116501861],[31.432454423862204,30.078764149278506],[31.43240205297063,30.07871400963905],[31.432353672536127,30.078660924032551],[31.432309501052426,30.078605132207933],[31.432269738003562,30.078546886137332],[31.432234562962492,30.078486448877964],[31.432204134781021,30.078424093380363],[31.43217859087169,30.078360101258834],[31.43215804658762,30.078294761518059],[31.432142594702004,30.078228369249661],[31.432132304988979,30.078161224296576],[31.432127223908605,30.078093629900501],[31.432127374397719,30.07802589133442],[31.432132755765743,30.077958314518149],[31.432143343699078,30.077891204643727],[31.43215909036978,30.0778248647925],[31.432179924652885,30.077759594567382],[31.432205752447295,30.077695688739837],[31.432236457100824,30.077633435921847],[31.432271899937611,30.077573117253255],[31.432290039356019,30.077531367133627],[31.432311342911156,30.077490763305242],[31.432335715555595,30.07745148692026],[31.432363048549536,30.077413713206148],[31.432393219946775,30.077377610686614],[31.432426095137622,30.077343340428229],[31.432461527450648,30.077311055324294],[31.432499358806364,30.07728089941212],[31.432539420422948,30.077253007227572],[31.43258153356858,30.077227503208508],[31.432625510359681,30.077204501138549],[31.432671154598296,30.077184103638707],[31.432718262647708,30.07716640170884],[31.432766624341618,30.077151474324523],[31.432816023920076,30.077139388082418],[31.432866240993818,30.077130196903177],[31.432917051526193,30.077123941792586],[31.432968228833229,30.077120650656539],[31.433019544594632,30.077120338179903],[31.43307076987232,30.077123005754608],[31.433121676132128,30.077128641481192],[31.433172036262835,30.077137220216411],[31.433221625589557,30.077148703687399],[31.433270222876004,30.077163040662924],[31.433317611311544,30.07718016718017],[31.433363579478399,30.077200006831625],[31.433407922294258,30.077222471106456],[31.433450441928539,30.077247459781141],[31.433490948683453,30.077274861373592],[31.433529261841088,30.077304553635592],[31.433565210469897,30.077336404095902],[31.434478601506278,30.079199558330998]],[[31.433061550037895,30.06246412312991],[31.433059946916138,30.062462892217528],[31.433058345395963,30.062461659731266],[31.433056745479572,30.062460425668416],[31.433055147168943,30.062459190031191],[31.433053550466013,30.062457952824442],[31.433051955373088,30.062456714045471],[31.433063154759356,30.062465352462304],[31.433061550037895,30.06246412312991]],[[31.43305035761778,30.062455477548436],[31.433048761599348,30.062454239353777],[31.433047167320225,30.062452999466405],[31.433045574782891,30.062451757886855],[31.433043983989659,30.062450514615179],[31.433042394942767,30.062449269656245],[31.43304080764479,30.06244802300878],[31.433051955373088,30.062456714045471],[31.43305035761778,30.062455477548436]],[[31.433039217781278,30.0624467790234],[31.433037629681621,30.062445533333538],[31.43303604334784,30.062444285942661],[31.433034458782853,30.062443036852411],[31.433032875988648,30.062441786063896],[31.433031294967964,30.062440533579846],[31.433029715722849,30.062439279401666],[31.43304080764479,30.06244802300878],[31.433039217781278,30.0624467790234]],[[31.433028134017995,30.062438027942754],[31.433026554063641,30.062436774810934],[31.433024975862001,30.062435520009135],[31.433023399415532,30.062434263539],[31.433021824726502,30.06243300540271],[31.433020251797203,30.062431745602989],[31.433018680630123,30.062430484138648],[31.433029715722849,30.062439279401666],[31.433028134017995,30.062438027942754]],[[31.433017106778721,30.062429224703394],[31.433015534670108,30.062427963620525],[31.43301396430666,30.062426700895536],[31.433012395690561,30.062425436526869],[31.433010828824095,30.062424170517765],[31.433009263709682,30.062422902870942],[31.433007700349297,30.062421633586581],[31.433018680630123,30.062430484138648],[31.433017106778721,30.062429224703394]],[[31.43300613471688,30.062420366763781],[31.433004570843231,30.062419098297017],[31.433003008730484,30.062417828190508],[31.433001448380956,30.062416556443722],[31.432999889797053,30.062415283061004],[31.432998332980933,30.062414008042889],[31.4329967779348,30.062412731390967],[31.433007700349297,30.062421633586581],[31.43300613471688,30.062420366763781]],[[31.432995220225788,30.062411456921041],[31.432993664292571,30.062410180810915],[31.432992110137235,30.062408903062302],[31.43299055776205,30.062407623677927],[31.432989007169496,30.062406342657795],[31.432987458361669,30.06240506000573],[31.432985911340872,30.062403775722917],[31.4329967779348,30.062412731390967],[31.432995220225788,30.062411456921041]],[[31.432984361845868,30.062402493869243],[31.432982814144037,30.062401210377349],[31.432981268237661,30.062399925249331],[31.432979724129201,30.062398638486833],[31.432978181820797,30.062397350090961],[31.432976641314703,30.062396060065495],[31.432975102613256,30.062394768411369],[31.432985911340872,30.062403775722917],[31.432984361845868,30.062402493869243]],[[31.432973561250911,30.062393479111577],[31.432972021677102,30.062392188195826],[31.43297048389422,30.062390895666478],[31.432968947904271,30.06238960152411],[31.43296741370953,30.062388305771972],[31.432965881312434,30.062387008411694],[31.432964350714879,30.062385709443973],[31.432975102613256,30.062394768411369],[31.432973561250911,30.062393479111577]],[[31.432962817787889,30.062384412696236],[31.43296128664274,30.062383114355903],[31.432959757281488,30.062381814426629],[31.432958229706443,30.062380512908998],[31.432956703919739,30.062379209805169],[31.432955179923511,30.06237790511679],[31.432953657719917,30.062376598845482],[31.432964350714879,30.062385709443973],[31.432962817787889,30.062384412696236]],[[31.432952133024916,30.062375294698921],[31.432950610123218,30.062373988966222],[31.432949089017043,30.062372681652246],[31.432947569708567,30.062371372756505],[31.432946052200069,30.062370062281154],[31.432944536493487,30.062368750231084],[31.432943022591278,30.062367436603555],[31.432953657719917,30.062376598845482],[31.432952133024916,30.062375294698921]],[[31.432941506134597,30.062366125051707],[31.43293999148074,30.062364811922386],[31.43293847863184,30.062363497221604],[31.432936967589907,30.062362180948817],[31.432935458357559,30.06236086310517],[31.432933950936416,30.062359543695496],[31.432932445328966,30.062358222718167],[31.432943022591278,30.062367436603555],[31.432941506134597,30.062366125051707]],[[31.432930937414735,30.062356904011981],[31.432929431308732,30.062355583741329],[31.432927927013221,30.062354261911089],[31.432926424530347,30.062352938521833],[31.432924923862259,30.062351613574673],[31.432923425011069,30.062350287073411],[31.432921927978732,30.062348959018337],[31.432932445328966,30.062358222718167],[31.432930937414735,30.062356904011981]],[[31.432920428324859,30.062347632887914],[31.432918930481261,30.06234630520898],[31.432917434450371,30.062344975986637],[31.432915940234217,30.06234364521929],[31.432914447834758,30.062342312910189],[31.43291295725427,30.062340979062046],[31.432911468494815,30.062339643675084],[31.432921927978732,30.062348959018337],[31.432920428324859,30.062347632887914]],[[31.432909977489558,30.062338310428309],[31.432908488314297,30.062336975633134],[31.4329070009709,30.062335639294762],[31.432905515461691,30.062334301412712],[31.432904031788798,30.062332961990222],[31.432902549954186,30.062331621028918],[31.43290106996006,30.062330278529771],[31.432911468494815,30.062339643675084],[31.432909977489558,30.062338310428309]],[[31.43289958731825,30.062328938152692],[31.432898106522106,30.062327596232446],[31.43289662757385,30.06232625277244],[31.432895150475346,30.062324907772147],[31.432893675228858,30.062323561234841],[31.432892201836513,30.062322213163199],[31.43289073030029,30.06232086355763],[31.43290106996006,30.062330278529771],[31.43289958731825,30.062328938152692]],[[31.432889256328558,30.062319516045559],[31.432887784214859,30.062318166996334],[31.432886313961138,30.06231681641502],[31.432884845569738,30.062315464300038],[31.432883379042615,30.062314110654622],[31.432881914381873,30.062312755482562],[31.432880451589675,30.062311398783482],[31.43289073030029,30.06232086355763],[31.432889256328558,30.062319516045559]],[[31.432878986065763,30.062310044200633],[31.432877522386939,30.062308688107684],[31.432876060554996,30.06230733050938],[31.432874600572411,30.062305971405205],[31.432873142440997,30.062304610798424],[31.432871686162716,30.062303248691734],[31.43287023173983,30.062301885084668],[31.432880451589675,30.062311398783482],[31.432878986065763,30.062310044200633]],[[31.432868775119829,30.062300523299193],[31.432867320328629,30.062299160033476],[31.432865867368385,30.062297795292324],[31.432864416240932,30.062296429076287],[31.432862966948605,30.06229506138542],[31.432861519492985,30.062293692226724],[31.43286007387622,30.062292321596193],[31.43287023173983,30.062301885084668],[31.432868775119829,30.062300523299193]],[[31.432858625948004,30.062290952913415],[31.43285717985237,30.062289582765189],[31.432855735591513,30.062288211153415],[31.432854293167104,30.062286838080784],[31.432852852581451,30.062285463547351],[31.432851413836204,30.06228408755689],[31.432849976933333,30.062282710109955],[31.43286007387622,30.062292321596193],[31.432858625948004,30.062290952913415]],[[31.432848537706839,30.062281334268054],[31.432847100314913,30.062279956974965],[31.432845664759217,30.062278578234498],[31.432844231042079,30.062277198046115],[31.432842799165147,30.062275816413045],[31.43284136913022,30.062274433339134],[31.432839940939594,30.062273048821723],[31.432849976933333,30.062282710109955],[31.432848537706839,30.062281334268054]],[[31.433074412111427,30.062473932920753],[31.433085725298259,30.062482459004528],[31.43309253576037,30.062487552366072],[31.433089768466562,30.062485499168826],[31.433088158270387,30.062484299846705],[31.433086549811858,30.062483098759955],[31.433084943093391,30.062481895913802],[31.433083338117459,30.062480691307723],[31.433081734886795,30.062479484944998],[31.433080133404008,30.062478276827257],[31.433078533671377,30.062477066954969],[31.433078457821846,30.062477009207019],[31.433076865655295,30.062475810768703],[31.433075275337789,30.062474610473501],[31.433073686872195,30.062473408324504],[31.433072100261256,30.062472204323345],[31.43307051550789,30.062470998472214],[31.433068932615118,30.06246979077493],[31.433067351585422,30.06246858123146],[31.433067200923489,30.062468465747916],[31.433065628179154,30.062467267106072],[31.433064056731816,30.062466067177645],[31.433062486582724,30.062464865964269],[31.433060917733428,30.062463663465429],[31.433059350185278,30.062462459684362],[31.433057783939656,30.062461254621621],[31.433056218997965,30.062460048276044],[31.433063154759356,30.062465352462304],[31.433074412111427,30.062473932920753]],[[31.433001390498834,30.0624165660385],[31.432999842647721,30.062415305988559],[31.432998296469549,30.062414044384223],[31.432996751966463,30.06241278122944],[31.432995209140646,30.062411516523721],[31.432993667993898,30.062410250270304],[31.432992128528362,30.062408982470828],[31.432990590746133,30.062407713125587],[31.433001390498834,30.0624165660385]],[[31.432989050877275,30.06240644575983],[31.432987512676842,30.062405176861052],[31.432985976146856,30.06240390643223],[31.4329844412893,30.062402634474992],[31.432982908106162,30.062401360990414],[31.432981376599567,30.06240008598127],[31.432979846771328,30.06239880944657],[31.432990590746133,30.062407713125587],[31.432989050877275,30.06240644575983]],[[31.433043564969996,30.062450225625692],[31.43304198720574,30.062448994072064],[31.433040411113804,30.062447760899122],[31.433038836696614,30.062446526109593],[31.433037263956347,30.062445289702431],[31.433035692895096,30.062444051682494],[31.433034123515107,30.06244281204917],[31.43304514440468,30.062451455558058],[31.433043564969996,30.062450225625692]],[[31.433032551941039,30.062441574517418],[31.43303098202534,30.062440335392452],[31.433029413769887,30.062439094679224],[31.433027847177005,30.06243785237616],[31.433026282248793,30.06243660848758],[31.433024718987415,30.062435363014032],[31.433023157394761,30.062434115957547],[31.433034123515107,30.06244281204917],[31.433032551941039,30.062441574517418]],[[31.433021593683161,30.062432870825138],[31.433020031617097,30.062431624129921],[31.433018471198768,30.062430375874268],[31.433016912430304,30.062429126060884],[31.433015355313547,30.062427874689792],[31.433013799850634,30.062426621763727],[31.433012246043639,30.0624253672832],[31.433023157394761,30.062434115957547],[31.433021593683161,30.062432870825138]],[[31.432829966903661,30.062263339548089],[31.432828545308755,30.062261950082174],[31.432827125571198,30.062260559179979],[31.432825707692999,30.06225916684356],[31.432824291675992,30.062257773074577],[31.432822877522167,30.062256377874096],[31.43282146523331,30.062254981246998],[31.432820054811316,30.062253583191204],[31.432829966903661,30.062263339548089]],[[31.432819971077592,30.062253499182916],[31.432818570417798,30.062252114837079],[31.432817171624126,30.062250729063422],[31.432815774698309,30.062249341866398],[31.432814379642533,30.06224795324443],[31.432812986458572,30.062246563201835],[31.432811595148401,30.062245171741331],[31.432810205713853,30.062243778861319],[31.432819971077592,30.062253499182916]],[[31.43281009032783,30.062243662895757],[31.432808703025266,30.062242276224072],[31.432807317593895,30.062240888136802],[31.432805934035905,30.062239498638061],[31.432804552353023,30.062238107726259],[31.432803172547185,30.062236715405732],[31.4328017946202,30.062235321679189],[31.432800418574164,30.062233926546092],[31.43281009032783,30.062243662895757]],[[31.432761605944616,30.062193738101417],[31.432760289913666,30.062192346455632],[31.432758975731449,30.062190953486475],[31.432757663399943,30.062189559200249],[31.43275635292072,30.062188163595348],[31.4327550442956,30.062186766673946],[31.432753737526376,30.062185368439838],[31.43275243261461,30.062183968892437],[31.432761605944616,30.062193738101417]],[[31.432742797971514,30.06217358965328],[31.432741490871241,30.06217217596835],[31.432740185673065,30.062170760952956],[31.432738882378917,30.062169344611455],[31.43273758099064,30.062167926944376],[31.432736281509918,30.062166507952835],[31.432734983938527,30.062165087641702],[31.432733688278333,30.062163666009056],[31.432742797971514,30.06217358965328]],[[31.432733319163283,30.062163260994634],[31.432732041139108,30.062161862730861],[31.432730764974263,30.0621604631813],[31.432729490670692,30.062159062350311],[31.432728218229805,30.062157660237325],[31.432726947653553,30.062156256845633],[31.43272567894342,30.062154852178974],[31.432724412101205,30.062153446235044],[31.432733319163283,30.062163260994634]],[[31.432724074681133,30.062153070471528],[31.43272280142644,30.062151661747112],[31.432721530077096,30.062150251720418],[31.432720260634913,30.062148840394524],[31.432718993101705,30.062147427771073],[31.432717727479172,30.062146013851152],[31.432716463769253,30.062144598638561],[31.432715201973302,30.062143182133706],[31.432724074681133,30.062153070471528]],[[31.432696641564529,30.062122135249979],[31.432695396424176,30.062120709208664],[31.43269415319466,30.062119281906082],[31.43269291187756,30.062117853344176],[31.432691672474657,30.062116423525641],[31.432690434987816,30.062114992451587],[31.432689199418348,30.062113560125791],[31.432687965768011,30.062112126547579],[31.432696641564529,30.062122135249979]],[[31.432601114953162,30.062005299233814],[31.432599987427864,30.062003829785134],[31.432598861807463,30.062002359230227],[31.432597738093285,30.062000887572957],[31.432596616286993,30.061999414814963],[31.432595496389631,30.061997940958396],[31.432594378403039,30.061996466004889],[31.432593262328279,30.061994989954965],[31.432601114953162,30.062005299233814]],[[31.432592811201197,30.061994391776008],[31.432591698721449,30.061992924292717],[31.432590588159201,30.061991455710324],[31.432589479516054,30.061989986032174],[31.432588372793216,30.061988515258818],[31.432587267992389,30.061987043391355],[31.432586165114724,30.061985570434633],[31.432585064161874,30.061984096387583],[31.432592811201197,30.061994391776008]],[[31.432584731985855,30.061983651210472],[31.432583612208447,30.06198215628946],[31.432582494356666,30.061980660277122],[31.432581378432051,30.061979163176662],[31.432580264435956,30.061977664990753],[31.432579152370089,30.061976165718384],[31.432578042235281,30.061974665365451],[31.432576934033392,30.06197316393051],[31.432584731985855,30.061983651210472]],[[31.432259509396506,30.061370972867287],[31.432258929421792,30.061369278552466],[31.432258351684574,30.061367583657557],[31.432257776185729,30.061365888188064],[31.432257202925882,30.061364192144559],[31.432256631905936,30.061362495528108],[31.432256063126587,30.061360798343561],[31.432255496588553,30.061359100591051],[31.432259509396506,30.061370972867287]],[[31.432220989603358,30.061245441703182],[31.432220508499906,30.061243685778351],[31.432220029747981,30.061241929366734],[31.432219553348286,30.061240172472235],[31.432219079301273,30.061238415096522],[31.432218607607858,30.061236657239565],[31.432218138268556,30.061234898908385],[31.432217671283951,30.061233140100917],[31.432220989603358,30.061245441703182]],[[31.432217610525477,30.061232914707801],[31.432217134892507,30.061231135114543],[31.43221666164046,30.061229355039575],[31.432216190770365,30.061227574488552],[31.432215722282706,30.061225793460949],[31.4322152561782,30.061224011959997],[31.432214792457405,30.061222229989458],[31.432214331120843,30.061220447549459],[31.432217610525477,30.061232914707801]],[[31.432211017385789,30.06120752613317],[31.432210563929321,30.061205740287594],[31.432210112854143,30.061203953984737],[31.432209664160876,30.061202167228402],[31.432209217849959,30.061200380020232],[31.432208773922266,30.061198592363429],[31.432208332378245,30.061196804259652],[31.43220789321834,30.061195015711856],[31.432211017385789,30.06120752613317]],[[31.432204741014051,30.061182046596269],[31.432204310883581,30.061180258916028],[31.432203883172683,30.061178470795433],[31.432203457882036,30.061176682240106],[31.432203035012272,30.061174893249532],[31.432202614563973,30.061173103825862],[31.432202196537666,30.06117131397502],[31.432201780933955,30.061169523695185],[31.432204741014051,30.061182046596269]],[[31.432201734310752,30.061169322832303],[31.432201314326488,30.061167528798521],[31.432200896772038,30.061165734333571],[31.432200481647584,30.061163939443706],[31.432200068954039,30.061162144129465],[31.43219965869184,30.061160348392992],[31.432199250861522,30.061158552239156],[31.432198845463613,30.061156755666527],[31.432201734310752,30.061169322832303]],[[31.432198827081457,30.06115667153496],[31.432198414750811,30.061154858874296],[31.43219800486607,30.061153045792825],[31.432197597427727,30.061151232295206],[31.432197192436519,30.061149418383089],[31.432196789892895,30.061147604057549],[31.432196389797404,30.061145789323437],[31.432195992150625,30.061143974181078],[31.432198827081457,30.06115667153496]],[[31.432187922044292,30.061105548947008],[31.432187553573684,30.061103716709681],[31.432187187602519,30.061101884092924],[31.432186824131517,30.061100051100471],[31.432186463160971,30.061098217732869],[31.432186104691585,30.061096383994432],[31.432185748723633,30.061094549887855],[31.432185395257846,30.061092715413977],[31.432187922044292,30.061105548947008]],[[31.432182950600183,30.061079870228422],[31.432182605371207,30.061078034596743],[31.432182262666988,30.061076198605761],[31.432181922487924,30.061074362260914],[31.432181584834794,30.061072525562725],[31.432181249707693,30.061070688514445],[31.432180917107349,30.061068851118765],[31.432180587034161,30.061067013377951],[31.432182950600183,30.061079870228422]],[[31.432175796285552,30.061039425264287],[31.43217548880563,30.061037584587496],[31.432175183834811,30.061035743595355],[31.432174881373665,30.061033902290553],[31.432174581422341,30.06103206067311],[31.43217428398151,30.061030218750016],[31.432173989051361,30.061028376519872],[31.432176106274007,30.061041265621558],[31.432175796285552,30.061039425264287]],[[31.432173690787433,30.061026534589448],[31.432173395034326,30.061024692353051],[31.432173101792273,30.061022849814215],[31.432172811061754,30.061021006972442],[31.432172522842997,30.061019163832039],[31.432172237136569,30.061017320396758],[31.432171953943111,30.061015476667766],[31.432173989051361,30.061028376519872],[31.432173690787433,30.061026534589448]],[[31.432171667422722,30.0610136333109],[31.432171383457437,30.061011789654366],[31.432171102047768,30.061009945702402],[31.432170823193857,30.061008101455556],[31.432170546896433,30.061006256917054],[31.43217027315572,30.06100441209173],[31.432170001972082,30.061002566979742],[31.432171953943111,30.061015476667766],[31.432171667422722,30.0610136333109]],[[31.432169726947585,30.061000722444451],[31.432169454504965,30.060998877617401],[31.432169184644696,30.060997032504925],[31.432168917367235,30.060995187107558],[31.432168652673013,30.060993341427459],[31.432168390562396,30.060991495470549],[31.432168131035642,30.060989649235285],[31.432170001972082,30.061002566979742],[31.432169726947585,30.061000722444451]],[[31.432167867834266,30.060987803244331],[31.432167607183288,30.060985956979994],[31.432167349083514,30.060984110444906],[31.432167093534634,30.060982263639616],[31.432166840537324,30.060980416569507],[31.432166590092031,30.060978569236198],[31.432166342199274,30.060976721642557],[31.432168131035642,30.060989649235285],[31.432167867834266,30.060987803244331]],[[31.432166090892995,30.060974874463884],[31.432165842129656,30.060973027025859],[31.432165595910057,30.060971179329901],[31.432165352233859,30.060969331377624],[31.432165111101771,30.060967483173354],[31.432164872514232,30.060965634718681],[31.432164636471608,30.060963786018135],[31.432166342199274,30.060976721642557],[31.432166090892995,30.060974874463884]],[[31.432164396872409,30.060961937655538],[31.432164159821891,30.060960089043888],[31.432163925320779,30.060958240187269],[31.432163693369215,30.060956391086254],[31.432163463967619,30.060954541744056],[31.432163237116384,30.060952692165515],[31.432163012815504,30.060950842349676],[31.432164636471608,30.060963786018135],[31.432164396872409,30.060961937655538]],[[31.432162785044344,30.060948992935391],[31.43216255983625,30.060947143281805],[31.432162337191443,30.060945293395257],[31.432162117110678,30.060943443276297],[31.43216189959378,30.060941592927094],[31.432161684641443,30.06093974235139],[31.43216147225381,30.060937891551649],[31.432163012815504,30.060950842349676],[31.432162785044344,30.060948992935391]],[[31.432161256138528,30.060936040956427],[31.432161042609337,30.060934190133111],[31.432160831666298,30.060932339086779],[31.432160623310008,30.060930487819089],[31.432160417540466,30.060928636330001],[31.432160214358319,30.060926784627615],[31.432160013763628,30.060924932709558],[31.43216147225381,30.060937891551649],[31.432161256138528,30.060936040956427]],[[31.432159809438449,30.06092308119381],[31.432159607725502,30.060921229459467],[31.432159408624962,30.060919377513198],[31.432159212137154,30.060917525354462],[31.432159018262471,30.060915672987569],[31.432158827001327,30.060913820415209],[31.432158638353563,30.060911967640013],[31.432160013763628,30.060924932709558],[31.432159809438449,30.06092308119381]],[[31.432158445675434,30.060910115071781],[31.432158255634569,30.060908262295616],[31.432158068231448,30.060906409318587],[31.432157883466086,30.060904556139068],[31.432157701339172,30.060902702762462],[31.432157521850499,30.06090084919251],[31.432157345000729,30.060898995428548],[31.432158638353563,30.060911967640013],[31.432158445675434,30.060910115071781]],[[31.43215716413097,30.060897142065457],[31.432156985917945,30.060895288505339],[31.432156810361949,30.060893434755332],[31.432156637463301,30.06089158081598],[31.432156467222107,30.060889726689449],[31.432156299638905,30.060887872381638],[31.432156134713729,30.06088601789175],[31.432157345000729,30.060898995428548],[31.43215716413097,30.060897142065457]],[[31.432155965544244,30.06088416372824],[31.432155799037591,30.060882309381633],[31.432155635193975,30.060880454857042],[31.432155474013694,30.060878600155011],[31.432155315497006,30.06087674527878],[31.43215515964431,30.0608748902321],[31.43215500645546,30.060873035017238],[31.432156134713729,30.06088601789175],[31.432155965544244,30.06088416372824]],[[31.432154849164302,30.060871179925304],[31.432154694532858,30.06086932466194],[31.43215454256098,30.060867469234516],[31.432154393249451,30.060865613642537],[31.432154246598046,30.060863757890274],[31.432154102607193,30.060861901980445],[31.432153961277169,30.060860045915273],[31.43215500645546,30.060873035017238],[31.432154849164302,30.060871179925304]],[[31.432153578107453,30.060855334134086],[31.432153557326938,30.060855073126401],[31.432153419278574,30.060853258077067],[31.432153284081252,30.060851442864365],[31.432153151735537,30.060849627493159],[31.432153022241383,30.060847811966106],[31.432152895599195,30.060845996286453],[31.432152771809239,30.060844180457966],[31.432152650871611,30.060842364484387],[31.432152639111049,30.060842189301191],[31.432152511595408,30.060840361053966],[31.432152386897311,30.060838532659108],[31.432152265017017,30.060836704121449],[31.432152145954831,30.060834875442609],[31.432152029710842,30.060833046625838],[31.432151916285441,30.06083121767594],[31.432151805678615,30.060829388594868],[31.432151800821188,30.060829301917764],[31.432151684409909,30.060827460721825],[31.432151570689424,30.060825619397878],[31.432151459660009,30.060823777951143],[31.432151351322116,30.060821936382158],[31.432151245675531,30.060820094694137],[31.432151142720492,30.060818252891949],[31.43215104245731,30.060816410976138],[31.432150878586373,30.060813251030574],[31.43215132092584,30.060821052935118],[31.432152115912594,30.060834055294372],[31.43215299396503,30.060847052328263],[31.432153961277169,30.060860045915273],[31.432153578107453,30.060855334134086]],[[31.432154552386102,30.060867951552083],[31.432154405139897,30.060866149543379],[31.432154260581068,30.060864347368319],[31.432154118710034,30.060862545032787],[31.432153979526927,30.060860742538388],[31.432153843032005,30.060858939888345],[31.432153709225354,30.060857137086455],[31.432153578107453,30.060855334134086],[31.432154552386102,30.060867951552083]],[[31.432155633608012,30.060880825591642],[31.432155471625475,30.060878986927133],[31.432155312150101,30.06087714809825],[31.432155155182198,30.060875309105661],[31.432155000721416,30.06087346995206],[31.432154848768182,30.060871630639578],[31.432154699323057,30.060869791172017],[31.432154552386102,30.060867951552083],[31.432155633608012,30.060880825591642]],[[31.432156795835795,30.060893693379018],[31.432156622315343,30.060891855642883],[31.432156451290627,30.060890017728191],[31.432156282761483,30.060888179639981],[31.432156116728518,30.060886341378804],[31.43215595319182,30.060884502948934],[31.432155792151502,30.06088266435308],[31.432155633608012,30.060880825591642],[31.432156795835795,30.060893693379018]],[[31.432158039055228,30.060906555816327],[31.432157854071654,30.060904718871793],[31.432157671547877,30.060902881740688],[31.432157491484119,30.060901044425965],[31.432157313880968,30.060899206930284],[31.432157138738248,30.060897369254757],[31.432156966056493,30.06089553140421],[31.432156795835795,30.060893693379018],[31.432158039055228,30.060906555816327]],[[31.432178306633933,30.061054144887326],[31.432177984645786,30.061052305988436],[31.432177665207224,30.061050466752306],[31.432177348318522,30.061048627184107],[31.432177033980459,30.061046787283324],[31.432176722193432,30.061044947054246],[31.432176412957858,30.061043106499564],[31.432176106274007,30.061041265621558],[31.432178306633933,30.061054144887326]],[[31.432162257860369,30.060945105652223],[31.43216203811901,30.060943271611986],[31.432161820800925,30.060941437351897],[31.43216160590643,30.060939602876548],[31.4321613934361,30.060937768187568],[31.4321611833901,30.060935933286039],[31.432160975768625,30.060934098177849],[31.432160770571802,30.060932262861225],[31.432162257860369,30.060945105652223]],[[31.451043236927482,30.06085040582154],[31.451042926992624,30.060852155338512],[31.451042614375485,30.060853904493648],[31.45104229907642,30.0608556532843],[31.45104198109609,30.060857401707228],[31.451041660435312,30.060859149759743],[31.45104133709447,30.060860897439738],[31.451043544179736,30.06084865594768],[31.451043236927482,30.06085040582154]],[[31.451046988825315,30.060828577802607],[31.451046708958245,30.060830275461594],[31.451046426226277,30.060831972763072],[31.451046140630289,30.060833669701129],[31.4510458521708,30.060835366272546],[31.451045560848453,30.060837062474619],[31.451045266663762,30.060838758301671],[31.451047265827192,30.060826879785949],[31.451046988825315,30.060828577802607]]]}}
]
}
